RSU1,IKZF3,CHEK1,EHF,CCNK,MANEA,MAD2L1,AZI2,PLXDC2,DCTN4,EML4,CCND2,EEA1,HS2ST1,SLC26A2,LYRM2,IFRD1,Sample_id,Response
6.990407384,3.9396867,4.345724666,3.847654059,5.507901409,3.374107562,5.823386287,3.583040972,5.111253148,5.185169371,6.438184486,6.748514864,4.124758246,6.104608982,4.771150146,5.450080461,5.324157045,GSM549280,Non_response
7.03814254823133,4.59608955015335,4.41786526591368,4.57444112188467,5.11001018393682,3.3431837331421,4.60661551302584,3.43523148191794,4.21454366723305,4.88133849065516,6.28566192725574,7.05284589782122,4.15508587025268,5.36101030572959,5.05013060976324,4.47302877489955,5.73970645563188,GSM1050598,Response
6.37952632555016,3.92130865464913,4.08677232468109,5.08258187648751,5.19852112168485,3.4719999302047,5.07592166495986,3.68342875936688,4.43252983833274,5.14106114996313,6.17941999932197,8.27245062433111,3.59866842381537,5.64948699204288,4.91183558745259,4.44471331758882,5.57469529874288,GSM1050591,Non_response
9.03933685889675,5.81643923539336,7.40026117059687,11.0951539935959,10.1407784857522,7.26627661339274,7.93090530446106,8.21282068870348,10.1537046811278,10.0470048091207,9.10170952021956,9.48352825328175,8.68507956698398,6.71268534430222,8.84068361395722,8.10258103255939,8.63317806840243,GSM809279,Non_response
10.0756632178172,6.74493978434267,8.56873808134505,12.3852962124876,9.78466046203569,7.34060416581084,11.3260537211557,7.44133877518737,6.40425806796116,10.0631025969412,10.3681730544082,11.0660616002344,9.78329847459158,9.09565379119952,10.3082441869728,8.57987965305542,9.13598189599527,GSM1875981,Response
6.8143476,3.978653441,4.623819638,4.597369877,5.71832889,3.469145538,4.027482346,3.711680421,5.162000236,5.425582924,6.208448067,7.578726923,4.515092856,5.728950013,4.958520838,4.356831759,5.51975466,GSM549308,Response
7.193491039,3.724229089,4.558253092,7.29497716,5.001314735,3.387294209,5.415693763,3.78608593,3.868777816,5.408136193,6.32935929,6.581768628,3.965013242,5.774744744,7.711924588,5.11563743,5.542265976,GSM505359,Response
9.81622686449635,7.40335887476251,6.89038651745487,11.479786873861,9.89759189093352,6.74368827501511,7.65599762745312,7.38509856342152,8.01495774641204,9.59291780222364,9.73545618995501,11.1206456065008,8.17637151972319,7.76908402956913,12.5280870452182,7.98967441241366,6.81007982376668,GSM1705402,Non_response
6.654909585,4.096442773,4.325706462,5.023423783,5.306014642,3.749748088,5.230579224,3.746955474,5.355634773,6.118276089,6.38160701,6.682237063,4.307576537,6.329063329,5.068941863,5.344295617,5.478048273,GSM549288,Non_response
8.075019987,4.012718605,4.360681748,7.060499761,5.067278706,3.576405745,5.386619028,3.815617532,4.5411073,5.900979093,6.545276437,7.118795368,3.875339431,6.253452655,6.066817082,5.238684114,5.784804464,GSM549284,Non_response
6.818589432,3.812030282,4.165928169,5.158062071,4.666792896,3.426400155,6.716785572,3.854455957,3.973691296,6.039461778,5.552014606,7.051622279,3.82235127,5.887992966,4.441553883,4.75869576,5.67664357,GSM590868,Non_response
9.35415497109112,7.03225867551342,7.08041387104033,8.02325477442857,10.5818139070152,6.612500886993,7.71605403789829,8.42667720765077,9.87062096156247,8.84257627818422,9.53086071450848,9.82087113344505,8.52447583628771,6.8788350097123,8.98830079797392,7.98044573422384,8.45544370115099,GSM809224,Non_response
7.719867532,7.559089871,7.201912117,6.470301004,8.955994827,6.965525976,7.248564267,7.384952013,9.058389276,7.248564267,7.061721887,7.899125403,7.899125403,13.73914181,6.778115013,9.355003217,6.433507117,GSM2804997,Response
6.997284153,3.593551365,3.726455162,5.482033864,4.93376323,3.305042379,4.187132346,3.797847792,4.021739735,5.815945085,5.544210149,7.079565337,3.813797658,5.276394314,5.192883157,5.390007731,5.508883641,GSM505440,Non_response
11.28784,8.496479,9.2675,8.54247,8.684333,9.188283,11.31944,9.10978496674175,9.151586,11.07228,10.18926,11.68496,10.14676,10.99144,9.733255,9.770638,9.43362,GSM139635,Response
6.15849436419645,4.37100398472689,3.16822331522679,7.72932892393771,6.59041725022422,1.85655800526066,3.36199776889709,7.75384056380688,6.65549895549797,4.69809168603311,6.36290836608246,6.47933755732452,5.25259688803988,2.10573019885093,4.68596843659856,6.49628658188257,6.04407530424831,GSM1233047,Non_response
6.426381396,3.659822437,4.324512911,5.077693935,4.981872625,3.630074213,3.998379817,3.772312833,3.858655101,5.540336077,5.857753328,6.810614626,3.860150498,5.161889645,4.38845229,4.478899908,5.012109483,GSM505394,Non_response
6.856088287,3.942979213,4.375483868,5.113959464,5.277952789,3.469425417,4.293831996,3.755043244,5.789148336,5.891656168,6.748491887,7.727458861,3.917760114,6.090289492,5.166272582,4.861994261,5.046776242,GSM750735,Non_response
7.029517849,3.706831808,4.151114462,7.152283578,5.060787235,3.730023556,5.012718223,3.750736792,4.567561114,6.143532917,6.527569759,7.758183183,3.650526817,5.829744135,5.265727548,5.571329868,5.781828003,GSM508112,Non_response
6.15460383063847,5.25807357581992,3.20988366120113,8.1600467772282,6.52713845329747,2.02759126283606,4.83151016329218,5.47866055570612,5.19237440137198,5.51891542077387,5.85016527796804,7.20963942002412,3.16540371724032,2.76403110104942,5.19584443778717,6.24568353649416,4.77352597353875,GSM1233032,Non_response
6.42165345452521,3.89241574959206,4.56829382013886,6.06672194383439,4.94588411749112,3.47111685382202,5.46793254902435,3.55348750850767,3.82260486029938,4.85648952461423,6.17723210684362,7.29837495171329,3.77868167188127,5.20733090843378,4.5008473102596,4.61875663770239,6.8224634821101,GSM1050590,Non_response
10.16751371,6.17117909,8.097301216,10.79505735,8.794537236,7.184098222,9.882915088,7.187110113,7.183498833,9.68999856,9.743919216,9.634689923,9.999475163,9.420992949,10.52505339,7.968485673,10.14123443,GSM710818,Response
9.7385155082105,6.59612600914699,8.23334769009197,10.4857780873227,9.84889228488804,6.87659215793461,9.24552763325301,7.60908027218139,9.41550229781036,10.3772461480775,10.1644932482335,12.7240124878346,9.32997494265919,9.50416560736054,8.69620763573687,7.83615036496548,9.06547492896331,GSM1875984,Non_response
8.82151737874926,8.40392417174365,5.60013712172961,10.2084327953938,8.4064650987094,7.01856504135503,8.25019485959135,7.43250140107981,7.29205132821556,9.54866716273184,8.75516086000748,9.35508136617219,7.327911590938,7.1153706564743,7.71383503265513,7.96355467004992,7.65546272747874,GSM4171563,Response
6.132381136,3.788315228,3.969057608,7.910155662,4.901758384,3.402170955,4.527172501,3.376311237,3.930661228,5.56303778,6.045744147,8.310904201,3.633386074,5.010561108,4.636849134,4.581519408,5.36010471,GSM590898,Non_response
9.50179943613253,6.40018531368357,6.93565172256366,11.193252028228,8.84711815827057,7.27055742113973,8.83893982321098,8.17961507242827,8.83709067458692,9.9771320128454,9.33780703042148,9.10717965916377,9.51573799306687,9.04222625428786,9.3039218662193,8.43006690704268,8.92891566087637,GSM1619408,Response
9.41996111769902,6.86717411232192,7.70304858019545,12.151872310906,9.57771959215963,7.51129733414931,10.5590234010999,7.83413394507204,6.65822621153667,9.94657491753836,9.83148567920009,11.4439489769972,9.91535415449403,8.91767257917703,9.99338804355105,8.36178289281277,8.44476619335662,GSM1519431,Response
9.08583832918481,6.04603810406826,6.19365474927537,10.0804134132064,9.56301795608392,7.71469458779927,8.1033877261491,8.54158363828746,8.85913622198258,10.0605937182324,8.75885927909299,8.62895972245633,8.11644440173294,6.95675290659129,10.6025153042501,8.60601444501806,8.73298466478337,GSM809199,Non_response
9.317190306,6.838323572,7.397380576,9.439742938,8.009565992,6.724037956,7.85466059,7.395774463,10.38398562,7.606462466,8.972480127,10.51499713,7.376780651,12.39258083,7.43203243,8.165381626,9.417094902,GSM2804849,Response
9.27979203115751,7.40331518498571,7.20832684923203,9.15858262413706,10.4707389231733,7.5649752749879,6.43915659104598,8.86586052904212,10.6606671919438,9.17748698937439,9.24905673184416,10.5563133197154,8.9519020833931,6.42192096096988,8.6879154013192,8.15755912360047,8.66498687124194,GSM809258,Non_response
7.52453671036867,3.81115623957427,4.66768678117445,8.28981524771067,4.76909391498967,3.5360683966288,6.36614725017912,3.54315350011915,4.1209221954095,5.44966293965291,7.34680625987209,7.53831039379925,3.68521795951593,6.86780694320147,5.61420104815711,4.86693310544268,7.06999691198128,GSM1050617,Response
9.895662939,7.779597549,7.506608592,11.99000098,10.10057779,8.073538653,9.696837929,7.777718704,8.37003739,10.33520084,10.12283895,10.02899649,9.372078661,8.795737758,13.12369139,8.461533683,8.913271732,GSM496043.2,Response
6.51813274,3.77340732,3.784562174,3.963882857,5.011902457,3.334972388,5.191589839,4.113426115,3.789132634,5.652649845,5.325796947,6.71044869,3.69421715,5.523285527,5.273031665,4.428555747,5.03249871,GSM505374,Non_response
6.388479081,4.126455376,3.924490737,5.476868592,5.212703491,3.544576454,3.82854374,3.826346673,4.001192344,5.147260982,6.181771274,7.539996517,4.240328301,5.354680978,5.057622893,4.405450642,4.828312691,GSM505597,Non_response
6.285931708,4.247331206,4.331338355,4.058749574,5.413732352,3.508078119,5.021783553,3.737867646,3.829428815,5.669031815,5.799636992,6.846592484,4.30033923,5.330450613,4.969969676,4.635025724,5.067056957,GSM508189,Non_response
6.37059761844422,4.739915751483,3.11819805616166,8.40045978507371,7.6027983039041,2.62517501414666,4.97414666562483,6.10792210663096,6.82479987406142,5.95570141160705,6.70754633540556,7.49554929828737,5.14463459509891,3.28311141660611,5.06640563032908,6.29473577297048,5.75528364067583,GSM1233020,Response
7.008576076,4.178750548,4.240531135,7.584624922,5.635453936,3.478232838,3.668345343,3.776683622,5.275738712,6.446057119,6.285809168,6.901308741,4.055618617,5.674364637,5.190127107,4.791117662,5.113362969,GSM549297,Non_response
6.725908936,4.209599496,4.252287897,5.923780812,5.344751093,3.899546063,6.188019424,4.27689127,3.99937155,5.523672631,5.568737176,7.87251519,3.991304149,6.230350814,6.290713888,5.144877316,4.724884932,GSM505427,Non_response
8.015697997,6.78177622,7.121622298,8.996610242,7.787233968,6.707465219,7.332997522,7.020953986,8.332351033,7.024010247,9.083241037,10.67097852,7.53396005,12.30952169,9.282385764,7.639010198,8.051729534,GSM2804933,Response
4.4555800678686,6.59229520238479,6.73481665576046,11.6660826053421,9.61973925018112,5.03862457690641,5.61367061135391,7.54874835439744,6.728696580086,8.76661282661916,10.787501896204,7.13107263526794,7.65189171783199,3.59857433127596,8.75404056284117,8.0961250013716,4.86004103392047,GSM1525250--185,Non_response
9.3856723453196,6.03155184360362,8.14713749010451,11.0454369840143,9.26413697994557,7.87923798552787,10.3365750868027,8.10284182888466,7.96917579855187,10.5556078947211,9.18936794302791,7.64695052575346,8.631331620838,7.60251040425117,7.95208829442616,9.02204029271461,7.57076412005086,GSM1619457,Non_response
9.211701273,6.286947044,7.028585308,12.10847474,8.605439616,7.84187721,10.1843647,7.550842662,7.74157182,9.73282529,10.16360398,12.28417215,10.2965914,8.931747446,11.34244967,7.558840435,8.351836954,GSM710908,Non_response
6.888589662,3.544389416,4.290006307,8.248072518,4.779406476,3.594636695,6.426821644,4.457421061,4.42206508,6.228420476,5.975092677,7.012934197,4.197627321,5.904068244,5.518998102,6.051032149,5.169369848,GSM505344,Response
6.998440128,4.060049255,4.24202775,5.224773263,4.945843235,3.41546262,5.523257186,3.916489862,3.958750696,5.089501312,5.743284741,7.413675546,3.84771011,5.936586602,4.522727282,5.317943248,5.734036588,GSM508171,Response
9.39875003687673,7.7220863050961,6.28793338019825,9.94124633244736,8.80916694705821,7.45122630857818,7.95306583604163,8.68719395346863,9.02764965713033,10.2441652692181,9.39282947290259,9.82924590397575,9.16456314100334,8.36079079690909,8.96665467550119,8.12616778225613,8.68392591688865,GSM1619435,Non_response
8.78436854997439,5.88552572960214,6.07550926036713,9.2264921853797,8.93165221642307,6.50741588782836,9.60746601929564,7.19133538896456,6.7704487971332,9.93462611566645,8.50114016943312,7.58395679769757,7.69739978157719,7.17808058438736,7.44285416325317,8.66299238445828,8.57612619187139,GSM4171518,Response
7.913275354,8.480845157,8.09131744,6.62660835,6.878112851,7.69086399,6.846638813,7.663326516,9.010479804,7.522285321,7.503213626,7.825739677,8.526657592,13.58946249,7.346822669,9.582506923,7.017484202,GSM2804959,Non_response
8.40599343948532,3.59550124144,4.53631063602956,6.3259748020054,4.73058678063677,3.46309959589146,6.93230246473036,3.96322737889399,4.19596696247141,5.36488572787794,6.17941027689323,7.33489430584445,3.62153317667472,6.16565859094585,6.28929279566139,5.17110346789682,6.39568991714333,GSM1050626,Non_response
11.65458,7.215294,9.748573,12.08464,8.572279,7.004203,10.61285,7.66253014876943,9.302071,10.30568,8.895908,10.87528,8.436148,9.255164,9.005885,8.606575,8.93691,GSM139600,Response
9.01961629112441,6.0863309446612,5.48271991105438,11.0503573720762,9.55923490348492,7.59280841744556,8.99492888057308,8.47532847847061,8.77124044520579,10.5257519614422,8.66485001394493,8.5841397627157,8.57644710687712,8.23079520725238,9.38544802447615,8.80136947808096,8.50539760230314,GSM1619395,Non_response
9.35934136154043,6.86184165590075,6.38658229959123,10.8180913059506,10.2415885354141,7.57722276777403,8.56548001322189,8.75835323285188,9.18259431280223,9.2301808435064,9.86405835889065,9.80485628970187,7.83244380162022,7.12139991496921,8.90944316775759,8.04319386121978,8.64732240674727,GSM809236,Response
9.153368954,7.952018107,7.47323273,6.485698248,7.345510936,7.372784944,7.73164827,7.864596191,8.685833444,8.431643655,6.905905216,7.449472547,8.132295333,14.86744548,7.145197472,8.948264975,6.472624345,GSM2804982,Non_response
6.808097123,3.717207062,4.195531532,7.890997737,5.101436724,3.267125755,5.511775211,3.940389984,3.601274178,5.565771063,6.095782078,6.642470991,3.98308221,5.646703698,4.665144345,5.021676839,6.337892684,GSM505331,Non_response
11.07562,7.075148,10.00161,5.918098,9.001481,7.631453,11.61607,7.56905353245661,7.847362,11.32331,9.929725,9.135067,8.425979,10.85479,10.41727,10.08085,9.174277,GSM139552,Non_response
6.395757316,3.672330299,4.160845149,6.186239179,5.199373719,4.017147661,6.089684538,4.085834542,4.699962436,6.455202759,5.929141123,6.708172286,3.762307247,5.644299912,4.781358155,5.684806409,5.243136627,GSM505368,Response
8.053432548,7.592026027,7.505355802,7.594932501,7.368330871,7.059182637,7.003332537,7.44928304,9.407318445,7.042447249,9.875370046,9.844083969,7.683921956,10.62658628,9.337551747,8.481220704,8.763361672,GSM2804949,Response
6.886615218,3.979333046,4.391630659,5.355246175,4.713614853,3.530496713,6.270070765,3.422799303,4.201008474,5.53172159,5.706435114,7.635272705,3.480150967,6.506321609,4.324025632,4.82723984,5.444388215,GSM590878,Response
9.06097668604805,5.83108092741906,6.54915335328294,10.2866012786977,9.76955562937265,7.1524031511995,7.9359559155381,8.5301960738995,9.58757069803852,10.0014368848851,9.0166454793514,10.67976735634,7.82976503500822,6.92397110333299,9.29141875718028,8.38870119462814,8.98896676936664,GSM809252,Non_response
7.643204612,7.560481663,7.438837923,6.973317096,7.817403577,7.249895147,7.007327932,6.773214207,8.991395381,7.249895147,8.930998092,9.091919258,7.896746603,12.56513766,6.939675874,8.957965379,8.627807906,GSM2804991,Response
7.094749484,3.803751841,4.173059182,6.689761652,4.805152813,3.652434098,5.188027492,3.984777522,5.387427299,5.560487735,5.656243096,8.528803255,4.126702149,7.075006054,5.711991532,5.842744041,5.325657284,GSM508076,Non_response
8.306649135,3.692684848,4.507431209,4.583909742,5.228657628,3.591570788,4.515605713,3.848923996,5.954287576,6.352233798,7.211727296,6.936411919,3.957962736,6.607530794,7.84710823,6.167399372,5.950408548,GSM549257,Response
6.01062236178774,4.6526720533427,2.61123531074284,8.65441016109508,6.93467424502206,1.81304807009882,4.04039315824526,6.10644590822412,6.96730039205862,5.16347810959652,7.03536065728079,7.77417640373939,4.36175701922882,2.28367451981585,4.57995688470092,6.64000381621891,4.60133131546238,GSM1233070,Non_response
11.2880650881668,6.46115512451701,8.91044361054904,8.56417524608577,9.45678710588389,7.47833873711898,11.4763545412778,9.63563640522397,9.45182459333518,11.6400878152315,9.90023183065043,11.2805314464629,10.0758989496048,10.7725992941121,9.89330191140691,9.12419748331901,7.25898357617003,GSM158246,Non_response
6.601147044,4.28983278,4.162720186,4.772305803,5.230033089,3.441797969,3.915292197,3.953068608,4.168118433,5.253183167,6.127196751,7.068004393,4.292853442,5.548559143,5.416445108,4.496002241,5.345028284,GSM508139,Non_response
7.122736906,4.014052181,4.110917347,3.988812943,5.022417603,3.493294961,4.901767449,3.896364555,4.507161316,5.069223036,6.059283426,7.61641526,3.989468828,5.521803405,5.271169677,4.448133017,5.252719646,GSM508182,Non_response
9.61235689558073,5.55853556234731,8.37581334522093,10.8380387957966,9.4994046793499,7.7099678697962,9.9335458033856,7.28394245438466,6.38325973943195,9.79723016005643,10.8347961116951,10.8216978816344,9.39600779815413,9.77035671215764,11.0008178420191,8.52367726459329,8.42798939077487,GSM1705403,Non_response
9.229487907,6.166712302,7.940343367,11.08016129,9.693848433,7.052031384,10.50060082,7.575998008,8.405760686,9.620201221,11.01661484,10.63584254,9.544257466,8.539525045,9.994114803,8.336425577,8.01411495,GSM496039,Response
6.949211292,4.159994052,4.095859131,5.670618756,5.480462117,3.335650299,4.373464969,3.852323907,6.011966093,4.98629928,6.119504118,7.308423689,3.998208364,6.2482359,4.902152829,5.02248177,5.947784755,GSM750749,Non_response
7.910477739,7.466904203,7.620960306,7.383851184,7.15329578,7.15836559,7.267126258,7.267126258,8.844655428,7.101146121,8.363261992,8.163264168,7.959797072,11.50752203,8.108794422,8.714536027,8.140398165,GSM2804941,Response
7.203642649,3.942520558,4.216956957,6.652614112,5.143769186,3.277818213,4.585455317,3.770815087,5.689949372,5.917172656,6.942597586,7.21216929,3.83051395,6.467722059,5.159806319,4.918795999,5.748009938,GSM750736,Non_response
9.98377030394603,5.72955195058762,6.16446912093662,10.8716165493556,8.41866117620069,6.46298364412062,8.8013070907351,6.98006033931493,8.55447186854255,9.29654903363028,9.1794408245181,7.78112582716254,7.4887815586722,7.86462491048211,7.23138366885289,8.19116690680404,9.9435523845123,GSM4171543,Response
6.51698868854079,4.23362465812045,3.8659086072989,5.7268491623321,4.80707866481742,3.31479896697322,4.62470999421384,3.70948465164264,4.08552778118697,5.41747107925714,6.39583811510321,6.53307962492745,3.70248517205351,6.55380887005111,4.59228145025956,4.80106197008966,5.25030110036618,GSM1050658,Response
6.57579120279209,4.7830327796317,2.84585524811234,8.63301341096965,7.21520376222449,2.4740534071518,2.98242711147426,6.3791679055247,7.84976607700424,5.7351736496563,6.61522130785147,8.06610654906693,5.2755761350081,2.64848193148044,4.36305165429984,6.60949376933873,5.44635062933391,GSM1233007,Non_response
6.30538807292585,4.65582920757349,3.90912402263982,9.34462024087823,7.30521876211247,1.98792454365827,3.36800185626411,5.55092228718662,5.19586569219641,6.55039227157911,6.33903894836409,6.78569495291517,4.130439947114,2.96891207992226,4.77211352857283,6.1770873458088,4.14835739182231,GSM1233071,Response
7.522256616,3.656795973,4.074578126,3.798478956,4.894221629,3.683819253,3.821041264,4.120500499,4.979136149,6.044526731,5.957179827,9.120181698,4.187339324,6.415805671,5.322303045,5.789212335,5.415951708,GSM508102,Non_response
9.16389088535965,8.95194166010032,6.63842552926082,9.48562833921747,10.5420577747626,7.22644860739536,6.92254152261807,8.60607215403433,9.83410367690579,9.00056485431604,9.76631049550677,10.7631633299206,8.76268878271967,6.43709876832458,8.72111615988609,8.31746483603901,8.46409541816575,GSM809264,Non_response
10.94386,6.887875,8.337272,11.37375,9.339165,6.75152,9.762183,9.15413123350731,9.453447,11.13869,9.376883,10.75362,9.243805,10.10445,8.886026,9.330897,7.837497,GSM139545,Non_response
8.525414845,8.387352449,7.652846812,7.007826531,7.185097317,7.618994341,7.226752821,8.089372782,9.129146531,8.023531339,7.683669329,7.728208256,8.756567962,15.26768146,6.767997199,9.869720643,6.793074636,GSM2805030,Response
11.7875991968383,7.68202513004775,9.56454115683219,11.4636515450619,8.87683332077856,7.25950649431525,12.0959410016496,9.02960543778727,8.63244272048825,10.9203077765044,9.68775550892559,10.9910015295104,9.26534595247334,9.49377566216207,10.2303183319597,9.7934674191179,7.91919192619314,GSM158262,Non_response
8.92180926191006,6.27244101118858,6.0094893778847,11.6673933820785,9.70769449693286,7.14284094496078,7.03302400925992,7.92370396131768,9.19788975783157,9.7129491290528,10.0296717244096,11.0463973263921,8.72624480066925,8.68853708723908,8.02107496895101,8.00357587921579,10.4685439221204,GSM1875909,Response
7.629329789,7.526768654,7.497374345,6.875704098,7.599248588,7.288358049,6.99419609,7.078067888,8.501785183,7.277037437,8.663751862,8.770868571,7.910152462,11.88726062,7.450515279,8.166920479,7.910152462,GSM2804980,Response
8.54265390762128,7.10108427559611,6.01198537199124,9.12522437123036,8.9646368042271,7.72187797714959,9.05328300301641,7.43611279043681,8.08438626979249,10.1013377365751,8.30682858464294,8.4685349886401,8.32242584556096,8.24713286683123,8.98661627233102,8.31059743895961,9.10658700771509,GSM1619430,Non_response
6.947479113,3.62615143,4.520495758,6.194334032,4.784479969,3.628661677,6.396836527,3.969105576,3.799989551,6.371579932,6.050762037,6.045613905,3.933325677,6.299051754,4.722485627,5.91649387,5.949507245,GSM505408,Non_response
9.65781628450475,9.56904699602172,9.10366110543383,10.6720186940108,10.0259342779738,6.35965475687763,10.5969523442945,8.59373170588409,9.59094902020257,11.2593522430614,12.013225609744,8.06440749970511,9.81628415502056,8.17163315477557,10.3217042588301,9.53352939461626,10.2349606201963,GSM7040767--RNA11,Response
9.39676235172491,6.40480460026755,5.5499301195937,9.28959448180781,8.59110207208107,6.85422101827437,7.51018091401217,7.71769705580619,9.06154117466957,9.35495412332621,8.84743270015941,8.77420689511538,8.23779505252585,7.34901881460538,7.91207754290291,8.16576663064441,7.91111307638532,GSM4171548,Response
6.59364382654589,4.69401529926411,3.7087701826467,8.53701968206146,6.50881936425348,2.01192304186994,3.98303446677277,6.1160167874468,5.69658592012608,5.53564103075456,5.91708614552056,7.63125157966111,4.72284079534443,2.92099909716958,4.99985159913306,6.29697729885698,5.10946685432256,GSM1233046,Non_response
8.328346708,7.897788049,7.83664458,6.470258853,6.901519201,7.45798412,7.040561076,7.648197399,8.791917223,7.558163469,7.238511181,7.700623588,8.535590222,14.80552497,6.701034239,9.543830533,6.539315133,GSM2805032,Non_response
8.66001908,6.934147693,7.177318717,9.36714247,8.096958402,6.794241483,7.30581637,7.076655502,8.490970346,7.003186868,8.417572127,10.63435342,7.379977184,12.69040634,7.429277908,8.016402289,8.733891169,GSM2804910,Non_response
10.28097,6.513814,8.92567,11.14982,9.534602,7.14583,10.29872,9.22751043943665,9.551723,11.52514,9.270665,10.8691,9.569002,9.780219,9.164067,9.056576,7.076081,GSM139560,Non_response
8.87668421736095,7.104190914754,6.57659346761537,10.2916251545477,10.4199900945516,7.4809753667997,6.92664583483458,8.18890944501959,9.92265894921086,8.99208253573727,9.98395728613731,9.56599776206868,7.67308831867845,6.87417557869747,8.66012672072651,8.30052521160571,8.32942838022799,GSM809228,Non_response
6.5940835824225,4.14164740584741,3.35338292604048,9.92420035422282,7.65059633246832,4.19977025301166,3.90098892670668,5.64519192577353,5.81953866758941,5.83122401707006,7.30781213875003,7.5606398542602,3.56553850001625,2.17704718273136,5.0150362120732,6.29810089897138,4.79096651879975,GSM1233012,Non_response
9.14968388644269,6.1447010786884,6.31445299530771,11.6324288710345,8.93189916527039,7.16265647498496,9.09929725015892,7.85934175089606,9.24052184847125,9.98133178256869,9.69437424367589,8.48693572246283,9.05394944106725,8.21796893092384,9.11401328246673,8.15923800105888,8.39276896080367,GSM1619442,Non_response
9.23706167817561,6.25510616938026,6.0346370766382,11.2142669023754,8.34533382425467,7.25472897035293,7.58897820657008,7.78879068821622,8.498476481303,9.93026899672701,8.54261219502642,8.99745136690369,7.83714771019414,7.47487261520773,8.66751782919975,8.79865221963915,8.57906368658129,GSM4171524,Response
10.79295,6.752647,8.798852,11.67189,8.544551,7.987538,11.62984,9.65131198817509,8.71969,11.49992,8.74822,10.30034,10.19588,10.20381,8.544201,9.486984,6.654185,GSM139620,Non_response
6.85784705,3.752159418,4.397950259,4.98230977,5.166127409,3.509434423,4.242617365,4.009742179,4.935365976,5.719045858,6.143489245,7.166859673,3.897881465,5.621722904,4.86708299,4.847550005,5.179301723,GSM505390,Response
9.87550717995306,6.96103384822091,8.26589086111839,11.991485852967,9.67283832388458,8.5234539965246,9.99213146880299,7.77011703638014,7.85700259991254,9.52600585005043,10.0520926410655,11.8753096019218,10.2130311614035,9.41730932081082,11.0093732729264,8.36770028437209,10.7371090077949,GSM1875941,Response
6.004284167,3.626987152,4.038142996,5.093362165,4.973062539,4.218565595,5.430022331,4.122465146,4.48423497,6.483022191,5.722464135,6.151437651,3.879294757,6.059189056,5.214759181,5.404419585,5.33656542,GSM508023,Non_response
5.989690705,3.681911612,3.618962784,4.445350335,5.330930176,3.217706193,3.981576453,3.85016406,3.980133937,5.656297301,5.819614712,6.530630759,3.949629486,5.367307272,4.651074043,4.282705833,5.369653163,GSM505375,Non_response
7.249681999,3.495034108,4.191763497,6.846299435,5.063476925,3.438760863,4.630183877,4.137957909,5.107603748,6.653732355,5.496831655,6.888899915,4.071793878,5.726028666,5.927381334,5.870357692,5.522711337,GSM505465,Non_response
11.15304,7.175904,9.019583,10.27844,9.131354,7.46447,10.11612,9.17019517195785,10.27,10.86208,9.484719,11.45693,9.546312,9.894813,9.400557,9.131886,7.336247,GSM139544,Non_response
4.61721433460956,7.30680430933841,6.67128492555127,11.4982594493659,8.93334636161794,5.7189325978314,5.15454977104859,6.76599135874167,6.7980455927293,8.3919202963929,9.56773484042087,7.69579960616687,8.26273956533644,3.72931819414391,9.65634227327939,8.4770955388713,4.4444502164,GSM1525228--141,Response
7.496540431,6.86932423,7.451135487,9.244157055,8.584182964,7.028335665,7.80483541,7.589004577,10.07444492,9.030168488,7.829392284,12.66264412,8.079475066,14.5317394,7.211808166,8.839169426,9.298225393,GSM2804906,Response
6.745758514,3.463043266,4.172403101,3.611112816,5.331784412,3.382753878,6.028496078,3.844024229,3.742715199,6.332420305,5.93352235,6.062486707,4.156944616,6.289047955,4.013366195,6.016559147,5.445251979,GSM505471,Non_response
8.621938744,7.849306788,7.679281037,6.393550238,7.651878198,6.984303699,7.089477999,7.692973858,8.686019965,7.451441361,6.879480169,8.132450586,8.228038266,14.54736763,6.673069752,9.668227363,6.526994995,GSM2804983,Non_response
7.595009828,7.616066427,7.452679731,7.162380896,7.429942492,7.734810646,7.02565897,7.395739032,8.956136049,7.244752051,9.199024212,8.407123193,8.467879214,14.38742129,8.262543856,9.211040108,7.778095864,GSM2805016,Response
10.9914432630591,8.06974240486045,9.01136816483906,12.0579756517173,9.1939652893332,7.0465765418755,10.8134884766058,9.89322197109365,8.97878629082479,11.452540607457,9.37245344139209,11.0411459086111,9.66297300830454,9.81694477677399,8.71807655243965,8.54200945416686,7.46731699834337,GSM158290,Non_response
9.863844199,7.13466512,7.623107676,12.34021922,10.05916084,7.354622,9.524738097,7.85228552,8.838050559,10.36862512,10.49663503,9.997524082,9.420831706,9.042246936,11.72802579,8.336157067,9.083754787,GSM496019.2,Non_response
8.89125661357802,6.35586675790674,7.10394728127396,11.1864977538956,10.1045363680587,6.99024683919848,9.64546678719887,6.57566173389026,6.31730818666756,9.54865781553118,10.6099647198683,10.7211920723798,9.18656441282131,8.56984070820857,5.99493649763012,8.00275671656544,8.0937518602879,GSM1875952,Non_response
7.433697278,3.882648988,4.720356779,7.076787826,4.92383357,3.466570852,5.789185239,3.904034806,5.907347133,5.099358291,5.985561599,6.518210588,3.767344227,6.705500328,5.220730495,4.645985964,6.994597055,GSM590858,Non_response
9.23215882,6.947984488,9.845906033,10.85662183,9.360474826,7.632855049,10.7877596,7.521091943,6.013377575,9.670302679,10.56734897,9.848497002,9.881728904,9.583171993,10.23680999,8.881226023,9.251682326,GSM710871,Non_response
6.597501162,3.694573791,4.293061397,5.726168539,4.977380731,3.294586168,5.419004262,3.990018512,3.902481667,5.812768804,6.349904074,7.384793411,4.213387578,5.788438625,4.892879873,4.499246317,6.14675131,GSM505537,Non_response
7.96439358728504,4.53581108053289,7.87154810076129,6.94916082904894,8.32390544882218,6.26864079661102,8.67923750923194,6.44232219468608,5.43629573095241,7.45331232719958,8.20007571792459,8.47892196715639,8.84078459856646,9.25860997431047,7.47158161393538,10.6745815498313,7.08641671689428,GSM2193357--23,Non_response
7.553360015,3.699063403,4.592600896,6.799073308,4.740843752,3.584766133,6.923877453,3.658835955,3.965012854,5.482873719,5.719067985,7.766624045,3.754121247,6.717827775,4.797612031,5.664941129,5.837488709,GSM590881,Response
8.13702169358466,9.3193007035906,8.95888303795839,12.7346339129,10.6127902414587,6.96059767918407,10.6630983964213,8.40395735562098,7.05867133822343,10.4433853796582,11.1525371097128,7.13518750269594,10.2526590508975,7.9021027151309,10.3137658757729,8.87503460129617,9.92353894255474,GSM7040799--RNA41,Non_response
9.05885627585781,5.19878604178951,6.47683394519283,10.7348998665246,8.57540376666497,6.32844664626169,5.34091104756794,8.08558081232802,7.73347375016049,10.4084664234962,7.62620740108382,7.64325189878841,7.60208012297344,7.51375367497172,7.94807236942459,8.63031511307205,7.40220263480265,GSM4171527,Non_response
5.27398945514927,4.87357134017018,3.39620994098002,10.4163809499837,6.85597319641346,2.02387979247065,2.96290079790536,5.86675767238691,6.86920076732428,7.30675310441067,5.28039737371541,6.91758456746766,4.77684857465672,2.8448296604962,5.03117611313042,6.00573507706355,5.13772705647308,GSM1233123,Non_response
9.66978925496229,6.35041890718344,6.80871309195791,11.9079320819938,8.8551087709664,6.61948760951297,9.45731884821228,8.23773504964976,8.97235587539075,10.54234723753,8.98013109641533,8.96145333410443,10.1394841237585,8.54772639437476,8.61956635025189,8.03172057710285,8.37747037877528,GSM1619410,Non_response
6.431353467,3.80162201,3.898298465,5.402921414,5.309601957,3.384357737,3.940084132,3.706461903,4.20710568,5.617131985,5.964843603,6.525788577,3.905822752,4.892045601,4.765692431,4.387002051,5.156855924,GSM505392,Non_response
9.05119159628068,7.79218461533682,5.80139637384399,11.7112169096982,9.50632708308113,7.37924415728088,8.54553986490312,8.38478483032659,8.40467675835638,10.3486200626086,9.04228099652863,9.75438090166133,9.19098536595051,7.91907701407261,9.35501105681467,8.17478321991788,9.18022277352545,GSM1619466,Non_response
9.81803583207548,6.52278947710752,7.3117957592301,11.9126148436534,9.68018669914141,7.8100259968952,9.68647441484425,7.88137720142481,8.19831679707917,10.3239606570407,10.5254212208468,11.216387530864,8.85558107926871,9.37761330474097,8.79213123244372,8.28420701229883,10.2693085752166,GSM1875958,Response
7.324500538,3.43040147,4.160697474,4.900257986,4.672388288,3.539075327,5.136397435,3.908249781,4.448428401,5.629244634,5.242792173,7.693811461,3.722353498,4.840190392,4.522245347,5.479670708,6.197641122,GSM508135,Non_response
5.968512517,3.690456796,4.060587194,6.78424368,4.772700504,3.741687626,4.383284999,4.050395785,3.795680197,6.50544069,5.426878692,5.822018323,3.668515866,5.832500335,5.083707685,5.858673234,4.71924528,GSM508084,Non_response
6.930429353,3.818817561,4.364188012,5.05699518,4.865218511,3.504060866,5.563900813,3.863046932,3.609619736,4.934975846,5.677908029,6.303147931,4.039474289,6.256795887,4.337599691,5.165203673,6.549444205,GSM505524,Non_response
8.9669760671082,7.82840150530924,5.94272017546514,11.3950589239946,9.35122000704251,6.41252935596399,7.63132666785324,8.08401810412168,8.07529342018158,10.1239876084664,8.9447850511984,9.26781644144446,8.58982911783124,6.99890368217776,9.76524080416191,7.6027940820074,7.97260111540023,GSM1619419,Response
11.09424,7.97309,8.496561,11.34439,9.027438,7.436527,8.818261,9.35215251769415,8.671362,10.83566,9.286636,11.38736,9.7149,9.749243,9.238758,8.868255,7.188726,GSM139633,Non_response
6.65165962124444,3.9385161872855,4.10111330715056,7.57914682939318,6.35573238055952,4.13942539459837,4.27113600928871,5.70061890037987,6.70814594245638,5.28245589299894,6.01201218718329,7.62779297376945,4.34124251729742,2.99307574704404,4.84710935849009,6.75203472114869,5.37491621014627,GSM1233036,Non_response
8.81843086279953,7.13236884130109,7.74243847907726,11.2258595355602,10.1591555518407,7.86202727834007,10.4349222951638,7.19909333758601,6.38493598462486,9.9943350257692,10.1740505210083,11.9464730820218,9.71735706386306,8.82736434480196,8.95690951901716,8.42788603102228,8.94676677843614,GSM1875985,Non_response
8.90706997243439,6.11466619312833,5.1114182270993,7.31717133904057,8.25629732880157,7.16076021726147,6.99434714931278,7.77175881719669,9.01015550061471,9.93355661490542,8.45872298026457,9.21364945235258,7.93302476851257,7.06886087289009,8.36624277978885,8.46253901517379,8.27763004370177,GSM4171512,Non_response
10.8781646375117,5.68693426073101,8.49266389524142,12.4505397943569,8.93312961398533,8.18137606148061,10.1763971430582,7.70311232678198,10.7231918310358,9.4213448004846,9.0859648413005,6.38159949681153,8.29747323383602,8.36056425821154,8.45770633669381,8.91355956108212,10.030697138575,GSM1619445,Non_response
7.797761839,7.408608074,7.44719155,7.879159813,7.51117979,7.244954952,7.408608074,7.173559974,8.698409981,7.181674798,9.018041283,9.985135773,7.879159813,11.56282056,7.120775812,8.928502307,7.738111389,GSM2804970,Response
8.79658326315669,6.30100404939858,7.35105968888661,12.3282921451192,9.89340745126322,7.74385020837523,10.3847304508196,8.14084811315837,8.62649467664169,10.2838402734592,10.1419063792214,11.0043575296591,9.96507523112674,9.16579996470976,9.69807591851813,8.2449586770086,9.95234153313868,GSM1875976,Non_response
11.27896,9.04537,8.444503,8.691766,9.441194,7.1635,10.66084,8.9688140356319,9.198055,10.70254,9.716199,11.9615,8.912761,9.160095,9.252537,9.269284,8.467104,GSM139563,Non_response
7.198937263,3.905147836,4.004507094,6.331633651,5.255654566,3.414413498,4.109130361,3.88272688,5.009177659,5.773550935,6.196304254,6.595559499,4.040689706,6.175248963,4.623617894,5.181203679,5.934414099,GSM549274,Non_response
6.86024633693936,3.9993991746453,4.65013826994775,6.51493500636764,5.14436078675243,3.22681986924057,4.7704885898569,3.32598225078944,4.02191238229454,5.2674457191418,6.0519241109519,6.77820914990564,3.49307238202211,6.47865723035515,4.51616692909927,4.76835889889027,5.83434954677349,GSM1050660,Non_response
9.482634653,5.918845281,8.082558622,12.22341237,9.211466002,6.483087055,10.18680718,7.230255621,5.4780727,9.99345627,10.6217532,11.0976776,9.916172962,7.8889115,10.89762451,8.53725763,9.500540191,GSM710825,Response
6.61042679533758,3.90002297070444,3.91264297896923,6.41409709633938,4.73374927771313,3.34181935477863,4.22650033187951,3.86808728593591,3.77575250583931,5.94554308702303,5.29576120987084,7.39826917627266,3.40777696311506,4.98417803172256,4.34327845401828,5.68567918637788,4.88731471559526,GSM1050585,Non_response
6.210235422,4.259338449,3.853882777,5.418662681,5.110154127,3.380173601,5.28419038,3.801713248,4.072207761,5.490669252,6.358023449,7.52713047,4.050739689,5.811290503,4.025832585,4.834286379,4.755458736,GSM505342,Response
6.668822986,3.905205856,4.750220206,6.161403904,4.85762753,3.760885563,6.145458116,3.87448406,4.327204842,5.613325171,6.501938325,7.215787142,4.102923474,6.848586995,4.119325156,6.264054071,5.549036924,GSM505349,Response
11.9842175901845,6.96697317668933,9.15270300684547,9.28651775525826,9.05425416463036,7.91198550790618,11.1310043775411,9.0026485467112,8.50130862518512,10.5810295290252,9.73521972989529,10.5201506568459,9.57386255957128,10.3105091664195,8.93105050637801,10.1190911122138,7.27304572744893,GSM158259,Response
8.550120299,7.080372237,7.123568644,9.112603725,7.938714155,6.865637134,7.366839201,7.164350156,8.540371884,7.010975931,8.415044813,9.960998604,7.52791037,12.72665186,7.896035363,8.134928654,7.813745809,GSM2804844,Response
6.47720020339742,4.05557849042787,4.17434849370893,4.03698901875485,5.05369677303311,3.44923463339286,5.57241813789928,3.50889206518441,3.87381267764713,5.49858263566058,6.16179469170882,6.95778204878396,3.83320544897345,5.44005249761219,4.96098200414969,4.43523312016562,5.15165328904676,GSM1050603,Non_response
9.94056613188154,6.54459254823943,7.43378134471499,12.2820092996238,9.35606077795914,9.20383288280131,10.7434188458723,8.0778092468365,8.50988888763816,11.4203383490713,10.9732406541443,11.7048265664625,10.0093382567024,9.60874431996215,10.0579182790056,9.03190461054747,9.72870623154926,GSM1876004,Response
9.73122419390733,6.5271469552444,7.90350026887576,11.8909184565999,9.73561159130017,7.00442944155854,9.99720838916268,6.94774365826788,7.89189728884801,9.6242946745744,10.4508049240337,10.7571749984091,9.12779165390237,9.23162727272625,9.74068810489324,8.17981426598122,9.62091264473182,GSM1875951,Non_response
6.761751024,4.052094079,4.1824554,4.440162265,5.360502585,3.705540655,3.965069328,3.939802261,4.311841032,5.319034797,6.029123883,7.086376744,4.467309568,5.385638261,5.174027029,4.582283506,5.270326951,GSM508049,Non_response
9.25889266383935,6.66126678189125,7.46785832456378,11.3223805888517,9.19707898802276,6.19010173400854,10.6093497156733,7.14975690363659,6.09868769824117,9.17185921529513,9.69142634082171,10.5222897856738,9.49240190247492,8.62589517544401,9.68936474083417,8.42004292832812,9.97365603168856,GSM1519436,Non_response
11.9316369434685,8.64019840587298,10.1889360926271,11.1124958323317,9.78311977240291,6.87664082301765,11.1581901238243,9.07527504924658,9.23652303605789,10.8327183364728,10.4776530214859,11.4118455598037,9.33860339114121,9.76681238355227,8.96681124230916,9.8165304738894,8.47911288578534,GSM158241,Response
9.4936399909427,10.1449047889947,7.87815719168976,12.7740605629778,10.9500216808029,6.43605374992006,9.35321012274619,9.03286051583227,9.84808095866853,10.5243694716215,12.0790586712742,10.6996121332594,10.5489206767802,7.78378143057411,9.49787508146047,9.41473387993581,9.47809220878815,GSM7040766--RNA10,Response
6.8809854,4.044092435,4.505693466,5.341006913,5.332585474,3.541450762,4.446458857,3.772765337,4.395183112,5.317694734,6.129927123,6.996668049,4.158761442,5.270981584,5.106129623,4.567966556,5.45800109,GSM508161,Non_response
6.231541335,4.57212722,4.337516477,4.612647064,5.393507759,3.505753575,3.68356469,3.892184833,4.042158617,6.213538087,6.73067005,7.86406843,4.705787901,5.466352665,5.019985148,4.676273839,5.341695872,GSM505491,Non_response
5.69247024090557,4.89405390121123,2.62286677496733,8.89295650351344,7.59772462770822,2.02036729900821,4.30843077920474,6.4342223242338,6.41892887674876,5.19415190068155,6.11474381757958,7.04941722227143,3.63805998744322,2.48597221182557,4.68791525890993,6.41693315451932,5.72096514010635,GSM1233074,Response
10.2777966221035,7.57121908797664,6.77224792116771,11.1650189162703,8.98973162079423,7.36548495263673,8.86384300030056,8.00507256288189,8.73598067401157,9.50022441006436,9.34035948590701,9.6274280725017,8.65312127914524,7.17287253919628,8.39081029191794,8.52731952346298,8.43601495084977,GSM1619438,Response
6.878456571,3.673787419,5.041552108,3.312630547,5.365670457,3.654407061,6.694600138,3.891317872,4.872626114,6.13733069,5.850249317,5.827811879,3.824968268,6.693575592,5.913013395,6.391742288,6.640135275,GSM549304,Non_response
6.391490119,3.750150792,3.912865307,4.291185821,4.811090535,3.44839795,4.791793755,3.874868783,4.380188618,4.67011324,6.049140811,8.741888038,3.667288441,5.846726955,4.225554946,4.307131172,6.233599229,GSM590880,Non_response
8.836358088,6.221465094,7.409892261,11.44590598,9.208857299,6.762719346,9.746781432,7.411574531,8.399163841,10.03954019,10.06280084,9.944070055,9.55335383,7.726054672,11.98014999,7.819976592,9.700732455,GSM710805,Response
9.22765356047354,6.29360038036786,5.62196962113474,10.0101853655021,9.13896506476211,6.16674008258193,8.8922497488088,6.63010393101249,9.01418441811328,9.56686181687789,8.78723852821849,8.32949437004596,8.15727232342849,7.59137993112736,8.18710190384911,8.28377449998922,8.51343599052855,GSM4171534,Non_response
6.850527996,3.868696197,4.177954062,4.793302289,5.155702414,3.388713096,4.224978177,3.776736277,5.811364692,6.157429851,6.541790401,6.915670211,4.146321957,6.219808443,4.854140606,5.228467378,4.895254499,GSM549283,Non_response
8.46350138601779,5.9701609329437,6.34786996623662,10.1482129970562,10.0810901307839,7.97847244674071,8.22241764157691,8.86927162855279,9.86674555990336,10.2973294961826,8.52253879494395,9.21934808287399,8.23604755824333,6.44384681551285,7.65184151265164,8.53033212530792,8.57618928402564,GSM809250,Non_response
8.90278672958336,6.87671277339002,6.7356808570167,7.96914452943307,8.12078018759553,6.61901747504045,9.65158408761782,7.26868459991725,7.16982127676876,9.66824999475988,8.56949431752793,7.76921733704823,8.55284595833128,8.39519358876101,6.62566883501817,8.66857264786065,8.31232024258787,GSM4171516,Response
8.56013219969755,6.89185724653844,6.36278623098123,10.7092735588327,9.74654355070469,4.98274344213182,9.87293053080919,6.35018114136764,5.65652200336729,9.83607457081421,8.47660663130722,11.0607806028776,8.23649465469693,6.66215875090338,9.91914297965095,7.60166002168373,9.80817023206702,GSM1875934,Non_response
4.55404836927365,7.34823707625212,6.71324153461294,9.04728279194274,8.74129480700192,5.5868907893239,5.05360786767918,6.37091785479587,7.96531953019021,8.89754195109277,9.73091467955924,6.93471090336177,7.0810498738046,4.08828318778273,8.35710859954262,8.08318907657816,5.07731344770242,GSM1525227--123,Response
6.955049897,3.305963109,5.292885644,8.266936925,5.390718706,3.915318126,6.438462129,4.111539948,3.965466334,7.321279267,5.774671382,5.356644163,4.037799594,6.3004011,4.851597309,6.884465428,6.874400439,GSM505479,Non_response
6.058224468,3.773441576,3.845471441,6.180763235,5.040543946,3.559986339,4.218575532,3.815159476,4.309040937,5.398752234,5.908854224,7.231171796,3.878801218,4.600112961,4.957155867,5.300867288,5.148210798,GSM505579,Non_response
9.03945613845613,5.90861427936114,6.28238298593486,11.6253745731145,8.61176266697897,7.16197057701944,8.49921335446985,8.32431949667878,9.41811420550368,9.82188311654453,8.77704195973807,9.30223813679047,8.69697308117675,7.69772756767394,8.77489220580832,8.27042017622408,7.73464635051455,GSM1619413,Non_response
5.710215471,3.798613073,3.859799149,4.673337012,4.535205254,4.670996783,5.381240964,4.043845809,4.023684007,5.922607224,5.48815805,6.369674407,3.796253866,6.228550448,5.850876571,5.598568004,5.72297365,GSM590854,Non_response
7.67754054,4.083248839,4.653902666,7.034902686,5.242629868,3.363468424,4.770593969,3.680392749,6.26572167,5.313311578,6.172204507,6.180578881,3.751192103,5.970274738,5.638997877,5.80293078,6.258432716,GSM508147,Non_response
7.856095524,3.709104844,4.464077858,5.063610053,5.350759575,3.35064239,4.462469934,3.880606197,6.036986864,5.793632112,6.838952229,8.749860713,3.802688813,6.651184456,5.633868417,5.387434166,5.789613103,GSM549251,Response
6.09324975525405,4.03168291437142,4.03003223824243,6.33758990631746,5.11034682425868,3.38892606424866,5.41887066858056,3.68756239058185,3.81498999414142,5.29782670053138,5.93750153445041,6.99175511752433,3.60272911151603,5.6425167181333,4.5368418959411,4.768223594746,5.74957073724018,GSM1050620,Non_response
9.00245155950143,5.82869892736393,7.32595889372472,11.7479136104604,9.40053244007104,6.61564830767457,8.80782564057442,6.88445459294724,6.5810693065619,9.32088732798989,10.2699619555517,11.9556149670026,9.33713630727535,7.44110300110717,9.59717693459406,8.01822475521958,9.55914103286389,GSM1875913,Non_response
9.68050987353106,9.70654556515579,7.84052940377208,13.5991699511579,11.0525605260162,7.77647229660706,8.31677135334176,9.32359281948171,10.4046157488269,10.6366815164656,10.9595288332198,10.4059878298553,11.1648107079267,7.79275518461978,9.5301962692928,9.49391286461482,8.19808363091755,GSM7040800--RNA42,Response
6.999564582,3.649545014,4.711075734,3.49920595,5.136907771,3.522539175,6.821907509,3.892539327,4.443458764,5.116446899,5.589193739,10.47573282,3.708460211,5.576719228,5.017053077,5.068056908,6.290760008,GSM505514,Non_response
7.048948172,3.82631072,4.069534479,4.531332895,5.205105332,3.186924144,5.725375367,3.890435539,4.167950923,5.538380091,5.969122267,7.217534571,4.070466515,6.236466783,4.657276981,4.940034722,5.204230007,GSM505542,Non_response
6.31256362,3.56234144,3.630430079,6.286135794,4.850398726,3.776545575,4.272818247,4.049810468,4.394879611,6.145447041,5.575248279,7.821525963,3.802940209,5.833499186,5.659189835,4.922122189,4.962507119,GSM505406,Non_response
8.004618066,6.81185971,7.331072076,9.676600656,8.273907868,7.018380509,7.342928611,7.583604874,9.182988128,7.324377593,8.694734478,11.88018873,7.702101795,11.74368752,8.063734917,8.23422253,8.750480084,GSM2804860,Response
6.586518719,3.728239914,3.975262976,6.290916543,4.819711678,3.705457004,3.802623466,4.015486806,5.13719699,6.04723812,5.514528784,7.975132727,4.023057837,5.614523112,7.682139588,5.432110126,5.016134548,GSM508016,Non_response
8.35622393121741,8.36513160976434,6.21151692271161,10.0962488569218,9.68503193542583,7.51807938617709,8.22956469601614,7.98478372635272,9.73628358256642,9.76824794683916,9.96811914746746,9.85818170683572,8.05253108238449,7.15018430447654,8.99731615362938,8.86005791229897,9.58324367121917,GSM809245,Non_response
11.3908567358456,7.15519868865729,8.56435279154337,12.2523897517492,9.01828737020367,6.77606157336437,9.29882336017182,9.8552298133471,9.41373326528572,11.5009944592584,8.81581109694283,11.3627749294737,10.0300825509247,10.4403613279982,11.37132439612,8.79833097879427,7.03264342604958,GSM158288,Response
6.628399214,3.866373583,3.982854225,4.547989721,5.3081089,4.033214959,5.11252685,3.902286818,5.719812123,5.753493188,6.226929043,7.276055163,4.173288751,6.841665579,5.169297003,4.998863804,4.847444367,GSM549279,Non_response
11.0302883229858,6.79954437646317,8.75779522343537,11.6608743790697,9.11988887105547,7.41412763303515,8.96036144674744,9.29810767898157,10.0482714521388,11.127559438027,8.95097004699181,11.5426725225326,9.9083719359143,9.98801655484446,9.24031956346774,8.34831387618,7.23575986577538,GSM158208,Response
6.952267041,3.685424992,4.209802801,5.541269855,5.20824869,3.471006633,4.354423676,3.924292462,5.698002387,5.748022864,5.807077707,6.7856496,3.709060822,5.880392259,5.50761983,5.271868854,5.32375452,GSM549299,Non_response
9.55650126051898,7.20529185962035,6.75963758427962,12.0260670160531,9.62439821060633,7.38722350681898,9.73492907273635,7.49692172082936,8.1178254564162,9.83222638351984,10.1106571806492,10.9624604022886,9.61591482300037,8.92155311494943,11.4371128955808,7.80875865848638,9.47570286607952,GSM1875940,Response
8.81203202901767,5.01744694328146,7.41676051793439,10.7680802787178,8.37928963591269,6.68672360728576,8.35022271765963,7.00264607367872,8.46349964627115,8.97271868209693,8.86782877555799,10.5897355488511,7.13982167191716,7.2293420160506,8.92382973137629,7.88160477764474,9.58876539846991,GSM4171499,Non_response
5.65308631526322,3.94232394321281,4.01480578722522,6.07074773459719,4.84663632260886,3.77422971539828,5.06397458689144,3.7318279365947,3.95989990676593,6.12596606825167,5.99757341657121,6.61778606975675,3.95104657748492,5.46485624113701,4.99535862442448,5.12833177482932,4.9720522886186,GSM1050597,Non_response
7.497612925,3.203426068,4.633412823,6.080443599,5.319708578,3.551471698,4.750345899,4.426895891,5.452602831,6.567321314,5.713064865,7.974544242,3.850453667,6.019948629,4.945067088,6.609278941,6.393588012,GSM505451,Non_response
9.48430855382728,9.68583435869869,8.94522850378124,10.9336447662949,10.0934254442609,6.47656673893333,11.0898907425104,8.0053390636559,9.98740170291981,10.503007205335,12.0705575190265,11.2870730263508,8.5706114924773,8.21075573978646,9.64679443096481,9.60418518222896,9.37296458714876,GSM7040768--RNA12,Response
10.8386977283168,7.10002391718201,8.75951575905673,11.1205657567195,9.16224388852523,7.16778834952528,8.99406101131801,8.90441730559276,9.92657090936569,11.2438831288489,9.00936599702746,10.8978078299399,9.56163540986123,9.59639300094322,9.14787646910245,8.78224530531421,6.65178656932394,GSM158196,Non_response
5.904627805,3.736368859,3.950362388,4.531653656,5.135072314,3.383335585,5.770115134,3.81254878,4.546202618,4.818374755,5.829586557,6.783152843,3.72298627,5.77355596,3.804378696,3.939919807,6.653307731,GSM590867,Non_response
10.6888118285988,8.11285560390437,8.39891491605919,12.1746616097068,10.221113684815,6.12400968776778,9.26576220403814,9.33029368800717,10.6086803705221,11.1613432397189,11.2219957192744,12.095799799013,10.8747065570588,7.68475062116786,8.37679260648813,9.30680028092803,9.50250467512395,GSM7040761--RNA05,Non_response
3.99445874910696,4.70459687858799,3.08630957862235,7.79204436325801,6.10927811029868,1.83644769271674,2.98657608663009,7.92959493250383,6.70005431742692,3.83276827270574,7.27913738047314,7.49156369033124,4.22382797164742,2.46103935203994,4.47038125334229,6.26415966551547,4.6057966942108,GSM1233105,Non_response
9.43918217005332,8.97716688680474,7.68586571549671,12.876762240353,9.54119619021117,6.03880057413477,8.96884758045789,8.76752709269174,10.6918032381437,10.9104513103752,11.7142334420201,9.40363000837722,10.8751343274212,8.02614773140785,11.4515215454062,9.19988214015555,8.78381769330473,GSM7040789--RNA32,Response
9.76431858231501,7.11357827555863,7.98994044108571,12.4208018970917,9.73279431149025,8.54039594737586,9.78214097481291,8.09466975663785,8.56883695745618,10.3341463422375,10.9501976506495,11.7953513217522,10.1622128572117,9.26571091241651,9.14538557044343,8.57807753076325,10.0981035998833,GSM1876019,Response
5.863867334,4.096146883,3.994228516,4.439423756,5.264885572,3.504238479,4.101463573,3.622285278,3.952230908,4.974554503,5.929484517,7.217621749,3.988812949,5.362623029,5.526157055,4.293312059,4.893712686,GSM590861,Non_response
7.813866779,3.959976966,4.84997038,6.998031013,4.803353007,3.621953737,6.574977598,3.62189435,5.523836008,4.954390437,6.152761407,7.336887898,3.798222309,6.827279797,4.492445164,5.380005581,6.97433573,GSM590889,Response
11.3732739206208,7.43198797052902,8.99547995936078,11.4684659209034,9.38195539063232,7.19156098367906,9.81527853751411,9.85233888132436,8.76101248199991,11.5387179797997,8.81208340614053,11.1240405051576,9.43723586509756,9.4541018652369,9.42991885522222,8.55152287549471,8.02425619455946,GSM158286,Response
11.3302219110284,9.32188458583794,9.17132801712776,11.047729456496,9.45322905116059,7.73835681990058,10.7915151626743,9.4713199544363,9.39484600306473,10.9115348732556,10.215793410905,11.9281525956368,9.62880552520012,10.1788251011974,8.74684933121065,8.84082198319813,7.88972396633772,GSM158271,Non_response
6.61999323591511,4.19840013249032,3.67782932351619,8.20417132277684,6.14995723288419,2.5165165320022,2.75934727186424,6.55491172876972,7.30275625363518,6.76743958186638,6.4180457186126,8.09298806904667,4.57705641638202,3.35677032758908,5.72013731068242,6.19702593690583,5.38935861088911,GSM1233027,Non_response
9.938006853,7.086492633,8.309206681,12.14076802,9.64468018,7.377646062,10.72127848,7.663175353,6.131795262,9.825579203,10.22509787,10.98733298,9.78041362,8.984546593,7.822898717,7.821401005,9.660425013,GSM496020.2,Response
6.385214676,4.006115849,4.203253808,6.454079707,5.048880912,6.132100025,3.862157913,4.032554377,3.536164974,6.250216432,5.435955612,6.643263624,4.188319241,5.617921266,4.958791897,5.454651871,5.177553341,GSM508143,Non_response
9.842078584,7.13466512,8.337422868,12.50667871,9.957505982,7.594804873,10.74042121,7.809291325,7.45422527,10.3441478,10.74266199,10.49846002,9.749001282,9.526361205,8.523227352,7.656200118,8.826904758,GSM496033,Non_response
11.2560850473283,7.57271789613613,8.72157510855728,12.3587771803857,9.38955377441558,7.27988848924341,10.4318126376056,9.7701683575646,9.79693076767284,11.2489825326868,9.55542236302487,11.5206972910874,9.71598551106013,10.266122514659,9.5164601574074,8.52529336485274,7.5595707447485,GSM158251,Response
9.525663444,7.193896102,7.219373856,11.47524608,8.354015367,7.522966751,9.926253645,7.411574531,6.622756546,9.756148267,9.739784525,10.82669989,9.376413846,9.220008488,7.856435561,7.653596797,9.473213859,GSM710905,Non_response
8.301127021,3.660594685,4.403470787,5.502311582,4.843705386,3.373654122,5.870865216,4.040399843,5.329725628,5.540909408,6.676617329,8.678587561,3.894235759,5.73615835,4.337436034,6.111733539,6.715800324,GSM505475,Non_response
9.991706755,6.291160961,7.804396751,12.31444658,8.525521441,7.29433149,9.927230741,7.411574531,7.110650122,11.08252604,9.727039454,7.999441261,9.560678834,10.0498004,9.726741383,8.162304801,9.297660414,GSM710869,Non_response
6.435540683,3.930723281,3.765670479,5.608308262,5.612851481,3.369130701,3.785376215,4.300362101,5.13752351,4.718593663,5.357884312,6.849906441,4.422047371,4.872062614,4.396803533,3.865100157,4.770830127,GSM505396,Non_response
10.79156,6.84677,9.204189,7.364696,9.425685,6.816168,11.2235,8.10828428523797,8.855134,10.93355,9.058741,10.26239,9.495995,9.454847,8.572141,8.120267,7.695041,GSM139590,Non_response
7.028950463,3.608859016,4.869594958,5.4338804,4.978427217,3.667566675,5.293652963,3.812799261,5.178929239,5.331390601,5.962049962,6.90963978,4.0693133,7.097157662,5.265854408,5.203141122,6.132253554,GSM508072,Non_response
5.15698783886322,4.42338709979509,3.21518766803859,7.43415325841716,6.99424485273325,2.1477936136293,3.27303960310782,6.31171868514226,6.78041326472317,4.18660915520725,6.39630125357816,7.37480071580817,4.25430369237783,2.17096742542559,4.53024467313876,6.52101328282028,4.63144637111434,GSM1233144,Non_response
10.2912273787524,7.14868849775415,9.54571839684501,11.7918555468598,9.8995249987678,8.22373094569718,9.96584329020395,8.42932003214228,10.186408269057,10.5012183607236,10.6386484727671,10.1975718090204,10.014515545265,9.44912680018906,9.02460710252863,8.87544802227108,9.96799400619667,GSM1876018,Non_response
6.256279691,3.841742287,4.134655544,7.551751476,5.284517987,3.338620287,6.696154157,3.773555459,3.545248041,5.045393895,6.138268224,6.271756408,4.083072853,6.208323952,5.207819985,4.742948297,5.98869395,GSM505564,Response
6.765608527,3.859731432,4.34071687,3.528638545,5.322172887,3.987820969,5.567056481,3.755167855,4.79927979,6.650425372,6.536299335,6.696818695,4.108997145,6.716723339,5.198402116,5.174782239,5.392486352,GSM549276,Non_response
6.40308895,4.097337636,4.192431482,4.177423537,5.261508407,3.471835977,4.011906641,3.990064003,4.337752739,5.361256762,6.351958211,7.918204749,4.437097896,5.400767375,5.022393242,4.458506361,5.017703358,GSM508100,Non_response
6.418816615,5.196711855,4.008681708,4.260324935,5.240125264,3.415688359,4.481510308,3.69602689,3.576599805,5.797017772,7.103914167,10.14498522,4.197991572,5.91277108,5.381178123,5.103989561,5.125950938,GSM505594,Non_response
5.895936923,4.153369122,4.1572592,5.126343053,4.943928468,3.554984344,4.561811186,4.034172108,3.959638217,6.011729232,5.853188189,7.402142165,4.092674262,6.142270742,4.940614308,4.997313632,4.971576308,GSM508117,Non_response
9.66396783238367,6.41874435073658,6.36432346829296,9.60331974736197,8.5439632941151,6.94172893905338,8.92805775546227,7.06032774436021,8.58412951104492,9.46038064247931,8.61281252584782,8.19666604055245,8.10525347654831,7.20725801168915,8.07087109788061,8.27738758742009,8.79167057172191,GSM4171517,Response
8.1014101958713,9.21187516551984,9.46528869846764,13.3910246445832,10.5101744057908,7.58931280499578,9.99831035571074,8.17163315477557,5.71065777731352,10.1300224005486,11.3512688186166,8.37249534363363,10.5530349761655,8.24914174753811,10.6186829576706,10.1378284194194,9.21002165575005,GSM7040798--RNA39,Response
5.461214214,3.913577039,3.964831634,5.915733779,4.728325305,3.776438571,4.840921885,3.773786192,4.071525486,6.048282744,5.876836818,6.564588732,3.990476341,5.411722864,4.93477283,5.101811886,4.892471205,GSM590859,Non_response
6.902851535,3.799166051,4.241362335,5.500163656,4.791148396,3.413244719,4.716686526,3.661702951,3.811387035,5.46996207,5.924227515,6.947096917,3.709811369,5.971507739,4.836121182,4.576500395,5.606762506,GSM590865,Non_response
8.704509358,6.924362426,7.349319335,8.654719435,8.613593392,6.83653562,7.280134246,7.416234047,9.630473895,7.729961765,9.225847733,11.62706094,7.543071947,12.00457297,7.367874504,7.989255166,8.750775099,GSM2804888,Non_response
8.81421283484561,5.59637185226226,5.44441716476104,8.4735334063127,7.83408204770759,6.87021766033834,7.86250728059558,7.74383196127695,7.50131351188766,10.2746650597126,8.30183807795896,8.21403919205819,7.92904026308522,6.91128426472639,8.61148896033864,8.57290744521653,7.41072998291335,GSM4171538,Response
9.95314294194649,6.67026848104472,7.62395028724715,11.7964457092041,9.81181863885136,8.04646038900851,9.57330116516001,7.90140803452883,8.49192478594592,10.2605880919039,10.3903928046933,11.6268744873647,10.143046890225,8.69680635608066,11.8188834035842,8.25644090898701,9.99269689907348,GSM1875943,Response
8.19434622170197,7.25984564857129,5.61632502920387,8.64739340816073,8.12600300836685,6.15475123171738,7.7488152088252,7.57805430935383,7.5374061103769,9.89487807318157,8.04689515333046,8.99698808003352,8.14571052442158,6.67282692283655,7.74339015379881,8.01846307853208,8.01449839965598,GSM4171509,Non_response
9.30352235832859,6.07162632009956,8.63842002180075,11.2654232724685,10.6653724841844,7.12399114034699,9.95149017456985,9.2470091691818,10.0640609477161,9.63644178451815,10.0974618228787,7.95724603754479,8.55050493581362,7.97436966715824,11.321021235322,8.1320862950371,10.1467766017955,GSM809239,Non_response
8.21734482473387,6.5205251056749,6.41795124581805,11.4411710314503,8.98032160029447,5.89830868037723,8.27376958465947,6.94491664144818,6.66469788022386,9.28706505952433,10.4549597245782,11.3959088560436,8.76226426880068,6.63859724008347,9.50773855985884,7.65052787755395,9.68363405159363,GSM1875922,Non_response
6.64660380389622,3.94750192781322,4.38459075167109,4.32994496211007,4.96016885940691,3.84245198024906,5.97455087862787,3.65884036637218,3.89668023141842,5.80057230381945,6.19037632689995,6.56836296217257,3.72636762773676,6.03073937529306,4.61656652796824,4.2164875040568,4.63977968252491,GSM1050635,Non_response
7.37315138769889,5.74890402864461,7.98084419644607,9.89086990641945,10.0143693593297,8.25108540142176,6.21418390581687,8.76616503205287,10.3168244697772,9.45230966345159,8.96071061468461,9.05032218626656,7.97012352766744,6.24980479097078,7.48455549491129,8.628594652726,7.86504669935765,GSM809235,Non_response
6.462121281,4.048228001,4.171685622,4.956549086,5.379092007,3.672417691,4.468324597,3.803557698,4.029773643,5.91365537,5.670068259,6.616272368,4.115886538,5.372522997,5.266199985,4.726069875,4.810491229,GSM508095,Non_response
8.072173178,6.749000544,7.725515831,11.43611186,9.28254284,6.799235965,7.685485777,7.415894263,9.705559978,8.146701033,9.39606059,13.29934068,8.369633293,10.87876422,9.305072729,9.071089677,10.18805328,GSM2804858,Response
6.537794013,3.723825494,4.137154302,3.897044729,5.143792079,3.081857028,5.576980282,3.661275868,4.032727192,5.900215997,5.745810232,6.717100761,3.823966258,5.220587144,4.748333702,4.849233244,5.178837615,GSM505379,Non_response
6.227034534,3.813282647,3.698661391,5.787368813,5.186910659,3.609303481,3.707722741,3.817516887,4.199429874,5.922342731,5.898194283,7.244248225,3.928545556,5.64869237,5.725722188,5.018068158,5.075497899,GSM505529,Non_response
6.292237299,3.864104574,4.310599964,4.326112634,4.763765618,3.504238479,6.129994239,3.872476113,3.962408575,5.277454717,6.152744003,8.478113634,3.628379627,5.811982713,4.562262368,4.643125441,5.389525171,GSM590875,Response
6.813313721,4.06769923,4.202921794,6.58351674,5.161542687,3.412266708,5.009508215,4.042661803,3.928868628,5.519339978,5.985450506,7.494003432,3.837623302,5.613706049,4.831003666,4.872884917,5.153924965,GSM508151,Response
6.73376038123859,4.84432844953694,4.84878177034135,9.22578797849043,6.17178664379068,3.32383983294253,4.02500647110887,6.0921933450017,6.68943535414638,5.97861108268675,7.11744027800424,7.78811314906067,5.0363356503099,2.73408327854857,4.66323604816903,6.24491027222709,4.95253998704069,GSM1233024,Response
5.75631669024032,4.81139336116453,3.38789989146888,9.04625861772445,6.3935762207895,2.13513569244901,3.16007132479093,6.98090717885352,7.79128658732453,4.18215534221247,6.74161359993256,7.68213354248932,5.04356644451311,2.30138343773893,4.96895307695866,6.50300138466999,4.65881133649087,GSM1233101,Non_response
7.298019515,4.077312404,4.360936276,4.431465675,5.191194634,3.406963944,4.294307423,3.625754747,4.008969412,5.212347818,6.320666651,7.25549646,4.058134878,5.876612517,7.247727246,4.32368222,6.346899861,GSM508158,Non_response
9.93685304173048,7.34443758076251,8.00110746938173,11.5366031180394,9.64402360036685,7.50838052544342,10.5828808255279,7.74954291264762,8.28353456792192,10.5552121125972,10.1758346035183,10.2427930533919,10.3726998627047,9.42095096170441,10.7850837490137,8.05544802501847,10.1479465974711,GSM1875962,Response
10.1007092266936,6.97359094776907,7.13343110157559,10.7852099951518,9.15501666825899,7.03663538201034,6.73735345482705,7.92403960505091,9.28612231369731,9.72425628119011,9.1704858719852,11.4805045435028,8.59390700089555,8.1441312479478,11.3276958335785,8.40883551006544,7.43084450093618,GSM1705397,Response
8.167240244,7.073064758,7.633419172,8.431486576,8.360239224,6.943019453,7.4704467,7.312308512,9.230605139,7.667569521,10.25813118,9.436933886,7.526351043,13.14346571,7.159777347,8.641842509,8.456760253,GSM2804913,Non_response
8.944626817,6.956709257,9.095709904,10.22831966,8.249377991,6.809404926,7.563324171,8.225546692,10.40833722,9.186720476,10.39899865,11.05501008,7.454215954,10.17939031,8.5435923,9.613287067,9.343591146,GSM2804922,Response
6.585672583,4.199880149,4.227017234,4.522463729,5.025722463,3.619451349,4.598558806,4.006642969,4.390423375,5.48754001,5.993502699,6.687027063,4.126525755,5.635422213,5.025521972,4.482640196,4.912928244,GSM508142,Non_response
11.5633598831325,7.9712699376973,8.87777849528628,11.9750249775702,9.55070688878533,7.66573151338359,10.484949995666,8.96417856243707,8.8210721151768,10.9120504911415,9.5095602314506,11.5297273145273,9.37939258429267,9.77484672880151,9.11332995836431,9.59443321199526,7.20641207905517,GSM158211,Response
8.858698468,6.464682439,7.255661951,10.89011175,9.395883558,7.35263908,9.35486751,8.051906064,9.362195911,10.08246493,10.02834832,11.20210217,8.860765601,8.506236805,7.879794987,7.683597285,9.313759821,GSM710831,Non_response
7.98323184,3.734013648,4.036494913,5.273625466,5.221429195,3.4184957,4.831084179,3.852567139,6.897955137,5.587213353,6.645267951,8.388430238,3.919576377,6.543036579,5.858900157,5.940681143,5.492240086,GSM750741,Non_response
11.02323,7.526957,8.680544,10.79239,9.354971,7.55581,10.49451,9.2358817274406,9.10271,11.10864,9.954259,11.04738,9.496732,10.29282,9.537042,9.068473,6.957857,GSM107986,Non_response
5.84312055899822,3.90478770762723,4.38822809042509,5.23363544002504,4.89307658707289,3.6585914659214,5.50754472825099,3.67194623736678,3.70598410861796,5.66584516180459,5.99193724671831,6.75849346093631,4.04426204805175,5.69974596979698,4.88376279577629,4.85848633424335,4.95819040222576,GSM1050583,Non_response
11.34043,6.932419,8.902249,11.53479,8.822246,7.619884,11.28362,9.40427655035878,10.44285,11.5528,9.175864,11.47385,9.730502,10.11874,10.01155,9.503537,6.785312,GSM139583,Non_response
5.05203135494426,4.81558581772977,2.90362148123998,8.52897364445377,6.31637107797481,4.3067319070271,3.2494910538472,5.90967566316442,5.05111622934431,5.54636535326826,7.02000731738477,6.635797539805,4.1204017418255,2.31569396816054,4.33888666998255,6.65974266000813,5.40742849680717,GSM1233048,Response
8.55798472394759,4.73490011894388,7.08779228826334,8.34084312396167,8.9572383368856,4.25519746914989,7.73400482966896,5.49966828297755,6.66194573098611,6.93444068355736,7.51934560952234,7.24714093552161,7.7797959063298,7.08169312723228,7.8021839278102,9.34012646860281,7.39852229513667,GSM2193361--26,Response
8.48949657249261,8.11241694103325,6.50167328268435,11.2628436837093,9.7006700905328,6.97575107673562,9.13713076724791,8.93191329974262,8.6104560808335,9.51015170351262,9.67517623029417,10.2640205019442,8.242756052919,6.70267355981806,8.73221148522226,8.55902089744259,8.92576558972991,GSM809246,Response
9.23764368045551,6.22874233219261,8.40955485984727,12.0462704628577,9.79287431577234,6.88628037414153,10.482003532224,7.95157953828368,8.5817280009391,9.71436694540876,10.6423167865594,9.69889676458695,9.47401824711684,8.90810219969147,10.1973327920462,8.24373725092787,9.57210849489337,GSM1519427,Non_response
7.068581345,4.03601273,4.623475942,7.259058575,5.196002646,3.301155196,4.688966728,3.815617532,5.350221333,5.777700102,6.60609264,6.791450252,3.838917429,5.657173202,5.969715131,5.397388734,5.250693735,GSM549232,Response
6.610019874,3.619970086,4.290424635,6.207561693,4.702299306,3.587439975,6.018718907,3.499003137,4.274765086,5.561719787,6.447205839,8.896485724,3.478424782,5.953483835,4.667543224,6.110256583,4.908153561,GSM590899,Non_response
7.6769058119265,3.72048117840037,5.00957080256374,5.07636678526329,4.97876451104633,3.5381433797608,5.64904812732565,3.51639669503438,4.47394723795673,4.96649085890065,6.044009672403,6.93895783457286,3.60478923898864,6.01085703774213,4.49038104500008,5.53562060739892,7.11702715388733,GSM1050588,Response
9.0603899650244,10.4623753709554,8.87212553264135,12.740767429865,10.7392172695482,6.92424218458114,9.22556325998447,8.41682423481259,9.96210357573673,9.99989405496115,11.5935209434775,14.1556574613241,10.6135851209958,7.86112616254651,9.39413835799012,9.65898917564365,9.86995557030687,GSM2811167,Response
5.61386926029897,4.96394915687474,3.63264791444974,9.24220644278214,5.22257064535682,2.45288894052845,2.81997381553553,5.626664291572,5.27171699334911,4.86713275410913,7.09333766651356,7.46786043744494,3.93431464527247,2.08982059236382,4.52684230827027,6.51827210717612,5.20941292666831,GSM1233095,Non_response
8.915980543,5.792928381,6.666985987,10.95379501,9.612840405,9.103926993,9.648364576,8.123022469,5.884341601,10.16727454,10.84986327,11.74918537,9.598083203,8.816477454,6.722344445,7.604287313,10.51001418,GSM710860,Non_response
9.8880112778099,7.0080828973036,8.30393454224451,12.7226402583294,9.9169638064999,8.07116562303648,10.1717551684375,8.27660593258893,8.50610873745238,10.8213877185392,10.9437440819041,11.0990566310199,9.6908304199844,9.48744874437159,10.8164164305484,8.59430288465785,9.41694969746086,GSM1875982,Non_response
6.127196475,3.792010434,4.068390069,3.493586166,5.143438327,3.078465747,6.972807334,3.754381148,4.057192899,5.597819807,5.157335489,6.543585092,3.816382486,5.677996233,4.446719366,4.850284758,5.395328432,GSM505339,Response
8.99560216675237,6.67005987191984,6.98093445454483,7.99294001802693,9.96076785415536,7.68975103106462,7.90773662057118,8.787330188658,10.9879439097091,9.27353135097138,10.0575920619108,9.55756261890701,8.40001989303706,7.01162422875126,9.08052203073866,8.24761802541168,7.97215654273918,GSM809216,Non_response
8.58452335948145,8.92875098231584,6.9571343693096,10.0640975782778,10.0258410016503,8.34143133899906,6.96038540155126,8.61730036997493,9.90944602462587,9.04901627343734,10.0259652482873,10.5468641933621,8.24473794556119,6.64959505740615,8.64134952950536,8.39587001636345,7.61271563844678,GSM809232,Response
10.76659,6.916435,8.182426,10.86801,8.899902,7.224447,8.409585,8.9622626678442,10.09224,10.57467,9.271797,11.45548,9.571847,9.631911,9.728384,9.622186,6.935503,GSM139588,Non_response
5.01861790843679,5.14064217307609,3.05236464587641,10.3029757318081,6.7687771222103,2.18306610373907,3.46420839848093,5.16627837853971,5.18570357018503,4.02325402088709,6.95472456222409,6.3824303840211,3.46855527168469,3.09012373065352,4.43855257222957,6.40011345542078,6.10560989819098,GSM1233059,Response
8.60114637857705,6.35411064923437,5.38391243922234,10.3457603170535,8.52648260706573,7.09218435965303,7.21367809910539,7.3875713083596,8.38231530904484,10.0074655204406,7.91225100493008,8.4612787001112,7.5371796825107,7.03474908186604,8.08420596545089,8.20286276944827,7.63009527755624,GSM4171573,Response
6.50888419325208,3.53808816294455,4.50979218649414,5.24416169683806,5.00278509945307,3.33650436662759,6.3189372951091,3.39629108932062,5.04250871520709,5.37258165466347,5.80059079449683,7.37429125647274,3.64808548097227,4.6936528021155,4.64865389064347,4.32363183027595,6.1627689758178,GSM1050629,Non_response
6.00578993,3.524259893,3.960839691,6.32047868,4.765776903,3.683884313,4.332721406,3.922244987,4.466109851,6.132986359,5.846311502,7.58409342,3.974192576,5.85357055,5.826404546,4.871776251,5.117588781,GSM505407,Non_response
6.146878089,3.416716372,3.632930131,4.90315781,4.929480811,3.175693326,4.64025807,4.025930502,4.408993847,5.93158124,5.344464371,6.372571276,3.851692501,5.384875993,4.235485795,5.160718199,5.542635319,GSM505486,Non_response
7.714851808,6.976100732,7.390478888,8.667689976,7.194064242,7.135782319,8.064067134,7.003068664,8.013257947,6.916534223,6.960616307,8.495023191,7.598910627,14.25164043,8.271649532,8.437247061,6.806130765,GSM2804870,Non_response
6.310627641,4.222864981,4.278934202,5.130578846,5.0894101,3.362527162,3.526039901,3.540186101,5.008141812,5.261459914,5.938644127,7.78581033,4.045047487,4.92101764,6.36732481,4.886280739,5.663636774,GSM505413,Non_response
9.6222576782774,6.4541482077648,7.99863304238197,10.8544808542036,9.6372704586015,6.76724847551776,10.4916694787348,7.64732772944471,8.12731419063084,9.80051466924063,9.80753484100683,11.1571343237764,9.48153788909185,8.85879284134076,11.6998652666651,8.39759609227329,8.97319593287213,GSM1519428,Response
6.30478944302431,4.830805757548,3.35798225979243,8.8991033006501,6.77044503009326,1.9984394420509,4.00440497753593,5.5106112290898,6.77637053329504,5.44263786705791,6.42344153055441,7.58984332212855,4.42871839006529,2.75428317906165,5.28437722499544,6.35491459696901,4.55903724862391,GSM1233044,Non_response
10.4243574941438,5.68332833023985,6.97360476161553,9.52806596354517,9.3567559717602,6.09820920613293,10.2222434187806,7.38486311438225,9.25767959536277,9.70397424893398,9.33313233403835,8.58585781325239,8.57932046082079,7.76873472253298,8.91465203708439,8.18982554872541,8.07087807848528,GSM1619429,Non_response
8.509790014,7.123126084,7.132675079,8.734038738,8.306628283,6.861773397,7.307614345,6.913154751,8.863148428,7.105639475,10.4133365,9.706448873,7.467545059,10.22788564,8.780409033,8.299507396,8.511914546,GSM2804977,Non_response
9.56493804300542,6.80454730277711,8.06445749097766,11.4775095266115,9.99258834468035,7.39811495500751,10.5509218500302,8.05320482759361,8.60585940695326,10.2265893487238,10.2640384299602,10.6987204855559,9.13536146059383,9.13850288011017,8.34252663168402,8.01079231320996,9.95185934764615,GSM1876002,Non_response
11.30927,6.890885,8.4233,12.22,8.971562,7.009398,9.700922,9.91689764355738,9.539977,11.46612,8.780809,11.44613,10.18341,10.60669,11.48794,8.870469,7.429477,GSM139638,Response
11.04187,6.967938,8.536239,10.75039,8.544811,7.95735,11.59135,9.81552788480214,8.128637,11.6157,7.94536,9.952994,10.26565,9.842659,8.388795,9.724036,7.080463,GSM139622,Response
8.68667705466382,6.50302055729393,6.01960951093097,11.3428953091555,9.09617612268979,6.22067986422801,9.3249121124131,6.86094793646498,6.29844677332011,9.70935584065548,10.0825199332685,9.85800742648829,8.58778069861799,6.44511771881595,9.86009923038059,7.47767720866527,10.590244279907,GSM1875932,Response
8.16210938461396,7.6046875075456,7.23214106954426,10.1532839583682,9.68366468219101,7.18087585066847,7.36330246445638,8.55618935526147,9.72141420300114,8.97161158330086,9.2328725250071,9.71690398136654,8.069207411268,7.24299188521804,8.19970075944238,8.37945593619298,8.34089919037,GSM809186,Non_response
10.67666,7.639668,9.247007,10.23351,9.166987,7.228986,10.57176,8.58601534666077,8.175622,11.09333,9.670785,10.22701,8.863567,10.26367,8.772895,8.412128,7.020821,GSM139576,Non_response
8.25115569,7.231117355,7.336090838,7.999167273,7.506194388,7.220172114,7.216334887,7.313912828,8.477319484,7.267462974,8.031310507,9.046700161,7.869005432,14.17515991,7.451838504,8.326769744,8.122987945,GSM2804851,Response
8.77258830388636,5.02919091558025,5.68998196277087,9.67187226401212,8.48309192131866,6.46078591183833,6.44134981092615,4.974696724283,5.55577094875352,7.05064986453195,7.4137292530461,6.40553658425125,4.86357560620662,7.58177531290571,5.00740143466633,8.97773545815975,6.59496936380454,GSM2193353--7,Non_response
9.27257447595736,7.91240075148108,6.70324362429029,9.30786934265634,10.0374832702202,7.7064745220414,7.64060145843223,8.93256970812651,10.2519379075777,9.39264980673194,9.85713635772217,10.5842947983793,8.06194839799702,6.81887084474227,9.39996106902278,8.50185556557249,9.13804796176762,GSM809295,Response
5.80885077907573,4.22932352233031,3.32647253385408,9.70947758489383,6.55119649848761,2.48319529515066,2.69735585489228,7.4371108931588,7.17766347833581,4.81891584641928,6.11321036934559,7.65672794812266,4.03729561504197,2.60513196655286,5.55650893474117,6.76186670932486,5.21569303528132,GSM1233136,Non_response
10.5004651650427,6.90824385138885,7.70029331986945,10.4973115129243,9.67988955103615,7.86522441904604,7.87943197829092,8.55645436382535,9.9505293644274,8.69527030364327,9.45977891517464,9.72568978693402,8.44323410699562,6.91130914434078,8.80279784398724,8.83674379919242,8.2262323335794,GSM809225,Response
4.52125692808701,7.44845300360753,7.01411720386547,10.1336814763694,9.22771267768884,6.21447451700703,5.30501891967589,6.62686104643468,6.98031611745482,8.01105048047088,9.89059295612027,6.51359007642501,6.98330545627349,3.67225480065974,9.39254187724853,7.88637623031014,4.69885713434742,GSM1525243--77,Non_response
8.97409254590879,6.5101454020157,6.66657885549631,11.3128525330994,9.38669280545307,6.84735100812581,8.97958528644079,7.21431121248432,6.12864390154131,8.86613477364706,8.91484200644466,10.0248388583845,8.66137264413359,7.26523706345031,10.2871871828064,7.57372257977676,9.3869583734025,GSM1875935,Non_response
6.330371783,3.79128569,4.186629263,4.445720105,5.278021186,3.262371315,3.80541617,3.748539465,4.008154261,5.337293066,5.584648599,6.233414616,4.073584981,5.349720505,4.846558633,4.702855287,5.680178793,GSM508097,Non_response
4.07069247941408,7.51905264611737,6.93445663781359,8.24694172077886,8.38626698366108,5.33266848622512,4.99042369440586,6.50692991220374,6.63966792891566,7.49869200873216,9.07806279431897,6.79601339405848,6.76152482925569,3.85554311472079,8.66454583032361,8.09123734986244,4.85814386077119,GSM1525240--50,Non_response
8.75712485580781,6.85275355926639,6.89192173494216,9.79553454860632,8.79370989676447,6.70362407151926,9.0805134193644,7.59956133273093,7.45572000856884,9.44349745093544,8.38644420816845,8.57364907042533,7.78373587088414,7.40954550271382,7.47796341020309,8.43657195952543,7.90427561700169,GSM4171583,Non_response
6.218208407,3.956958654,4.224701714,7.513861709,5.002620846,3.564782161,5.12797335,3.912330844,3.986044873,4.730707113,5.976338946,7.574228614,4.460335754,6.062327892,4.961805312,4.301874566,5.588309507,GSM590849,Non_response
6.754939834,3.932852391,4.031608885,5.47735283,5.154858961,3.337522884,4.871749633,3.823758815,4.027876249,5.822466535,6.767613179,7.552100109,3.996843168,5.845510317,6.201143391,4.490600422,7.789409577,GSM505540,Response
6.660565966,4.213594716,4.290737556,4.473615172,5.450945808,3.509369429,4.022657647,3.586915277,5.003744485,6.01391009,6.607757207,8.124788354,3.985536564,5.131702301,5.775510957,5.104676807,5.532148822,GSM750750,Non_response
5.961979513,3.597405775,4.00178535,6.42958978,5.112872072,3.368482831,4.618164734,3.971374093,4.066672123,5.223855493,5.889291157,6.993418368,4.029201032,6.034050119,4.658702018,5.237716966,5.661827062,GSM505340,Non_response
11.19698,6.422356,8.904781,11.10381,8.777519,7.075529,10.63559,8.49424022251583,8.22062,10.63264,10.52672,9.508487,8.383899,10.90754,11.98386,9.735397,7.459208,GSM139578,Response
8.332416002,7.283647542,7.258731951,7.151504313,7.617444399,6.787316177,8.953072448,7.734291405,9.636171635,9.680201901,7.40310332,7.532228757,7.523889314,14.65418595,6.629268867,10.06600959,6.707286391,GSM2805036,Response
6.34898009302152,4.21474705506763,3.76244210026775,10.2119966555187,6.82952282440977,4.60005750747206,4.22901323060013,5.5106112290898,5.97420155364976,4.62168821663602,7.4816539001339,7.17512971305476,5.08629940178052,2.33623701601094,4.68519135779819,6.7027839353243,4.36192225142829,GSM1233120,Non_response
11.6088751830777,7.23658828312172,8.94074688628738,11.6807333036457,8.88519563208948,7.63679946210319,11.3147416883853,9.42895591701025,10.5818302585757,11.7029156814795,9.35225807111934,11.6391696535805,9.86389269691474,10.2974167305198,10.1421666628604,9.45142092223635,6.88311646896309,GSM158233,Non_response
6.736334399,3.765231722,4.259499448,7.316950664,4.960965346,3.610736338,4.630352163,3.875522396,6.665755721,6.014464614,5.587942158,6.457919362,4.088084797,5.627564543,5.000607352,5.098305526,4.845358616,GSM508086,Non_response
5.45295939500458,3.87566136813695,2.90027621718123,10.1467108497121,5.74163188700147,1.87724415762964,4.18494462736006,5.41190344094261,6.99258652474873,5.13718378325882,5.66976166463015,7.85851386994297,3.66174747160046,1.99593253130614,4.74974722381278,6.57382409022185,5.14387320882599,GSM1233109,Non_response
10.0382468949157,6.12648680382132,8.02995694852346,11.9604379973403,9.29640114614604,8.3983006744882,9.77312257149602,8.09454649827992,8.82020165816533,9.99930421584902,10.3215542093405,11.3289778084801,10.1869686736285,9.14658042211484,9.90131420323287,8.23091236124917,9.42582889598793,GSM1875999,Response
7.667264136,7.307057923,7.467991271,6.389122411,7.994205889,6.860686702,6.758358647,7.396778165,8.463877827,6.881263391,8.194518864,7.819799149,8.097530779,14.03956399,6.84011078,8.976328933,7.623810679,GSM2804987,Non_response
9.25801757859951,11.040558366183,9.28123917269048,13.5591349142031,11.1184656290393,6.51545680510048,9.7344626351449,8.1367449807239,8.57171481139268,10.0075846520298,12.7957762764649,12.5874579978953,10.3618017522499,7.82734836867383,9.81977267959837,9.55096802435298,9.83897406098954,GSM2811153,Non_response
9.07171204522765,6.35317529344475,5.8120055772687,11.1449802898588,8.49995315607523,6.78401629778488,8.08215252177352,7.64562714276854,8.29868124388535,9.94063111131641,8.34586205140231,8.81075894664256,7.87102194071979,7.06881726815485,8.82700891705803,8.79128519846667,8.31399594825684,GSM4171571,Response
9.60555052441133,6.59700723344372,8.77508851716896,12.5977550740736,10.3167471223478,8.07665210197773,10.4951758112865,8.15615919855004,8.40687731399743,10.5896448698793,10.3248426776346,11.2534118189821,9.53293664252259,9.1091150221339,8.12056196801102,9.01964046110169,10.7158345130235,GSM1875978,Non_response
6.006718234,3.218030813,4.026110116,5.930715564,4.907516933,3.584723954,4.751838435,4.752602419,4.140596091,5.618589022,5.029827191,6.283195575,3.926177768,5.562237517,4.73012646,5.337685865,5.098341522,GSM505485,Non_response
4.21172277204556,6.98630295715163,6.51302218850463,10.7895965052817,9.36689915604021,5.01121758883463,5.05549807884583,6.80694894073875,7.67908956346204,8.02421529712512,9.67126067845787,6.7773619375291,6.91878239133109,3.60252150158011,7.3831405110988,7.83391384397082,4.92096811532463,GSM1525242--56,Response
11.02728,6.134926,8.797187,8.42332,9.449054,7.445009,11.47239,9.57187404825704,9.270203,11.51363,9.712439,11.1036,9.946669,10.58278,9.775324,9.0708,7.168752,GSM139596,Non_response
11.54048,7.602634,9.469989,11.28312,8.721267,7.201281,11.99625,8.82295601922412,8.54018,10.76773,9.484544,10.81792,9.180487,9.371692,10.19679,9.746859,7.936875,GSM139612,Non_response
6.231701727,3.644797418,3.765543451,3.359400076,5.230202799,3.235697268,4.670934401,4.10318128,3.917070363,6.303751939,5.73397472,6.367094908,3.795902735,5.68355308,4.421228187,5.163471142,5.444752792,GSM505330,Non_response
9.67326702017001,6.68130089114707,7.80485929726262,11.8626479606408,9.66985394778524,7.78680940681958,10.4756618791177,8.45365960718517,8.7680913736404,9.99603964690339,10.1038717960652,10.4877654258013,9.68491139105056,8.90035867761619,11.6210959385861,8.50760301809652,9.04517522266787,GSM1519426,Non_response
8.245339858,3.79510862,5.550670554,8.334280522,4.791728028,3.819670179,6.741930451,4.277969459,4.804181076,6.333928668,5.733329643,6.934865564,3.880911931,7.351181065,8.183419561,6.45469402,6.51980771,GSM508116,Response
6.035133949,3.810922503,4.185142458,5.180172235,5.051434386,3.337106945,5.492823179,3.88274941,4.330405891,5.475507525,5.905823968,7.266678727,3.71315726,6.406293324,5.121706081,5.210601811,4.805689166,GSM505399,Non_response
6.996943648,4.13812873,3.628151942,5.273850072,4.967094146,3.550762116,4.036570898,3.880952487,4.752207321,6.054417474,5.955592001,9.373680937,4.218463056,5.856221778,5.556047753,5.235571918,5.23474054,GSM508013,Non_response
7.052188123,3.726378866,4.553804204,3.755713325,5.221429195,3.40976903,5.499008813,4.020466454,5.416357018,6.393458545,6.726098643,7.286674562,3.814420877,7.394903389,4.621168554,5.300170257,6.151886278,GSM549247,Non_response
11.24247,8.305839,8.776223,10.15044,8.686191,7.182919,9.965088,8.90743440630237,8.481694,10.82101,9.357179,11.29382,8.986651,9.784428,8.923228,9.16384,7.372953,GSM139550,Response
9.51064845612922,6.99880145461094,7.39104296365268,10.9846564114976,9.93388667663692,6.45434684961954,10.4938101657941,7.310323181503,6.58696433072797,9.83982901179129,9.4351798673026,11.6939859509276,9.2842407375167,8.54489217318733,10.2652715175278,7.67260767989977,9.65976334255215,GSM1875930,Non_response
5.907410174,3.776851074,4.483118011,5.166620502,5.004027851,3.54901595,5.767394557,3.807075523,4.052368259,5.568945254,6.364827732,7.444852274,3.880516439,5.815134679,4.527791714,5.392442729,4.956334316,GSM505373,Response
6.719245293,3.784019238,4.035904487,3.583743235,5.630529235,3.374776501,3.712080167,3.599028996,4.319662387,5.206275895,5.660228184,8.101543595,3.983131459,5.00512769,4.32564839,5.019267885,5.609374583,GSM505338,Non_response
10.07391054,7.395282943,8.096240523,12.44418839,9.638152561,7.830087382,10.21133584,7.550354569,6.696927812,10.52346814,9.664069225,10.49782535,10.04465573,9.207369081,10.08577037,8.246778163,9.159904264,GSM496027,Response
8.123974869,7.595848351,7.327722136,7.146751592,7.392555571,7.312660226,7.062374728,6.921726692,8.25609277,7.118114311,8.418674656,8.375844986,7.663123806,10.88167764,8.174469556,8.397231831,7.857310265,GSM2804966,Non_response
7.351494721,3.542281244,4.25861952,6.398322316,4.71862685,3.582034868,4.488233671,4.065099629,4.907790611,6.710607247,5.404458987,6.972776051,4.096335425,5.690177289,5.956971861,5.887273773,5.49678672,GSM508124,Non_response
7.682038513,7.901691165,7.841261809,7.029359117,6.940418508,6.915575799,7.137496188,7.719938445,8.796058322,7.433657527,8.24119452,7.552604578,8.087487581,14.15256421,7.694022341,8.880097339,7.073234225,GSM2804958,Response
7.234010456,3.794507536,4.371853859,4.666138046,4.987476493,3.498721457,6.161231095,4.002105549,4.658633341,5.465682025,6.235196882,8.269913872,3.609436263,6.637315948,5.037689914,5.11443988,6.457408524,GSM505513,Non_response
7.92690275655491,9.90218491503183,6.92117281693369,9.84180978727267,10.3457838385317,7.58570802145566,6.92911178347227,8.06742581112155,9.39064845064887,8.75525108867996,9.79460557905542,10.2300015116464,7.64726173545404,6.51590469175201,8.39875055644304,8.42970828347302,7.90086649646341,GSM809226,Response
9.52837646531033,6.65141007827763,7.95463510133405,11.4808082831491,9.63772286148191,7.48652542058443,9.98230402085058,8.14699392948959,8.24551840434795,9.79508923599361,10.4355417394579,11.1249762615411,9.56084554198796,9.39409457512397,8.36014282983495,8.38746968479925,9.78662589069665,GSM1875956,Response
8.75698920629019,7.28127529475002,6.20268283901466,10.1016298715552,8.48782702279606,7.49638316648025,8.05032228894756,7.31072607807078,7.08279202854597,9.91209997952701,8.58229216217908,8.5895298992538,7.73774952261315,7.34467189157529,6.04024745611203,9.17142288674808,8.02960405291354,GSM4171539,Response
5.961279045,3.683464221,3.678323336,6.113060321,4.906952147,3.444544191,4.88435458,3.727530521,4.102871983,5.930046504,6.111984428,6.668544229,3.785149396,5.112350251,4.701329147,5.46624288,5.294761779,GSM505393,Non_response
6.692189365,3.824946714,4.056210689,5.51216918,5.252416865,3.254269089,5.076364983,3.799802628,4.517412302,5.367556171,5.818992575,7.413789391,3.786295552,5.396505726,5.007597885,5.030413054,5.13496872,GSM505559,Response
6.51603492,4.092278989,4.0464127,6.369872517,5.184210186,3.501283357,3.623436729,3.976740884,4.627029332,5.652603674,6.122775418,7.729154605,3.861244668,5.406757554,4.956295914,5.315995534,4.96111698,GSM505581,Non_response
6.469960922,4.147510617,4.108559688,4.685376539,5.386180594,3.565150679,3.905213974,3.566229516,3.946908027,4.888360754,5.887807436,7.015562945,4.422049726,5.028089704,4.467104032,4.250282806,4.481893128,GSM590840,Non_response
6.17833754847189,4.97329636600616,2.8104947902838,9.29228340758824,6.99894257811547,3.31707498446701,3.20590143552454,7.17818843077548,6.92586620396705,5.40385541032929,7.07012743514245,8.98004752249923,4.4563608169945,2.58678321054636,4.49683480673252,6.59105056359782,4.79816001959367,GSM1233138,Non_response
4.30423728484186,7.15528628419138,6.90616324706094,10.55679384309,8.53229163145157,5.38162704801955,5.50257682006058,6.33500835499425,6.66116919293454,8.33275600646223,10.3425195367298,7.24852484992449,6.7533445133268,3.63921682983615,7.50006999475618,7.99468869139432,4.58518919594252,GSM1525254--261,Response
6.0412993,3.853350848,3.98693107,4.485749272,5.373268803,3.339087191,4.049256797,3.77270925,4.002535077,5.430947733,5.786031774,7.68066686,4.550308031,5.697765025,4.578615492,4.281142129,6.724681945,GSM505510,Non_response
8.220652705,7.060582024,7.294272861,10.71096854,7.966852217,6.755416495,7.858982657,7.082903335,9.071456933,7.273252726,9.096108992,10.49332801,7.613112293,11.8822128,7.500526408,8.302164601,9.13971689,GSM2804886,Non_response
8.5945165338019,10.5280491934842,8.6625682511284,9.07150883587235,10.1131875710494,6.14199681624696,9.96149943721096,8.6641856439469,10.7104153551498,10.7560779203411,12.3588307559239,10.7851647281557,9.89977787832888,8.57440108821007,10.4624386590146,9.08696626008738,9.85989695192339,GSM7040762--RNA06,Response
9.13572551227504,7.87718956088238,8.26038685547017,11.0961392077493,10.5251865236271,6.32654321811988,10.3809266347589,8.5446949484452,9.14843739986055,10.7615835890378,11.8216248792102,8.14219487317905,9.70851380960311,7.96268116529731,9.42481855527824,9.47972715782592,9.90533111384267,GSM2811141,Non_response
10.23514682,7.221206071,8.45440755,11.70027797,10.26280831,7.426166331,10.44413739,8.039407366,7.327428747,10.48932042,10.73813213,11.37721666,9.824055216,9.101339467,11.67322048,9.086478108,9.073659207,GSM496029,Non_response
8.02628747,3.549907169,4.759003363,6.106765635,4.746073465,3.395790421,6.397396059,3.752222745,4.664977342,4.759003363,5.760251165,6.691018478,3.539985493,5.796048017,4.858572555,5.093208819,6.724948579,GSM590896,Response
5.57809045591007,3.95966180014688,3.66652914975946,7.6875420979388,7.1880471255275,1.92915402933138,4.17073750338032,6.15046373532021,5.63253597498614,5.62178030789789,6.58279300372463,6.3100630245336,3.90246632650395,2.06452228851486,4.4704082846326,6.59193014173216,4.86911004047679,GSM1233085,Response
8.270595663,7.180165416,7.864238162,8.33373281,8.300530431,6.981406367,8.175158627,7.252933608,8.851165702,7.469726049,9.413109131,10.36630216,7.727024593,13.20697596,7.040189173,8.583612726,9.205973516,GSM2804866,Non_response
8.2552912,7.662595075,7.716109771,8.63145125,7.003201436,7.275279302,7.373138907,7.119125167,8.39753906,7.357308628,7.61647876,8.890762044,8.023982525,13.99728677,7.562515932,8.774449106,6.85115161,GSM2804882,Response
10.95631,7.124842,9.010735,10.69461,9.728077,8.06525,11.11861,8.94877761477134,8.053658,9.95745,9.940087,9.632069,9.146343,10.19814,7.392932,9.732166,7.385214,GSM139586,Non_response
5.63891077477916,3.9411269750528,3.79760943896954,5.66512277270171,4.86583593144717,3.53377286022633,5.60421612259012,3.65818490061287,4.05235083692225,5.31900654454941,6.28093756904952,7.33900333376835,3.62751288594272,5.59675173885678,4.75755913760465,4.90383190638213,5.59675702532644,GSM1050599,Non_response
4.49116564818234,6.84903443660527,6.81727056335927,10.9818906021857,8.97797381840354,4.61055886190666,5.17662606909595,6.35419541715861,6.63599037301957,7.71078946122147,9.74666024797441,6.79278039552447,6.86934215198129,3.67557065460208,9.58782266493815,8.19103225704689,4.73932143443112,GSM1525233--238,Non_response
8.24183496535627,6.39548135023335,5.82976319700407,9.82007620147857,8.8302965358831,6.64885520150331,7.86841120576896,8.62733120785426,8.64865510559224,10.4721369009669,9.1398662572375,9.14147227707998,8.02054602543524,6.90892657874521,10.022650389974,8.65865737811592,9.31235059196163,GSM809290,Non_response
8.611487255,7.645227983,7.936857135,7.129691164,6.918465028,6.611359545,7.114345713,7.670328596,10.17284993,8.446882312,6.958678649,9.691047955,7.351131407,15.42563245,6.599278425,10.66266844,6.573743219,GSM2804973,Response
6.608546642,3.94442347,4.218346084,3.355821146,5.033858339,3.94045936,5.536353206,3.834850662,3.749909084,6.466297964,6.042273911,7.083369484,4.134886407,6.629893868,5.190489949,4.92875134,5.029780164,GSM508028,Non_response
8.51023019163483,8.88758758607755,7.65852834107105,11.3022358552657,11.0447399466527,6.29683284427345,9.42175800866834,8.0008623480341,9.59405237477871,9.52462862675563,12.0864755007966,8.47822366668633,9.63059520224135,7.13588569302652,9.164786224646,9.18462156215901,10.5375199897212,GSM2811139,Non_response
7.68020916655334,6.04592978225067,7.09375340446935,10.6938173760106,9.72650913194436,7.10253877792576,6.56176468942953,8.02855403790021,8.51636459852979,10.1857965569306,7.71285522259601,7.05045058794984,7.8474150266885,6.9576589799326,8.51250366626357,8.45063568331885,7.63412673215637,GSM809197,Non_response
9.824866695,6.157322813,8.313687854,11.39468488,9.403962254,7.37507669,10.66715013,7.394733724,5.745454297,9.827973942,9.275150647,12.25062079,10.12689993,7.98152264,9.323154269,8.812705527,9.15583532,GSM710863,Non_response
6.2948290655142,4.51457337772712,2.93792799105451,8.33617718832569,7.0011198048454,2.10213939217514,3.66491500942545,6.8350333331742,6.12419759474209,5.56668411105968,6.85043930452674,8.85940542820302,3.29982673386396,3.4862901756438,4.82791448677292,6.22993017856157,3.92107612822038,GSM1233016,Response
8.213742331,6.794571295,8.594659798,11.39824827,8.732781068,6.721354212,8.909749309,7.384042346,8.487459103,8.526399817,8.718846048,11.18723635,8.157418147,10.8393854,9.749170039,8.9246842,10.07328896,GSM2804856,Non_response
9.44302420002217,7.97575964092023,9.2677683867907,11.1015445591058,10.724667527416,6.19573745138064,10.0056181735032,8.17571670374334,9.32607727163101,10.1131558606686,11.5402311494578,11.9393140343766,9.68924943411599,8.33968456562466,9.49888349602077,8.70651786654282,9.31592682972227,GSM2811128,Non_response
11.9607392584671,8.48603795247026,9.36979492255682,11.4813671683578,8.88814415019947,8.11241808393168,10.9052275555745,9.42155544177413,9.33045146109195,10.8473755271594,9.8127232546187,12.1405049927809,9.86040127471793,10.7104646236448,9.55371542302283,9.72120615283527,8.70017748221816,GSM158267,Response
9.19317152490057,5.887127926092,7.59918687386944,11.9194749608215,9.57636208748502,6.98091395126697,10.6838068135106,7.70851191083432,6.62541349678625,10.3460379681489,10.5640670352464,11.235359964725,8.25767750651939,8.47331625801237,11.442535897991,9.02750918358485,10.1407953872873,GSM1519418,Response
8.029833056,7.112192507,7.015815885,9.358471647,7.620215866,6.828067843,7.371901218,7.121931224,8.634978968,6.920479881,8.835714343,10.17891313,7.974715952,12.34966822,8.620058592,7.91221097,8.050938503,GSM2804928,Response
9.15290489934436,7.89192348666722,8.27609929061341,11.1149440475888,10.5438724417133,6.33285541539616,10.399490653168,8.56113712785095,9.16555013265352,10.7802743508994,11.8397742757343,8.1576067572613,9.72620896747636,7.97783443152276,9.44239043942552,9.49731943789866,9.92338700177159,GSM7040776--RNA21,Non_response
9.62874446892964,7.41915870291236,6.2488962870713,11.4906213073039,9.1756956809694,7.74703837033731,8.90770074164033,8.04990782161934,8.82883753112195,10.8695652141487,9.84885251775483,9.738033912469,8.59657592934304,8.33130208880211,9.71488569349536,8.2708160925513,9.93300000724841,GSM1619444,Non_response
5.79316616062816,5.00126648893595,3.31625276996824,8.26588780667911,6.79912334762417,2.48400054947127,3.89087149978739,5.87514594702192,6.37951062219375,4.81486369745707,6.60509175855049,7.8683288870426,4.28161829591761,2.67702793224278,4.68275752838465,6.42872690319539,4.05801980502761,GSM1233042,Non_response
6.391534946,3.739795417,3.964888175,6.922231216,4.935353982,3.703247928,5.866357414,4.080437283,4.307703222,6.697460397,6.036483128,6.846168752,3.672049504,5.446371656,5.572851457,5.987169567,5.304469311,GSM505388,Non_response
6.16422301379153,4.90941693532029,3.07783339147651,6.21233077072094,7.059205987618,2.17693692993835,3.00079881640954,6.26298380336359,6.13939545715025,5.71934961297662,7.4763388409865,8.57378728351015,5.1359402491906,2.5399644695834,4.7008149746416,6.61943333699948,4.43968676833195,GSM1233126,Non_response
5.60950196475406,4.59874184469799,3.31411468320727,7.66253158421974,5.53578880023233,2.29644081262473,2.81878647312894,7.21191288378843,7.74845690180428,5.39794640054544,5.62976768322578,7.35740494164783,4.06285793558178,2.45402628220813,5.01673146401985,6.54159665752189,5.09813765355286,GSM1233135,Non_response
9.713888908,8.003449724,6.256728584,11.26790391,9.572362237,7.317648343,8.457590239,7.049460449,8.168273924,9.302895164,10.00566473,9.48368684,9.281914246,8.20860931,12.85248901,7.882638777,8.743381176,GSM496037.2,Non_response
9.45476692056613,6.24581762292296,6.34729490003084,9.17630599322724,7.79888128708192,7.66236546109033,9.9567360004854,7.63745964327754,7.76438946882015,10.3074698898252,7.66168498792845,8.18726392092515,7.9421206470323,6.73477482487916,7.4789657494636,8.76399839990535,6.93766637784222,GSM4171500,Response
10.9285277561226,7.80448120401811,9.22538969615711,10.395325230273,9.30155380275859,7.35845791183996,10.7246802395695,8.79698116572277,8.50513229530395,11.2831064536649,9.82116318245507,10.3969341719118,8.92197325843888,10.3103159875438,8.91137443478031,8.48173023383075,7.01655176144478,GSM158226,Non_response
9.526140198,7.462260552,8.214648207,11.16061934,9.428441197,7.103736952,10.92872159,7.174290393,7.280428085,10.50679201,10.42035021,11.75078783,10.20850418,9.640937724,9.926141872,8.441185649,9.568102529,GSM496032.2,Non_response
9.56237734330426,6.24742366835228,8.41138893662842,11.5303329157864,9.96064539908536,7.73976119781377,9.95708784253426,8.05905666894753,8.79362327819353,9.93401096606524,10.1070088230255,11.4048976653816,9.41145901067156,8.61191377221273,8.12200245338018,7.91661794365135,8.74867743988873,GSM1519429,Response
7.0265123457578,5.79852446735532,6.55667626607748,11.2637317815006,8.4812059276841,6.87415070316136,6.54711114035059,7.53962322126472,6.4132789388831,10.8132243262076,7.39503776202057,6.79047552690671,7.77950190382206,6.88240267927345,6.87204546680256,9.04426957901089,7.6468583008548,GSM4171507,Non_response
7.06730272591546,3.93559263616712,2.75026797005358,7.75880675425732,7.2526049726099,1.89467226037092,4.57041223997035,5.76000069447808,7.08554006131495,5.21095881651725,6.82961604570722,8.07375633255724,4.37490849451262,2.83242496374131,5.19496876225028,6.21281295985799,6.63954970882791,GSM1233127,Non_response
5.67899904,3.900381269,4.267387514,4.743111296,5.379978791,3.423200569,5.232088889,3.763917691,4.136054744,5.0625764,6.031876733,7.161326296,3.772168612,5.92884218,4.625625422,4.310086745,4.933773607,GSM590845,Response
6.728236582,3.917624281,4.154744943,3.851558041,5.054631113,3.568621089,4.606770886,3.757575338,3.680643558,5.127379918,6.691407475,10.28157502,4.302096144,5.995572719,5.430968049,5.023146256,5.179707887,GSM508090,Non_response
11.14788,8.487184,9.020402,10.79393,9.090934,7.169424,11.40022,8.87163505022746,8.526554,10.5127,10.85845,10.28317,8.808904,10.05022,9.785077,9.537178,8.015096,GSM139608,Response
6.27443358527032,3.80981075479455,4.40118354777657,5.91393851664245,4.90304974506615,3.57732017299989,5.88489931929896,3.71986161074202,3.946853138696,5.68637045457027,5.69822292234819,7.78880856567334,3.87668746034366,5.93305063156319,5.84449781089258,5.04319357740619,5.21173743906845,GSM1050584,Response
9.495071591,7.25267434,8.136406026,11.59423595,9.814506157,6.868429859,10.75731779,7.31326169,7.846134494,9.834923724,10.05633946,8.742630281,9.922272866,8.93845599,10.99491286,8.029837248,9.177344033,GSM496016.2,Non_response
6.711471901,4.010173659,4.062951597,4.233522032,5.355535394,3.466232472,6.00626251,3.769308627,4.070252493,5.424419436,6.222389978,8.897326264,4.02840233,5.591463155,5.230924948,4.254994988,5.270985359,GSM505571,Non_response
9.35068674165698,6.85536020715951,7.99432606675788,10.7086729525466,9.36918589254378,6.98281023856869,10.5055745709983,7.06426583390833,5.47917347837358,9.65468729170518,10.1009762361467,11.5043999771383,7.85902406650421,8.08041574411177,8.05593838748136,8.14734598149056,8.51804138240385,GSM1519435,Non_response
7.653403625,7.484629512,7.484629512,7.264611946,7.540118719,7.173676473,6.959158173,7.187404259,8.711183726,6.993474097,8.1966395,8.166532416,7.989971983,12.30448276,7.442883444,8.790766987,8.031476152,GSM2804988,Response
10.0990026080027,6.82943917979305,6.10836886448801,9.67177564546493,9.1926095648079,7.8058082485383,9.69034856029074,8.0010496037766,8.98565275714308,10.5141311650385,9.10090281688525,9.10705640149009,7.7414621269376,8.48756184809703,8.67899255808559,8.94628241379221,9.56221374388971,GSM1619456,Response
8.90467969920257,6.57205757913812,6.69023860084228,10.5349479061628,10.025771153487,7.51157864509568,5.59740205309084,8.59008577039498,10.5069542679084,9.79244436520014,9.28272328798701,10.547378521993,8.92141431060166,6.43972144986973,8.99680405176364,8.11388544115153,8.85018219330219,GSM809281,Non_response
6.21104375676829,4.16208833302077,2.76162574359792,10.132396531397,6.68043617755796,1.96465289551294,3.11956159498548,7.00451519005936,7.06950795145386,6.4606337767627,6.16109996789271,6.81932082802492,3.798301395473,2.10864684315088,5.09290356723615,6.58664387252704,5.10810620482354,GSM1233130,Non_response
9.14573309053541,9.25260191334373,6.74234848467569,9.9312496237588,10.4765284481589,7.79198765670505,7.56061965900647,8.38688474858059,10.4384162429533,9.24490152212774,10.5391779246473,10.8873721237898,8.65000222415743,6.68862326158063,8.90196115042606,8.12451603652381,8.36013358408352,GSM809266,Response
5.05938123814285,4.44123789083489,3.76219417367616,6.35085895445244,7.059603923498,3.69129765755082,5.27390751127333,7.77227240094409,6.96876353630852,4.28522828906489,5.43995486130091,6.25211991174611,4.2639898584089,3.75243445770081,4.36397358575188,6.46431043049078,5.8898111177376,GSM1233057,Non_response
9.06442111243967,5.68321882695937,7.60218975182656,7.94924353883889,9.79417945376426,7.5549632617333,5.73582604528455,9.20538867402293,9.39691305503297,9.32132383040539,8.56224388418136,10.1931965633157,8.72244560007245,6.92414501329449,8.43509571832652,8.31433212065392,8.65308207941495,GSM809214,Non_response
9.46056119528019,7.9909758112369,9.28510070922157,11.1203595779472,10.7434003005633,6.20045841051688,10.0238413632537,8.19114476561887,9.34351444944346,10.1316308293363,11.5588964006084,11.9573021115302,9.70685947376825,8.35562765035578,9.51651764225744,8.72337103873789,9.33332119249249,GSM7040764--RNA08,Non_response
6.635055852,3.804267541,3.708910832,6.10401709,4.979298822,3.437313059,4.09523434,3.839064572,3.98969495,5.734513369,5.615620467,6.958446203,4.056784672,5.964291221,4.96962003,4.737059533,5.398409161,GSM508180,Non_response
9.56145475044249,5.9833054696045,6.45287365311277,7.61654223462791,8.30875343256066,7.03915245674411,9.51551213241149,7.02661296565572,8.71246480195041,9.06333352348829,9.38190130647837,8.54320203282571,7.21388121939387,7.60368562578548,8.61759660824086,7.76243859072316,9.25576130994007,GSM4171574,Response
9.89267615082247,6.63844930760888,6.88771619290324,11.2896176567938,10.006393087673,7.03887553290934,9.04857640422028,7.55755732679918,8.16064546378636,9.88503000674515,10.4247421141228,11.5445547838041,9.0146935364163,9.29957737308176,12.0828406839912,8.18588020023568,9.27154075131792,GSM1875969,Response
11.4742356673274,8.45115998276494,8.86776651280848,10.3220472474444,8.74866075201115,7.29280151788171,10.0637820501745,9.14795979824612,8.81977985316871,10.9932106555094,9.51696445633284,11.4751103985371,9.08520153467141,9.9056434841135,9.04184853097295,9.22266349624888,7.47128700404881,GSM158200,Response
8.50807551391451,7.42438464362946,6.95519395314258,10.3646737219106,8.50481584035613,6.82824779291412,8.62327117177357,7.11593292545841,6.62655926641495,9.54055038272242,8.53401341525358,7.41661094943109,6.87300213572396,8.17874176525859,7.05706792479334,7.64551238742945,8.40907984661423,GSM4171506,Response
7.020281198,4.075698442,4.028752058,3.99793081,5.030855635,3.499645488,3.657058437,4.219294632,4.812927881,5.963486207,5.55919494,8.184775782,4.425402781,5.949430583,5.880734937,4.851953288,4.847305341,GSM508074,Non_response
10.6840334912503,7.75474565203377,6.77209890434519,12.2748622529393,9.16358117958935,7.286088890893,9.69150294864459,7.46713008077854,8.54527212351065,9.20709224652812,9.80413288885917,8.76622053772709,8.056027537326,8.21580825022077,8.41813096316666,8.78395844261542,8.71727952836622,GSM1619433,Non_response
6.61183994778239,4.04624348359218,4.50725305156737,4.10732674956142,5.07174743475743,3.4294257758294,4.75749313983413,3.42976174382566,3.90512054225725,5.66550230592282,5.96639983047365,6.56984766568074,3.73147933228177,5.96722172586304,4.12641774346688,4.85848633424335,5.44230752028268,GSM1050657,Response
8.71666889977803,6.2223250633062,5.62929448240088,9.29706797690468,8.61566529435231,7.18201737388038,7.00824051887216,7.81113395320746,9.04083940718914,9.78024505340793,7.96951943099671,8.36076025024854,7.88751894014163,6.7543714885521,7.82885746456687,8.58712630016337,7.92638178401965,GSM4171532,Response
6.318723477,4.020798486,4.229129667,3.528348997,5.244581749,3.365096348,3.481486196,3.973619788,4.919410556,6.409255918,6.303470135,5.847503567,3.819048082,6.705622068,5.451495857,5.070618334,4.932800184,GSM549269,Non_response
8.89210950585623,5.98147340263594,6.60072314893426,8.82602367733273,10.0506649210698,8.26560892029821,6.72649667750142,8.40937648978297,10.4636525708127,9.7138458082498,9.31874944929499,9.61792481567886,7.85675271580056,6.22392043647737,8.94407581353489,8.68480954424896,7.83667068345605,GSM809195,Non_response
7.689243311,3.686783676,3.818724321,5.45992831,5.034382212,3.591589713,3.908346416,4.009228038,7.405305555,6.347970546,6.102904972,8.874755778,4.063268097,6.432382508,6.332828414,4.992888082,5.949629525,GSM549241,Response
11.8414220949249,6.61035966432579,8.10669831270743,11.6160395733459,9.3062742257755,7.52754488934686,9.97486324002325,10.130683625077,9.9838805406749,11.0152382747112,9.44796483095567,11.2386922652941,10.3651728438827,10.4506185227888,9.49700211664419,9.15299151508534,7.76312449401058,GSM158199,Non_response
8.00398929601138,5.89691159347157,5.92615402250586,7.11636674871542,7.76555876626621,7.30510671531365,8.43958886493074,7.46701325547693,7.54583969498052,10.3120123727769,7.67883447503905,7.4447700582585,7.72111058593557,7.32420980577831,7.87927687431153,8.55668499856963,7.48966433183447,GSM4171561,Response
7.660316108,7.614880343,7.551160426,6.869013049,7.341417354,7.314629694,6.991680473,7.172094199,9.405044909,7.018279601,8.430938919,9.196253452,8.12446747,12.42182955,7.435511612,8.947490648,7.959375925,GSM2804946,Non_response
5.78200314003799,4.82391367239398,3.32053180461007,10.3542166950737,4.83868967348929,2.03236285990952,3.03131415448403,6.47620126876328,6.73075182964615,5.13533033620928,6.79653910735327,8.16601162113837,4.19383655395531,2.95519424951618,4.71151473119076,6.34670951842593,5.78116816937372,GSM1233111,Response
8.92933275138606,6.19737642973517,5.49718544567647,10.7609520035419,8.50662002708051,6.68979377523635,8.18115643326802,7.39551685462987,8.23028870036966,9.76272070078668,8.53851602538344,8.52363075252083,7.32932730049304,7.75109049553191,9.84488252393039,8.11015770369166,8.18235741045753,GSM4171542,Response
6.696941385,3.844135957,3.914124438,7.308108088,5.322617034,3.185907932,5.823181414,3.761988332,5.557467438,5.508218155,5.823185913,6.372554112,3.887073016,5.763974346,6.124656851,5.205721828,5.414503533,GSM505577,Non_response
9.413885018,6.690087862,7.194493899,12.97738071,10.34779674,7.866715389,9.629162855,8.475019521,8.091883333,10.88549887,10.0012994,8.830891128,8.511001047,9.565077591,9.174495547,8.511623234,9.156131407,GSM496038,Non_response
8.161133787,7.802823313,7.689313354,6.420387109,6.902308658,6.801823106,6.801823106,7.284278031,9.1920917,8.228113055,6.938242577,8.200324572,8.012312828,13.77590989,6.644541157,9.007664818,6.507897528,GSM2804995,Response
10.44596917,6.92113592,8.209831919,12.04428172,10.48908446,7.632617633,10.55923281,7.699107972,8.333846161,10.07931745,10.03768227,10.35806886,9.766563849,8.790303692,10.75262588,8.341581326,8.571357164,GSM496030,Response
8.8043969867044,10.4918485447978,8.29771786018241,9.86533961805561,11.1380218910822,6.10706512470682,9.83413749326265,9.12576670366686,10.6612851318791,11.4043408735075,11.48618784946,14.6947787164125,10.2706201190332,8.31522745258738,10.1094556984451,8.973871467409,10.3000861875865,GSM2811143,Response
9.44407569,7.635759227,6.576295739,12.42915275,9.454377708,7.335394877,9.434780681,7.818636247,5.449165144,9.666870746,10.24729655,11.41776602,9.455379859,7.594214407,10.94405877,8.175059135,8.509636515,GSM710826,Response
6.603005584,3.940920905,4.438287583,4.755416343,4.978042265,3.431647759,4.352786233,3.642157049,4.281522668,5.937581284,6.046026735,8.245092357,3.966981451,5.948505,4.880320733,4.358138509,5.769525604,GSM508169,Non_response
6.9193532853885,4.78998075041859,4.4473317545763,9.70053967359082,6.77503602513167,2.24869716274338,3.37346952656649,5.80780983664643,6.7187746147402,3.71485951978085,6.70131633266355,7.39176248224362,3.94478587089703,2.40620289132857,4.99719378006153,6.43779407343175,5.0971180776563,GSM1233132,Response
7.038185897,3.648211696,4.529780808,7.68634069,4.960558411,3.398324614,5.643411923,4.025879562,4.523757563,5.077168165,6.892651545,7.537814737,3.949818186,5.814742362,8.07799567,5.136101525,7.379963317,GSM505370,Response
11.4092574828025,9.93400102057984,9.22582617432544,12.0307165707587,8.89549437105023,7.21281330308263,10.9836083312104,9.01472324299054,8.72590805780986,10.9878285000386,10.1105818045414,11.2201328637101,9.53732905762919,10.461514760677,8.41749801665767,8.84652005996085,7.33843598378992,GSM158260,Response
9.28219520987162,7.12197188654006,6.99690415746929,10.5000565957594,9.31008700883176,7.75751988111059,9.56131623506478,8.01477773747354,8.34687528960477,9.79796715194783,10.0491171008287,8.90756618183475,8.69454462390104,8.94839408800144,8.77422534940777,8.93312452533954,8.46512243364391,GSM1619409,Response
7.651302898,4.00205553,4.179194944,5.041741611,4.83352394,3.488524857,4.982850406,3.962249127,4.295605389,5.139285507,5.997219985,7.305749967,3.946727333,5.418865744,5.912362514,5.392981434,6.651787079,GSM508068,Non_response
6.38027397310794,3.85691081271588,4.1735325491665,5.72510209414869,4.78864793842674,3.54504611163059,5.05847563983846,3.82423386453505,3.56598661737394,6.08652178523172,6.16683381537131,7.61766186880661,3.65692696438644,5.69517947979885,4.73054973617341,5.28162823942759,6.07565004330356,GSM1050615,Non_response
9.63742815033276,8.80060672564782,7.77077838429382,13.366184851597,11.6252705158918,6.83770319927132,8.39738415473121,8.52046355101112,9.80975945405805,10.3668130284715,11.3268605069697,9.0660134907092,10.6321848071743,8.07854658824536,9.35096491778801,9.88127085565389,9.59706904049076,GSM7040797--RNA38,Non_response
9.39556357408605,6.31432130666946,7.96510777179703,11.4616975755371,10.4739764956968,7.31758452835039,9.52880819703918,8.00723212418283,8.85825722276368,9.92650693396382,9.58622150456715,8.85467539751668,8.22534063086112,7.02663393139564,9.31023978454629,8.53588051557392,10.0484504614696,GSM809237,Response
8.60800350719437,7.13533250284953,7.4201916161317,10.612290752303,8.82880241611693,6.4392807174474,8.77437289421847,7.28096952187138,7.77274580801781,9.94179233218757,8.51322649590202,8.23571058392533,7.86095610107351,7.45479691011106,6.7127259723281,8.93105018441697,9.77130663203981,GSM4171525,Response
6.484555701,3.51006395,4.48714416,5.247492228,4.925224803,3.361828213,6.152699166,3.408474753,4.991872671,5.31261206,5.667040148,7.313709685,3.692660259,4.595138784,4.665611488,4.351762146,6.056753582,GSM590884,Non_response
9.153054713,6.369017278,7.636100284,11.36728888,9.427466568,7.470648199,9.961092682,7.317229015,7.158105943,9.692836928,9.830972211,11.44438553,9.371310685,8.769337837,9.49979277,7.752753094,8.572477381,GSM710875,Response
11.3052435065475,6.85884084095892,8.74461113094764,11.1812452550752,9.1362288688656,7.42766602266633,10.1637902243837,9.60157983735752,10.6661495819182,11.0695682679414,9.01323768695343,11.9851580955338,9.64473276703255,10.0784122042494,9.43918606250436,8.96955604833149,7.05176993837744,GSM158191,Response
9.7764519174443,8.13382335439322,6.58926122208822,11.1814759125579,9.73767868856571,7.44013391287907,7.01941049662181,7.65878336884811,8.34695233732707,9.16104895476307,9.71790112775248,11.1719730903901,7.96997181007189,7.86256008604452,9.78889997102223,8.13124360828892,7.0478965300357,GSM1705404,Non_response
7.896575151,7.360031836,7.505407228,6.511738874,7.050922136,7.317035282,7.242430452,7.347257698,8.123805318,7.191960471,7.879579363,7.835638853,7.92841958,13.58218283,7.831842203,8.373855009,7.095391023,GSM2804885,Response
9.16265686792774,5.23466765620161,7.00516217405869,8.08393334223985,7.86628759694151,5.02510190395247,7.66510171154044,5.53572555044975,5.70926428041251,6.78633375856169,7.05075405808919,6.70293038052299,8.17001508142985,6.91932870248171,7.82361630143936,7.77304768154703,6.24888732590236,GSM2193375--20,Response
6.156552558,3.789791439,4.194123794,4.089116349,5.614479338,3.240740611,4.478487836,3.66941447,4.436188456,5.48904953,5.986450708,7.124661487,3.859869544,5.539101868,4.808227383,5.083476679,5.131936181,GSM505355,Non_response
8.74881933259757,6.71960222865062,7.40260556179782,10.5330607804216,10.1031784916934,7.00829488356268,7.49776300878396,7.81004152439951,9.12572439017663,8.90865405179391,9.31292637530918,8.98587328964196,7.89556959773278,6.73146475443912,7.74147794551459,8.55216943364323,7.64985420757002,GSM809190,Non_response
11.1052049802464,6.85685761030052,9.15630069613167,10.4585880007487,9.9537697947469,6.6515279416694,11.4232400926211,9.58447801899738,9.0175266797168,11.6873636014527,9.4891924660474,10.5438641110173,9.92130555860307,9.86713711518211,10.0538994487283,8.87681753397084,7.5380725745103,GSM158205,Non_response
6.54224644379198,7.31943633609814,3.55836811467648,9.71787951895534,6.56566771955158,2.71599783944896,3.51713946207061,5.81057449483265,6.03790479450455,6.13789946656056,6.45138386726042,7.63101762782348,3.70822624044691,2.89888230065628,4.57142492740718,5.98745698437625,5.88757176223354,GSM1233034,Response
7.049098436,3.645181127,4.535153851,5.065769703,5.061481023,3.271913161,4.689006955,3.713901012,4.802914849,5.998067298,5.700500117,6.987678082,3.815021522,5.920149076,4.625043103,5.4628751,5.361736162,GSM505391,Response
6.486978877,4.029288857,3.936698479,5.520683568,4.922460029,3.379618907,4.517773134,4.40073014,4.434409636,5.443494233,5.661456749,7.055955685,3.764396097,5.81252847,5.616701615,5.630736212,4.730639283,GSM505429,Non_response
6.313077229,4.053046249,3.861369936,4.674069196,5.388885089,3.465463246,3.334889097,3.95198277,4.458583605,5.037945054,5.543727843,7.141848108,3.91729424,4.794659772,4.761475827,4.917869434,5.378690646,GSM505402,Non_response
6.761184085,3.43571972,4.572168392,6.229865549,4.966110378,3.574355826,5.081353313,4.402537395,4.174516501,6.488273636,5.643433566,5.544010235,4.349552692,5.606808121,6.915518304,6.546931018,5.694857047,GSM505456,Non_response
6.518868079,3.94066196,3.916448664,4.796398587,5.271135119,3.375946065,3.866370494,4.019050453,4.092835532,5.615525447,6.443258133,6.787070074,3.496932799,5.419264355,4.470611215,4.332980161,5.61386421,GSM505376,Non_response
6.232666878,4.07033464,3.957274991,4.300280561,5.146684942,3.457788555,4.250446184,3.810601399,4.198032621,5.591572621,5.688165243,7.223647531,3.937132464,5.424832744,4.751480483,4.852443309,5.123517944,GSM505362,Non_response
7.910377842,7.021960124,6.820892103,8.070061508,8.298358043,7.021960124,6.990111774,7.205524342,8.990322004,7.165312919,10.53015599,10.37067039,7.747230663,12.31309731,9.706616835,8.555591448,8.171041898,GSM2805012,Non_response
10.3338609119169,6.04078505813958,7.63087177204737,11.0176070934602,9.2268317375551,8.98367327175432,8.4494912151188,7.68955475438021,8.31201926754174,10.0228231337976,8.94337070963302,8.9918938028951,8.82494233932848,8.74004843281862,10.0593684337805,8.44462948260289,8.96069180239507,GSM1619399,Non_response
6.740774219,4.002684344,3.956006046,5.600237966,4.96111656,3.498192058,3.722083207,3.795254454,4.179690256,5.430044313,5.526908824,7.151862996,3.936533861,5.006715632,4.541013404,4.456404564,5.363543964,GSM508175,Non_response
6.20538637700463,3.81318689698151,2.94990833494871,7.35840272909881,6.2728480400335,2.22761610183036,2.99160440537829,5.81782826062465,7.98669512265373,4.47062254221268,5.29995444883954,8.17551037174304,4.52231363029167,2.30221801429539,5.77443445453072,6.59867992731068,5.56892760468098,GSM1233004,Non_response
11.14442,7.655203,9.093918,5.847796,9.258704,8.787178,11.53038,8.73516230433496,8.034876,10.555,10.10113,11.14212,9.0746,10.25534,8.218568,9.788134,6.978497,GSM139606,Non_response
8.55770117643151,5.01599227612206,4.92195239245795,7.88763044179516,8.08454585132463,5.09333631948806,6.91131206350059,5.81928991477415,6.02679727268441,6.26614995575712,5.65492937596137,7.02414448609064,6.15874444697113,6.39789158806683,5.94151051411894,7.06870360578813,6.29918882024733,GSM2193351--11,Non_response
11.1707436772901,7.15440236535114,9.17308622074919,10.8497856817946,9.76825836211565,8.07167890394114,11.2348042437399,9.04703825660674,8.19425456412822,10.086396343525,10.060055523273,9.81162735853661,9.27745267963296,10.3294939335738,7.47022825091732,9.80793312495211,7.46410247307497,GSM158236,Non_response
6.692543556,4.100426068,4.143724086,4.340920451,4.931646071,3.653180193,4.457250449,3.904228353,4.264602924,5.672920595,6.505897778,7.057257359,4.070565215,5.489303726,5.487636915,4.99689761,6.037890455,GSM508054,Non_response
9.491392224,6.065113757,7.038463283,11.42089707,8.754930741,7.126857288,8.656489308,6.839433372,5.904838952,9.654356256,9.750127995,11.42022464,8.918905959,7.70267602,11.13228764,6.970894627,9.775922265,GSM710881,Response
9.65500297092972,7.08633988796384,7.18288006174784,10.8213769380094,8.99674067067326,7.26941355661414,9.35038693573182,7.37283321509321,7.78430668881898,9.53808311969003,8.48304287679595,8.9145887858742,8.13961690939094,8.02946399598315,8.88665513858711,8.32315405653404,8.25454109356497,GSM1619428,Response
10.0565466511793,7.91627368728564,7.59550819091947,11.2534572319999,9.37878721246745,7.93103361625004,9.45447678474621,7.92551786723791,10.2491889059804,9.73599673463402,10.287212001117,9.54006492972284,8.50125090479282,8.5031672996737,11.2082865868355,8.40810337644099,9.75915141814344,GSM1619440,Non_response
6.404440925,4.250072064,4.107550537,5.077946788,5.395188419,3.388625257,4.046388023,3.722590464,4.421846899,5.302509138,5.971526377,7.154954935,4.127923128,5.344767344,5.81333983,4.421509786,5.135525785,GSM508170,Response
6.94289944925475,3.78276812045407,4.18650966773568,4.38826481067844,4.92821922479669,3.4821122939089,6.06619213433745,3.71806864033415,4.17041366962319,5.0767857916614,5.82877523235723,6.9698881603013,3.69806217146065,5.93633675516465,4.4681549262204,4.90594960835906,4.80360219123442,GSM1050666,Non_response
11.09547,7.236078,8.946002,11.3129,9.199364,7.123136,9.766617,9.63358894144974,8.401496,11.34858,8.597394,11.01518,9.295021,9.347071,9.278492,8.459376,7.957323,GSM139636,Response
9.61472907334867,6.49004788342212,7.2333922906159,12.0190715129556,8.8697532714538,6.86490034968406,9.94028943375351,7.8402488379951,8.28554657427076,9.89971090558603,9.69405121477616,10.1776869897698,9.81138219754644,9.43034898798873,7.9809514412103,8.4290041367432,9.21371207186601,GSM1519423,Response
9.29705601322675,7.0566477073877,6.89816016198451,11.7711237813997,9.11297394377285,7.37605617324967,9.08730948713226,8.39801042607432,8.77129789957633,10.5354219741191,9.68102443698185,9.54637517533833,8.83715517272041,8.74994897975278,9.6396160063392,8.54456542434868,9.60127543267445,GSM1619412,Non_response
7.918702206,7.933961342,7.822584452,6.435769596,7.904680038,7.048429472,6.873723851,7.370050478,9.061986037,7.891956951,7.097398547,7.097398547,8.208094079,13.58218283,6.897786942,9.286386124,6.873723851,GSM2804998,Response
6.817397331,3.638469979,4.496058099,3.431747392,4.847062663,3.271424603,5.443910215,3.764694421,4.438554102,6.211728039,5.951634273,7.16862474,3.815977874,5.820183108,4.829552663,5.710334479,5.892122312,GSM505444,Non_response
7.63757493,3.735013139,4.556011388,3.921289092,4.986441718,3.715163961,5.351643105,4.160010361,3.349657868,6.178909792,5.716081381,6.523107976,4.010388198,5.714590612,6.063303105,5.789148486,5.17231603,GSM508145,Non_response
6.793647879,4.138040905,4.21753947,4.724739297,5.326552476,3.325252981,4.680507415,3.720341187,4.158068928,5.243681855,6.314189195,7.931589004,4.300139529,5.555124137,4.81706174,4.085379297,5.468254587,GSM505568,Non_response
7.559096408,3.785143035,4.4000944,6.149002617,4.747669435,3.49109891,3.98943133,3.911867226,5.740218702,5.893496548,7.060233195,9.150614346,4.062682303,6.405978649,6.837975299,5.458880077,6.05996899,GSM549230,Response
5.85142672967203,3.86015113600324,3.97142970809985,4.71662365143814,4.73270247251768,4.73090463488757,5.51046641845697,3.97058130644145,3.94946620690084,5.95882213413744,5.45269782063008,6.37112672005378,3.75576128227816,6.38616983871155,5.97434347795214,5.66766055925202,5.7513785840714,GSM1050592,Non_response
6.575821045,4.330141639,4.571075319,5.830290016,4.788204258,3.403284611,4.685208098,4.099135125,4.245364578,5.575554409,5.914096342,7.451541134,4.353184234,5.359661617,4.856949732,4.948794746,5.323321291,GSM508040,Non_response
6.57522122140567,4.40804808302751,3.24971351072038,8.98878486510679,6.19638593694171,2.47416888128254,3.30305067754899,6.44648676849971,7.57859625127655,3.66828003957311,7.20209440813444,7.37811352829612,3.62710803381112,2.65215902597299,5.08335195078666,6.6664383900723,6.81308253077516,GSM1233099,Non_response
11.0783763601291,6.72570682688931,8.9012339033793,11.7990944391745,8.75572710979877,8.09191317398746,11.7237292950012,9.79608892912191,8.87768229519808,11.6141654606487,8.91263244958401,10.4829903348451,10.2866478455543,10.394140765947,8.69505451062008,9.56090495093507,6.59941511739626,GSM158270,Non_response
7.779890975,7.713103578,7.631368555,6.97743038,7.341124857,7.609804308,7.016908114,7.24136772,8.810570644,7.124951227,8.069647598,7.951907735,8.365063638,14.11195782,7.951907735,9.254107118,7.055547325,GSM2805013,Response
6.331171974,3.985225425,4.071281145,5.015139946,5.363013164,3.745806678,4.753517909,3.722798922,4.008445002,5.289852221,5.679375078,7.124365967,3.87221287,5.495412358,4.661894473,5.321265633,5.072609693,GSM505567,Non_response
7.756770322,3.862581783,4.810885844,6.046147171,5.135099843,3.50414304,6.13695772,3.771483511,6.425334252,5.862277509,6.956857418,8.542524845,3.808025848,6.726779724,6.035226145,5.20736176,5.753136957,GSM549236,Response
10.0781254057623,6.13354833020297,6.65007385264314,10.8036489642665,8.33406091122122,6.83269890012698,9.9169695257472,7.53056307456661,7.56351366308931,9.15676200293216,8.34660257765879,7.75989832391172,7.12292342492728,6.97853127946232,8.55733422808865,7.91510033057445,8.42964582466354,GSM4171572,Response
9.820433609,6.357277212,6.540327391,10.80811198,9.600346541,7.509547968,9.206527201,7.946029079,8.07276718,9.907803507,10.24516735,8.855591279,10.06848054,8.267935598,12.66006674,7.98894017,9.126285516,GSM710849,Non_response
9.09059785949026,7.12618415359797,6.05942839601153,11.2343937918021,8.0468108634428,6.71748622032271,8.37885810036224,7.4952904645696,7.71089629602718,10.082686074877,8.2724014429748,7.13739709066297,7.87950520167215,8.05173431666056,7.92485611303655,8.60502104307086,8.60673870108038,GSM4171511,Response
8.731784416,3.711726767,4.549815138,5.510522777,5.080603328,3.398864705,4.282006112,4.026499691,5.825262921,5.221501489,6.792977888,6.452567971,3.919747109,6.914209538,4.961239653,6.144727187,8.449512332,GSM549245,Non_response
11.39273,6.401632,8.76365,9.183676,9.004735,6.835403,10.63303,9.49583451548783,8.868369,10.70682,8.4944,10.95394,9.614357,10.38938,8.999404,9.24035,7.275487,GSM139599,Non_response
6.636744299,3.840933779,4.318444942,4.212757933,4.899937912,3.827245814,5.734558455,3.681882178,3.952231694,5.84151835,6.160273865,6.512407819,3.768125754,5.88549063,4.58623092,4.18343203,4.661022374,GSM590891,Non_response
6.032357645,4.270890295,3.61848212,5.80186262,5.326193036,3.437686513,3.71695902,3.802555599,4.507429259,5.931684245,5.860662085,7.37730971,3.898152967,5.119739864,4.661127645,5.314511752,5.487779692,GSM505415,Non_response
11.8772829351953,7.3948875640067,9.79442025911184,12.2143712960133,8.75435034941636,7.11013435644584,10.6682167305844,7.94111070970757,9.4531156592749,10.4321626772633,9.07954182882856,11.008636490809,8.60695140466649,9.39652862940382,9.1421158861292,8.75217022531593,8.87314989457337,GSM158250,Response
9.74842256474073,7.63726841932658,6.65365050492822,11.8883240038235,9.13173753243992,7.56421960579292,9.60790058771416,8.32872275392988,8.62371712330603,10.1548678487505,9.64794629220306,9.35550387955042,8.86461116161053,7.89386938766534,8.5061816357941,8.37976741072307,8.65010728026485,GSM1619451,Non_response
11.27177,7.766841,8.840318,11.76507,9.495317,7.636452,10.35914,8.77577228081775,8.719928,10.77614,9.374109,11.35302,9.245715,9.615728,9.014744,9.523662,7.196517,GSM139561,Response
8.159202863,6.810158653,6.857115088,7.005353254,8.896544825,7.102099948,8.1397557,7.433370774,8.146139937,7.025114465,7.045440123,7.877169121,7.908289634,12.16379904,7.18751768,8.089455117,8.244730689,GSM2804862,Response
7.01025933004905,4.45773458949308,3.57277713747083,7.27213253863568,7.11182354321862,3.04584267303025,3.2174732263086,7.637112641443,7.69280907977559,5.53448311803283,6.31184738353331,8.47435288917509,4.31640170447202,3.95825126626232,5.00252381466417,6.14143652923032,5.03587689878299,GSM1233022,Response
7.990502363,7.221751843,7.282372696,7.640241616,7.937206825,7.18350666,6.975231514,7.201089683,8.999861851,7.018815565,9.932822371,8.542224721,7.647812721,11.52610353,7.757827583,8.510373943,8.299330095,GSM2805022,Non_response
5.55574760791728,4.94688727151187,3.24043644688546,8.1155851351096,6.2853088302882,3.63090829276733,2.65798457289816,6.02343259125447,7.08652836672582,4.90353849264184,6.4268716353851,8.16206752422895,4.9194199841555,2.10735245424511,5.11905238620015,6.33746011926393,5.7446652676161,GSM1233087,Non_response
7.831468223,7.590029069,7.309776021,7.185399632,7.489783275,7.430214941,7.661085029,7.268500356,8.670345492,7.354401051,7.554182065,7.419713343,8.090500088,14.81576909,6.663993848,8.680063801,6.636198203,GSM2804894,Response
