RSU1,IKZF3,CHEK1,EHF,CCNK,MANEA,MAD2L1,AZI2,PLXDC2,DCTN4,EML4,CCND2,EEA1,HS2ST1,SLC26A2,LYRM2,IFRD1,Sample_id,Response
5.76156803352837,4.10342634704539,4.94066641986371,5.55797972683251,7.39552228299805,2.28318475942643,3.90053220644298,6.30337761756857,6.39550531232209,6.42555906655617,6.16295987253742,7.25471997092834,3.65651741477357,2.46411285008997,4.53285182779636,6.06853636580404,4.84681026897161,GSM1233067,Non_response
5.15549025005334,3.92065529728911,3.13301923510714,8.95479289177302,6.51724758707823,1.89056956106987,3.18923761480866,6.34673225326326,7.15076769919085,5.52328708027987,5.78778719660318,7.20523646326149,4.07959870381358,1.9612507220492,4.37866124075993,6.55780205851532,5.29526371228837,GSM1233069,Non_response
6.31098613214174,4.48102227718185,2.67004189902268,10.5699399101609,6.72779288646321,2.21340245639352,3.30565999176059,6.24892061484947,6.2477228325569,5.29926637589816,6.48396459164373,8.17181128603774,5.43520610377179,3.21921833236688,4.55816170333632,6.25542705088049,4.92504030129822,GSM1233072,Non_response
5.57809045591007,3.95966180014688,3.66652914975946,7.6875420979388,7.1880471255275,1.92915402933138,4.17073750338032,6.15046373532021,5.63253597498614,5.62178030789789,6.58279300372463,6.3100630245336,3.90246632650395,2.06452228851486,4.4704082846326,6.59193014173216,4.86911004047679,GSM1233085,Response
5.66037994087141,3.56067244048231,2.72233488056444,7.91806224385412,7.14514284916593,3.1102392228967,4.40239204016126,5.87281347879971,7.07552929985,5.46229958524874,6.16828580227598,7.77370995882047,4.25869605325431,2.36136369597617,5.36335347176473,6.34989521130951,5.31685184069857,GSM1233086,Non_response
6.12936096000696,4.75552389331484,3.14132029866685,8.81576366802157,7.36856290951435,3.23654037087634,2.82370761784947,6.09207335290554,6.44851376855703,5.6887444765007,6.8841747935535,7.87528647408901,3.88526563096592,2.15685801259712,5.51984450018934,6.59470614907431,5.68091860277655,GSM1233098,Response
5.7047874095829,4.90989323734549,3.08449725789661,8.68842678446992,6.19560827338963,2.0553256674124,3.04582783079162,6.55650884034475,7.17380543676586,5.50398940362313,6.83018643375539,8.40589279648078,2.61282666055254,3.1438175820336,4.923764845077,6.63196621484411,5.52279378840787,GSM1233102,Non_response
6.17430460555651,4.09592568835107,3.97695268561274,9.80661083286168,7.96369351481838,1.88375077193603,3.84208959946704,6.53086848850722,5.40555600090458,3.82535729472475,6.05409506267106,7.43878353271272,3.29180921487216,2.76215707176621,4.30991418505876,6.46020821510505,5.66975759985567,GSM1233103,Non_response
6.30724979263379,4.40013492349347,2.91523756028035,9.39739357249231,7.28898576944553,2.48786411513015,3.90324149755039,6.4362556952304,6.8174411289696,5.89401457807657,6.56858081800357,7.78150697547578,4.68367928907081,2.45745816688961,6.23973972686345,6.35683068810236,5.9661418352626,GSM1233107,Non_response
4.13493198064693,4.93420635955462,3.24381593665396,8.80643065611786,5.29795644943033,2.9422110332271,3.35570941960825,6.47355090853722,5.98085586395325,3.37607642311401,5.62072203688579,8.65364685360416,4.29616067300909,2.81660747213173,4.73585683675286,6.56056479791318,5.40686236165613,GSM1233108,Non_response
5.45295939500458,3.87566136813695,2.90027621718123,10.1467108497121,5.74163188700147,1.87724415762964,4.18494462736006,5.41190344094261,6.99258652474873,5.13718378325882,5.66976166463015,7.85851386994297,3.66174747160046,1.99593253130614,4.74974722381278,6.57382409022185,5.14387320882599,GSM1233109,Non_response
5.83155817819249,4.06989073223433,2.71481672415869,5.89330422395148,6.48950437083502,4.82901536843618,3.35485219865135,7.71213111595129,7.84986624207358,5.69564254734702,5.93337762423999,7.4020429745301,4.76536724776994,1.79414573640772,5.0782126998933,6.6639688404735,5.67967680484637,GSM1233110,Non_response
6.26659193403887,4.38396071038748,3.02734473798833,10.0919773244291,7.66830425545549,3.34105776789652,3.9002820926044,6.68690478428496,7.32828353783955,6.13587629980789,6.29400054035418,6.7968448230624,4.91766084713628,2.40910741726716,4.91666699908708,6.32723121623769,6.28783912095291,GSM1233113,Non_response
6.92309019616929,4.15469853463715,3.61480280348552,8.61978726887669,6.19178723436846,2.03551577955477,3.80093319417744,5.6830736929585,5.9699813487786,3.3992552617477,6.36636874394721,6.9842339747303,3.59029844173908,2.83809562457001,4.91385868236583,5.97901383816787,4.84107971091207,GSM1233114,Response
7.20016700408831,3.88397470785796,3.01092881286392,9.42156305878437,6.63432561218491,2.44475163854243,3.1291705194398,7.24192224051455,8.06558074709196,6.2446989019267,6.12115054821573,8.00323741740954,4.66093439413449,2.90112947095663,6.3257662482796,6.102853577202,4.71843576334142,GSM1233116,Non_response
7.02655330426053,4.37943342746643,4.0404701310147,8.97669760724677,6.46552068617508,2.72017118626528,3.98938146719053,7.85391554906805,6.93327475750121,4.93225125608721,7.31419122436218,8.12203788662595,3.56992142179207,3.34338452575088,4.79257170471291,6.2965197052399,5.49112319197933,GSM1233119,Response
6.34898009302152,4.21474705506763,3.76244210026775,10.2119966555187,6.82952282440977,4.60005750747206,4.22901323060013,5.5106112290898,5.97420155364976,4.62168821663602,7.4816539001339,7.17512971305476,5.08629940178052,2.33623701601094,4.68519135779819,6.7027839353243,4.36192225142829,GSM1233120,Non_response
6.04880364706237,4.01177685194789,3.27543171150901,9.4378044872368,7.33005225752581,2.76959554889351,2.7284970059156,6.56639591080807,7.12753163228902,5.61786888894413,6.39507198821121,7.24885481517551,4.24642115847829,1.99588977671263,4.80737575674593,6.62754631673119,5.10234146413441,GSM1233121,Non_response
5.27398945514927,4.87357134017018,3.39620994098002,10.4163809499837,6.85597319641346,2.02387979247065,2.96290079790536,5.86675767238691,6.86920076732428,7.30675310441067,5.28039737371541,6.91758456746766,4.77684857465672,2.8448296604962,5.03117611313042,6.00573507706355,5.13772705647308,GSM1233123,Non_response
6.8679521285375,4.45957446207411,3.12048544663883,7.50146754572713,7.08913710100742,4.0762872506806,3.64635285774778,5.74995791196951,6.95572469848498,6.28047373633734,7.07846380315369,7.42684523715409,5.40936240898831,2.5024991706752,4.6992146100211,6.10245919226516,5.78912906712778,GSM1233124,Non_response
6.11648868508643,4.8160587940699,3.16483681763893,5.97523607251621,6.15799503269679,2.25199780045497,3.38893274908574,5.72020025735807,6.33868629513199,4.0009478097121,5.34274531417419,8.62225571286987,2.76442747389985,2.14974867110091,4.74306175150489,6.69459374050413,4.30828531401977,GSM1233125,Non_response
6.16422301379153,4.90941693532029,3.07783339147651,6.21233077072094,7.059205987618,2.17693692993835,3.00079881640954,6.26298380336359,6.13939545715025,5.71934961297662,7.4763388409865,8.57378728351015,5.1359402491906,2.5399644695834,4.7008149746416,6.61943333699948,4.43968676833195,GSM1233126,Non_response
7.06730272591546,3.93559263616712,2.75026797005358,7.75880675425732,7.2526049726099,1.89467226037092,4.57041223997035,5.76000069447808,7.08554006131495,5.21095881651725,6.82961604570722,8.07375633255724,4.37490849451262,2.83242496374131,5.19496876225028,6.21281295985799,6.63954970882791,GSM1233127,Non_response
5.38395271520062,4.50341388608425,3.16247468811282,8.32599862809654,6.1168536452849,3.54562901335116,3.12114679767336,5.97386812879076,5.59559712923977,4.62348623744369,6.19848820723463,8.65675169718112,3.15183461569488,2.06014026903679,5.60422332589377,6.3476567243409,4.41949955430569,GSM1233128,Non_response
6.19591941703373,8.78805953829683,3.00933564719308,9.57595995130809,7.36845212690452,1.67737846834802,4.61346880922183,6.68517776184528,6.9921119305348,5.38077480157682,6.18468503544432,7.05480115194883,4.80897474665515,2.61851739032974,4.70986813595624,6.33097496782134,4.80386857390757,GSM1233129,Response
6.21104375676829,4.16208833302077,2.76162574359792,10.132396531397,6.68043617755796,1.96465289551294,3.11956159498548,7.00451519005936,7.06950795145386,6.4606337767627,6.16109996789271,6.81932082802492,3.798301395473,2.10864684315088,5.09290356723615,6.58664387252704,5.10810620482354,GSM1233130,Non_response
7.85629933588255,4.57444022666888,3.77508945510126,9.08792723371274,6.19746846825807,2.36394169016195,4.3476149618996,6.08085992177208,5.10880423448099,5.28313427388867,6.54151747058972,7.36706715658389,3.40910072320471,2.34028144739868,4.54009948004988,6.37935776661753,5.0371335810759,GSM1233131,Non_response
6.9193532853885,4.78998075041859,4.4473317545763,9.70053967359082,6.77503602513167,2.24869716274338,3.37346952656649,5.80780983664643,6.7187746147402,3.71485951978085,6.70131633266355,7.39176248224362,3.94478587089703,2.40620289132857,4.99719378006153,6.43779407343175,5.0971180776563,GSM1233132,Response
5.32523384116082,4.64728988479869,4.46205095632274,7.71283505335785,6.36273074015781,2.09096383073071,3.48248822367501,6.11503555490368,6.79286810931568,5.71024536426787,5.82691368974676,7.4933058993105,3.1542048172412,2.2364246430191,5.3359772620729,6.34275883713015,4.82702077442429,GSM1233133,Non_response
6.38278220177986,4.29224877906445,3.16284725340032,7.1084581909407,6.53420238498572,2.25340499817705,4.05363308523922,6.01402164789988,6.01158609856231,6.55401273422562,6.40571717981204,6.80665667284339,4.93971030947097,3.12174565169574,5.06889205180496,6.16419823507274,5.85604137060575,GSM1233134,Non_response
5.60950196475406,4.59874184469799,3.31411468320727,7.66253158421974,5.53578880023233,2.29644081262473,2.81878647312894,7.21191288378843,7.74845690180428,5.39794640054544,5.62976768322578,7.35740494164783,4.06285793558178,2.45402628220813,5.01673146401985,6.54159665752189,5.09813765355286,GSM1233135,Non_response
5.80885077907573,4.22932352233031,3.32647253385408,9.70947758489383,6.55119649848761,2.48319529515066,2.69735585489228,7.4371108931588,7.17766347833581,4.81891584641928,6.11321036934559,7.65672794812266,4.03729561504197,2.60513196655286,5.55650893474117,6.76186670932486,5.21569303528132,GSM1233136,Non_response
5.58274844831041,4.49028391468696,4.16715335355446,3.71272465833597,6.7548124612501,3.09388919389482,3.07360079782239,7.37394297295977,4.1667387495538,6.22516238304063,5.38839455220936,6.23208404111658,4.95053889015954,1.7403237240551,4.55023233305322,6.79426994823712,4.70026990961132,GSM1233137,Non_response
6.17833754847189,4.97329636600616,2.8104947902838,9.29228340758824,6.99894257811547,3.31707498446701,3.20590143552454,7.17818843077548,6.92586620396705,5.40385541032929,7.07012743514245,8.98004752249923,4.4563608169945,2.58678321054636,4.49683480673252,6.59105056359782,4.79816001959367,GSM1233138,Non_response
6.99787909835997,4.67697846713363,3.11329729249061,8.91651686427549,7.61869078183822,2.14462296238404,5.02644199486566,6.44724253180214,5.57769891552974,5.33650598702896,5.93133337469751,7.03373911836301,3.54277482954232,2.67173834570386,4.40505478816738,6.4232071744734,5.18800222975289,GSM1233139,Response
6.13409379642832,4.25360848889746,3.27799546185208,9.14126808599539,5.66992906662514,1.78007972656749,3.37267785628947,4.96540455321899,5.08469134634796,5.00009129916287,5.05807400310491,8.66902379439122,3.75365110755429,2.00554451830968,4.85182581013913,6.70453513317132,4.51863812266548,GSM1233140,Non_response
5.63883483293418,3.80542912401059,4.5799395797015,2.85022458760663,6.29770432898291,2.61557163047879,5.46586606813934,7.25362856440102,5.19408481523137,6.50458607297819,7.18502638552021,6.063795709475,4.96013673697349,4.71438617500828,5.6513830884021,6.27206429633107,6.14432603350114,GSM1233141,Non_response
8.68840507670854,4.14775317141065,3.22927980513117,6.48563480094001,7.06619954032993,3.02491621956619,4.95815490202804,7.61933187045828,8.31362444163437,5.57287967738185,6.56281969781798,7.02014508636601,3.38768926054577,4.13856150151962,8.26489392897421,5.90811835095971,5.79215566670281,GSM1233142,Non_response
6.62059609453713,4.15176872449245,2.81794866864809,4.57688156822328,6.63076019766847,2.41749625158978,5.29273005318201,6.2134582036216,6.02829262786855,6.58143982562812,6.12126824373207,7.80751646207317,3.99730954934341,3.78033780549238,4.78291888215351,5.93856475882732,4.60935555288144,GSM1233143,Response
5.15698783886322,4.42338709979509,3.21518766803859,7.43415325841716,6.99424485273325,2.1477936136293,3.27303960310782,6.31171868514226,6.78041326472317,4.18660915520725,6.39630125357816,7.37480071580817,4.25430369237783,2.17096742542559,4.53024467313876,6.52101328282028,4.63144637111434,GSM1233144,Non_response
6.36435710111948,4.76860831682009,3.57417651298866,2.64159511638274,5.59404511193105,1.91830681864993,3.06561675533784,5.27748940188437,5.7432971012187,5.86373131432863,7.45516750429076,8.45230004335422,4.12628965890971,2.96984359705055,5.54095399455711,6.55357366285492,4.81450395881603,GSM1233145,Response
5.98557167798867,4.11659819212989,2.7006234392666,9.33068156702179,7.23471973535904,1.74770730174044,3.55076962144165,6.07025149492072,7.55524176392738,6.95633798504598,6.3889880553696,7.95873927928124,4.15529132103017,2.13081179945098,5.05545921398169,6.20963443166229,4.53018221992524,GSM1233147,Non_response
7.480553788,4.272143576,3.886385956,4.461616678,5.237449682,3.313158085,3.555392385,3.927100363,4.51368934,5.299366929,5.473605128,6.090251773,3.740907713,4.928498136,4.363799232,5.081170554,5.573735915,GSM505470,Non_response
6.389851805,3.960098792,4.012654489,4.748579746,5.609981024,3.474637192,3.994398693,3.642478543,4.656720156,5.98235145,6.57464718,6.709511788,4.392238526,5.080421387,5.32572836,4.292966103,5.765850743,GSM505489,Non_response
6.679960035,3.849484953,4.032576634,5.062901078,5.270514611,3.495313501,3.931672145,3.66205321,4.435053208,5.310813362,6.353069759,7.487006867,4.054035642,5.271750931,5.278236734,4.074619701,5.209280801,GSM505490,Non_response
6.231541335,4.57212722,4.337516477,4.612647064,5.393507759,3.505753575,3.68356469,3.892184833,4.042158617,6.213538087,6.73067005,7.86406843,4.705787901,5.466352665,5.019985148,4.676273839,5.341695872,GSM505491,Non_response
9.53494854433256,7.19343077068478,5.65014733962833,10.4858069283585,8.38806183233893,6.22355334337866,8.60386937167365,7.10884716827053,8.25051965892132,9.51610401733351,8.31026068136761,8.76841099899817,7.68917808020155,6.83094458115944,7.82818527845526,8.04659693601198,8.50037071569708,GSM4171498,Response
8.50807551391451,7.42438464362946,6.95519395314258,10.3646737219106,8.50481584035613,6.82824779291412,8.62327117177357,7.11593292545841,6.62655926641495,9.54055038272242,8.53401341525358,7.41661094943109,6.87300213572396,8.17874176525859,7.05706792479334,7.64551238742945,8.40907984661423,GSM4171506,Response
8.60800350719437,7.13533250284953,7.4201916161317,10.612290752303,8.82880241611693,6.4392807174474,8.77437289421847,7.28096952187138,7.77274580801781,9.94179233218757,8.51322649590202,8.23571058392533,7.86095610107351,7.45479691011106,6.7127259723281,8.93105018441697,9.77130663203981,GSM4171525,Response
9.22765356047354,6.29360038036786,5.62196962113474,10.0101853655021,9.13896506476211,6.16674008258193,8.8922497488088,6.63010393101249,9.01418441811328,9.56686181687789,8.78723852821849,8.32949437004596,8.15727232342849,7.59137993112736,8.18710190384911,8.28377449998922,8.51343599052855,GSM4171534,Non_response
10.3674520384955,6.02934399120912,5.5898310349762,8.77162642133225,8.46071238916889,6.86979934410238,7.77399438420769,7.10366233174318,8.16434364133319,9.11653469241665,8.44173130741426,7.61463647905666,7.01547638232415,7.34943035979886,8.12063828212748,8.82703508616026,8.99641899630094,GSM4171549,Response
8.77606961249741,7.13701357575995,5.73849019270623,9.53920262566092,8.39270616269706,5.67089926202144,7.0455885963772,6.84720592395699,8.16030659376915,9.17136889125532,9.1408053305995,8.69395471023718,7.25661267423616,7.00704621910564,7.57746613245109,8.06141488782387,8.31579307814772,GSM4171554,Non_response
8.39570111996579,6.44475456428783,6.63178078845211,9.60747655768587,9.92335581937807,7.01156210972881,8.09686672249489,8.23733539031636,9.56069297466573,9.39600635555402,9.29405248346922,9.8310209967874,8.18164851503415,6.77739770442284,8.47661774600514,8.62146667473569,8.8647450725412,GSM809184,Non_response
8.74714851772393,8.26681249294267,7.04403930367862,7.70547729885699,10.5022374251047,7.86013432243968,8.16192717910793,8.20584505815586,8.61969136161325,9.32988210746281,10.0414648831953,10.5491214051564,7.77560410320328,6.36934926361553,8.3703931955531,8.59054692750195,8.25306556610254,GSM809187,Non_response
8.56158199774544,5.7885327138244,6.85715741364353,9.7314328992178,9.63851660948154,7.7058136934078,6.23843271769547,8.83549414648761,8.84909356073126,10.025666159359,8.87843023498837,10.3576476846202,8.56299099827819,6.90050411561744,8.80673998149856,8.62524044867663,8.98968978844362,GSM809188,Non_response
8.8120345477546,7.20682918562316,6.87404727875333,11.0331043518282,9.52239178556788,7.34499547129588,6.78385685336691,8.75864051457377,9.81111491049658,9.36866771192574,9.30614625485396,9.50635358704229,8.40004953913534,6.68475129073825,8.79183224061596,8.47626799662896,8.02342773091758,GSM809189,Non_response
8.74881933259757,6.71960222865062,7.40260556179782,10.5330607804216,10.1031784916934,7.00829488356268,7.49776300878396,7.81004152439951,9.12572439017663,8.90865405179391,9.31292637530918,8.98587328964196,7.89556959773278,6.73146475443912,7.74147794551459,8.55216943364323,7.64985420757002,GSM809190,Non_response
7.78082808724546,6.39926723005958,6.59842385589833,8.2213671793002,9.68936376560253,7.39772167650073,6.62367694912146,8.23149057651943,9.89648730527343,9.66666052685614,9.1878753610618,9.17605353778734,7.72499534344172,5.72214182916393,9.01403298191291,8.72028132414761,8.72172691548579,GSM809191,Non_response
8.94757482089963,7.53699118260674,7.10589604642386,10.3551170422633,9.68475269184508,7.75197729394089,8.29969872581789,8.21875872751428,10.1926415748063,9.49327965451297,10.013540458711,10.0947577779259,8.17315235048705,6.77803172161185,8.45519379558559,8.274219947556,8.79473130553988,GSM809192,Response
7.99486100379157,6.77655488423281,7.25252014046876,10.9119774601317,10.4073626083502,6.80638414071719,6.00572552500404,8.51026795429425,9.32544266886845,8.89981459623112,9.06630835608292,10.1583476754501,7.8333156835784,5.71727242478428,8.09977521221055,8.96722113904201,7.40191407013689,GSM809193,Non_response
8.5898739906169,5.29286609342358,6.83744817247665,9.14684767874639,10.5714271240295,6.29714789585289,7.92878858495359,8.10492424021382,10.0201739622343,9.68731157333597,9.25690899107075,10.0571178555968,8.91057750742853,6.36804650179264,8.7094596011671,8.42702331416609,8.95980893839802,GSM809194,Response
8.89210950585623,5.98147340263594,6.60072314893426,8.82602367733273,10.0506649210698,8.26560892029821,6.72649667750142,8.40937648978297,10.4636525708127,9.7138458082498,9.31874944929499,9.61792481567886,7.85675271580056,6.22392043647737,8.94407581353489,8.68480954424896,7.83667068345605,GSM809195,Non_response
8.85769699924452,5.8722925779911,6.85791194387794,11.204221682133,9.72743517915364,7.38720549255758,8.01230958042174,8.60242369097967,9.64739722698089,10.4445806889003,9.03308347044597,9.48588055523099,7.84720970400917,7.48749096859074,9.29048550341896,8.49067452183755,9.12733870848476,GSM809196,Non_response
7.68020916655334,6.04592978225067,7.09375340446935,10.6938173760106,9.72650913194436,7.10253877792576,6.56176468942953,8.02855403790021,8.51636459852979,10.1857965569306,7.71285522259601,7.05045058794984,7.8474150266885,6.9576589799326,8.51250366626357,8.45063568331885,7.63412673215637,GSM809197,Non_response
9.02078119232521,6.30129991983094,7.01407065961446,7.94191604259025,9.94726551611459,7.50182464692367,8.87310564828697,8.31138458531633,9.60833821006342,9.92839573094853,9.26803468324523,9.66231547629109,8.07864980020003,7.19975097206816,8.91522332168205,8.35768195743834,8.82782882398883,GSM809198,Non_response
9.08583832918481,6.04603810406826,6.19365474927537,10.0804134132064,9.56301795608392,7.71469458779927,8.1033877261491,8.54158363828746,8.85913622198258,10.0605937182324,8.75885927909299,8.62895972245633,8.11644440173294,6.95675290659129,10.6025153042501,8.60601444501806,8.73298466478337,GSM809199,Non_response
8.41604411335104,7.13608909971934,6.63970427832073,9.52923528485226,10.3616524591157,7.37521075331135,8.69644631376449,8.39101621574055,9.26504771989501,9.54726121787657,9.15001803223131,9.35223626300388,7.90502450916556,6.19944299332356,8.23928555292817,8.16333619259841,7.79417629129371,GSM809201,Non_response
8.90985263745116,6.10638119013193,6.30136462584874,9.99623114770751,10.1499565466535,6.95563236886615,7.11245246615456,8.29875881756007,10.1479092906353,10.1721760044995,9.28961784972329,9.90741857780753,8.05862386369385,7.02797604110696,9.56348482308974,8.13876081929375,8.86751997929439,GSM809205,Non_response
8.49725690303041,6.177696415743,6.01302846556177,9.49195892369942,9.54741650830475,8.13698303900001,6.13557133242068,8.17822496625787,9.81758512956595,9.65132109232858,8.73826166054782,9.51933028090526,7.49122670288053,6.19468901446347,8.20772297159866,8.69584771557916,7.7568346970863,GSM809206,Non_response
8.20238531346599,6.90363586388123,6.92589069400192,7.89282219466129,10.6071460713863,7.2663254169784,6.59151726213853,8.38366653455197,9.93859761998005,9.53835682754708,9.54801700378627,9.57719127208321,7.82200878324736,6.65319167929052,8.54785096789356,8.27786924251892,7.4482295195226,GSM809207,Non_response
8.28501222509304,6.38056223565106,6.88988267322461,8.12922394452267,9.97947200873359,7.78394131720092,8.02280432622696,8.33461195881485,9.42647098596712,9.58870800970527,8.81052614478453,9.54211110588064,8.52962020734419,6.47695057346402,8.07000266487565,8.30652802886935,8.21278077581474,GSM809210,Non_response
8.91191791417429,6.09370909500199,7.98199606865943,9.87675322550014,10.4617576128003,5.99690082397223,8.03488230239638,8.17064557181138,10.0042657604565,8.75215150341571,9.51144886908411,9.23039387128733,8.5721974014346,7.26405613795684,7.86374839456081,8.07305956996007,8.56439459419851,GSM809212,Non_response
9.07874870480795,8.84948715826824,5.90089658334518,10.3072443399692,9.3950309380975,7.32548480500538,8.7803171989736,9.55974425796762,8.76795095138927,9.8980368419616,10.2011633279372,10.8113577174076,8.79052735506655,7.29125972447246,8.9475185809814,8.58430426346476,9.10295137047351,GSM809213,Response
7.94333702110705,7.47385958522852,7.3052200352565,9.38033467961912,9.83652957075054,7.38720549255758,8.11190642048257,9.01439662698908,9.13678987751947,9.65868762264219,9.86696672654366,9.54399453612937,8.00543593847635,6.48680766028662,8.79773308258075,8.52821647558313,8.439203701829,GSM809215,Non_response
8.99560216675237,6.67005987191984,6.98093445454483,7.99294001802693,9.96076785415536,7.68975103106462,7.90773662057118,8.787330188658,10.9879439097091,9.27353135097138,10.0575920619108,9.55756261890701,8.40001989303706,7.01162422875126,9.08052203073866,8.24761802541168,7.97215654273918,GSM809216,Non_response
9.13759984819195,6.3434911689321,7.68181999318956,9.87505427220241,9.86001095309582,7.7276619161851,7.97554331922937,8.60451998629931,9.89670737431454,9.77899081537362,9.22579143162795,10.3508284227598,9.35997918253866,7.13089616137461,8.83840879370985,8.43613304319734,8.39956626778874,GSM809217,Non_response
7.88154356472095,6.69686794769761,6.44746558597169,10.9788660804674,10.0031037217377,7.51658399822897,6.09461815534577,8.44581251430342,10.0901632957104,9.73605844658158,9.04501560963597,9.5723790235849,8.16334487148519,6.59563364276007,9.08588613549736,8.35045389197125,8.10489575523594,GSM809218,Non_response
8.66687205390814,7.23765235361484,7.01907389687241,7.43301900613693,9.99551748554878,7.01503333841359,8.22617523697021,8.35842949875613,10.3335545093847,9.32314152033071,9.68542845002815,10.093413600271,8.56172018155529,6.69805134039292,8.54751832427573,8.03892981366512,7.7482376191066,GSM809219,Non_response
9.05320522920812,5.91837389636495,6.45402246950829,10.1178096166181,9.97435113386064,7.1736199641731,8.32050503235702,8.56864549268973,11.3073135790155,9.57067623081549,9.62572154091191,10.370731186219,8.24301944272341,6.93576149388399,9.23012937821693,8.09666918101635,8.29312752622287,GSM809222,Non_response
8.93561549366728,7.6070683872857,7.78569054987899,10.3315006531367,10.0509631087659,7.0142748313009,9.05643555248752,8.42559635020431,10.70993317396,8.94659672874602,10.2169457420929,9.80372531376767,7.8357798195951,6.89314656705193,9.01015677601318,7.90489353959413,9.01622086878299,GSM809223,Non_response
8.87668421736095,7.104190914754,6.57659346761537,10.2916251545477,10.4199900945516,7.4809753667997,6.92664583483458,8.18890944501959,9.92265894921086,8.99208253573727,9.98395728613731,9.56599776206868,7.67308831867845,6.87417557869747,8.66012672072651,8.30052521160571,8.32942838022799,GSM809228,Non_response
9.33676803941229,6.00976489565251,8.01862474905995,10.3115384413216,10.4788974689457,8.30549860503026,8.92496557898701,8.8121111508981,9.18881441687307,9.22878145907554,9.18467166713088,8.93843129833271,7.96638816589138,6.23263223401976,7.24687623261661,8.49180362103797,8.44040708545059,GSM809229,Response
8.52998426469269,7.63299915035966,6.39892622547741,7.46683243097327,10.2797615816718,7.60380189753224,8.30898975930015,8.44084867424953,10.0919949408719,9.4352486995555,9.5499416326066,10.0913060608646,8.55028360371424,6.66368125374848,8.63405745907986,8.38791493921773,8.56226737019762,GSM809233,Non_response
8.436096483125,7.40026859706713,6.73948396547757,10.5096665418874,9.91081101079243,7.21003836585429,7.24745427623455,8.17463405155493,9.81161060656876,9.91717442501865,9.44792267474415,10.3762789043847,7.91791385786801,6.24713475150927,8.68787822747813,8.56729877291072,8.67316099861121,GSM809234,Non_response
7.37315138769889,5.74890402864461,7.98084419644607,9.89086990641945,10.0143693593297,8.25108540142176,6.21418390581687,8.76616503205287,10.3168244697772,9.45230966345159,8.96071061468461,9.05032218626656,7.97012352766744,6.24980479097078,7.48455549491129,8.628594652726,7.86504669935765,GSM809235,Non_response
7.52707052384865,5.25411387305053,6.96602009191951,10.320674898913,9.84761780071203,7.33311272248518,6.49280853345445,8.14865862279372,9.87613651281675,9.74318002666126,9.06694050998933,8.89679244104217,7.93398394804337,6.2167632182488,9.55952195337179,8.59175545749098,8.19558250951152,GSM809240,Non_response
8.39384586862669,5.87966270783986,6.26192278061614,4.84950585464907,9.83997463909485,6.576280896901,8.80557917256817,8.27239264239572,8.56140045925873,10.4375060067235,8.6833430779861,9.1486792170594,7.85045957617156,6.24780652960241,9.90218197007626,8.48410544700971,8.60095832980713,GSM809241,Non_response
8.69682786162461,6.41263431180116,6.59080654918209,9.7338023147324,9.93750281103434,7.42044556570189,7.58539256184245,8.86861194714653,9.28789756045642,9.68145855540544,8.83088297853567,9.72797672798748,8.77331930415533,6.04394431176986,8.83337309055296,8.55273384127436,8.76767559223227,GSM809242,Non_response
9.08646295801824,5.75702146892301,6.5425503888066,9.56991586383472,9.6349430308253,7.35696035521989,7.4264845714691,8.42209397428788,10.0167691391595,9.92673566309796,8.85009252747407,10.0750132097222,8.42465854339088,7.50931700970768,8.87980247374612,8.54736203861776,8.99032069094909,GSM809243,Non_response
8.50590277433959,5.92010221513509,7.30245154632305,9.46168010035304,10.053421723717,7.54468333233905,4.70050229512805,9.12024389850861,10.1720539369733,9.72819073054031,9.10710164183354,10.5986686726409,8.57697189475498,6.74308741901479,8.90382728816711,8.6545418350766,8.52550346533994,GSM809244,Non_response
7.94834497517807,6.43202616393998,6.98092214342668,8.54326252894755,10.0619807000125,7.03922100789409,8.77922685207664,8.5423293350254,8.54427905664358,10.1655521801057,9.5404299534127,9.65554631526761,8.26805092004739,6.42842851010176,8.38023928807337,8.51124389554002,8.85519059387588,GSM809249,Non_response
8.46350138601779,5.9701609329437,6.34786996623662,10.1482129970562,10.0810901307839,7.97847244674071,8.22241764157691,8.86927162855279,9.86674555990336,10.2973294961826,8.52253879494395,9.21934808287399,8.23604755824333,6.44384681551285,7.65184151265164,8.53033212530792,8.57618928402564,GSM809250,Non_response
9.06097668604805,5.83108092741906,6.54915335328294,10.2866012786977,9.76955562937265,7.1524031511995,7.9359559155381,8.5301960738995,9.58757069803852,10.0014368848851,9.0166454793514,10.67976735634,7.82976503500822,6.92397110333299,9.29141875718028,8.38870119462814,8.98896676936664,GSM809252,Non_response
8.43336613059506,7.08868922085571,7.26029910216997,10.7211736278257,10.5633529151688,7.2449971207693,8.78571782653693,8.26496083949372,9.56130765147049,9.89207262583428,9.33263935010752,9.88156359909069,7.99677518478264,6.69648584386177,8.61155740150535,8.4508897827805,8.25184013916073,GSM809253,Response
9.71856810568771,4.76210020390964,8.00211575884212,4.14439283817679,9.56631423330561,7.47986700696096,5.41436184125084,8.97782567419684,9.79003533253704,10.1486232161814,8.92869515206907,9.92308235640466,8.66371791761688,7.28992001303506,8.68701711459817,8.25745323014778,9.83174488447688,GSM809254,Non_response
8.06593679431669,5.8622040469663,7.19817687248371,11.2729162060399,9.96778629667493,7.31058368024641,6.62393480818255,8.50533760362655,9.76635584343404,9.94003004786972,9.08194590292794,9.1922318682648,8.13689158774947,6.48439856111902,8.80246016534009,7.98022737119608,8.57784330701304,GSM809257,Non_response
9.27979203115751,7.40331518498571,7.20832684923203,9.15858262413706,10.4707389231733,7.5649752749879,6.43915659104598,8.86586052904212,10.6606671919438,9.17748698937439,9.24905673184416,10.5563133197154,8.9519020833931,6.42192096096988,8.6879154013192,8.15755912360047,8.66498687124194,GSM809258,Non_response
8.55982652176219,6.28336921987821,6.88010495134719,10.9007424834212,10.3168834804045,7.04760542618975,6.63419765456385,8.64821886462695,10.3032116066938,9.70152897430354,9.25195404575779,10.2663668785393,8.51661612871032,6.33409846703074,9.01023564786666,8.37767476448479,8.62520079522792,GSM809259,Non_response
9.28090968763049,6.03277257172929,7.06763247733539,9.26685287839302,10.3173559898713,7.37833615107059,6.07878035321099,8.73767929772662,11.2529726901613,9.56597758296238,8.98391896821263,10.2748558882749,8.7929019921948,6.64852385313962,9.11899810323002,7.98560379008898,8.61121485694401,GSM809260,Non_response
7.92283826074243,6.69598101195809,7.46837343879045,6.11821941351195,10.2417309790121,8.27990548584583,7.86479265964866,8.13817848163465,9.32673440873598,9.8695246085997,9.19827086822905,9.22341058298067,8.49330047262628,6.79933604060562,7.70993112146146,9.03088479329099,8.59540204432116,GSM809261,Non_response
8.39620518243179,6.31284799660265,7.55052637790566,11.2809265115166,10.2934327996382,7.37806913390856,6.03059807816712,8.55770388844397,10.3342450539145,9.63042908382856,9.04671158747768,9.86499660306428,8.49589364551324,6.01707225375078,8.90843454702291,8.54647188436474,8.1602777737692,GSM809262,Non_response
8.83187854630606,5.46739375734349,6.81175700487986,9.9802135583015,10.367541118835,7.78133013889022,6.36500551267866,8.6267425920109,11.1931221132188,9.60988067875176,9.06085196410205,9.38388263326327,8.60370527222677,6.281257504945,9.06973417152579,8.41771099603015,8.23350939885013,GSM809263,Non_response
8.37618875648259,6.78395486677407,6.70853119118407,6.58266199918647,9.91074282426781,6.76227227518031,9.16192455367961,8.31071902804444,9.17870705090043,9.86791185304081,9.38563102176961,9.64325776320755,7.89906000362725,7.13951041297977,7.94019820938167,8.51595465656088,9.11899439800175,GSM809265,Non_response
8.60985842529884,7.53975455227405,6.66258535953611,10.762847366289,10.4273152775289,7.55812619721429,7.66064058699397,8.66248788487614,10.4770387494769,9.46840858464516,9.37390533599257,9.84842926773322,8.52697851229418,6.24768514715651,8.62733086463824,8.32263025735309,8.71081125906575,GSM809268,Non_response
8.95713402503171,6.07953869852651,7.47450581551051,8.15991939602078,10.3044693196097,6.98046542569701,9.47836145778085,8.60970395837406,10.8267077521045,9.02253912396049,9.37722345523956,9.91532320014331,8.46819400574353,6.98709825850296,8.66719235988261,7.95649293240719,8.52237205515461,GSM809269,Non_response
8.89511917068824,9.24356244026351,6.62234986954242,11.0917229879798,10.0252585725798,7.3629064410522,7.80415802655031,8.6434401512223,9.21751441172075,9.97695890771054,9.66125205356854,9.16790212992575,8.39609346906052,6.22155041652439,9.36483834015301,8.49919654891817,9.36069732967974,GSM809270,Non_response
8.69846598797376,7.82268953611835,6.42823330848391,10.4484142720047,9.83657549733516,7.55391754624304,7.80854549961786,8.32503273450133,10.6068960083825,9.49586736258905,9.63771920530558,10.0991392081007,8.19507863551523,6.86117638216492,8.46386289386779,8.51248177933857,8.66354990480379,GSM809271,Response
9.12804051452402,7.19574685857229,6.36756095889313,10.1827353043568,10.4948579065865,7.27084990740704,7.30871712884704,8.54234126965763,10.9068567447228,9.69564436087473,9.36494170326446,10.2058503827218,8.6406637246173,6.442808060059,8.99241017623501,7.8445319683621,8.95338239512357,GSM809275,Non_response
9.03933685889675,5.81643923539336,7.40026117059687,11.0951539935959,10.1407784857522,7.26627661339274,7.93090530446106,8.21282068870348,10.1537046811278,10.0470048091207,9.10170952021956,9.48352825328175,8.68507956698398,6.71268534430222,8.84068361395722,8.10258103255939,8.63317806840243,GSM809279,Non_response
8.45182988982597,6.24649295430294,6.77082286033694,11.7696447927342,10.0783045866868,6.72487172849701,7.14312959040087,8.41530185990163,9.3798125437655,10.0965533845664,9.15582895869556,9.46118515476734,8.30585425691078,5.96628570824894,9.82977321634602,8.45508253371392,8.56795250129285,GSM809283,Non_response
8.85629742135192,7.15552887861454,8.04040249903274,9.17680000777144,10.32032876348,7.21779610673666,8.84185192412961,7.90800530416005,10.3084078350746,9.425741653229,8.99541747218907,9.88549738178923,8.39042302813195,6.56583820855445,8.77584533452806,8.38870119462814,9.01383177296446,GSM809284,Non_response
8.785533576668,5.09173735573526,7.29561348678767,6.80775352929347,10.640421528551,7.34550178849253,7.58965480526909,8.62072240882643,10.2316752288087,9.80310636757621,8.69536307121122,10.4733724931583,8.48436818821568,6.31451522982613,9.13089830594106,8.42811876888956,8.88241036742192,GSM809285,Non_response
8.7329185893976,6.11309096426308,6.86748294809752,10.4717906772964,9.5225561962808,6.69595728593577,8.21947441758064,8.85533082571475,10.1549155083689,10.1140112405777,9.08000661397592,9.53957258357405,7.83054789557464,6.0823820961671,10.1616926055602,8.62123034065672,9.43950458032568,GSM809286,Non_response
8.84511684806335,5.35799291845843,7.53771620809093,10.292719941403,10.3838570340697,7.55443692918981,9.17043166557879,9.5136359702507,8.9051889975598,9.60541453514953,9.15053118767623,8.84880708142992,9.29344987866248,6.9532112890618,8.32005557527837,9.06153983263557,7.65841524861975,GSM809287,Non_response
9.18419116903766,6.18645894326354,7.43155394879517,10.1207944725912,9.61144502025179,7.6014166447347,7.19032001656597,8.93797548173915,10.5692104399931,9.97926688439724,8.83801071561525,10.070766064633,8.41988704424309,7.08850230925277,9.13332253042569,8.16796192932821,9.15433157420367,GSM809288,Non_response
9.26493408816983,6.92851977993746,7.95613076856333,11.4124469407913,9.46684624492794,6.79584500476335,8.00115201769274,8.4474671844927,10.0161307945229,9.9637385231622,9.41096554945219,9.92756024978699,8.18430475219651,7.42719044217191,9.85393511425194,8.6453182804728,9.27806087109064,GSM809289,Response
8.24183496535627,6.39548135023335,5.82976319700407,9.82007620147857,8.8302965358831,6.64885520150331,7.86841120576896,8.62733120785426,8.64865510559224,10.4721369009669,9.1398662572375,9.14147227707998,8.02054602543524,6.90892657874521,10.022650389974,8.65865737811592,9.31235059196163,GSM809290,Non_response
9.2890017902745,6.34627702479672,6.73919726404347,10.1977833865009,9.44629429864878,6.82663327223009,8.59903851030107,8.93272836670106,9.05183463128373,10.2895204318322,8.7931252247815,9.26800176375122,8.01574961362505,6.80785131460492,10.3986282894292,8.62796681106739,9.47336354587003,GSM809291,Non_response
9.08429764828012,6.89255370704974,7.53143030018847,11.2748341719267,9.61523562551001,7.36237924727848,7.42086546564118,8.69868435754895,10.0506562178155,10.0838808895277,9.72330876257898,10.1812134825479,8.30587365151724,6.82473254977194,9.74080118238182,8.44631849470552,8.98757941083957,GSM809292,Non_response
9.01892006921572,6.00507003463763,7.71081969549009,11.4762652153786,9.38075499589256,7.58406206336434,7.56399325142981,8.60263033256744,10.2242529667758,9.91043025114675,9.01310457842031,9.57537142968039,8.22306142083781,7.12907170196934,10.0686725386065,8.80257496994255,9.19377607570783,GSM809293,Non_response
9.05444317121581,5.13736678683165,7.6252305349633,10.9004903042251,10.0177375796569,7.37366822861853,6.63562433527637,8.43884734896009,9.92156470015497,9.71167127837142,8.8568584143836,9.35314205695776,8.59492447033334,6.29097186932353,10.0249737902283,8.28929571489469,8.54317881629867,GSM809296,Non_response
8.81429811130236,5.63113504574484,6.2970380353614,11.717233159147,10.3505886599949,7.38130181497142,6.97913038782927,8.208832238126,10.706981689808,9.69578772910493,9.42965570385049,10.0451089952104,8.72938631072764,6.42171860439526,9.30525176799159,8.32635444108468,8.97464343991117,GSM809297,Non_response
8.93686027370856,7.93915031540851,6.82512836690106,10.4594818205573,10.3739096083551,7.82599685241953,7.55589457368132,8.51664932049537,9.85304677468977,9.92957951493223,9.50391400194537,10.438469247638,8.21496991163924,6.47290250857514,8.6624872858033,8.41991040118654,8.51778820945935,GSM809298,Response
6.40308895,4.097337636,4.192431482,4.177423537,5.261508407,3.471835977,4.011906641,3.990064003,4.337752739,5.361256762,6.351958211,7.918204749,4.437097896,5.400767375,5.022393242,4.458506361,5.017703358,GSM508100,Non_response
7.522256616,3.656795973,4.074578126,3.798478956,4.894221629,3.683819253,3.821041264,4.120500499,4.979136149,6.044526731,5.957179827,9.120181698,4.187339324,6.415805671,5.322303045,5.789212335,5.415951708,GSM508102,Non_response
6.678241016,4.073012905,4.148159699,4.687222012,5.270412949,3.638660728,4.718633334,3.696072792,4.299697686,5.747494459,5.747494459,7.509401303,4.186195744,6.227041897,5.729336664,4.805358571,5.105680665,GSM508103,Non_response
6.933985175,4.0743088,4.117862814,6.95278678,5.016130352,3.541655515,3.571186239,3.879504368,5.135507134,6.12935786,6.048287964,8.582818065,4.016725089,5.756915889,7.44951259,4.922089942,5.126358392,GSM508104,Response
7.389858263,3.725155756,5.013034054,7.706800804,5.052655356,3.750371536,5.6126615,3.846987407,4.140663251,5.843881683,5.639371583,7.427649133,4.072450137,5.991264125,5.415908619,6.338398575,5.13484878,GSM508105,Response
6.949618326,4.083444261,3.983500546,4.06926067,5.111002238,3.58478982,4.125941194,4.653869599,4.40779777,5.630850944,6.166857552,8.950307156,4.08801309,6.556993944,5.956543274,5.010347673,4.906649164,GSM508106,Non_response
6.465503152,3.819857751,4.032752991,4.095243411,5.359058031,3.357025298,4.271037742,3.827371834,3.738929114,5.568638728,5.339628297,6.651063827,4.046994606,4.522141274,5.262695984,4.666227881,4.762213998,GSM508107,Non_response
6.259543967,3.769153558,4.048344313,5.618129757,5.525702554,3.354656422,3.372362482,3.681581352,4.44119328,5.09293705,5.416516155,6.385558383,3.873936114,4.590539725,5.342160288,4.24744924,4.850600134,GSM508108,Non_response
6.974792821,3.987787343,4.135686048,7.07318321,5.172520584,3.559592915,4.059586948,3.877119408,4.689361761,5.91623583,6.236871249,8.596216133,4.197768142,6.336608225,5.665634648,5.016651688,5.043331643,GSM508109,Non_response
7.837016995,3.878864348,4.352843927,4.724131252,4.690613136,3.585927319,4.604150406,3.871413315,5.19506352,5.760280471,5.906455309,8.615799648,4.059693005,6.42306236,6.334527178,5.003214764,5.672305776,GSM508111,Non_response
7.029517849,3.706831808,4.151114462,7.152283578,5.060787235,3.730023556,5.012718223,3.750736792,4.567561114,6.143532917,6.527569759,7.758183183,3.650526817,5.829744135,5.265727548,5.571329868,5.781828003,GSM508112,Non_response
8.234560832,3.760276039,4.886539736,7.19848875,4.882931117,3.520458832,6.373176493,3.85682075,4.50811186,5.970200958,5.925858322,6.712796573,3.65294465,6.489931518,7.100643147,5.310919924,6.740677612,GSM508113,Non_response
6.691522172,4.087096648,4.592827187,4.787921017,5.292991093,3.551859236,3.907098501,3.829418932,4.054394064,5.376146149,6.252118246,7.918765527,4.309640773,6.005634472,5.253365195,4.243448624,5.249858774,GSM508114,Response
6.790638108,4.595241082,4.057752859,3.691504004,5.079828645,3.782469951,5.037718599,4.33091844,3.820059446,5.591996637,7.083636448,10.41790645,4.040221021,6.098125717,5.845613913,5.014747744,4.889961011,GSM508115,Response
8.245339858,3.79510862,5.550670554,8.334280522,4.791728028,3.819670179,6.741930451,4.277969459,4.804181076,6.333928668,5.733329643,6.934865564,3.880911931,7.351181065,8.183419561,6.45469402,6.51980771,GSM508116,Response
5.895936923,4.153369122,4.1572592,5.126343053,4.943928468,3.554984344,4.561811186,4.034172108,3.959638217,6.011729232,5.853188189,7.402142165,4.092674262,6.142270742,4.940614308,4.997313632,4.971576308,GSM508117,Non_response
6.814747615,3.889941034,4.662343402,4.228772618,5.190663435,3.391802751,4.973954894,3.590681764,4.374838158,5.450195916,6.197357625,7.442209255,3.941988622,5.566983434,5.093294911,4.415052831,6.081902484,GSM508118,Non_response
7.262381702,3.905466215,4.41905473,6.441423653,4.851285116,3.543186885,5.343871927,3.625718996,3.82790775,5.535578561,6.20307479,7.033196148,3.885189672,6.401836207,4.874946244,5.28318054,5.827829322,GSM508119,Non_response
7.170935724,3.553093825,5.384496668,3.668029995,5.119093657,3.529058432,5.050293444,4.50387443,3.638012289,6.051694361,5.16288739,5.766927239,3.679993681,4.997306176,4.393006655,5.602588735,6.233159324,GSM508120,Non_response
7.584418573,3.462112675,4.15639962,3.887762444,4.758761911,3.701221484,4.5564094,4.241627079,3.780309316,5.937656881,5.819579706,6.109288577,3.812208832,5.908688217,4.792903082,7.401959396,6.47399126,GSM508121,Non_response
6.693013744,3.634843302,3.609408329,6.395266746,5.14045297,3.576606533,4.327027287,4.992252244,4.814541698,5.275111427,4.38086233,6.866706131,4.096747441,5.565473476,5.552713776,5.647298391,6.238966761,GSM508122,Non_response
6.610631822,3.98800272,3.743939601,5.023036344,4.988362615,3.406677678,3.784635109,3.921235513,4.406959612,5.575761908,5.898786604,6.948392804,4.125905919,5.664040634,5.441741347,4.297560286,4.732200661,GSM508123,Non_response
7.351494721,3.542281244,4.25861952,6.398322316,4.71862685,3.582034868,4.488233671,4.065099629,4.907790611,6.710607247,5.404458987,6.972776051,4.096335425,5.690177289,5.956971861,5.887273773,5.49678672,GSM508124,Non_response
6.316938747,4.151848448,3.871907498,4.329783812,5.303245862,3.289673871,4.242460694,3.820132516,4.034587683,5.693979842,6.038886507,7.892022588,4.271057133,5.712328122,4.943791286,4.441295407,4.77685979,GSM508126,Non_response
6.962784992,3.550291629,4.203415549,3.735469948,5.179389825,3.52971891,5.828247758,3.797292203,3.712395331,6.239317601,5.861305478,5.988105605,4.201719346,6.291481855,4.201596355,6.033363489,5.533620126,GSM508127,Non_response
6.966086473,3.543824348,3.865997486,4.048767336,4.980712184,3.682719754,3.355947316,3.879446403,4.441500861,7.045967432,4.951227639,6.974952002,3.968308006,5.579058502,4.840026219,6.330429307,5.446482228,GSM508128,Non_response
7.65243511,4.885076606,4.141407268,3.986239927,4.877654271,3.648647128,4.290139829,3.734699805,4.043553227,6.305764305,6.428850374,9.8080476,3.799552615,5.127510424,4.933881642,6.34308857,5.547159287,GSM508130,Non_response
8.678770408,4.129248104,4.368278754,6.087477687,5.195074718,3.595725351,3.978022727,3.848429761,4.126639501,5.644844409,6.338950122,6.83573886,4.433483544,6.224309483,6.644346106,4.672954647,4.943142931,GSM508131,Non_response
6.371046739,3.9908271,4.198008108,4.567082025,5.258818002,3.270851991,4.184111948,3.657357998,4.136151566,5.517612172,5.872576224,6.407329213,4.094637976,5.589690808,5.462562386,4.42165609,5.085159989,GSM508132,Non_response
6.471717465,4.297191986,4.205457008,5.153178419,5.574608971,3.361137586,4.040176795,3.763794957,4.049402672,5.281081386,6.363437311,6.98101906,4.261297272,5.703961587,5.294081916,4.133957706,4.934534217,GSM508134,Non_response
7.324500538,3.43040147,4.160697474,4.900257986,4.672388288,3.539075327,5.136397435,3.908249781,4.448428401,5.629244634,5.242792173,7.693811461,3.722353498,4.840190392,4.522245347,5.479670708,6.197641122,GSM508135,Non_response
6.442565557,3.770942834,4.477208794,5.134445584,5.009163977,3.523460603,4.683294109,3.852892556,3.810496708,5.419910087,6.082202698,7.426523175,3.928428959,5.648915687,4.951051335,5.590591004,4.928266524,GSM508136,Non_response
7.630431414,3.904616217,4.722308029,7.613134636,5.088839024,3.624738783,5.07302119,3.94808118,3.874163968,5.99952094,5.94258245,6.376467425,3.796343268,6.653162335,4.604814423,5.42492046,5.403693266,GSM508137,Response
6.680043379,4.791901889,4.564038869,6.293815208,4.80606975,3.464449565,6.480846641,3.754249838,3.886193981,5.620399672,5.993112245,7.760456492,4.11548616,6.380140828,4.599663998,5.273216198,5.33422215,GSM508138,Response
6.601147044,4.28983278,4.162720186,4.772305803,5.230033089,3.441797969,3.915292197,3.953068608,4.168118433,5.253183167,6.127196751,7.068004393,4.292853442,5.548559143,5.416445108,4.496002241,5.345028284,GSM508139,Non_response
6.706559775,3.864724153,4.072903612,3.914137616,5.17335039,3.480692338,3.701385006,3.810939052,4.436390906,5.105431772,5.792775684,7.751376687,4.14367712,6.080287381,5.185315316,4.799267178,5.087107775,GSM508140,Non_response
6.545942259,3.947842638,4.061362496,5.352927805,5.238184367,3.528751191,5.15577112,3.753893141,4.427035762,5.76262812,5.790524921,7.43791122,4.131482076,6.048863764,5.142436901,4.428844661,5.028168143,GSM508141,Non_response
6.585672583,4.199880149,4.227017234,4.522463729,5.025722463,3.619451349,4.598558806,4.006642969,4.390423375,5.48754001,5.993502699,6.687027063,4.126525755,5.635422213,5.025521972,4.482640196,4.912928244,GSM508142,Non_response
6.385214676,4.006115849,4.203253808,6.454079707,5.048880912,6.132100025,3.862157913,4.032554377,3.536164974,6.250216432,5.435955612,6.643263624,4.188319241,5.617921266,4.958791897,5.454651871,5.177553341,GSM508143,Non_response
6.694628115,3.931643761,4.296302993,4.876939707,5.411616473,3.50262579,4.472921975,3.792351408,4.088034213,5.573650258,6.461632377,7.041983602,4.121118706,6.273565906,5.723441175,4.48661431,5.59042682,GSM508144,Non_response
7.63757493,3.735013139,4.556011388,3.921289092,4.986441718,3.715163961,5.351643105,4.160010361,3.349657868,6.178909792,5.716081381,6.523107976,4.010388198,5.714590612,6.063303105,5.789148486,5.17231603,GSM508145,Non_response
7.232564713,4.157697958,4.355022516,5.440035443,5.103259017,3.487215898,4.471488902,3.686311862,4.334340502,5.350037705,5.818431348,8.348418812,3.903784483,5.631682663,5.191974877,5.108790185,5.822298589,GSM508146,Non_response
7.67754054,4.083248839,4.653902666,7.034902686,5.242629868,3.363468424,4.770593969,3.680392749,6.26572167,5.313311578,6.172204507,6.180578881,3.751192103,5.970274738,5.638997877,5.80293078,6.258432716,GSM508147,Non_response
6.708266381,4.166523132,4.813098556,6.804422544,4.992426683,3.550892681,5.347929652,4.025843794,3.661067407,5.718517653,6.080077558,6.516299776,4.334047642,6.539136203,4.907592862,5.235754826,5.290002718,GSM508148,Non_response
7.228661268,3.93835916,4.500749538,7.585628022,4.969679889,3.479427899,4.975753694,3.860671357,4.255485052,5.78519952,5.371584884,7.062967611,3.923286599,5.817235383,5.058032728,5.634337692,4.818972624,GSM508149,Response
6.813313721,4.06769923,4.202921794,6.58351674,5.161542687,3.412266708,5.009508215,4.042661803,3.928868628,5.519339978,5.985450506,7.494003432,3.837623302,5.613706049,4.831003666,4.872884917,5.153924965,GSM508151,Response
6.989789221,3.874537723,4.519947943,5.423583943,4.937937944,3.483267754,4.980130297,3.79212479,4.829914007,5.440745898,6.128254216,7.706532741,4.005871275,5.914017861,5.470614007,5.01809384,6.136671465,GSM508152,Response
6.461844821,3.881174796,4.342630272,6.852683304,5.24279062,3.341084443,6.198554817,3.706652582,4.224745837,6.064314647,5.609996759,6.627224168,3.929231666,6.638224577,5.418912074,4.509874728,5.73337026,GSM508153,Non_response
7.280564037,3.907197474,4.25336859,7.198108386,4.877191378,3.497689909,4.854775406,3.696794267,4.264858184,5.485889925,5.673767664,7.392538603,4.043123539,6.190469752,5.297707354,5.012223675,5.023131835,GSM508154,Non_response
6.143321971,4.119277978,4.274412835,4.284821907,5.51956591,3.599837837,4.081359454,3.74776171,4.131759198,6.046814463,6.41044067,7.622494815,4.359611936,6.129270979,5.249013131,4.928783239,4.847333261,GSM508155,Non_response
7.878120611,4.036399303,4.222244902,5.787037257,5.047437321,3.325708785,5.433873025,3.869428725,3.8540724,5.46169857,5.745724018,6.434851313,3.872482899,6.763150448,4.808950254,5.017350002,5.643698804,GSM508156,Non_response
6.9405879,3.91000472,4.500573775,6.090733073,5.06920725,3.320687563,5.421426792,3.971649818,3.865592543,5.331191937,5.756097159,6.367815213,4.18489252,6.312433,4.799231809,4.669965864,5.957337579,GSM508157,Non_response
7.298019515,4.077312404,4.360936276,4.431465675,5.191194634,3.406963944,4.294307423,3.625754747,4.008969412,5.212347818,6.320666651,7.25549646,4.058134878,5.876612517,7.247727246,4.32368222,6.346899861,GSM508158,Non_response
7.008759608,3.86011187,5.631638537,6.069166736,4.906492028,3.640935271,6.107450585,3.726275747,3.869783725,5.486678569,6.462871051,10.65450713,3.860817898,5.918531239,6.160122526,5.198596177,7.624633547,GSM508160,Non_response
6.8809854,4.044092435,4.505693466,5.341006913,5.332585474,3.541450762,4.446458857,3.772765337,4.395183112,5.317694734,6.129927123,6.996668049,4.158761442,5.270981584,5.106129623,4.567966556,5.45800109,GSM508161,Non_response
6.975438455,3.886685591,4.87380443,7.745132377,5.095887895,3.609895348,5.66199272,3.628437064,4.069570349,5.830412967,5.884231471,6.809191343,3.94484307,5.967622662,6.333808566,6.005671191,5.518922892,GSM508162,Non_response
7.810214219,3.354116516,4.478839252,4.804381472,4.669977712,3.438831847,6.293994798,4.440214713,4.463983335,5.332501219,5.404221864,6.582699402,3.844593248,6.82858378,5.175222543,6.430753916,6.087736152,GSM508163,Non_response
6.610336962,4.494985754,4.613182985,6.304137485,4.967501746,3.549893298,4.823023127,4.015995934,4.790381485,5.871729476,6.382530423,8.563408032,4.204530265,6.008343591,5.559972621,4.853712395,5.76217942,GSM508164,Response
7.643321039,3.75644042,4.277895671,4.753826403,5.042734936,3.479343365,3.909573439,4.001787173,5.096855865,5.51431491,6.717336024,8.418396816,4.023812634,5.775483573,6.062893957,4.837127493,5.616438603,GSM508165,Response
6.714753118,3.698438297,3.991571204,6.105180018,4.828658576,3.65567048,4.541968029,3.9922368,4.639788367,6.040832604,5.948057506,8.095346895,3.905357051,6.377406222,5.530265995,5.26124334,5.704121472,GSM508166,Non_response
6.447943745,3.791286784,4.098944797,4.065880131,4.452381599,4.784125855,5.003683494,4.12804375,4.88112091,6.247781043,6.312312462,6.986618196,4.745835158,6.71082154,5.507200119,6.766651307,5.216306502,GSM508168,Non_response
6.603005584,3.940920905,4.438287583,4.755416343,4.978042265,3.431647759,4.352786233,3.642157049,4.281522668,5.937581284,6.046026735,8.245092357,3.966981451,5.948505,4.880320733,4.358138509,5.769525604,GSM508169,Non_response
6.404440925,4.250072064,4.107550537,5.077946788,5.395188419,3.388625257,4.046388023,3.722590464,4.421846899,5.302509138,5.971526377,7.154954935,4.127923128,5.344767344,5.81333983,4.421509786,5.135525785,GSM508170,Response
6.998440128,4.060049255,4.24202775,5.224773263,4.945843235,3.41546262,5.523257186,3.916489862,3.958750696,5.089501312,5.743284741,7.413675546,3.84771011,5.936586602,4.522727282,5.317943248,5.734036588,GSM508171,Response
7.040442326,3.576695503,4.672051343,3.704375068,4.418445497,3.453974579,5.841347314,3.876975037,4.121610758,5.184316941,5.160223583,6.61127993,3.993619644,5.906333916,4.47948931,5.450733021,5.862506132,GSM508172,Non_response
6.474029691,4.033276243,4.36138614,4.675185513,5.055128205,3.468809167,4.728160068,3.906628706,4.579575229,5.03255729,6.117398662,7.447992053,3.88351796,5.888707982,5.149547635,5.024898196,6.050716614,GSM508173,Response
8.7953078,3.918870511,5.647714132,7.020661341,5.137357149,3.389178305,4.904637693,3.861207152,4.040945108,5.675709889,6.874201718,6.912497594,4.103633419,6.952253307,4.971951685,5.004493849,6.285299896,GSM508174,Response
6.740774219,4.002684344,3.956006046,5.600237966,4.96111656,3.498192058,3.722083207,3.795254454,4.179690256,5.430044313,5.526908824,7.151862996,3.936533861,5.006715632,4.541013404,4.456404564,5.363543964,GSM508175,Non_response
6.828479917,3.763446838,4.33505761,5.345226599,4.670066996,3.459231911,5.35625993,3.986362857,3.965316936,5.668215065,6.115397018,7.316238697,4.160993948,5.764979025,5.111133462,4.624863274,6.008041685,GSM508176,Non_response
8.128698015,3.678504108,4.209487373,4.154105321,4.932782192,3.526882714,5.041727813,3.976572554,4.972756807,6.112289641,5.615011513,8.313922262,4.090795107,6.45096886,5.417118016,5.366740336,5.140460535,GSM508177,Non_response
7.734516268,3.915627384,4.467010826,4.878735348,5.041377872,3.617254685,5.154885412,3.704916081,4.056929283,5.310688376,6.144297295,7.062868477,3.807609016,5.475698683,4.911837338,5.328380712,5.460469775,GSM508178,Non_response
7.251456868,3.545756981,3.797381221,6.422672507,4.705814463,3.767827934,3.898106901,4.106310887,4.655137347,6.070261939,5.882477216,9.620202641,3.987916221,6.520824314,6.421067163,5.520188972,5.643307365,GSM508179,Response
6.635055852,3.804267541,3.708910832,6.10401709,4.979298822,3.437313059,4.09523434,3.839064572,3.98969495,5.734513369,5.615620467,6.958446203,4.056784672,5.964291221,4.96962003,4.737059533,5.398409161,GSM508180,Non_response
7.27216677,3.804106996,4.410521222,4.713209366,5.226446341,3.444989193,6.864992787,4.014110446,4.184561745,5.507595969,5.610362994,6.634573637,4.003055895,5.691097831,4.930843611,5.23196624,5.3162574,GSM508181,Non_response
7.122736906,4.014052181,4.110917347,3.988812943,5.022417603,3.493294961,4.901767449,3.896364555,4.507161316,5.069223036,6.059283426,7.61641526,3.989468828,5.521803405,5.271169677,4.448133017,5.252719646,GSM508182,Non_response
7.247624121,4.242713435,4.268719431,5.177921344,4.973355816,3.721163452,5.160688597,3.85655709,4.954597107,5.666980876,6.111750468,8.056118063,4.247508233,6.619964612,5.860670164,5.06753808,6.666541414,GSM508183,Non_response
6.472264441,3.79454344,4.038739613,5.752822332,4.85547513,3.658268792,4.187019093,3.801352536,4.366534958,5.18732531,5.699328973,7.32361129,3.911388916,4.769955962,5.096560209,5.176111718,4.991751563,GSM508184,Non_response
6.379817882,3.792400337,3.838875824,6.936364732,4.858551865,3.914844852,4.156156778,4.050620851,4.161907558,6.241263551,5.691953191,6.340860383,4.055135753,6.287547536,4.812994415,6.240810562,5.180611827,GSM508186,Non_response
6.285931708,4.247331206,4.331338355,4.058749574,5.413732352,3.508078119,5.021783553,3.737867646,3.829428815,5.669031815,5.799636992,6.846592484,4.30033923,5.330450613,4.969969676,4.635025724,5.067056957,GSM508189,Non_response
6.50124923316567,3.62093766391539,4.01983868981956,3.95575992167177,5.11917800104535,3.33387468153268,4.4501842396814,3.66342777021904,4.37356035488792,4.99103387051126,5.7529746527325,7.49726804565329,3.59939816351501,5.15251185025009,5.60773265616738,4.51332091416644,5.37694687466751,GSM1050577,Non_response
7.04516624123027,3.99984107649709,4.73234060450846,6.43277788896807,4.95936803601221,3.62796525188052,6.74008775215569,3.54510068654154,4.00133491788599,5.07237747582524,6.22826840504908,7.69017895469201,3.8735801947386,6.97541070868546,5.5955826212854,6.41902635365155,6.71115024256232,GSM1050578,Response
5.59625601988962,3.74294232854784,4.06731834005504,4.19862525798473,4.89878699542305,3.5427076110378,5.53147447627214,3.99416993404219,3.64072727421346,5.74147412667858,5.77310562043797,7.04549714503368,3.87596430338082,5.67434801972406,4.33040044057557,4.78840448013099,5.60531349461686,GSM1050579,Non_response
6.18912714958813,3.91934891083792,4.2547003750765,4.81952671883963,4.94225771230752,3.32839984185222,6.08301829345218,3.77568942997866,3.83831590742676,5.3697601369303,5.57502455068042,6.9704876081188,3.70634029237417,6.54604994276179,4.72145140657461,4.39990109943933,5.11222818952161,GSM1050580,Response
5.85394030943775,4.00884953565747,4.3334695039096,6.50362581073456,5.12367736139548,3.47290258695556,5.55749982114754,3.54900937690202,3.59456656720007,5.3539450586456,6.23125773594671,6.83863291665934,3.67550056782667,4.59466412407675,4.56596831845408,5.17765955249984,5.59916047217244,GSM1050581,Non_response
5.91538447646901,3.98635212535141,4.32274285002951,4.89302568230309,5.45095374418686,3.38602619558251,5.33097846587141,3.74459329000606,4.06445969685412,5.13768117425478,6.21231131142298,7.20355742966185,3.73106511261633,5.99847169973987,4.60696276222872,4.31079070302672,4.94588140545919,GSM1050582,Response
5.84312055899822,3.90478770762723,4.38822809042509,5.23363544002504,4.89307658707289,3.6585914659214,5.50754472825099,3.67194623736678,3.70598410861796,5.66584516180459,5.99193724671831,6.75849346093631,4.04426204805175,5.69974596979698,4.88376279577629,4.85848633424335,4.95819040222576,GSM1050583,Non_response
6.27443358527032,3.80981075479455,4.40118354777657,5.91393851664245,4.90304974506615,3.57732017299989,5.88489931929896,3.71986161074202,3.946853138696,5.68637045457027,5.69822292234819,7.78880856567334,3.87668746034366,5.93305063156319,5.84449781089258,5.04319357740619,5.21173743906845,GSM1050584,Response
6.61042679533758,3.90002297070444,3.91264297896923,6.41409709633938,4.73374927771313,3.34181935477863,4.22650033187951,3.86808728593591,3.77575250583931,5.94554308702303,5.29576120987084,7.39826917627266,3.40777696311506,4.98417803172256,4.34327845401828,5.68567918637788,4.88731471559526,GSM1050585,Non_response
7.52733591412619,3.9744571188808,4.80948860790052,7.1227416810999,5.02729664314152,3.41956435795839,6.53918633031061,3.83595770763558,5.25344531811295,5.21993681716368,5.92969848384267,6.97613144966494,3.83618191857607,5.86315856920953,7.45771351718344,4.58933247206859,5.76099008126719,GSM1050586,Response
6.22715820324375,3.99814002628405,4.219501284628,7.68047051150226,5.09455149508442,3.56215245404681,5.25024626637805,3.86524364832838,3.91096173306711,4.78528680219779,6.04246876833608,7.62985312546665,4.45638132884198,6.16673956246511,5.26986765832472,4.34103152809203,5.59947605322246,GSM1050587,Non_response
7.6769058119265,3.72048117840037,5.00957080256374,5.07636678526329,4.97876451104633,3.5381433797608,5.64904812732565,3.51639669503438,4.47394723795673,4.96649085890065,6.044009672403,6.93895783457286,3.60478923898864,6.01085703774213,4.49038104500008,5.53562060739892,7.11702715388733,GSM1050588,Response
6.35076362766198,3.99211284095386,4.32654395511174,7.37539797932182,4.77724349039196,3.54206695878529,5.75707082355249,3.50430322536909,3.80196017571554,4.88656123622131,6.58867923851728,6.5999693558042,3.76417594003444,7.40327996341484,5.37820195567647,5.30287853592654,6.15809133733309,GSM1050589,Non_response
6.42165345452521,3.89241574959206,4.56829382013886,6.06672194383439,4.94588411749112,3.47111685382202,5.46793254902435,3.55348750850767,3.82260486029938,4.85648952461423,6.17723210684362,7.29837495171329,3.77868167188127,5.20733090843378,4.5008473102596,4.61875663770239,6.8224634821101,GSM1050590,Non_response
6.37952632555016,3.92130865464913,4.08677232468109,5.08258187648751,5.19852112168485,3.4719999302047,5.07592166495986,3.68342875936688,4.43252983833274,5.14106114996313,6.17941999932197,8.27245062433111,3.59866842381537,5.64948699204288,4.91183558745259,4.44471331758882,5.57469529874288,GSM1050591,Non_response
5.85142672967203,3.86015113600324,3.97142970809985,4.71662365143814,4.73270247251768,4.73090463488757,5.51046641845697,3.97058130644145,3.94946620690084,5.95882213413744,5.45269782063008,6.37112672005378,3.75576128227816,6.38616983871155,5.97434347795214,5.66766055925202,5.7513785840714,GSM1050592,Non_response
6.19731387201651,4.21146467829135,4.32138201459346,7.31058370259402,5.08383456988959,3.66766126857214,5.89480102695897,3.90567322614863,3.5396450629922,5.14109302708787,5.69205404747565,6.69409909996906,4.03630412562056,5.93376408087723,9.12646972421117,5.88058259664957,5.36818048036832,GSM1050593,Response
5.82867593716438,3.90131145762492,3.99937071374309,7.68049365522748,4.68821753840237,3.82057624653627,5.40264039704405,4.13059825346298,4.90357241315086,5.91906494845755,5.88316165175271,7.30405765908542,3.75339617334348,6.16779041171793,4.6134619665732,4.79666460441501,5.29938079767087,GSM1050594,Non_response
6.07686032569047,4.12204914361306,4.01388404599871,5.81437705409724,4.92359823083412,3.48246965857798,4.48034180227195,3.75599254164643,4.84693198191992,5.86801933421119,6.00241996900738,7.1207182884766,3.79914503590141,5.45665275913653,4.81568709968802,4.42544429912193,5.17777587533303,GSM1050595,Non_response
7.41453584331778,3.90090366027271,4.81400905503339,7.11497358464325,5.00112100588582,3.44372483196875,5.97277896945695,3.81671957237154,5.86287804886201,5.13436787727477,6.07407814129324,6.56702649761561,3.73279601829691,6.73943572242771,5.27871242106293,4.61255546005561,7.05702748537248,GSM1050596,Non_response
5.65308631526322,3.94232394321281,4.01480578722522,6.07074773459719,4.84663632260886,3.77422971539828,5.06397458689144,3.7318279365947,3.95989990676593,6.12596606825167,5.99757341657121,6.61778606975675,3.95104657748492,5.46485624113701,4.99535862442448,5.12833177482932,4.9720522886186,GSM1050597,Non_response
7.03814254823133,4.59608955015335,4.41786526591368,4.57444112188467,5.11001018393682,3.3431837331421,4.60661551302584,3.43523148191794,4.21454366723305,4.88133849065516,6.28566192725574,7.05284589782122,4.15508587025268,5.36101030572959,5.05013060976324,4.47302877489955,5.73970645563188,GSM1050598,Response
5.63891077477916,3.9411269750528,3.79760943896954,5.66512277270171,4.86583593144717,3.53377286022633,5.60421612259012,3.65818490061287,4.05235083692225,5.31900654454941,6.28093756904952,7.33900333376835,3.62751288594272,5.59675173885678,4.75755913760465,4.90383190638213,5.59675702532644,GSM1050599,Non_response
6.31292885023317,4.17613589686641,4.1960882883283,7.30854101834773,4.79341998035873,3.55634182950965,6.42034225807765,3.75921156287542,3.80648350888173,5.86400441484649,6.00980793054808,6.60430012111607,3.77569069242858,6.2759159411479,4.26390676759733,5.1261836836745,5.33177456057326,GSM1050600,Response
6.13689914238631,4.12853929806384,4.04521480196641,4.56814788302589,5.36891556042846,3.49139477262356,4.29396804946307,3.59553625556592,3.88006368726848,4.9631869428384,6.09961731814447,7.263293799922,4.01146533591417,5.46658057234723,5.54725605623352,4.34691511023717,4.92408103413713,GSM1050601,Non_response
6.97382799890099,3.80952675842293,4.66592173752258,3.85454430177609,5.01752826233738,3.3406284042645,5.40215846747733,3.56472674487415,3.77521026419508,5.02088570234129,5.40265911514395,6.46098039936431,3.6295161653949,5.37147788540887,4.54681590561294,4.5506234677079,7.68458733439337,GSM1050602,Non_response
6.47720020339742,4.05557849042787,4.17434849370893,4.03698901875485,5.05369677303311,3.44923463339286,5.57241813789928,3.50889206518441,3.87381267764713,5.49858263566058,6.16179469170882,6.95778204878396,3.83320544897345,5.44005249761219,4.96098200414969,4.43523312016562,5.15165328904676,GSM1050603,Non_response
6.79208639688324,4.25584902104472,4.44599474214763,6.95199985647749,5.256192651982,3.60436199895275,5.53326213395758,3.84280333009843,3.65688275947892,5.43536709814345,6.27516901551884,6.30097635360095,3.65898772122941,5.1840462121258,4.3774786779958,5.18555460056714,5.75369047800733,GSM1050604,Response
6.50215140363519,4.06544931367591,4.47937865029409,9.90040006874634,4.92576077802718,3.6838619635898,6.15506893853311,3.94106413477778,3.15775156596833,5.3765868703072,6.38064374026546,6.66401149395319,3.80610065464903,6.04041814104775,7.50574641144974,5.27809836092517,6.27723343353177,GSM1050605,Non_response
6.91589622450989,3.86188162374583,4.2367631662576,5.55349280238843,4.90160030177471,3.41082958262532,4.86937573130522,3.66645328185447,3.69121918224472,5.56958174024091,6.06810006561111,7.00481617404119,3.66300664861896,6.04369557089982,4.8732903463798,4.62684856087288,5.61716343733842,GSM1050606,Non_response
5.8939051053437,4.32618657071067,4.21811649104756,4.83311632137169,5.27838617484177,3.47111685382202,4.9701916157799,3.79254308557306,3.59230613865901,5.52961387351704,5.87474129616527,6.71600349887605,3.97404459385444,5.84500636193859,4.36601609677718,4.3979344102076,5.48824582535305,GSM1050607,Non_response
6.08659165847231,3.797386898818,3.99626851954448,4.6662612243915,5.22706963412777,3.3638773507799,5.94423257580146,3.72781878909872,4.51522949230272,4.90785957565079,5.88077506738975,6.82597711065243,3.68480090567765,5.79358181949927,3.88820014884573,4.04188997988505,6.67180610705201,GSM1050608,Non_response
6.84079852776588,3.88434451558115,4.26945985125428,5.17285292538908,4.81145933094916,3.40994852839542,6.90241350523805,3.83804203538007,3.89360641899028,6.03462156787537,5.63730894229865,7.1049718843831,3.8080467985483,6.0300060596953,4.49082367100407,4.80496577154804,5.73744696926839,GSM1050609,Non_response
6.71861866079553,4.09925062670322,4.21166068132074,4.91768691745034,5.29177513283972,3.37475488015704,5.25922880287236,3.7955962898989,3.73444237757486,5.06621107203851,6.4159526091738,9.15795351242913,3.55515706497356,5.58757237640343,4.52968947743643,4.31545260557664,5.71222488640586,GSM1050610,Response
6.96295755357626,3.93696525438461,4.22912533462795,6.07946721213939,5.09726591709962,3.35205160043354,4.60946771406856,3.50686061686229,4.07004239584015,5.01508891364767,6.00720894341961,7.76501475849193,3.60046455942243,5.91104700442742,4.84029331967383,3.93863890631537,5.84221869724671,GSM1050611,Response
6.63100549424229,4.35554646836431,4.41219389457114,4.07665533077475,5.24331891843266,3.33451888631959,5.41499254959478,3.69525022026973,3.9419171861131,5.24432766778871,6.17251781315513,8.64669142777871,3.94677147906425,5.65310275359722,5.30049218385531,4.04330052910795,5.6180235748051,GSM1050612,Non_response
6.05922249208773,3.95737084909016,4.46259613757646,4.53601070685182,5.08602099558671,3.42009725203052,5.96816822198521,3.59304160440268,3.79768659677852,5.6587282553478,6.17570057495056,6.922243753053,3.87064063078385,6.10873287351038,4.81830913592295,4.72124560186301,5.06017842894801,GSM1050613,Non_response
6.1904270079009,3.88471697450348,4.8236936140776,7.14906964230986,4.73563972569923,3.34316491356009,5.45925302397912,3.63177096182628,4.56527881679373,5.11502367211293,5.99860977370126,8.26888424135598,3.64723331223275,5.81275370515296,4.8473245067634,5.00823650664344,5.25082289259142,GSM1050614,Response
6.38027397310794,3.85691081271588,4.1735325491665,5.72510209414869,4.78864793842674,3.54504611163059,5.05847563983846,3.82423386453505,3.56598661737394,6.08652178523172,6.16683381537131,7.61766186880661,3.65692696438644,5.69517947979885,4.73054973617341,5.28162823942759,6.07565004330356,GSM1050615,Non_response
8.33160960959336,3.80139043444682,5.22893732655977,6.98525512307973,4.86928154828092,3.70814719673491,6.10176163544867,3.49498055949845,5.96532986379066,4.97325010044944,6.1167003355342,6.16348389402192,4.07574020894008,6.86746693482153,5.68788875710692,4.97589982872165,6.82985070139125,GSM1050616,Non_response
7.52453671036867,3.81115623957427,4.66768678117445,8.28981524771067,4.76909391498967,3.5360683966288,6.36614725017912,3.54315350011915,4.1209221954095,5.44966293965291,7.34680625987209,7.53831039379925,3.68521795951593,6.86780694320147,5.61420104815711,4.86693310544268,7.06999691198128,GSM1050617,Response
5.87253241764104,4.14150065715331,4.10624756438818,7.02662515163426,5.12419941913252,3.63188837040559,4.61590375479865,3.59899878253762,3.90110429374325,5.51945414882546,6.21256110802369,7.00962867371955,3.70902766110974,5.76094055082805,5.39571262188107,4.50197906516488,5.72478937501661,GSM1050618,Response
6.38027767629153,3.90861837834851,4.3746854866489,4.36590466440312,4.84392432120808,3.48541983513423,6.34732248980933,3.79159564080787,3.873262694132,5.33224305378342,6.26643415605516,8.54502613992464,3.62993132314843,5.87541760056158,4.61523739736583,4.66452011139046,5.40524811852219,GSM1050619,Response
6.09324975525405,4.03168291437142,4.03003223824243,6.33758990631746,5.11034682425868,3.38892606424866,5.41887066858056,3.68756239058185,3.81498999414142,5.29782670053138,5.93750153445041,6.99175511752433,3.60272911151603,5.6425167181333,4.5368418959411,4.768223594746,5.74957073724018,GSM1050620,Non_response
7.7247895464111,3.78594123192522,5.25814072450492,6.44461772832414,4.77138591388796,4.06147294042956,7.22318032942276,3.72944718838625,4.17579153615245,5.44105121048733,5.96634496381375,6.36257467733213,3.72516586343471,6.81054991688187,4.68054169793847,5.80090980917439,7.92196464813047,GSM1050621,Non_response
6.91273436156612,4.08208321098178,4.44646170807275,5.35764865780751,4.82821579252541,3.52630698602204,6.41833682652202,3.34736256989319,4.11859440105783,5.55949874331625,5.72666068397667,7.67836087883711,3.42368892551535,6.55526602388648,4.3769771127405,4.94598791665042,5.52342666598754,GSM1050622,Response
7.56935801497628,3.84439619015249,4.41714780250725,4.20270220241566,4.89209483783393,3.43585464503847,6.74985418291709,3.47574310379601,4.21354882009687,5.0170346253915,6.00259627332847,6.69872776487507,3.76781202255203,5.93632509916018,4.81262753238626,4.88694511626972,7.15295869037572,GSM1050623,Response
6.40007995933431,3.78902783319605,3.9751672869149,4.33056726175818,4.91978733852168,3.43223764920681,4.90832601816727,3.84463683549326,4.29718235594479,4.63947726640924,6.23256785150967,8.7783801897026,3.61567300819889,5.8779880606262,4.27917758034851,4.36366944693646,6.26351739431573,GSM1050624,Non_response
7.51306521402033,3.75208128803305,4.68823098319591,6.87829240795136,4.84798141476062,3.55412132742558,7.03145817280653,3.66354105185966,3.83650866832403,5.50823318096444,5.83506488900489,7.83473088276229,3.74011151164859,6.80796972686919,4.83529941596391,5.68951521119672,5.86467326621895,GSM1050625,Response
8.40599343948532,3.59550124144,4.53631063602956,6.3259748020054,4.73058678063677,3.46309959589146,6.93230246473036,3.96322737889399,4.19596696247141,5.36488572787794,6.17941027689323,7.33489430584445,3.62153317667472,6.16565859094585,6.28929279566139,5.17110346789682,6.39568991714333,GSM1050626,Non_response
6.36151905477202,3.92867769886505,4.68768537928776,6.95609308931244,5.34127372870103,3.37422972194913,5.17936680001873,3.48257555332654,3.81208333077966,5.2344886599179,6.23765839964086,6.88592593661085,3.65681066170182,5.80590014632019,4.50346199694754,4.64275342277646,5.84136118129374,GSM1050627,Response
6.68371269311831,3.81105424334612,4.34635221260363,7.68204133674299,4.89652399749475,3.3735691397288,4.90201868492046,3.7760207466381,3.72307783793439,5.8999787253239,5.87199598688208,6.90806382116953,3.59839581104534,5.31960023432625,4.59675937760652,4.73967950707775,6.01206370222773,GSM1050628,Non_response
6.50888419325208,3.53808816294455,4.50979218649414,5.24416169683806,5.00278509945307,3.33650436662759,6.3189372951091,3.39629108932062,5.04250871520709,5.37258165466347,5.80059079449683,7.37429125647274,3.64808548097227,4.6936528021155,4.64865389064347,4.32363183027595,6.1627689758178,GSM1050629,Non_response
6.71556241089409,3.94071192555054,5.07710445960411,7.46181952206802,4.90329496087508,3.58159099670791,6.193513156168,3.43646707881966,3.86164357042938,5.30584148992968,6.5023538144911,7.05194988079262,3.6486961183654,6.21194372367441,4.97864230418076,5.16652620167913,5.77796298005838,GSM1050630,Response
8.62230778684652,3.6534855421184,5.2601318182944,6.70161743818323,4.80441226695875,3.36288443961001,6.9457354296536,3.66117344259203,6.41942420006031,4.67283707229994,5.53326831125337,8.08728688346369,3.52380054391642,6.97315878419082,4.86283562830779,5.0366241224527,8.63573097428855,GSM1050631,Non_response
6.46000319863616,3.87930869453107,4.16904719502903,6.98757705632186,5.05744250732874,3.35604883301416,4.89362907978494,3.61638349807662,3.66885854316468,5.22562058687958,5.91434265420876,6.69160796071418,3.69936376376662,5.39833733722053,4.99990714246352,5.10855418833613,5.30596617910301,GSM1050632,Non_response
7.79111670326652,3.98306794247035,4.8860349493563,7.0017669877087,4.88367205181647,3.59357874225665,6.725430739223,3.55076159906143,5.44747039659053,4.99363975877375,6.33026038046137,7.39134164121378,3.7581989068805,6.88425088968178,4.49141009687678,5.42611991873479,7.00191369221758,GSM1050633,Response
8.29869073016069,3.94327380586304,5.00056284971164,7.54232076006625,5.1339740593496,3.3840320448961,5.98383962344208,3.41109097565741,4.02395955800976,5.18944442142213,6.45913807971873,6.49639219153825,3.66117344259203,7.0601036893616,5.0563962341671,4.86797249390394,5.52150259953742,GSM1050634,Response
6.64660380389622,3.94750192781322,4.38459075167109,4.32994496211007,4.96016885940691,3.84245198024906,5.97455087862787,3.65884036637218,3.89668023141842,5.80057230381945,6.19037632689995,6.56836296217257,3.72636762773676,6.03073937529306,4.61656652796824,4.2164875040568,4.63977968252491,GSM1050635,Non_response
6.25044704358155,3.88341068690239,3.97900577287576,7.01479411519229,4.90818970539418,3.48795655840907,5.1299728260279,3.71516541827653,3.746388868225,5.84887476627736,5.96269061591239,7.30607264181102,3.71879260860431,5.69302664733224,5.11280930827137,4.42643061272984,5.29921220782796,GSM1050636,Non_response
8.22578433106544,3.68430865202058,4.82691704714839,5.83022312448395,5.1519475833669,3.36921364589396,6.11162698737712,3.18694324501656,4.30631790937935,5.1946631689102,6.26658253197688,7.0244751693644,3.49618501087577,6.95985158487906,5.75604352353641,4.83643212732699,7.11929741532006,GSM1050637,Response
6.67308048181337,3.72362217193132,4.18546019118013,4.96296953007374,4.77234597113743,4.01093342389481,6.17821246537893,3.74037265273035,4.04050887041927,6.14840285581294,5.98350320802844,7.00288041135988,3.51154231453451,5.26358109423959,4.89096208145902,5.82971300862915,5.32730052595809,GSM1050638,Non_response
8.04937136664672,3.59648307699375,4.8226828434674,6.24277627432767,4.85339373049031,3.37123029932861,6.6319066195681,3.67657323159477,4.62858540566371,4.8226828434674,5.90246664934354,6.69592762368828,3.47822556806518,5.82845968059452,4.92316497415654,5.20893600877022,6.72724867552589,GSM1050639,Response
5.75036644370249,3.87540879859919,4.13321553728168,5.96871062432898,4.7406300024127,3.84105853522713,5.47795685808641,3.83325074419759,4.25109499810312,6.97679816668603,5.81409609989817,6.46924114606164,3.4533528373843,5.96872378576205,4.37570807485487,5.72714444581286,5.34106007992385,GSM1050640,Non_response
6.13963727019648,3.84763400894506,3.99314586307282,7.98417508424544,5.01755232758591,3.37638834172727,4.67313166247331,3.27965980969874,3.8326199574898,5.63344598592057,6.18446301177114,8.39941452917955,3.60525106004309,5.22018534912323,4.61742517857355,4.66042570660235,5.37656685556706,GSM1050641,Non_response
6.89153278083948,3.63714468216227,4.04154165424892,5.84622170442913,5.2185611358213,3.37586335031571,4.35515310535062,3.50680739295198,3.87079897663491,5.20406202101988,6.14455932608275,7.35688112214675,3.49905670551134,5.41564329179115,4.75495036974544,4.99098395470703,6.50471092107686,GSM1050642,Non_response
11.02323,7.526957,8.680544,10.79239,9.354971,7.55581,10.49451,9.2358817274406,9.10271,11.10864,9.954259,11.04738,9.496732,10.29282,9.537042,9.068473,6.957857,GSM107986,Non_response
11.35522,7.858737,9.962612,11.1752,9.727476,7.846528,10.64335,8.43025186168008,9.103068,10.20726,10.35985,10.91968,9.45262,10.48416,9.027682,9.751994,7.141368,GSM139539,Non_response
11.30067,6.444762,8.621604,9.669515,8.813473,7.043877,10.13935,9.51552094790554,9.973924,11.23378,8.992669,11.75656,10.26881,9.933827,9.875756,8.69856,6.829335,GSM139540,Non_response
11.10647,6.621055,8.6583,10.95278,9.035389,7.393362,10.06576,9.37118477791046,10.48163,10.86134,8.833073,11.78539,9.575769,9.931545,9.321232,8.941934,6.937535,GSM139541,Response
12.23984,7.206014,9.610711,11.35858,9.839946,7.802259,10.95312,9.37051925332143,9.816391,10.77397,9.123677,11.18981,9.918224,10.36718,10.28688,10.21774,8.088872,GSM139542,Non_response
10.56328,8.254541,8.791801,10.88444,9.515187,7.544749,10.64488,9.27855137822641,7.887758,11.50666,8.781456,11.16008,9.105956,9.742602,8.558811,9.502618,6.499534,GSM139543,Response
11.15304,7.175904,9.019583,10.27844,9.131354,7.46447,10.11612,9.17019517195785,10.27,10.86208,9.484719,11.45693,9.546312,9.894813,9.400557,9.131886,7.336247,GSM139544,Non_response
10.94386,6.887875,8.337272,11.37375,9.339165,6.75152,9.762183,9.15413123350731,9.453447,11.13869,9.376883,10.75362,9.243805,10.10445,8.886026,9.330897,7.837497,GSM139545,Non_response
10.71047,6.807965,8.720498,10.92164,9.054943,6.887133,8.882274,8.84523438966865,9.808017,11.03752,8.840432,10.73355,9.428227,9.441724,9.029556,8.72754,6.600589,GSM139546,Non_response
12.02331,7.432335,10.77146,11.20145,9.141246,8.267697,11.25074,9.46853337633988,8.979344,10.99181,9.931453,10.48522,9.133463,9.690191,10.78958,10.70586,8.671622,GSM139547,Non_response
11.03538,7.430597,8.368088,11.32457,9.177553,6.836142,9.962727,9.25913688732755,9.214436,10.86347,9.329345,10.78238,9.639377,9.620651,8.211157,8.596116,6.80964,GSM139548,Non_response
11.55212,6.436686,8.015644,11.37682,9.305984,7.394997,9.889376,9.89187789397774,9.85617,10.8717,9.26853,11.0878,10.23939,10.33546,9.337337,9.074572,7.647322,GSM139549,Non_response
11.24247,8.305839,8.776223,10.15044,8.686191,7.182919,9.965088,8.90743440630237,8.481694,10.82101,9.357179,11.29382,8.986651,9.784428,8.923228,9.16384,7.372953,GSM139550,Response
11.81211,6.794328,9.19333,9.526055,8.835879,8.072462,10.70819,8.87826203103432,8.830794,10.74928,9.832602,10.26019,9.059993,9.855292,10.04088,9.079724,8.253775,GSM139551,Response
11.07562,7.075148,10.00161,5.918098,9.001481,7.631453,11.61607,7.56905353245661,7.847362,11.32331,9.929725,9.135067,8.425979,10.85479,10.41727,10.08085,9.174277,GSM139552,Non_response
10.84207,8.430099,8.921135,11.39249,9.60473,7.758624,11.15135,8.98409068742315,8.320129,11.05491,9.490074,11.12198,9.133484,9.782423,8.449576,9.557732,6.961017,GSM139553,Non_response
11.25937,7.4453,9.135808,11.52615,8.972241,6.818914,11.31744,8.21423577366472,9.077907,9.780461,10.37543,10.1754,7.878493,8.986159,8.415119,8.512614,8.16996,GSM139554,Non_response
10.78189,6.461825,9.115805,10.29208,9.86063,6.535805,11.36894,9.352423830856,8.884219,11.54736,9.280952,10.41435,9.96295,9.710869,9.996702,8.822411,7.508864,GSM139555,Non_response
11.12086,6.461443,8.403299,9.004325,9.037521,6.983148,9.929033,9.8453252819154,10.06594,11.20078,9.544439,11.73517,10.14283,10.17335,9.713512,9.115023,7.604168,GSM139556,Non_response
10.75487,6.687668,9.294355,10.5878,9.514704,7.565673,10.61636,8.92497881311749,7.863859,10.06044,8.31881,10.86519,8.620014,9.179073,7.939792,9.088851,8.248316,GSM139557,Response
10.75381,6.626152,8.631805,11.51219,8.943518,7.327727,8.866115,9.07373928892395,9.92369,10.98419,8.742803,11.36158,9.829434,9.8577,9.154651,8.408805,7.115108,GSM139558,Response
11.19821,7.053382,9.389554,11.42137,9.538244,7.292618,10.91807,8.8813333068184,8.343871,10.29696,8.627671,10.37388,9.131849,10.19398,8.422955,9.09016,7.509162,GSM139559,Response
10.28097,6.513814,8.92567,11.14982,9.534602,7.14583,10.29872,9.22751043943665,9.551723,11.52514,9.270665,10.8691,9.569002,9.780219,9.164067,9.056576,7.076081,GSM139560,Non_response
11.27177,7.766841,8.840318,11.76507,9.495317,7.636452,10.35914,8.77577228081775,8.719928,10.77614,9.374109,11.35302,9.245715,9.615728,9.014744,9.523662,7.196517,GSM139561,Response
10.72258,6.983222,8.614713,10.65875,9.395101,7.19687,10.59399,9.26634466799666,9.706455,11.30377,9.138769,10.88701,9.189408,10.09741,8.489384,8.910392,7.181754,GSM139562,Non_response
11.27896,9.04537,8.444503,8.691766,9.441194,7.1635,10.66084,8.9688140356319,9.198055,10.70254,9.716199,11.9615,8.912761,9.160095,9.252537,9.269284,8.467104,GSM139563,Non_response
11.86599,7.81361,9.022136,12.06301,9.046828,7.006027,10.60902,8.0563477230933,9.979338,10.51586,10.04798,10.8971,8.652,9.911103,8.753381,8.884274,8.236211,GSM139564,Non_response
11.09473,6.294201,8.692801,10.72481,9.481395,7.475431,10.23794,9.61724161973181,9.866531,11.60164,9.159042,11.33139,9.692348,10.78569,9.117808,9.258336,6.570577,GSM139565,Non_response
12.00758,7.225743,9.398287,6.797037,9.253297,7.006034,10.5658,8.16694557972557,8.276145,10.5619,9.414779,10.71184,9.003582,9.359037,8.209666,8.71789,8.770445,GSM139566,Response
11.27982,7.978296,8.799919,10.56968,9.05269,7.383421,10.95657,9.20330520263292,10.46628,10.69032,9.799098,11.64291,9.357771,10.39497,9.486213,8.736224,7.952507,GSM139567,Non_response
11.69748,7.453454,8.790012,12.10826,9.152067,7.265731,10.76684,9.37492612864659,9.613782,10.00292,10.26298,10.24824,8.757778,10.46637,10.308,9.760265,8.419642,GSM139568,Non_response
11.44511,6.971417,8.730526,11.60042,9.369498,7.719243,10.01422,9.71374183263349,9.800018,11.18431,9.546184,11.2748,9.811207,10.09377,9.13836,10.29305,7.144396,GSM139569,Non_response
11.0998,8.725379,8.665039,10.52288,9.215665,7.987393,10.77565,9.0752211748723,8.949725,10.59263,9.472619,11.50615,9.004994,10.07352,8.873032,9.263735,7.70033,GSM139570,Response
10.54731,7.964968,8.581107,9.294856,8.992654,7.341063,10.53294,9.0527142454018,8.941264,11.23678,8.822398,11.13542,9.266889,9.095542,8.847117,9.462284,6.608651,GSM139571,Non_response
11.18146,8.317544,9.508425,10.12965,9.555238,7.346033,10.39814,8.72314757507209,9.01992,10.18016,9.736033,10.95232,8.764791,9.599453,8.399337,9.648674,7.198765,GSM139572,Response
10.94096,7.904659,8.449127,10.49848,9.317727,7.483399,9.113624,9.67859897341483,10.15321,11.56125,9.165582,11.77879,10.3479,10.47228,9.316705,8.953596,7.116229,GSM139573,Non_response
10.60567,6.24146,9.254135,11.9467,9.243518,6.818583,10.70329,8.95910204114545,8.90137,11.15905,9.400745,10.03842,9.270592,10.3868,8.192854,8.323497,7.459613,GSM139574,Non_response
11.16636,5.993813,8.752953,10.42798,9.334654,7.439884,10.20847,9.27003962330128,9.614837,11.11857,8.829158,11.29926,9.78121,10.17825,9.260889,9.533177,6.786047,GSM139575,Non_response
10.67666,7.639668,9.247007,10.23351,9.166987,7.228986,10.57176,8.58601534666077,8.175622,11.09333,9.670785,10.22701,8.863567,10.26367,8.772895,8.412128,7.020821,GSM139576,Non_response
11.69018,6.140773,9.07139,12.30435,9.965309,8.800311,9.933986,8.65658602793677,8.945938,11.31061,8.906997,11.1396,10.03279,11.46039,9.191687,10.18114,7.816135,GSM139577,Non_response
11.19698,6.422356,8.904781,11.10381,8.777519,7.075529,10.63559,8.49424022251583,8.22062,10.63264,10.52672,9.508487,8.383899,10.90754,11.98386,9.735397,7.459208,GSM139578,Response
11.10779,7.349473,8.66463,10.83117,8.878185,7.449209,9.532512,9.55648330614623,10.3568,10.99197,10.17511,11.40713,9.741908,9.811011,9.812983,8.713059,7.428377,GSM139579,Response
10.49506,7.091105,8.551298,11.13076,8.91233,7.179056,9.902582,8.78338657107243,8.886692,11.06521,8.821509,10.60069,8.961298,10.13197,9.370051,9.556502,6.909466,GSM139580,Response
10.63286,7.596036,8.817552,10.28557,8.76001,6.688636,8.13115,8.84310686078378,11.25109,10.73486,9.861533,11.44613,9.16043,9.622866,9.528291,8.694365,6.470762,GSM139581,Non_response
11.3004,9.123327,8.487525,11.29479,9.164672,7.448386,10.59,8.95168160437613,9.27662,10.7363,9.544679,11.46639,9.023128,10.39088,8.909379,8.993497,8.359287,GSM139582,Response
11.34043,6.932419,8.902249,11.53479,8.822246,7.619884,11.28362,9.40427655035878,10.44285,11.5528,9.175864,11.47385,9.730502,10.11874,10.01155,9.503537,6.785312,GSM139583,Non_response
10.86752,6.387579,8.83377,10.70117,9.645167,7.073558,10.49928,8.80512066988498,10.22556,11.48525,9.469617,10.7965,9.512999,10.53942,9.138434,9.596399,7.438475,GSM139584,Non_response
10.98762,6.418522,8.727657,11.92644,9.394681,6.583696,9.44658,8.69656262517909,9.774851,10.70302,9.728572,10.87618,9.127357,10.09323,9.27907,9.049299,7.092634,GSM139585,Non_response
10.95631,7.124842,9.010735,10.69461,9.728077,8.06525,11.11861,8.94877761477134,8.053658,9.95745,9.940087,9.632069,9.146343,10.19814,7.392932,9.732166,7.385214,GSM139586,Non_response
11.75989,6.486859,9.198215,11.89848,9.031771,7.366608,11.34906,9.19279553609781,8.59712,10.1652,10.15065,9.43984,8.471655,9.779373,10.05222,9.895726,8.06199,GSM139587,Non_response
10.76659,6.916435,8.182426,10.86801,8.899902,7.224447,8.409585,8.9622626678442,10.09224,10.57467,9.271797,11.45548,9.571847,9.631911,9.728384,9.622186,6.935503,GSM139588,Non_response
10.99828,8.055094,8.692027,11.38732,9.367901,7.06916,10.13004,9.08212386483292,8.442921,10.59322,9.236493,11.35273,9.033228,10.08647,9.533917,9.332664,7.203372,GSM139589,Response
10.79156,6.84677,9.204189,7.364696,9.425685,6.816168,11.2235,8.10828428523797,8.855134,10.93355,9.058741,10.26239,9.495995,9.454847,8.572141,8.120267,7.695041,GSM139590,Non_response
11.79603,8.348038,10.08186,10.91619,9.704519,6.783772,11.04577,8.84021099833903,9.092847,10.64712,10.38572,11.21869,9.30765,9.609607,8.856408,9.735418,8.451919,GSM139591,Response
10.86659,6.048912,9.275947,12.16892,8.822445,8.722104,11.75167,9.42502766019626,7.915271,11.09793,9.211338,9.494485,9.265788,10.65374,10.65069,9.310512,8.341408,GSM139592,Non_response
11.84829,7.550542,9.543745,8.939395,9.095866,7.981319,11.18567,8.28231565276078,8.248387,10.31932,9.86038,10.2706,9.030063,10.47168,9.405253,10.37137,9.457179,GSM139593,Response
10.83693,6.555956,8.692268,8.350165,9.465816,8.189288,11.39111,9.97509108311016,9.962354,11.57394,9.083737,11.23656,9.452556,10.18509,9.092644,10.39524,7.530333,GSM139594,Non_response
11.11587,8.158672,9.679198,11.82373,9.101857,6.765566,10.25503,8.65620881925764,9.17295,10.27951,9.588019,11.08339,9.06242,10.95382,9.526163,9.080398,8.160586,GSM139595,Response
11.02728,6.134926,8.797187,8.42332,9.449054,7.445009,11.47239,9.57187404825704,9.270203,11.51363,9.712439,11.1036,9.946669,10.58278,9.775324,9.0708,7.168752,GSM139596,Non_response
11.32314,8.088874,8.458282,11.5983,9.550753,6.844465,10.60187,8.83538349543339,10.03905,10.69849,10.43792,11.40838,9.559179,10.24849,9.960823,9.331705,8.548176,GSM139597,Non_response
11.48747,6.300049,8.676964,10.97184,9.341157,7.572736,9.124454,9.62106004754223,11.03128,11.08297,9.60314,11.61615,9.90426,10.37136,9.998196,9.627627,7.107554,GSM139598,Non_response
11.39273,6.401632,8.76365,9.183676,9.004735,6.835403,10.63303,9.49583451548783,8.868369,10.70682,8.4944,10.95394,9.614357,10.38938,8.999404,9.24035,7.275487,GSM139599,Non_response
11.65458,7.215294,9.748573,12.08464,8.572279,7.004203,10.61285,7.66253014876943,9.302071,10.30568,8.895908,10.87528,8.436148,9.255164,9.005885,8.606575,8.93691,GSM139600,Response
10.9658,7.378494,8.724286,12.20953,9.354682,7.293173,10.37502,9.58194715013019,9.595833,11.07721,9.398764,11.32653,9.575774,10.1244,9.317099,8.503263,7.576964,GSM139601,Response
11.10653,8.082964,8.873491,9.16959,9.126067,7.246507,10.25179,8.57973465091291,7.716774,10.5176,9.238913,10.95992,9.126007,8.697063,8.576557,9.967547,6.912386,GSM139602,Response
10.39085,6.207897,9.332931,8.974428,8.837766,6.734339,10.74145,9.3259286015421,8.309296,11.54541,8.549367,9.312888,10.1217,10.69108,9.822906,8.167852,7.44398,GSM139603,Non_response
11.72949,6.148809,8.886139,11.97762,8.450552,7.301478,10.71794,9.87059829696493,9.387433,10.65847,8.953125,10.07999,9.528281,9.866952,10.77302,9.781501,7.036583,GSM139604,Non_response
11.12082,8.475303,8.947997,10.70183,9.241963,7.446454,10.74354,8.99326774026523,8.528207,10.69831,9.971751,11.41024,9.303575,9.971985,8.511391,9.133953,6.521811,GSM139605,Non_response
11.14442,7.655203,9.093918,5.847796,9.258704,8.787178,11.53038,8.73516230433496,8.034876,10.555,10.10113,11.14212,9.0746,10.25534,8.218568,9.788134,6.978497,GSM139606,Non_response
11.01842,7.224761,9.310244,11.66686,9.401177,8.111199,10.63215,8.44173974210874,8.285774,10.52565,9.070723,10.68896,8.679119,9.984927,7.596154,8.785996,6.413447,GSM139607,Response
11.14788,8.487184,9.020402,10.79393,9.090934,7.169424,11.40022,8.87163505022746,8.526554,10.5127,10.85845,10.28317,8.808904,10.05022,9.785077,9.537178,8.015096,GSM139608,Response
11.77149,6.941927,9.078898,9.145555,8.981071,7.899786,11.00279,8.91971706881876,8.398368,10.42473,9.594516,10.35088,9.489453,10.1667,8.792975,10.0303,7.302764,GSM139609,Response
11.15513,9.850118,9.089974,11.80996,8.770763,7.195353,10.83362,8.93954197288791,8.544212,10.81802,9.945928,11.04103,9.450072,10.33318,8.324818,8.824349,7.323001,GSM139610,Response
12.00063,6.441033,9.583094,10.5887,9.755255,7.773473,10.52199,8.75544429701685,9.801271,10.72171,9.233582,9.955421,9.12124,9.549323,9.218515,9.722803,7.682224,GSM139611,Non_response
11.54048,7.602634,9.469989,11.28312,8.721267,7.201281,11.99625,8.82295601922412,8.54018,10.76773,9.484544,10.81792,9.180487,9.371692,10.19679,9.746859,7.936875,GSM139612,Non_response
11.62362,6.740587,9.421104,11.35927,8.821742,7.971466,11.27853,9.41530595958629,9.141533,10.39685,9.501688,10.10875,8.94041,10.37447,9.914421,9.476577,10.86813,GSM139613,Non_response
11.25893,7.414859,9.063103,10.17708,8.895656,6.984147,10.45311,9.01316197267402,8.868762,11.06648,9.438646,11.07685,9.604498,9.701841,9.635415,9.500892,7.902647,GSM139614,Non_response
11.35931,7.713166,9.29151,11.35147,9.139854,7.604283,11.30263,8.61581612209077,8.636138,10.69056,9.482263,11.07816,9.653207,10.48949,10.58928,9.28647,8.358058,GSM139615,Non_response
11.31974,8.733871,8.721852,10.67986,8.6379,7.864169,9.81987,9.07756555235048,8.478755,10.71807,9.68884,11.34564,9.413382,10.20871,9.327056,9.360616,6.833842,GSM139616,Response
11.81476,8.401245,9.330726,11.35322,8.835075,8.089998,10.81106,9.20485198086023,9.196155,10.66034,9.697842,11.96883,9.7914,10.5907,9.414556,9.65252,8.653845,GSM139617,Response
11.48918,7.311417,8.565847,11.04705,8.788263,7.390545,10.62212,9.1074298577277,9.446328,11.07686,9.533899,11.26744,9.271908,10.31675,9.006572,8.559316,7.83108,GSM139618,Non_response
11.52251,8.017091,8.789612,10.78719,9.309038,7.081188,10.02359,9.37074751808352,8.98517,10.78188,9.302044,11.21118,9.557674,10.0465,10.25727,9.330734,8.844943,GSM139619,Response
10.79295,6.752647,8.798852,11.67189,8.544551,7.987538,11.62984,9.65131198817509,8.71969,11.49992,8.74822,10.30034,10.19588,10.20381,8.544201,9.486984,6.654185,GSM139620,Non_response
11.06591,9.223917,9.089146,10.91578,9.390213,7.72604,10.69763,9.23096505673015,9.11851,10.72205,10.04233,11.79207,9.557784,10.03472,8.659028,8.765969,7.78983,GSM139621,Non_response
11.04187,6.967938,8.536239,10.75039,8.544811,7.95735,11.59135,9.81552788480214,8.128637,11.6157,7.94536,9.952994,10.26565,9.842659,8.388795,9.724036,7.080463,GSM139622,Response
11.73562,7.345313,8.968706,11.73766,8.356666,7.386222,11.5557,9.68230895091017,10.12475,11.19289,9.892004,9.86619,9.136684,9.873656,9.890744,8.809925,8.161582,GSM139623,Response
12.03814,6.762905,8.904118,11.7432,9.442477,7.582257,11.73588,9.05647126559132,9.982093,10.34434,9.202278,10.79014,8.962476,10.06329,9.898498,9.367676,8.300839,GSM139624,Response
10.34969,7.995504,9.404781,10.76974,9.045563,7.123631,11.22379,9.23351869353037,8.578975,11.10792,9.144612,9.247533,9.0442,10.21955,7.372776,8.722197,6.958718,GSM139625,Response
10.71821,6.960335,9.475443,11.03515,9.040695,7.480434,10.73679,9.067114548693,8.288034,10.57632,9.536618,10.83846,8.955696,10.62687,9.20002,9.44893,7.427662,GSM139626,Response
11.13007,6.891111,9.198462,11.31706,10.05368,7.763867,10.60433,8.27336412457455,8.734001,11.3392,9.633817,10.20789,8.943878,9.015097,11.57734,9.065359,9.408977,GSM139627,Non_response
11.52762,7.920681,8.902997,5.980931,8.435108,8.212623,11.41901,9.14232147155507,9.131283,11.08727,9.83671,11.57304,9.103586,10.2666,11.34593,9.141549,10.24941,GSM139628,Non_response
10.89973,6.822535,8.816114,10.21764,8.985455,7.631195,10.92514,8.9739750447367,8.951322,11.17574,8.334262,10.60618,9.042737,9.41844,8.699809,9.565153,6.621079,GSM139629,Response
11.02128,6.492638,8.852513,11.68797,9.412222,8.219103,10.25006,8.93743032331113,9.947832,10.18947,10.19617,10.97771,9.169985,10.06062,11.83667,10.02647,7.347628,GSM139630,Non_response
11.42639,8.236581,9.649648,11.51089,9.111049,7.382635,11.30284,8.82473148387097,9.615731,10.7082,9.913717,11.24353,9.193346,10.06999,10.03789,9.060164,9.728123,GSM139631,Non_response
10.54425,6.667286,8.653279,8.818338,8.94395,7.624574,11.36342,10.0078593033639,8.86831,11.86005,7.8452,10.02334,9.504811,9.946199,8.797552,10.02679,7.445106,GSM139632,Non_response
11.09424,7.97309,8.496561,11.34439,9.027438,7.436527,8.818261,9.35215251769415,8.671362,10.83566,9.286636,11.38736,9.7149,9.749243,9.238758,8.868255,7.188726,GSM139633,Non_response
11.1125,7.749949,9.048446,10.02123,9.26008,7.421541,10.68919,9.06902222011566,8.927977,10.62441,9.597182,11.08431,9.122003,9.840221,8.880189,9.162734,8.223904,GSM139634,Response
11.28784,8.496479,9.2675,8.54247,8.684333,9.188283,11.31944,9.10978496674175,9.151586,11.07228,10.18926,11.68496,10.14676,10.99144,9.733255,9.770638,9.43362,GSM139635,Response
11.09547,7.236078,8.946002,11.3129,9.199364,7.123136,9.766617,9.63358894144974,8.401496,11.34858,8.597394,11.01518,9.295021,9.347071,9.278492,8.459376,7.957323,GSM139636,Response
11.75658,7.897452,9.069718,8.853252,8.833936,7.765035,12.10423,10.0229293165528,9.639811,10.81703,9.213586,11.32846,9.791467,10.5949,9.760837,8.957685,9.135798,GSM139637,Non_response
11.30927,6.890885,8.4233,12.22,8.971562,7.009398,9.700922,9.91689764355738,9.539977,11.46612,8.780809,11.44613,10.18341,10.60669,11.48794,8.870469,7.429477,GSM139638,Response
10.68283,7.43459,8.953805,9.949614,9.180364,7.330206,9.18248,8.84600565757415,9.035849,10.84807,9.13799,11.40763,9.597853,9.938264,9.087709,8.265154,7.409779,GSM139639,Non_response
8.550120299,7.080372237,7.123568644,9.112603725,7.938714155,6.865637134,7.366839201,7.164350156,8.540371884,7.010975931,8.415044813,9.960998604,7.52791037,12.72665186,7.896035363,8.134928654,7.813745809,GSM2804844,Response
8.621320401,7.229881642,7.309628875,7.848215258,7.881145113,7.050544197,7.136279778,6.940634513,8.770231362,7.456350729,8.334125107,10.70919376,7.677345447,12.58628243,7.403037074,8.161133787,8.72768466,GSM2804845,Response
8.034636616,6.987852577,7.155905096,9.475998144,7.863590348,6.972605028,7.700623588,7.353007429,9.157195264,7.267992557,9.784487466,9.9038804,7.632420218,12.42961969,7.591220838,8.246793166,8.197044971,GSM2804881,Non_response
7.471058728,7.17301541,7.251716123,8.643360238,7.689941761,6.827063854,7.040561076,7.543476441,8.754126954,7.297832783,9.697435281,9.762138588,8.065780986,11.02390806,8.588477002,8.261801779,8.348764464,GSM2804883,Non_response
7.896575151,7.360031836,7.505407228,6.511738874,7.050922136,7.317035282,7.242430452,7.347257698,8.123805318,7.191960471,7.879579363,7.835638853,7.92841958,13.58218283,7.831842203,8.373855009,7.095391023,GSM2804885,Response
8.704509358,6.924362426,7.349319335,8.654719435,8.613593392,6.83653562,7.280134246,7.416234047,9.630473895,7.729961765,9.225847733,11.62706094,7.543071947,12.00457297,7.367874504,7.989255166,8.750775099,GSM2804888,Non_response
8.259728509,7.209393065,7.261300961,8.18667157,7.870572739,7.096204623,7.596635955,7.074540465,8.371638618,7.102099948,8.349495097,9.769681956,7.588120136,13.02614626,7.313570194,8.297113778,8.695765814,GSM2804892,Response
7.831468223,7.590029069,7.309776021,7.185399632,7.489783275,7.430214941,7.661085029,7.268500356,8.670345492,7.354401051,7.554182065,7.419713343,8.090500088,14.81576909,6.663993848,8.680063801,6.636198203,GSM2804894,Response
8.359060692,6.944097911,7.070616851,9.119460672,7.423397492,6.830153314,6.843627293,8.01978188,10.37149407,7.596821197,10.25388057,11.17573817,8.82897491,11.93098003,8.412523426,8.960133366,8.535315169,GSM2804895,Non_response
7.649748267,7.378741147,7.341325166,7.322165708,7.860756521,7.417449913,7.283079062,7.193723791,8.284738776,7.464327586,7.864103804,8.525941012,8.133550736,14.15789305,7.27320847,8.910286249,7.974612742,GSM2804898,Response
8.71431792,6.856088174,7.646045113,10.01252956,8.25647872,6.851477158,7.624542802,7.536009452,9.827483145,9.123221714,9.513383559,12.22628297,7.666092888,11.27427092,7.119447756,9.226882672,10.689405,GSM2804899,Response
7.190597873,7.138751609,7.156830747,6.517142588,8.137091156,6.688936582,7.645990769,6.956739346,7.986557825,7.375188736,7.47686259,8.875050031,7.998826215,16.80887484,7.319793403,8.419717274,7.305458068,GSM2804900,Response
8.356542399,6.979636542,7.883300103,10.37123533,8.197681226,6.681116397,7.864660335,7.372856288,9.619166193,8.588206767,8.78922156,12.57856837,7.726182017,12.57430282,7.919568697,8.695197246,8.995723701,GSM2804904,Response
7.496540431,6.86932423,7.451135487,9.244157055,8.584182964,7.028335665,7.80483541,7.589004577,10.07444492,9.030168488,7.829392284,12.66264412,8.079475066,14.5317394,7.211808166,8.839169426,9.298225393,GSM2804906,Response
7.973071349,7.552508013,7.479293517,6.462123149,7.267244186,7.283180995,7.62880885,7.109839626,8.322654457,7.472917886,8.13457273,7.680811013,8.113183098,15.14143112,6.64427023,8.655773699,6.852084124,GSM2804907,Response
8.112870084,7.070203525,7.236241415,8.052353327,7.766963883,7.094999293,7.537613065,6.982675416,7.986300215,6.941984202,7.598900987,9.431751989,7.461791342,13.58218283,7.991077872,7.959860805,8.456349516,GSM2804908,Response
8.66001908,6.934147693,7.177318717,9.36714247,8.096958402,6.794241483,7.30581637,7.076655502,8.490970346,7.003186868,8.417572127,10.63435342,7.379977184,12.69040634,7.429277908,8.016402289,8.733891169,GSM2804910,Non_response
8.167240244,7.073064758,7.633419172,8.431486576,8.360239224,6.943019453,7.4704467,7.312308512,9.230605139,7.667569521,10.25813118,9.436933886,7.526351043,13.14346571,7.159777347,8.641842509,8.456760253,GSM2804913,Non_response
7.896406299,7.860385573,7.539297652,7.119935576,7.249053384,7.635711349,6.950373557,7.45839858,8.520397874,7.384042346,7.728965781,7.65731818,8.313873964,14.40944055,8.006783913,8.975785865,7.150048216,GSM2804915,Response
8.903023988,6.840891185,7.368966909,9.993016887,8.019836427,6.812736634,7.711043592,7.299445057,9.847388711,8.778524143,9.399294363,13.01242156,7.662888986,11.54465897,8.899648749,9.024844379,8.705567603,GSM2804918,Response
7.427850574,7.595989023,7.42418481,7.146322008,7.786199862,7.226677961,7.106460554,7.146322008,8.505067791,6.997831146,8.607869659,7.645990769,7.85419388,12.98993689,7.146322008,8.546691716,7.582562448,GSM2804920,Non_response
8.551297089,6.938318649,7.906129921,8.910664105,7.679523098,6.736117702,7.237449239,7.867981031,10.949682,7.986752933,10.42121154,12.59532618,7.47142299,10.97334899,7.90716743,9.085995373,8.490121792,GSM2804923,Non_response
8.804250013,6.839904993,7.998678189,11.6406548,7.718597104,6.685340683,7.75341587,7.857585599,9.614938714,9.569965596,9.268615131,15.81384512,7.686893857,11.02867464,10.38424018,9.291242397,8.689780301,GSM2804931,Response
8.701197375,6.754905613,7.740310745,10.85231273,8.235747697,6.601552345,7.357132155,7.516073825,9.771952269,9.046700161,9.603068132,13.43967955,7.780316064,10.84090369,8.366081627,8.737718125,9.512198364,GSM2804932,Response
8.015697997,6.78177622,7.121622298,8.996610242,7.787233968,6.707465219,7.332997522,7.020953986,8.332351033,7.024010247,9.083241037,10.67097852,7.53396005,12.30952169,9.282385764,7.639010198,8.051729534,GSM2804933,Response
8.14710277,7.247608299,7.091302256,8.042571169,7.934872422,6.930507526,7.321655979,7.080501683,8.730295338,7.102235964,9.045607108,9.911240786,7.434597167,12.43357713,7.156274196,8.079888819,8.782976602,GSM2804936,Non_response
7.913064821,7.883653536,7.752866412,6.576356598,6.910324245,7.393602273,8.119519916,7.481308693,9.283823898,8.225384355,7.101963918,7.159032149,8.086341213,13.98687389,6.562326398,10.17597767,6.562326398,GSM2804940,Non_response
8.101682516,8.308448269,8.526561178,6.706899128,7.057044283,7.065449939,7.482354524,7.76964669,9.075459954,7.350463318,7.326753834,8.452943733,8.734038738,14.93309427,6.748697748,9.788804279,6.796746621,GSM2804942,Response
8.03540829,8.330197458,8.214218584,6.43670902,7.144388132,7.538556904,7.118558227,7.83664458,9.062629524,7.768290573,7.348714228,8.03540829,8.441279437,13.90438063,6.876056045,9.555978245,6.805053897,GSM2804955,Non_response
10.26311246,7.466943357,7.311029883,10.59111242,8.547506406,6.73115311,7.067580284,6.948072691,9.417608561,7.823133006,8.636671357,13.77138248,7.418054271,10.1108042,7.429222799,8.57035865,8.848593462,GSM2804956,Response
8.123974869,7.595848351,7.327722136,7.146751592,7.392555571,7.312660226,7.062374728,6.921726692,8.25609277,7.118114311,8.418674656,8.375844986,7.663123806,10.88167764,8.174469556,8.397231831,7.857310265,GSM2804966,Non_response
8.38783176,7.053486714,7.187156465,7.325948575,8.127199785,6.805425094,7.109013483,6.95730146,8.473877527,6.83589919,8.994791751,9.179036492,7.54911241,11.01788324,7.397525825,8.136693035,8.013475465,GSM2804974,Non_response
8.509790014,7.123126084,7.132675079,8.734038738,8.306628283,6.861773397,7.307614345,6.913154751,8.863148428,7.105639475,10.4133365,9.706448873,7.467545059,10.22788564,8.780409033,8.299507396,8.511914546,GSM2804977,Non_response
7.629329789,7.526768654,7.497374345,6.875704098,7.599248588,7.288358049,6.99419609,7.078067888,8.501785183,7.277037437,8.663751862,8.770868571,7.910152462,11.88726062,7.450515279,8.166920479,7.910152462,GSM2804980,Response
8.793302371,7.794294225,7.489680828,7.343164692,6.96596098,6.900643886,6.989312042,7.23612986,9.163243476,7.257565696,7.011609165,8.283137619,8.225465526,14.67165322,7.257565696,9.663144233,6.497808747,GSM2804984,Response
7.635321129,7.774185284,7.754003236,7.857141524,7.052595683,7.360869129,7.20771316,7.130928601,9.032853515,7.635321129,7.774185284,7.824642107,8.169218737,13.3538006,7.693725963,9.240990482,6.87787211,GSM2804985,Non_response
7.798173463,7.667405136,7.54096055,7.132515266,7.322388369,7.364535779,6.94141896,7.257273939,8.821036207,7.132515266,9.170537932,9.051281231,7.887436865,13.73537396,7.727275982,8.568045171,7.659746531,GSM2804986,Non_response
8.449639154,8.120661975,7.785588979,6.387401532,6.79212491,6.843911774,6.897126541,7.498991711,9.227254892,7.361268515,7.45280141,7.267822381,8.578214851,14.58849528,6.843911774,9.023588485,6.586882989,GSM2804996,Response
7.89156147,7.249499816,7.244541599,8.867209417,8.238793432,7.11693788,7.000105089,7.308126818,9.572211691,7.89156147,11.31111357,9.509845344,7.955099527,12.40801069,8.068413532,9.213931418,8.572569051,GSM2805006,Response
7.590787271,7.40338502,7.36319682,7.045510857,7.694614101,7.268601843,7.129518982,7.155062323,8.317532204,7.129518982,8.679973753,8.366081627,7.994471747,13.31820528,7.500526408,8.868010884,7.906219803,GSM2805009,Response
7.779890975,7.713103578,7.631368555,6.97743038,7.341124857,7.609804308,7.016908114,7.24136772,8.810570644,7.124951227,8.069647598,7.951907735,8.365063638,14.11195782,7.951907735,9.254107118,7.055547325,GSM2805013,Response
8.219863587,7.09460369,7.332502582,8.744418095,8.242138463,6.945055396,7.514054815,7.3165961,9.082219037,7.556210855,10.49542006,10.79770668,7.696082727,11.5063535,9.071335289,8.810570644,9.499465819,GSM2805017,Response
7.97312341,7.97312341,7.486910966,6.984687568,6.88713889,7.640489276,6.912061163,7.460023096,8.614377174,7.3523024,7.460023096,7.460023096,8.437443706,14.33469714,6.707429455,9.46198058,7.115668161,GSM2805020,Non_response
7.672922573,7.698923594,7.558139992,7.293917243,7.288960542,7.501221534,7.129974972,7.364326839,8.543217756,7.349043531,7.518062115,7.837463833,8.108794422,14.74880327,7.016755992,8.85400701,7.254006663,GSM2804924,Response
8.087900883,6.995729942,7.471037662,10.0984676,8.136693035,6.838618195,7.662233871,7.328693835,8.891028506,7.638100282,9.492108592,10.5739618,7.558485221,11.92497701,8.519767903,8.350780349,8.716489556,GSM2804925,Non_response
7.734498219,7.248979672,7.005921483,7.942675301,7.62642706,6.905297718,7.59341172,6.821167545,7.88121576,7.05553341,8.048516269,8.396576981,7.831842203,13.71430756,6.761150237,8.172118214,7.235956312,GSM2804927,Non_response
8.029833056,7.112192507,7.015815885,9.358471647,7.620215866,6.828067843,7.371901218,7.121931224,8.634978968,6.920479881,8.835714343,10.17891313,7.974715952,12.34966822,8.620058592,7.91221097,8.050938503,GSM2804928,Response
7.864396545,7.779439262,7.788358078,6.497808747,7.1464803,7.371889935,7.177176933,7.265470374,8.346646947,7.444361604,7.545158861,7.115991695,8.148528922,14.55493419,6.824021673,8.617785338,6.886839922,GSM2804934,Response
9.19317152490057,5.887127926092,7.59918687386944,11.9194749608215,9.57636208748502,6.98091395126697,10.6838068135106,7.70851191083432,6.62541349678625,10.3460379681489,10.5640670352464,11.235359964725,8.25767750651939,8.47331625801237,11.442535897991,9.02750918358485,10.1407953872873,GSM1519418,Response
9.97495217372103,6.11294106154556,8.84379413884255,11.814981281423,9.61781593117135,7.47425218370095,10.5355585933807,7.1757602627814,6.73650748750432,9.67576778243738,10.4163332371271,9.46389359870382,9.23331707199289,9.0470157753466,9.9567534280717,8.87349980686218,9.59169907389027,GSM1519419,Non_response
10.2299765604797,6.21368140875326,7.94408284657911,12.3849039928215,9.27455706020259,7.51652988456467,9.840213301084,7.94413256795218,8.55923773092071,10.1191252920947,10.3196094470787,10.3971899749699,9.72463328120589,8.79483174266889,11.0020915480398,8.56408730347028,9.69006925614783,GSM1519420,Response
9.30893323370443,6.95848626632082,8.0544819875819,12.7590721726138,9.65398093690744,7.71380363879178,9.43857553621619,8.22328326461416,8.44140094853411,9.61567242847608,10.2287895235027,9.2149533292801,10.1093161983826,9.47425421936367,9.51217253807883,8.75886092865371,10.2220387498491,GSM1519421,Non_response
9.90039853689436,6.5369934111648,8.07216860021822,12.9888389059504,9.51022943955457,7.81934343991879,10.5648704764864,8.40799870529847,8.00950719010539,9.33483662900987,10.0924730516078,10.7611350470919,10.5070828777751,8.24803706136523,12.9006872727453,9.0613370865191,9.02521214012694,GSM1519422,Non_response
9.61472907334867,6.49004788342212,7.2333922906159,12.0190715129556,8.8697532714538,6.86490034968406,9.94028943375351,7.8402488379951,8.28554657427076,9.89971090558603,9.69405121477616,10.1776869897698,9.81138219754644,9.43034898798873,7.9809514412103,8.4290041367432,9.21371207186601,GSM1519423,Response
9.68643167971629,6.15776652750202,6.69798327582678,11.398848233626,8.79464680006039,5.63869415015891,9.89311982072266,8.26331834064846,8.91505544112802,9.650751292714,9.64669316032985,9.88682045992526,8.97693703462265,8.16151133761291,8.75263753422315,8.15638042918541,8.91513096755346,GSM1519424,Response
9.56777809096111,6.31782380692371,8.73107407918401,12.4941647212607,9.88527165850547,7.64730832440263,11.0400371004729,7.94867204119104,7.63486869807146,9.9880229334159,10.5316257734774,10.5578744774314,9.82302337475952,8.94392734203647,10.4944977478245,8.35186730012822,9.55163591214676,GSM1519425,Non_response
9.67326702017001,6.68130089114707,7.80485929726262,11.8626479606408,9.66985394778524,7.78680940681958,10.4756618791177,8.45365960718517,8.7680913736404,9.99603964690339,10.1038717960652,10.4877654258013,9.68491139105056,8.90035867761619,11.6210959385861,8.50760301809652,9.04517522266787,GSM1519426,Non_response
9.23764368045551,6.22874233219261,8.40955485984727,12.0462704628577,9.79287431577234,6.88628037414153,10.482003532224,7.95157953828368,8.5817280009391,9.71436694540876,10.6423167865594,9.69889676458695,9.47401824711684,8.90810219969147,10.1973327920462,8.24373725092787,9.57210849489337,GSM1519427,Non_response
9.6222576782774,6.4541482077648,7.99863304238197,10.8544808542036,9.6372704586015,6.76724847551776,10.4916694787348,7.64732772944471,8.12731419063084,9.80051466924063,9.80753484100683,11.1571343237764,9.48153788909185,8.85879284134076,11.6998652666651,8.39759609227329,8.97319593287213,GSM1519428,Response
9.56237734330426,6.24742366835228,8.41138893662842,11.5303329157864,9.96064539908536,7.73976119781377,9.95708784253426,8.05905666894753,8.79362327819353,9.93401096606524,10.1070088230255,11.4048976653816,9.41145901067156,8.61191377221273,8.12200245338018,7.91661794365135,8.74867743988873,GSM1519429,Response
9.29996324102409,6.80067830345689,6.45554569826893,9.5690140284259,9.14762709090062,6.38950554689367,8.92468781065818,7.10022844654226,7.46626985906847,9.70402010536925,9.93378414903636,10.0593977303855,8.53683863029016,8.87782487780321,8.14598551989778,7.75877939035615,9.85122942393847,GSM1519430,Response
9.41996111769902,6.86717411232192,7.70304858019545,12.151872310906,9.57771959215963,7.51129733414931,10.5590234010999,7.83413394507204,6.65822621153667,9.94657491753836,9.83148567920009,11.4439489769972,9.91535415449403,8.91767257917703,9.99338804355105,8.36178289281277,8.44476619335662,GSM1519431,Response
9.36360595938048,6.96578211898361,7.46938605321207,12.2019488952783,9.2366128888003,6.72905292890775,10.0796425417079,7.59025438425585,6.03250309384158,9.838884576734,9.49792031269268,10.3578505072809,10.2482241618992,9.03380643822882,9.26606653028649,8.69781780892782,8.77117703047005,GSM1519432,Non_response
9.44998695119405,6.64028576579039,7.63379001918012,12.4063582269737,9.50464856792551,7.22223296894755,10.1387145382032,8.28593574964712,6.40779793784065,10.3069653960555,9.85921981384238,10.8741851934339,9.32385735076173,8.43131607991163,8.92191170171202,8.59076253525873,8.70730730497861,GSM1519433,Non_response
9.31074314554587,6.91633171296673,7.72272833949842,11.523122767408,9.68389258500242,6.64286306545525,10.6493933213181,7.5750873589076,5.948434603635,9.24245176693057,9.34998694341211,10.0765538308065,9.49240190247492,8.49164826274554,10.3849570685078,8.48111217993504,8.67872332791811,GSM1519434,Non_response
9.35068674165698,6.85536020715951,7.99432606675788,10.7086729525466,9.36918589254378,6.98281023856869,10.5055745709983,7.06426583390833,5.47917347837358,9.65468729170518,10.1009762361467,11.5043999771383,7.85902406650421,8.08041574411177,8.05593838748136,8.14734598149056,8.51804138240385,GSM1519435,Non_response
9.25889266383935,6.66126678189125,7.46785832456378,11.3223805888517,9.19707898802276,6.19010173400854,10.6093497156733,7.14975690363659,6.09868769824117,9.17185921529513,9.69142634082171,10.5222897856738,9.49240190247492,8.62589517544401,9.68936474083417,8.42004292832812,9.97365603168856,GSM1519436,Non_response
8.86381376217215,6.38367347708236,7.20988514010306,11.2942091750944,9.26927794065525,6.22341492348915,9.63942979262517,7.11031199379217,6.32917437226521,9.38053729161947,10.1752087702069,11.6629132187968,8.41614099116961,8.53630072736586,10.833662290289,8.12202303384571,8.3922336034407,GSM1519437,Response
9.30724316768451,6.22753171203061,8.39106438011549,11.969164784578,9.71248481158546,7.50222366936387,10.7604146006385,7.86494421044903,6.59001345184921,10.0568168410212,10.0648507064808,10.5137585300762,8.82333908005106,8.89882852663403,6.69821640201421,8.5349461654358,8.30909404744294,GSM1519438,Non_response
11.2876303661273,7.86028379747325,8.71661426883065,10.9791147589634,9.40044830315275,7.6161421485895,10.6227371191979,9.33911612630548,9.25650634567529,11.283199454024,10.142070713114,11.2011101663765,9.57751840367516,10.4328547711878,9.71404957708199,9.12300534888207,6.96008626471876,GSM158188,Non_response
11.5721556853986,7.93958631380327,10.0697451783398,11.3378422950716,9.76444429559326,7.89958591883998,10.7697909604522,8.49399831722815,9.25010296936382,10.3883482302493,10.4541555902688,11.0931921291143,9.52171456554124,10.6523815238713,9.16464926933737,9.8107246542438,7.13111615391141,GSM158189,Non_response
11.5781407857175,6.7871749219388,8.71355492970157,9.8977846703857,8.85875472239795,7.21373050186667,10.1485785781657,9.42385375005423,10.111991735697,11.4079877652512,9.22774204149264,11.9318114645761,10.3451178626043,10.1212576227972,9.93680633030135,8.69680157528397,6.92504055446138,GSM158190,Non_response
11.3052435065475,6.85884084095892,8.74461113094764,11.1812452550752,9.1362288688656,7.42766602266633,10.1637902243837,9.60157983735752,10.6661495819182,11.0695682679414,9.01323768695343,11.9851580955338,9.64473276703255,10.0784122042494,9.43918606250436,8.96955604833149,7.05176993837744,GSM158191,Response
12.4069805910911,7.29084290965602,9.73606928808227,11.5301515679194,9.88110469778961,7.82317796164702,11.0814443881462,9.5815855997421,9.94711558771017,10.9554684775932,9.30983073717131,11.325933329142,10.0206041976177,10.5067982546049,10.4693223164144,10.2950213029211,8.15375890154798,GSM158192,Non_response
10.8249899344159,8.54574801181297,8.87567594682501,11.0712127801996,9.57797663949152,7.60016690892119,10.7315448540717,9.54582999749713,8.23813337635286,11.6345336226371,9.00569793644502,11.341400161516,9.21398037002236,9.77599465772369,8.62864209277909,9.57957687062455,6.62401490749168,GSM158193,Response
11.3957530206597,7.3826567213552,9.14498267009913,10.4403167358666,9.18791574312127,7.57191599133447,10.2331578472136,9.39747428983845,10.429001794693,11.0568977834204,9.70465862125316,11.6527330664013,9.65408875413839,10.0353157250965,9.46888016304273,9.17284131709111,7.37405181455937,GSM158194,Non_response
11.1955836680972,7.03111187345638,8.43725371508349,11.5965338834827,9.37713790203948,6.97978344237761,9.86260266244741,9.39653241032241,9.59202235575882,11.2771807130778,9.56469722253953,10.9379733375102,9.27557146174981,10.2615787518122,9.02812153307022,9.42190429722957,7.91610025122116,GSM158195,Non_response
10.8386977283168,7.10002391718201,8.75951575905673,11.1205657567195,9.16224388852523,7.16778834952528,8.99406101131801,8.90441730559276,9.92657090936569,11.2438831288489,9.00936599702746,10.8978078299399,9.56163540986123,9.59639300094322,9.14787646910245,8.78224530531421,6.65178656932394,GSM158196,Non_response
12.1278933311862,7.61761332713456,10.8745828875693,11.3618900558251,9.20863263245337,8.38141396090053,11.2396272232855,9.60061194934706,9.04132563129289,11.1418252403992,10.0372045864334,10.6133865803643,9.20037799836225,9.80635153599041,10.9178147561145,10.7590244357779,8.77867528887039,GSM158197,Non_response
11.3264972604064,7.56416432388772,8.46075538033756,11.5025617700047,9.21429039976332,6.95154870807066,10.0416023694397,9.45077040120361,9.39090668199811,11.0323861330712,9.47778900415663,10.9336491306935,9.7344170156956,9.75363475953931,8.28864539860724,8.65248278065394,6.91134787840444,GSM158198,Non_response
11.8414220949249,6.61035966432579,8.10669831270743,11.6160395733459,9.3062742257755,7.52754488934686,9.97486324002325,10.130683625077,9.9838805406749,11.0152382747112,9.44796483095567,11.2386922652941,10.3651728438827,10.4506185227888,9.49700211664419,9.15299151508534,7.76312449401058,GSM158199,Non_response
11.4742356673274,8.45115998276494,8.86776651280848,10.3220472474444,8.74866075201115,7.29280151788171,10.0637820501745,9.14795979824612,8.81977985316871,10.9932106555094,9.51696445633284,11.4751103985371,9.08520153467141,9.9056434841135,9.04184853097295,9.22266349624888,7.47128700404881,GSM158200,Response
12.0477877605553,6.87775622934211,9.32014905317609,9.75110124561137,9.02685178271159,8.10740113096115,10.8330364827278,9.10630392497219,8.96880194560952,10.9192415681023,10.0061072446826,10.4125974386354,9.05648042721692,10.0000933370907,10.1697659741733,9.14471539440651,8.271944572486,GSM158201,Response
11.3257297099738,7.19949058174361,10.116832018415,6.08543686998754,9.1370636177397,7.68048075265353,11.6921898705728,7.71490008283818,8.17076733261456,11.4635184791849,10.1177704816187,9.28675615304341,8.5045563995089,11.0283639593694,10.5284909190008,10.1322711889057,9.12234891158925,GSM158202,Non_response
10.9833508135759,8.5599629890781,8.91365349666084,11.6049866863045,9.63447874137705,7.84701085940459,11.2702876058882,9.15528642928445,8.47144106534719,11.2028913424154,9.65299385243649,11.2653761575433,9.27555320575941,9.9456333548621,8.53824691893232,9.61668584760863,7.08325679965977,GSM158203,Non_response
11.5310053264818,7.60127833646721,9.14648174469554,11.6895116514295,9.2797773834966,6.9498202546977,11.3603078693312,8.4206586891737,9.19584193041781,9.9732389162394,10.5778496430127,10.3596743302335,7.91697695393915,9.13739782748971,8.55590118481462,8.71843318660434,8.24178024353743,GSM158204,Non_response
11.1052049802464,6.85685761030052,9.15630069613167,10.4585880007487,9.9537697947469,6.6515279416694,11.4232400926211,9.58447801899738,9.0175266797168,11.6873636014527,9.4891924660474,10.5438641110173,9.92130555860307,9.86713711518211,10.0538994487283,8.87681753397084,7.5380725745103,GSM158205,Non_response
11.334873068652,6.7128611275388,8.49611805974657,9.20654070654995,9.08597732540645,7.13003233802338,9.97559447913993,10.0611699143393,10.1905007122476,11.3704306520319,9.65644454001073,11.906986342275,10.2886902399817,10.3936629376221,9.88860968453089,9.19041180478474,7.66546010563804,GSM158206,Non_response
11.0141265077206,6.9809821232421,9.46260243207221,10.7533546163483,9.7090836802122,7.6288428821463,10.7132890620544,8.94062925326956,8.18610867723655,10.1914139917153,8.45970244890057,11.0500743934447,8.71842865429928,9.32135047318532,8.071292777901,9.14761533896197,8.19424201213145,GSM158207,Response
11.0302883229858,6.79954437646317,8.75779522343537,11.6608743790697,9.11988887105547,7.41412763303515,8.96036144674744,9.29810767898157,10.0482714521388,11.127559438027,8.95097004699181,11.5426725225326,9.9083719359143,9.98801655484446,9.24031956346774,8.34831387618,7.23575986577538,GSM158208,Response
11.4562501524944,7.23883055594122,9.39608280579886,11.6062021858944,9.60180457891369,7.36701206276313,10.9930929709037,9.02374358287041,8.61326580101585,10.4872332897098,8.7634404132705,10.5581677081236,9.24129798713357,10.3493986351826,8.59859478641757,9.18538923810909,7.63826689573028,GSM158209,Response
10.5593679714171,6.85357231499592,9.06285157828876,11.3399677358874,9.67204656429283,7.24782662848207,10.3572861704331,9.36227776142874,9.71810432407666,11.6514971183496,9.45846918994617,11.0459777238103,9.68557821263219,9.94853560158299,9.2749748154026,9.09847060679845,7.06506190357375,GSM158210,Non_response
11.5633598831325,7.9712699376973,8.87777849528628,11.9750249775702,9.55070688878533,7.66573151338359,10.484949995666,8.96417856243707,8.8210721151768,10.9120504911415,9.5095602314506,11.5297273145273,9.37939258429267,9.77484672880151,9.11332995836431,9.59443321199526,7.20641207905517,GSM158211,Response
10.9740658156846,7.16345938169629,8.6933457803916,10.826655467707,9.43771404061981,7.21151022199035,10.7847599730475,9.5326655815549,9.83515705640469,11.466980676861,9.35356022830043,11.031815860725,9.36243516948999,10.2413822319458,8.52037617356426,8.96129511435538,7.17770711953821,GSM158212,Non_response
11.5320247920954,9.02507103685393,8.61931063117401,8.87912494739476,9.49571643177557,7.34853960029633,10.7560460555388,9.11012348064523,9.34018922842707,10.8775639853459,9.88009050681964,12.1350504717155,8.98872465306228,9.32428891887692,9.38609754224868,9.34512453365223,8.50716727004118,GSM158213,Non_response
12.0446972654125,7.84719246039042,9.13864532603368,12.2227026532357,9.09329371255726,7.2269745770683,10.8555212394723,8.30761800695839,10.0802449024366,10.6972626913445,10.2589504332154,11.0548906457097,8.79136632138375,10.0149089961495,8.82874327129185,9.01091871983498,8.19275385566299,GSM158214,Non_response
11.3589741954825,6.53658389853339,8.6833665549947,10.8929257662986,9.52551939852037,7.5411197425613,10.3346442573921,9.81286038897728,10.0435133323734,11.7631293191062,9.38639611022396,11.5018177212445,9.77189755128318,10.9537395814699,9.24299099129418,9.33674803532362,6.51547597990066,GSM158215,Non_response
12.0836936591595,7.44120883212538,9.51568402244236,7.05674512654421,9.44390460888667,7.02200631122774,10.6493532812329,8.33890970780035,8.56002208066606,10.6877741793713,9.51976440980446,10.8632241221568,9.00300900322492,9.46601588508343,8.31775213488583,8.79366359080171,8.81997744950927,GSM158216,Response
11.4966971093087,8.30818080594511,8.82970236109686,10.6979067950034,9.1223673951073,7.41445722581401,11.0515108719536,9.30216434731069,10.655144751731,10.8416522066023,9.91427366959445,11.8149547414427,9.471114190608,10.5531362569646,9.64104359556102,8.79517292370523,7.98546584390274,GSM158217,Non_response
11.8861984551543,7.49274742056312,8.87525756868912,12.2506617287931,9.17599584591395,7.27965098835573,10.8692379459433,9.42986033827013,9.72175259458307,10.1328639591842,10.3185281972137,10.4211124975778,8.92815481588295,10.5909195070866,10.4806339266497,9.74219523291941,8.5285083078803,GSM158218,Non_response
11.6619837711717,7.33144193230904,8.814948457084,11.7590237684013,9.41757049924725,7.70062668270227,10.1431102959933,9.748982906844,9.96640782416773,11.3866344032405,9.5553464574384,11.4739165218131,9.90809939790393,10.2582102699572,9.30364674653065,10.3445373810912,7.26014700792807,GSM158219,Non_response
11.3867918156247,8.85177035352812,8.75183816210256,10.724643723804,9.22101396136189,8.02363853634035,10.8996513847237,9.21870011955544,9.05528669906695,10.7836833679687,9.63181888582936,11.6456889587681,9.11538846863157,10.2180425050734,9.09093814993282,9.35796347767738,7.73344731515797,GSM158220,Response
10.7648003945295,8.11246731794279,8.72111108613535,9.42808126308105,9.11006291646082,7.43883152993056,10.7004881706676,9.27588673092002,9.13188662081343,11.3649623659739,8.97646016409758,11.3257832059124,9.34488117042695,9.27309634730655,9.01355740200015,9.51163640202235,6.6763644805467,GSM158221,Non_response
11.468394099257,8.4584679495631,9.64009397162491,10.3124936282875,9.61343217797268,7.46560683718958,10.5251791282325,8.79822225231689,9.05487219777632,10.3505797063938,9.86384736773982,11.096514195838,8.9245322312986,9.76503456720229,8.45963437257461,9.74970869239966,7.20350917020132,GSM158222,Response
11.1391726682738,7.9288917603381,8.54241870195258,10.69384601637,9.34043303739019,7.58484539347306,9.21996713586051,9.89190694260003,10.3227547338669,11.7594565403201,9.3519227410928,11.9573601613186,10.4878536364868,10.6005048559163,9.44525025685512,9.0295575158448,7.06016510281844,GSM158223,Non_response
10.8202942512365,6.50061631018421,9.29345423606573,12.104741907071,9.384632138341,7.01087620424997,10.9816674739399,9.17459219055048,9.0501194410086,11.2871784179089,9.62243017788049,10.1899393419332,9.3709034709759,10.515124716174,8.31588335959413,8.39209330159736,7.54201241876898,GSM158224,Non_response
11.388960060969,6.52339517495087,8.86369729520202,10.6418766915923,9.38776306342409,7.48724849584744,10.3059533267959,9.32553460837991,9.78663251806631,11.3107794073441,8.9997088389715,11.4835640654875,9.90089447260909,10.362852612387,9.27947879440812,9.59423026379885,6.78882238714415,GSM158225,Non_response
10.9285277561226,7.80448120401811,9.22538969615711,10.395325230273,9.30155380275859,7.35845791183996,10.7246802395695,8.79698116572277,8.50513229530395,11.2831064536649,9.82116318245507,10.3969341719118,8.92197325843888,10.3103159875438,8.91137443478031,8.48173023383075,7.01655176144478,GSM158226,Non_response
11.9097677419071,6.38995126198787,9.21687683875023,12.5157228777959,10.0232542555519,8.83220717163826,9.99938677989458,8.90378046515856,9.07871565070068,11.4552213838082,9.06215974896568,11.3424011568535,10.1617152500586,11.603722218101,9.3600584838936,10.23819745691,7.78041492498196,GSM158227,Non_response
11.4277934513333,6.68896141645092,9.04214463322676,11.2482132470218,8.80472837095656,7.20246228578395,10.7999646780131,8.61051075874797,8.38474389677429,10.8029708985173,10.6800015192304,9.67848198800188,8.51749947823093,11.0083735390054,12.1002527021177,9.80293874589263,7.48656816784896,GSM158228,Response
11.2779511273485,7.60270553516033,8.6621875047106,10.9594825268332,8.97134791697373,7.5579136425722,9.62197766865153,9.62308628263714,10.4671689590685,11.141294683408,10.3139672137316,11.5792042099404,9.77929400906819,10.0035282162059,10.0213033832786,8.80408967879611,7.39829192995734,GSM158229,Response
10.7648031962431,7.15639806476068,8.67775390677912,11.3449306111154,9.12140523614764,7.35485360779003,9.99028212867908,8.98170626740065,8.97922295111504,11.2147857003718,9.04745514874128,10.753764744171,9.12303005721811,10.3225089395946,9.51425358939068,9.5667094244679,6.9981185007659,GSM158230,Response
10.8971341427843,7.91785594061817,8.91552127019055,10.5017942402927,8.90189506118736,6.74532252387886,8.24611724264521,8.91841303429637,11.3992645112006,10.859360635702,9.96440141661346,11.6403193481731,9.314707707891,9.78761516198183,9.65991344456935,8.75063581473023,6.48587823577707,GSM158231,Non_response
11.61661244394,9.26234239445858,8.61868471734111,11.4206995412357,9.22404415819667,7.55599399619275,10.6848380702952,9.15351934176506,9.47163436355266,10.9345693032752,9.74761377654885,11.6171158294231,9.09326455517049,10.4938722544971,8.99572693457699,9.10058981280999,8.3457406952692,GSM158232,Response
11.6088751830777,7.23658828312172,8.94074688628738,11.6807333036457,8.88519563208948,7.63679946210319,11.3147416883853,9.42895591701025,10.5818302585757,11.7029156814795,9.35225807111934,11.6391696535805,9.86389269691474,10.2974167305198,10.1421666628604,9.45142092223635,6.88311646896309,GSM158233,Non_response
11.1383094070388,6.76359135782247,8.8234937031403,10.8607832013858,9.63576239317309,7.16393768546264,10.618067982821,9.05139761732512,10.3506989904558,11.6037093832618,9.65100578705445,10.9477714611505,9.64028248828773,10.6821376297226,9.26756771192878,9.70997194231268,7.4867420510119,GSM158234,Non_response
11.2044013314459,6.6138610658354,8.82440124021094,12.1386425497492,9.42128173858938,6.81881960351962,9.53658218673093,8.90269339831316,9.88604943326667,10.8382105839029,9.91552765417313,11.084897499,9.20661273790515,10.1941629944053,9.4617682873154,9.10891036276064,7.07615244074981,GSM158235,Non_response
11.1707436772901,7.15440236535114,9.17308622074919,10.8497856817946,9.76825836211565,8.07167890394114,11.2348042437399,9.04703825660674,8.19425456412822,10.086396343525,10.060055523273,9.81162735853661,9.27745267963296,10.3294939335738,7.47022825091732,9.80793312495211,7.46410247307497,GSM158236,Non_response
12.0450413692833,6.94151608130563,9.33252387835488,12.054652298565,9.07623458863244,7.43071907767405,11.4429807299008,9.23808093272395,8.73692834174396,10.3348967534781,10.2689382763048,9.62598830035797,8.55091224950396,9.91742634352218,10.1884318626019,9.89612875507401,8.07707868571501,GSM158237,Non_response
11.0308679522104,7.02329544823834,8.2744390835835,11.0461327335481,8.96822038197007,7.29087444499714,8.50830840556331,9.03715567096114,10.2493835621539,10.7694190903101,9.48752147945383,11.6275790069294,9.65480238843675,9.79658832865776,9.8463417416619,9.6388103083821,7.04457907957496,GSM158238,Non_response
11.2251955931983,8.09950328405068,8.76383213959031,11.5405809105845,9.40850870537104,7.12685594658971,10.2734603880919,9.29270591848669,8.58357526908222,10.7591574720555,9.4506755662992,11.5377619419787,8.9789350267272,10.2469754349043,9.67737557308991,9.42424528652411,7.27350572910014,GSM158239,Response
10.9742801000094,7.14350935958311,9.1869058320486,7.58724378662176,9.65225779528266,7.10401770096361,11.2580515605916,8.27273158147617,8.96983022269876,11.0831077419564,9.23869484961364,10.4351909251169,9.53143948472043,9.65085726663468,8.70540931937312,8.13573022068543,7.72953577652415,GSM158240,Non_response
11.9316369434685,8.64019840587298,10.1889360926271,11.1124958323317,9.78311977240291,6.87664082301765,11.1581901238243,9.07527504924658,9.23652303605789,10.8327183364728,10.4776530214859,11.4118455598037,9.33860339114121,9.76681238355227,8.96681124230916,9.8165304738894,8.47911288578534,GSM158241,Response
11.1241456568494,6.49602548919892,9.40118286832197,12.3175926211634,8.83226971361907,8.71106903839165,11.8300860335097,9.56953232991714,8.0331159537205,11.257204346566,9.37334698873846,9.66947720734813,9.3619961228376,10.8035490004742,10.7669884481368,9.37377390538154,8.35639810565991,GSM158242,Non_response
12.1013083316652,7.62574212817606,9.71346303882106,9.11917565805599,9.18049213504933,8.05424370649202,11.3472294594494,8.36773714117368,8.3796148927395,10.5044178493972,10.0484646845834,10.3866659162694,9.16451091338212,10.6117569324595,9.51370251584318,10.4978738774557,9.44239694438832,GSM158243,Response
11.0699786995148,6.85967644351569,8.78354417666829,8.54356241520134,9.48832587018087,8.293873415993,11.4779114316824,10.191291402468,10.128299112296,11.7367497323257,9.25239667837487,11.4074425159141,9.53347120088487,10.3232824825222,9.23779863616569,10.4878545533143,7.62131009990135,GSM158244,Non_response
11.2736408636604,8.26499602062234,9.76208369827294,12.0040974511152,9.26274218454423,6.86232792434571,10.359617612827,8.7377729406978,9.29851254207876,10.4498494295099,9.82588275139978,11.2346106740193,9.14704764465249,11.0933625934939,9.64181428514133,9.17773002054278,8.27252045365137,GSM158245,Response
11.2880650881668,6.46115512451701,8.91044361054904,8.56417524608577,9.45678710588389,7.47833873711898,11.4763545412778,9.63563640522397,9.45182459333518,11.6400878152315,9.90023183065043,11.2805314464629,10.0758989496048,10.7725992941121,9.89330191140691,9.12419748331901,7.25898357617003,GSM158246,Non_response
11.6153644142502,8.26871606639153,8.52379585098372,11.7651816577894,9.5582150130719,6.87908428828863,10.7581457758514,9.07612500459286,10.2860068271856,10.8267337944044,10.5296140446386,11.5804694381193,9.73289888399516,10.4131437923094,10.1389024642996,9.42550760796504,8.61495760562308,GSM158247,Non_response
11.7393953094278,6.56448330423823,8.74573328306282,11.1585657644012,9.37044883768032,7.65362934531225,9.14847747712394,9.68196902894912,11.1841953042816,11.2278191305886,9.72680312554915,11.7972287167642,9.99401487782784,10.5114053593214,10.0112435244982,9.60659570896879,7.17886582885721,GSM158248,Non_response
11.6601452104307,6.4992734170079,8.84271181784455,9.34848932622105,9.05161495227188,6.86601339308283,10.8287400324947,9.54992541902709,9.03483746844016,10.8486094654769,8.68466996692351,11.1014112451409,9.74543482664689,10.5476048952805,9.1178055459789,9.29660150492982,7.33080457083037,GSM158249,Non_response
11.8772829351953,7.3948875640067,9.79442025911184,12.2143712960133,8.75435034941636,7.11013435644584,10.6682167305844,7.94111070970757,9.4531156592749,10.4321626772633,9.07954182882856,11.008636490809,8.60695140466649,9.39652862940382,9.1421158861292,8.75217022531593,8.87314989457337,GSM158250,Response
11.2560850473283,7.57271789613613,8.72157510855728,12.3587771803857,9.38955377441558,7.27988848924341,10.4318126376056,9.7701683575646,9.79693076767284,11.2489825326868,9.55542236302487,11.5206972910874,9.71598551106013,10.266122514659,9.5164601574074,8.52529336485274,7.5595707447485,GSM158251,Response
11.3744268810225,8.18760258873037,8.97239220481249,9.41064506973625,9.16441343095058,7.37591199753218,10.3767259263514,8.70910214310599,8.03771588470751,10.6791029130918,9.38407168571974,11.1465139377442,9.26210597049314,8.9084816035203,8.62576144019565,10.0217205218268,7.05147102180994,GSM158252,Response
10.6278146219097,6.52504286187702,9.33546913473012,9.21073118579207,8.91084130935788,6.94157309860664,10.8045312139586,9.52534960068759,8.63468232255434,11.7358460455244,8.73963487298295,9.49476901254394,10.2154790215047,10.8717485938104,9.930918367802,8.24469860565817,7.46231093954993,GSM158253,Non_response
12.0152418489598,6.33808412350247,9.05159834589587,12.1087960414352,8.45815167212018,7.31538504997981,10.9689288836554,10.0912005884025,9.53075751030626,10.8286629913775,9.16490358786966,10.2087573453204,9.6811835574933,10.0118754946336,10.9013286328496,9.83730416209311,7.1443388081842,GSM158254,Non_response
11.3386527877973,8.80280894256139,9.05786089930064,10.8684086472836,9.27964085820366,7.50090836399741,10.9175804218547,9.06562425200636,8.6298749205673,10.8428533172459,10.1595768115171,11.6049651862444,9.42825035828967,10.0731792725352,8.69920096981226,9.14919219392092,6.6306968616436,GSM158255,Non_response
11.3713782994972,7.96370295424456,9.13298794903572,6.06159085947153,9.30002844395433,8.86319840368023,11.5979586298721,8.99084417605787,8.23245591165909,10.6912089079606,10.254905411234,11.2840897648099,9.21012764249963,10.481625410767,8.26532497015328,9.84693583647798,6.99525082930746,GSM158256,Non_response
11.2363338142739,7.30951747284943,9.41767588487521,11.8256610423268,9.42374074074054,8.18760908126657,10.7673872066059,8.61120659248954,8.55313192962661,10.673901898304,9.24586746779698,10.8476522329175,8.81285784351591,10.1436571350879,7.73233192467634,8.92430641846573,6.42735257467395,GSM158257,Response
11.3951109000222,8.58837560981417,9.07926806242959,10.9720433625704,9.16956024729594,7.29813250940655,11.5284163639585,8.98065239791471,8.67051527362815,10.6271700804964,11.0426218938358,10.455658480332,8.94242547906288,10.1825466043318,9.94407740851089,9.60234338888426,8.02328470997695,GSM158258,Response
11.9842175901845,6.96697317668933,9.15270300684547,9.28651775525826,9.05425416463036,7.91198550790618,11.1310043775411,9.0026485467112,8.50130862518512,10.5810295290252,9.73521972989529,10.5201506568459,9.57386255957128,10.3105091664195,8.93105050637801,10.1190911122138,7.27304572744893,GSM158259,Response
11.4092574828025,9.93400102057984,9.22582617432544,12.0307165707587,8.89549437105023,7.21281330308263,10.9836083312104,9.01472324299054,8.72590805780986,10.9878285000386,10.1105818045414,11.2201328637101,9.53732905762919,10.461514760677,8.41749801665767,8.84652005996085,7.33843598378992,GSM158260,Response
12.1248790036229,6.6871099256313,9.70565609021218,10.8032535524445,9.93244331008334,7.833004820457,10.6574483863849,8.80530270756691,9.89268020646489,10.8284231093456,9.42144898674369,10.0991455440327,9.08936603860089,9.66765206312297,9.38397070574873,9.80486811420519,7.76085661787889,GSM158261,Non_response
11.7875991968383,7.68202513004775,9.56454115683219,11.4636515450619,8.87683332077856,7.25950649431525,12.0959410016496,9.02960543778727,8.63244272048825,10.9203077765044,9.68775550892559,10.9910015295104,9.26534595247334,9.49377566216207,10.2303183319597,9.7934674191179,7.91919192619314,GSM158262,Non_response
11.8540642939165,6.89531605569191,9.50337690648307,11.5187810701556,9.03143740295534,7.97304052906434,11.3945659435202,9.46068854499824,9.28119456405654,10.6077877431264,9.71568050500902,10.2375481365609,9.01087514097777,10.4795370608133,10.0334370079126,9.50592019773543,10.8970488875484,GSM158263,Non_response
11.5520499248988,7.61928739525016,9.1884753783711,10.3055736211002,9.1052125362427,7.14803473177967,10.5449687948126,9.10534181249759,8.90072294995493,11.2069369165418,9.52678004325896,11.2195624278707,9.6953057607415,9.83234515397148,9.68688436620631,9.5333759991167,7.95143988795391,GSM158264,Non_response
11.6226169828979,7.85096169006303,9.40037397730922,11.5231510348698,9.32964626674116,7.60693295295886,11.4004702970193,8.82972713328703,8.77107859776309,10.8285384173289,9.69131051068516,11.2672779301509,9.78641047935038,10.6479754070468,10.7175144200844,9.34535222387384,8.41187065435297,GSM158265,Non_response
11.5821070751087,8.81990651104081,8.86075073007069,10.876975570615,8.95862447748226,7.88585772663075,9.89452567460712,9.24944030458635,8.62424025089315,10.8427132648168,9.82558662857941,11.4966383214383,9.52850488954076,10.2675946542345,9.53529800235603,9.43791870058398,6.85173010316256,GSM158266,Response
11.9607392584671,8.48603795247026,9.36979492255682,11.4813671683578,8.88814415019947,8.11241808393168,10.9052275555745,9.42155544177413,9.33045146109195,10.8473755271594,9.8127232546187,12.1405049927809,9.86040127471793,10.7104646236448,9.55371542302283,9.72120615283527,8.70017748221816,GSM158267,Response
11.700487839558,7.45259419257738,8.70589123880794,11.224554340733,8.9638287149019,7.40836972088896,10.7403386269856,9.34644827471358,9.60576254770987,11.2124211213946,9.71962354759392,11.3956390961201,9.407459857552,10.4319124994023,9.11454828018213,8.65897757492284,7.85988669763432,GSM158268,Non_response
11.7400618994489,8.09615137454243,8.92786180469678,10.9944249213649,9.52967006849734,7.32919210184033,10.1460885648273,9.54999472883543,9.06585808590608,10.9397140616891,9.46227593422061,11.3423333309241,9.69110585917146,10.149858049365,10.3604328807827,9.38503390470375,8.81854382822965,GSM158269,Response
11.0783763601291,6.72570682688931,8.9012339033793,11.7990944391745,8.75572710979877,8.09191317398746,11.7237292950012,9.79608892912191,8.87768229519808,11.6141654606487,8.91263244958401,10.4829903348451,10.2866478455543,10.394140765947,8.69505451062008,9.56090495093507,6.59941511739626,GSM158270,Non_response
11.3302219110284,9.32188458583794,9.17132801712776,11.047729456496,9.45322905116059,7.73835681990058,10.7915151626743,9.4713199544363,9.39484600306473,10.9115348732556,10.215793410905,11.9281525956368,9.62880552520012,10.1788251011974,8.74684933121065,8.84082198319813,7.88972396633772,GSM158271,Non_response
11.3027000843968,7.07540219066822,8.63436690583645,10.9377474668856,8.90034724872453,8.05973466639492,11.7394882928838,9.96458057517369,8.25616317527813,11.7556924141596,8.14556609486555,10.1047763469638,10.208962960839,10.0382214815575,8.47841653507892,9.83853115485342,7.22367157540425,GSM158272,Response
11.9799029508586,7.48870719224717,9.10426124428378,11.9014541829388,8.56058487747571,7.44721351986831,11.6410998462124,9.81932369166159,10.2351668292729,11.3827339198108,10.0776975402661,10.0443703611839,9.09770593500262,10.004380658547,10.0087153159102,8.8516328030846,8.21699851115035,GSM158273,Response
12.3251243164098,7.02549085803761,8.8856221290085,11.9996999364769,9.36538792610482,7.73821816708483,11.8036036825321,9.10868827080967,10.0565579738478,10.5324621334901,9.43834435752998,10.8198363162627,9.19101409040833,10.1960603020174,10.1665495142614,9.51923477809489,8.47934673612508,GSM158274,Response
10.6478463900249,8.10297997134694,9.48953886477277,10.9836634324327,9.29504889381755,7.30637894883369,11.3584289015701,9.44711521004955,8.82514330787628,11.2367621295652,9.25141317427779,9.43012607593934,9.20041321904508,10.4162148518435,7.5356464885865,8.8256334547928,6.99767745078796,GSM158275,Response
10.9824632060205,7.0678270245846,9.57405256044813,11.1649184092574,9.3254056367606,7.53809929271466,10.923530024534,9.14746656210139,8.66385337358835,10.7253189212233,9.7167645023971,11.0106692163735,9.02611933702572,10.8270277598712,9.33421854301736,9.54327909254181,7.4840934143059,GSM158276,Response
11.3488776293025,7.24109197701309,9.34153792042354,11.534449769711,10.1865421126444,7.72508587964612,10.7460973792253,8.51325497297349,8.91590205722137,11.501291465335,9.75238271854302,10.3893759426731,9.08086810921689,9.15077610990083,11.6654510945357,9.13055742244953,9.46021427669853,GSM158277,Non_response
11.7475516216473,7.9025708809431,9.01611020379689,6.17171661919856,8.64708908804235,8.22458837684843,11.5481890709709,9.32985196512686,9.27532741070959,11.2521628500633,10.0146281032167,11.7158909300391,9.16458986286584,10.3950654392509,11.4743998990658,9.2310137017737,10.2941261781596,GSM158278,Non_response
11.1177905189211,7.11038188453087,8.94166149126054,10.3496731078908,9.17537349657584,7.68378825589347,11.0314067294298,9.05679564062504,9.13426198469337,11.3485897300299,8.4722142225887,10.753468454997,9.21141264676403,9.5627406710949,8.8277815746805,9.63098640216471,6.75008401009197,GSM158279,Response
11.2392093261868,6.63358454343539,8.99042212583184,11.8150688780287,9.60199404335811,8.24713324461118,10.3474665669434,8.97970144294273,10.0776744829598,10.3599120291719,10.2986452399025,11.1655295108137,9.3045115615793,10.1793752473222,11.8767192417645,10.1044364293575,7.37086711783834,GSM158280,Non_response
11.7070395047405,8.34184252642003,9.73255224639346,11.6527964147841,9.26652298491273,7.39613943433061,11.3966638922258,9.01470954445152,9.85726666445604,10.8834310371778,10.1180389948134,11.3554250010211,9.13633465588295,10.1709952426214,10.1291356647647,9.16935299882626,9.77311890735336,GSM158281,Non_response
10.721164308103,6.77031481294138,8.73823358053974,8.96297666209804,9.14025971964593,7.73821816708483,11.4573353183066,10.2180551880682,9.04927336770898,12.0169340773867,8.04590905922593,10.1729164541003,9.54688478280349,10.0905550539156,8.93665112301666,10.1296996338944,7.44061555291889,GSM158282,Non_response
11.3316982839172,8.11312201373786,8.66493027564698,11.5524601427793,9.08670210314416,7.43082712840359,8.96562496234532,9.5951363742159,8.90368363621706,11.0054313998667,9.37728443896185,11.5382511442248,9.75212285509142,9.91867584227187,9.42154724052068,8.86511864259112,7.22177064440891,GSM158283,Non_response
11.3517317578444,7.7859427388779,9.15255120271737,10.1586045843993,9.46401551406599,7.59539946160721,10.9172648729799,9.27660347741465,9.03688731989343,10.7543647923052,9.77649863906161,11.2375126697727,9.25545883807839,10.0127414497359,9.03096980720088,9.18567097336362,8.21200678366922,GSM158284,Response
11.5348889475024,8.54440512553406,9.23261407337949,8.72697887252555,8.82656625362091,9.1501698203265,11.3643404971598,9.28232617301917,9.29326847228357,11.2403210283241,10.399329571925,11.8256545167966,10.2150457111318,11.1474772379422,9.82784245267806,9.83096800576949,9.47906643567921,GSM158285,Response
11.3732739206208,7.43198797052902,8.99547995936078,11.4684659209034,9.38195539063232,7.19156098367906,9.81527853751411,9.85233888132436,8.76101248199991,11.5387179797997,8.81208340614053,11.1240405051576,9.43723586509756,9.4541018652369,9.42991885522222,8.55152287549471,8.02425619455946,GSM158286,Response
12.0355896987778,8.03722697058384,9.2152205450354,9.08595390986078,8.86775679832435,7.89279123108255,12.2439820073942,10.2508283143271,9.83569638754409,10.9983910081714,9.42146828516288,11.4734600794553,9.79486976616698,10.735769941931,9.89324403792412,8.98287164355557,9.15385414121527,GSM158287,Non_response
11.3908567358456,7.15519868865729,8.56435279154337,12.2523897517492,9.01828737020367,6.77606157336437,9.29882336017182,9.8552298133471,9.41373326528572,11.5009944592584,8.81581109694283,11.3627749294737,10.0300825509247,10.4403613279982,11.37132439612,8.79833097879427,7.03264342604958,GSM158288,Response
10.9458680034931,7.57406686936876,9.07406827211495,10.1365516636852,9.37659867541378,7.55427509046753,9.2604526458297,9.08610715877342,9.31885827900599,11.0020600221301,9.31420448434722,11.5904626699781,9.59764056184809,10.0825979693466,9.2411467827006,8.36011286575635,7.3681572103241,GSM158289,Non_response
10.9914432630591,8.06974240486045,9.01136816483906,12.0579756517173,9.1939652893332,7.0465765418755,10.8134884766058,9.89322197109365,8.97878629082479,11.452540607457,9.37245344139209,11.0411459086111,9.66297300830454,9.81694477677399,8.71807655243965,8.54200945416686,7.46731699834337,GSM158290,Non_response
7.485179679,7.323112465,7.36860971,9.121294977,7.842240892,7.450231658,7.485179679,7.380662211,8.89157272,7.059954849,8.584821951,9.740472782,7.859516106,12.29123158,6.756140114,8.660585716,8.391458864,GSM2804847,Non_response
9.317190306,6.838323572,7.397380576,9.439742938,8.009565992,6.724037956,7.85466059,7.395774463,10.38398562,7.606462466,8.972480127,10.51499713,7.376780651,12.39258083,7.43203243,8.165381626,9.417094902,GSM2804849,Response
8.257652919,7.498093834,7.484275366,6.426672949,7.087434588,7.342417318,7.507759913,7.150943626,8.362929809,7.150943626,7.684348499,7.781028291,8.008257881,14.42371839,6.685558563,8.565845548,7.327017404,GSM2804850,Non_response
8.25115569,7.231117355,7.336090838,7.999167273,7.506194388,7.220172114,7.216334887,7.313912828,8.477319484,7.267462974,8.031310507,9.046700161,7.869005432,14.17515991,7.451838504,8.326769744,8.122987945,GSM2804851,Response
7.811545678,7.235473124,7.257035797,6.475739661,7.440520105,7.204084369,7.029061352,6.949068877,8.066278405,7.875172027,7.354927006,7.04809773,7.433560239,12.98029258,7.354927006,8.396192577,7.124622755,GSM2804853,Non_response
8.304863562,6.835407106,7.540118719,9.007664818,8.340826725,6.745580902,7.583243039,7.190102662,10.81066105,8.581751622,9.50069871,11.91364401,8.025454464,11.0141494,9.46920483,8.759860746,9.32688246,GSM2804854,Response
8.213742331,6.794571295,8.594659798,11.39824827,8.732781068,6.721354212,8.909749309,7.384042346,8.487459103,8.526399817,8.718846048,11.18723635,8.157418147,10.8393854,9.749170039,8.9246842,10.07328896,GSM2804856,Non_response
7.740293266,7.59114292,7.47577355,8.042131193,7.620161431,7.513114693,7.355885332,7.232813017,8.731041305,7.289307046,8.141713791,7.668501766,8.252977085,14.40944055,8.267199222,9.205973516,8.401476359,GSM2804857,Response
8.072173178,6.749000544,7.725515831,11.43611186,9.28254284,6.799235965,7.685485777,7.415894263,9.705559978,8.146701033,9.39606059,13.29934068,8.369633293,10.87876422,9.305072729,9.071089677,10.18805328,GSM2804858,Response
10.41008624,6.993126953,7.394219142,9.839907484,8.496261745,6.751163705,7.580356887,7.431467251,9.920436012,7.268805782,8.167534106,10.81226897,7.720684712,12.22284195,7.268805782,8.273639411,8.949003025,GSM2804859,Response
8.004618066,6.81185971,7.331072076,9.676600656,8.273907868,7.018380509,7.342928611,7.583604874,9.182988128,7.324377593,8.694734478,11.88018873,7.702101795,11.74368752,8.063734917,8.23422253,8.750480084,GSM2804860,Response
8.159202863,6.810158653,6.857115088,7.005353254,8.896544825,7.102099948,8.1397557,7.433370774,8.146139937,7.025114465,7.045440123,7.877169121,7.908289634,12.16379904,7.18751768,8.089455117,8.244730689,GSM2804862,Response
9.257694318,6.988444573,7.126471444,9.842286116,7.974908019,6.786733393,7.576791374,7.024846839,9.0500418,7.499764807,8.883633166,11.63827281,7.611832422,12.52162492,8.62105024,8.30757735,9.112219617,GSM2804864,Response
8.270595663,7.180165416,7.864238162,8.33373281,8.300530431,6.981406367,8.175158627,7.252933608,8.851165702,7.469726049,9.413109131,10.36630216,7.727024593,13.20697596,7.040189173,8.583612726,9.205973516,GSM2804866,Non_response
7.57082488,7.366994602,7.514861647,8.000822853,7.728331258,7.414565619,7.248624529,7.618859268,8.243434385,7.158352508,7.70638935,9.421267304,8.095049291,12.91724711,7.618859268,8.667130034,8.105237722,GSM2804867,Non_response
8.627981365,7.397794943,7.483247583,8.762065059,7.328097046,7.337061088,7.526056924,7.178464917,8.426777605,7.616186365,8.100913646,8.512252248,8.054490796,13.89416726,8.054490796,8.718958779,7.579296707,GSM2804868,Non_response
7.714851808,6.976100732,7.390478888,8.667689976,7.194064242,7.135782319,8.064067134,7.003068664,8.013257947,6.916534223,6.960616307,8.495023191,7.598910627,14.25164043,8.271649532,8.437247061,6.806130765,GSM2804870,Non_response
6.691385645,7.369824887,7.786920057,6.988925875,7.09734182,7.482100326,7.204448093,7.724951354,8.756135069,7.399107673,7.928312179,7.565510578,8.585063438,4.435922571,6.918203311,9.100361296,6.615820762,GSM2804872,Non_response
7.612578207,7.412265163,7.321079371,8.534360918,7.289854409,7.154060897,7.493383367,6.937454943,8.294979854,7.33704953,7.635041311,8.360977335,8.041866677,13.14346571,7.957219937,8.875050031,6.632228718,GSM2804873,Response
8.299660084,6.797860487,7.402398365,8.575836529,8.298008921,7.006023259,7.519344834,7.17532471,8.839439519,7.323333556,9.689328444,8.936496779,7.451294305,12.69271448,8.042994218,8.207224672,8.852878491,GSM2804878,Response
8.222679957,6.884550422,6.998115909,9.113587899,8.198716172,6.610300861,7.446266965,7.64392153,9.972079525,7.178096569,8.081978143,10.59218578,7.931735598,11.29731613,9.032179871,7.983756452,8.526561178,GSM2804879,Response
8.194063282,7.205841123,7.327293716,9.5185408,7.782413643,6.906502637,7.081788868,7.093364181,8.739643207,7.340777138,8.984588127,11.22214442,7.493341882,12.39832944,8.755327748,8.195737091,8.194063282,GSM2804880,Response
8.220652705,7.060582024,7.294272861,10.71096854,7.966852217,6.755416495,7.858982657,7.082903335,9.071456933,7.273252726,9.096108992,10.49332801,7.613112293,11.8822128,7.500526408,8.302164601,9.13971689,GSM2804886,Non_response
7.797107531,7.63513946,7.658901524,6.848996419,7.051893468,7.308126818,7.003613752,7.225519704,8.25005494,7.474247733,7.548345438,7.518852714,7.871948635,14.23998567,6.985887908,8.661478992,6.91665963,GSM2804889,Non_response
8.586725037,7.032565925,7.196367218,9.267270796,8.247229752,6.948536801,7.448037106,7.149124899,9.497219684,7.216910632,8.755571572,10.91541734,7.585512955,12.91447023,7.431467251,8.246142826,9.063653409,GSM2804890,Response
8.361485517,7.139717749,7.202472012,6.509971252,7.60057437,7.085127969,7.60057437,7.054580371,7.937565422,7.107246617,8.171978506,8.801174895,7.76367584,13.36717983,7.492384191,8.09074459,8.006393171,GSM2804891,Response
8.665974843,6.706222413,7.095986078,11.67873324,8.594369663,6.755258334,7.754868807,7.702843559,9.396638901,8.49684249,9.224603231,12.95455684,7.590572979,11.20714508,8.698857875,8.833295309,9.313744869,GSM2804897,Non_response
7.978339224,7.081595723,7.239038614,8.639352013,8.197562579,7.021303846,7.434521548,7.031542943,8.888520615,7.466299493,9.862214573,10.65340341,7.550503127,13.88433988,8.158731553,8.470005882,8.40200419,GSM2804912,Response
8.944626817,6.956709257,9.095709904,10.22831966,8.249377991,6.809404926,7.563324171,8.225546692,10.40833722,9.186720476,10.39899865,11.05501008,7.454215954,10.17939031,8.5435923,9.613287067,9.343591146,GSM2804922,Response
8.168218368,7.027836036,7.012746572,9.283083826,8.081100685,7.109378492,7.272645213,7.016755992,8.521628329,7.229074722,8.959175559,8.674673209,7.54070371,13.06140301,7.122313053,8.074165148,8.086678822,GSM2804930,Non_response
8.969842971,8.323926958,7.960939468,7.102542513,7.304037517,7.102542513,8.50892239,7.47151115,9.612044188,7.744650062,8.168515425,8.168515425,8.192984666,15.52024302,6.663756079,9.354862422,6.834601113,GSM2804938,Non_response
8.26594383,7.687777032,8.276367898,6.780196769,8.127723033,7.016980179,7.381483432,8.169218737,9.606043256,9.057944624,6.842244826,8.7293954,7.581476851,14.68038004,6.536251292,10.59696257,6.411902224,GSM2804939,Response
9.043647093,7.584177374,7.444847356,6.711428066,6.988057512,6.840527963,6.804634523,7.051199363,8.666414014,7.15512141,6.918541736,11.10354525,7.641044513,13.50984723,7.236092672,8.383734806,6.988057512,GSM2804948,Response
8.4555012,6.866702919,7.580067652,8.336622736,7.765807265,6.836372097,6.793161213,7.360724205,9.807413968,7.286918778,10.73896068,11.179255,8.037799128,12.74743302,8.525912954,9.290535753,7.855268019,GSM2804954,Non_response
7.682038513,7.901691165,7.841261809,7.029359117,6.940418508,6.915575799,7.137496188,7.719938445,8.796058322,7.433657527,8.24119452,7.552604578,8.087487581,14.15256421,7.694022341,8.880097339,7.073234225,GSM2804958,Response
8.367305599,8.147826458,7.908289634,6.926221319,7.067820527,7.647691578,6.876900586,7.728208256,9.168440162,6.777138606,8.558624366,7.454776151,8.416050333,14.62100374,6.998000358,9.775089978,6.702827298,GSM2804965,Response
8.439354762,6.895690496,6.954728874,9.674165903,8.585551581,6.700080101,7.140907596,7.091406355,8.982990981,7.41412335,10.48214778,10.77815756,7.281462174,10.18726093,10.4206551,9.176307328,9.566460325,GSM2804972,Response
8.621938744,7.849306788,7.679281037,6.393550238,7.651878198,6.984303699,7.089477999,7.692973858,8.686019965,7.451441361,6.879480169,8.132450586,8.228038266,14.54736763,6.673069752,9.668227363,6.526994995,GSM2804983,Non_response
7.667264136,7.307057923,7.467991271,6.389122411,7.994205889,6.860686702,6.758358647,7.396778165,8.463877827,6.881263391,8.194518864,7.819799149,8.097530779,14.03956399,6.84011078,8.976328933,7.623810679,GSM2804987,Non_response
7.643204612,7.560481663,7.438837923,6.973317096,7.817403577,7.249895147,7.007327932,6.773214207,8.991395381,7.249895147,8.930998092,9.091919258,7.896746603,12.56513766,6.939675874,8.957965379,8.627807906,GSM2804991,Response
7.806024532,7.531864004,7.58963593,6.584349218,7.408043583,7.348224589,7.215747505,6.956949361,8.776021751,7.318834293,7.377005515,8.37638629,8.055424054,13.13322549,6.89015382,8.841082079,7.737122383,GSM2804992,Response
7.719867532,7.559089871,7.201912117,6.470301004,8.955994827,6.965525976,7.248564267,7.384952013,9.058389276,7.248564267,7.061721887,7.899125403,7.899125403,13.73914181,6.778115013,9.355003217,6.433507117,GSM2804997,Response
10.11401257,6.759063394,7.409037766,9.611086442,8.93466846,6.628527957,7.479241152,7.316677638,9.630190381,8.07813246,11.10196585,9.765813139,7.502255005,9.361335252,8.121931824,9.897608685,7.970354623,GSM2804999,Response
8.246247926,7.868799457,7.501833013,7.138134783,7.671467005,7.560184639,7.117072505,7.720385753,8.695107071,8.105587477,8.329462458,7.761238089,8.424348412,15.23922717,6.96072133,9.70922441,6.539915983,GSM2805003,Response
7.741123437,7.440283905,7.178539012,7.178539012,7.627832742,7.429668269,7.071809927,7.109812567,8.488026448,7.178539012,8.747935807,7.838631553,8.047052426,13.11263337,8.234754162,8.68753306,8.144828012,GSM2805004,Non_response
7.946263164,6.999547971,7.763060228,9.709727208,8.578734094,6.971500277,8.105237722,7.334153956,8.9079047,8.359282654,11.01002003,10.3572222,7.804661601,11.85271692,7.918990689,9.39606059,8.334125107,GSM2805010,Response
7.775454382,7.989655855,7.414875192,6.515425585,6.936473064,7.989655855,7.36625287,7.341525175,8.841759176,8.047052426,7.802749776,7.600074838,8.544156583,14.69804896,6.953998206,9.516320199,6.899971803,GSM2805011,Non_response
7.910377842,7.021960124,6.820892103,8.070061508,8.298358043,7.021960124,6.990111774,7.205524342,8.990322004,7.165312919,10.53015599,10.37067039,7.747230663,12.31309731,9.706616835,8.555591448,8.171041898,GSM2805012,Non_response
8.368376944,7.156129794,7.136981562,7.809424766,8.222313593,7.067413095,6.977913515,7.506647161,10.60605612,7.156129794,10.23350922,11.37511683,8.051957047,12.11375197,7.535230203,9.049109219,8.826638343,GSM2805014,Response
7.595009828,7.616066427,7.452679731,7.162380896,7.429942492,7.734810646,7.02565897,7.395739032,8.956136049,7.244752051,9.199024212,8.407123193,8.467879214,14.38742129,8.262543856,9.211040108,7.778095864,GSM2805016,Response
8.245891002,7.333578392,7.346083822,7.526386477,8.173841511,7.226621519,7.383205929,7.339976981,9.067511221,7.281942013,10.19299649,10.04048709,8.212527465,12.62927124,10.94735662,9.181696956,8.768961275,GSM2805019,Non_response
7.990502363,7.221751843,7.282372696,7.640241616,7.937206825,7.18350666,6.975231514,7.201089683,8.999861851,7.018815565,9.932822371,8.542224721,7.647812721,11.52610353,7.757827583,8.510373943,8.299330095,GSM2805022,Non_response
8.328346708,7.897788049,7.83664458,6.470258853,6.901519201,7.45798412,7.040561076,7.648197399,8.791917223,7.558163469,7.238511181,7.700623588,8.535590222,14.80552497,6.701034239,9.543830533,6.539315133,GSM2805032,Non_response
8.332416002,7.283647542,7.258731951,7.151504313,7.617444399,6.787316177,8.953072448,7.734291405,9.636171635,9.680201901,7.40310332,7.532228757,7.523889314,14.65418595,6.629268867,10.06600959,6.707286391,GSM2805036,Response
8.71959648004493,9.4000808068404,8.26472723754914,11.4547048648883,10.6321909723421,6.19958316935217,9.97722674930667,8.3188660814825,8.75258361108452,10.3957620871344,12.7613515464821,8.50380768224772,9.17713735344433,7.36818207648508,9.0488594507825,9.57182645459278,12.340261588876,GSM2811122,Response
9.73802949642972,9.49696407611632,7.67511957913062,12.2158843789161,10.6462806825585,6.20022312686959,8.76744977186315,8.58065109537009,10.2698074302385,10.9133535406923,11.9018673931101,10.4000624469031,10.8226321531219,7.5218207777705,12.4118925603496,9.36795079028015,9.28470045436388,GSM2811123,Non_response
9.03302139358806,9.87270134268407,8.52303269646222,11.0042287272518,9.84793534394308,6.64504467557723,10.4138645347157,7.72763061727673,10.1332899714861,10.2360217600994,12.3392829569166,8.21948853646152,10.2795926922341,7.88138546178505,9.66316324926022,9.49475955902685,11.7001597147696,GSM2811124,Response
10.6702096145203,8.09755022900379,8.38283930083093,12.1570777095682,10.202670601969,6.11974907196763,9.24840669979772,9.31289730627007,10.5899724947436,11.142568976333,11.2030791853546,12.0780332356068,10.8560328636964,7.67073952527312,8.36082714732549,9.28948222155213,9.48490128944661,GSM2811125,Non_response
8.57794524053789,10.5092541526689,8.64583782985271,9.05435604847914,10.0947458518665,6.1379004156532,9.94336816032098,8.64744208173509,10.6917632587424,10.7373537382951,12.341306041284,10.7664396244699,9.8817221676761,8.55786247987755,10.4436708564374,9.06978778909789,9.84196734433611,GSM2811126,Non_response
10.0155753738655,8.63581991487419,8.48434490969437,12.2321327597107,10.3860625896602,5.95813205462637,9.29848803554159,8.87885332878686,10.9405735911438,10.9385215416006,11.6410041578821,11.6866888354387,10.6797342511642,7.67189346091692,8.49379376785748,9.23862753505973,8.93953392712048,GSM2811127,Response
9.44302420002217,7.97575964092023,9.2677683867907,11.1015445591058,10.724667527416,6.19573745138064,10.0056181735032,8.17571670374334,9.32607727163101,10.1131558606686,11.5402311494578,11.9393140343766,9.68924943411599,8.33968456562466,9.49888349602077,8.70651786654282,9.31592682972227,GSM2811128,Non_response
9.74131276561388,9.20811722752104,8.63926527997881,10.7597803988752,10.6480554700278,5.93114398090668,9.77765881382011,8.22607611691103,9.6107356446174,10.7343514239391,12.0832248678088,10.3627131287522,9.61125703362523,7.29647556683188,9.08978384951453,9.66891546151207,10.0706399010316,GSM2811129,Non_response
9.47607657735916,10.1264390983926,7.86348482025248,12.7577174214665,10.9313042497394,6.42892123563119,9.33579282294318,9.01565993649309,9.83014628005129,10.5055589678785,12.0612522450409,10.6810147476959,10.5302481570423,7.7693766335928,9.48029809969996,9.39728125328049,9.46046885192544,GSM2811130,Response
9.64023672292137,9.55152191158181,9.08644151370036,10.6533862428832,10.0077065159632,6.35335437027801,10.5782812256281,8.57714481124215,9.57337102815397,11.2405196805095,11.9954352908637,8.04905431850358,9.79843802597603,8.15614255974681,10.3031427043743,9.51584083696657,10.2164240496817,GSM2811131,Non_response
9.46668789335841,9.66826996322708,8.92815085725134,10.9149057120453,10.0750006624563,6.46894840004079,11.0710949237677,7.99013986222036,9.96923919471184,10.4842272699589,12.0526772486111,11.2683041337095,8.5541125753525,8.19526959770769,9.62918993628655,9.58656614266502,9.35559245213832,GSM2811132,Response
9.91346803617256,8.87973579599272,8.22978967597973,12.6885819151567,10.3527701098824,6.00234591171103,9.76536866245553,9.11709483865725,10.4602119397342,10.6952527124036,11.5660932518688,10.4584743979592,10.7702381957822,7.79166418661245,9.97279381281091,9.58765691054823,9.08556142273721,GSM2811133,Non_response
9.89124848693521,8.57498759936895,7.05263680451284,12.8467435592594,10.2358657179736,5.8206179883545,8.4694242527374,9.6142613732849,10.2308503882282,10.952690467785,11.3090381085312,10.9838616983005,10.5423440896019,7.37966861380019,8.69629030735351,9.03317105981069,10.1016985723794,GSM2811134,Non_response
9.95635377593529,10.0658709505571,7.34974584398014,12.8911884729534,10.2647177269154,5.55444939396896,8.21588019456478,9.48761248262804,10.8531025624883,10.9095432406398,11.3991274421608,10.9438890229823,10.7041346595529,7.60375389071123,9.41087949324938,9.18408248459777,8.73561422506047,GSM2811135,Non_response
9.35366422215423,7.68074798493397,9.85683285166572,10.6831718195666,10.3670179952317,6.83324514771437,10.5077847535375,8.84349719836995,10.5204700997188,11.2303832576906,11.6565734217091,11.0454375547971,11.0313984182064,7.93215581553657,10.6207734727567,9.85542004261604,10.0097462080943,GSM2811136,Non_response
9.39814144532668,10.3597863413922,8.46537040828047,7.71473693910047,11.9227887160829,6.12986133256094,9.5342623203237,8.3682968242898,9.7983235554862,10.5174670128554,12.1817450257141,10.8452052170492,8.68022886897115,7.38366504526044,9.65515311381137,8.90314774148492,11.6299038927595,GSM2811137,Response
9.67257104239236,10.108688961365,8.37218286341478,11.7993501802997,10.8593371259344,7.0563528634732,9.75669376978825,9.80942007244652,9.40440304346844,11.0433585781868,12.1169110034187,8.98273266980319,10.2218705424159,7.79406843352419,9.39039287396818,9.6874057725599,10.0347777654117,GSM2811138,Non_response
8.51023019163483,8.88758758607755,7.65852834107105,11.3022358552657,11.0447399466527,6.29683284427345,9.42175800866834,8.0008623480341,9.59405237477871,9.52462862675563,12.0864755007966,8.47822366668633,9.63059520224135,7.13588569302652,9.164786224646,9.18462156215901,10.5375199897212,GSM2811139,Non_response
9.60267026581056,7.72080797764564,7.38615134594588,12.5799143280528,9.34731040252665,6.43418981269186,7.81022807133838,9.35913081026487,10.4160583711057,10.9012857018669,11.1786011363096,9.70144927476632,11.0974781320899,8.16769531530115,12.3205233748181,9.44666938374091,9.59846890023025,GSM2811140,Non_response
9.13572551227504,7.87718956088238,8.26038685547017,11.0961392077493,10.5251865236271,6.32654321811988,10.3809266347589,8.5446949484452,9.14843739986055,10.7615835890378,11.8216248792102,8.14219487317905,9.70851380960311,7.96268116529731,9.42481855527824,9.47972715782592,9.90533111384267,GSM2811141,Non_response
8.5955243373861,9.94240425342693,8.0329789466773,12.1197502395132,10.5093725006494,5.33347897637946,9.78248338832529,8.75434588319562,9.03215302318113,9.71001244933119,12.2115232577154,8.89700959359566,9.62976408353005,6.17179294463768,9.50498263636492,8.99218660075411,9.60368846568205,GSM2811142,Non_response
8.8043969867044,10.4918485447978,8.29771786018241,9.86533961805561,11.1380218910822,6.10706512470682,9.83413749326265,9.12576670366686,10.6612851318791,11.4043408735075,11.48618784946,14.6947787164125,10.2706201190332,8.31522745258738,10.1094556984451,8.973871467409,10.3000861875865,GSM2811143,Response
10.1660754881658,9.24638128789055,7.97101753799547,12.971218607267,10.6389826159152,6.36253126433668,9.24638128789055,9.21021027577372,10.2202019436716,10.6125037723687,11.7076385110911,9.89819195250891,10.8291503517355,7.46778999859709,8.63682484252257,9.17914054863017,8.82736279715377,GSM2811144,Non_response
9.87639319182073,8.88302779343288,6.19979652006791,13.0738588305115,7.50719845254363,6.79414488236797,9.05379552744494,9.12520517528547,10.6757181683291,11.045073950088,12.0219779177076,9.46215952995557,11.1071287991783,7.65592592693804,10.8428890331418,9.45426759596112,6.81093230420199,GSM2811146,Non_response
9.5222954209322,10.2446492799477,7.48290281318184,12.6020623445426,9.99918939022641,5.64372509990874,8.74059039142727,9.0324225733844,9.83064578596257,10.6234101942934,11.7774991482992,10.217109280404,10.4913475204506,7.88583441947909,10.5566578845455,8.9256054595167,9.111379011402,GSM2811147,Non_response
10.0439349184785,12.7651905517729,6.96823879678943,11.3640786268313,10.7493100136488,5.1557342945431,8.0374623247879,9.21986775607843,10.1621803393215,9.82569476985701,12.4253216268524,11.2584609452949,9.75827902304902,7.46370934426881,9.67928085541373,8.27326765489258,10.4714994170994,GSM2811148,Non_response
8.32601819504872,12.0971969105648,8.92040405933644,11.3791463170885,9.93061814773135,6.09059159841285,10.087500056035,8.02715970469129,8.60914187485555,10.1149458256221,12.4888104678742,8.59475388533093,10.3217637001484,8.21292358963531,10.919912461343,9.48104437523124,9.17058048058017,GSM2811150,Response
9.32522190068416,8.73080540075411,8.90452277883741,12.0258413781814,10.7828876872016,6.25010930955948,9.81065164715893,8.90013116755491,9.40741976813567,10.2920912949444,12.442380345896,10.3727063686722,10.0764755310896,7.8809531155217,9.80405352461998,9.27280933211095,8.83677358154657,GSM2811152,Non_response
9.25801757859951,11.040558366183,9.28123917269048,13.5591349142031,11.1184656290393,6.51545680510048,9.7344626351449,8.1367449807239,8.57171481139268,10.0075846520298,12.7957762764649,12.5874579978953,10.3618017522499,7.82734836867383,9.81977267959837,9.55096802435298,9.83897406098954,GSM2811153,Non_response
9.42164368342064,8.96011472218875,7.67181656058206,12.8605568889412,9.52352109080804,6.03571523273579,8.95180993401329,8.75061895769797,10.6731946245581,10.8917059709105,11.6959638562966,9.38625103402815,10.8564642838459,8.01086751185943,11.4329252740543,9.18262596822797,8.76687389715872,GSM2811154,Non_response
9.83413749326265,10.2224219380981,7.85869608490546,12.3470513496774,9.65829070385604,6.39615465599929,9.21366114223148,9.2517546440816,10.257177486115,10.8513551014267,11.5892368258038,10.7081990657054,11.0930484970224,7.96738804879665,11.0959242913397,9.32418255369752,8.69405812112758,GSM2811155,Non_response
9.35963217228827,8.85187062000698,7.9952191656355,12.176402125235,10.2581317780358,6.26873665693965,8.89048178660757,8.30693255520617,10.0985410977586,10.3727063686722,11.3437202955472,9.19549476619454,10.3734926794831,7.24798756003813,9.55714279502336,9.79855248738392,9.02093713622238,GSM2811157,Non_response
9.446287296709,10.3474959840914,8.09296288330301,11.8226296332731,11.6406702286386,6.17808716852189,9.00850724169143,8.42613173151986,10.538490318439,10.6413752297652,12.2417308840498,10.033760862321,10.1604549153416,7.81382175630146,9.95410275667961,8.87817029498521,9.08057372873064,GSM2811158,Response
9.90411233576594,5.97093917030136,8.49022226240797,12.3679654029257,11.3815845760763,6.94226996105956,9.15027384451465,8.67779936953336,10.3813793332027,10.2093551152646,11.0670476214801,12.1895663622998,11.1007093400972,8.09221605995735,9.51467293749342,9.28222176198453,9.96862895125062,GSM2811160,Non_response
9.5919203152158,12.471618842947,8.52905202906099,11.4805848791013,11.4236901855127,6.13366314902035,9.77110513339129,8.80353739031039,10.2648834248866,9.53831720522721,13.0390914863836,11.3817932101828,8.97360634828738,7.53329435159927,9.1177018751227,9.02223457597841,9.92288462257497,GSM2811161,Non_response
9.6198029618742,8.78362398062187,7.7563809725332,13.3496021283426,11.6068054019707,6.82745759356601,8.38135871353526,8.50406686002531,9.79189866867831,10.3481578090048,11.3079653846502,9.0488594507825,10.6135851209958,8.06319469877863,9.33352198365192,9.86332916450928,9.5794713508391,GSM2811162,Non_response
8.08616981165498,9.19466538633667,9.44773644378758,13.3744512299047,10.4913475204506,7.57554599144993,9.98008650874328,8.15614255974681,5.71172892518587,10.1115337777225,11.3323259515517,8.35652766233266,10.5343513328505,8.23354580223259,10.6000399660232,10.1193581795434,9.19281763380604,GSM2811163,Non_response
8.12162259444691,9.30193307371768,8.94184763520747,12.7178919387844,10.5941479183656,6.94971026578131,10.6444645224658,8.38790409543871,7.0471929257549,10.4246978319286,11.1338268541921,7.12317472222917,10.2340635091838,7.88735851584299,10.2951772592633,8.85806825586783,9.90548645450529,GSM2811164,Non_response
9.66289244623258,9.68894548720998,7.82603595365927,13.5827998063636,11.0337752083158,7.76202680418699,8.30097829260878,9.30618758263605,10.3860625896602,10.6180620810435,10.9408967025431,10.3874564122169,11.145984615099,7.77826158338333,9.51249533542046,9.47634078471146,8.1825877024987,GSM2811165,Non_response
8.53017653777136,9.15027384451465,8.51837871102301,13.4930431201631,11.7202934400072,7.021955457188,10.0800148713788,8.4975083238472,9.44435283351042,10.2695914828036,12.2447050316619,8.43967652410681,10.162878138977,8.08588126205078,11.4413067272554,9.35919050535717,9.22224580376484,GSM2811166,Non_response
9.0603899650244,10.4623753709554,8.87212553264135,12.740767429865,10.7392172695482,6.92424218458114,9.22556325998447,8.41682423481259,9.96210357573673,9.99989405496115,11.5935209434775,14.1556574613241,10.6135851209958,7.86112616254651,9.39413835799012,9.65898917564365,9.86995557030687,GSM2811167,Response
9.22204151128852,4.60830010753829,7.73350313931407,8.63396657196184,8.15064346916792,6.46532212751064,8.81366867563927,6.62284003035106,5.50544166261635,7.49300878712695,7.91553843378939,6.49296053872684,8.70490802138445,8.8073582513671,8.81071285445734,10.5151637394219,7.13873203198439,GSM2193343--17,Response
8.52091304517602,4.83943090974685,7.83143062216485,7.85562080433806,8.29619796152999,5.82236127642194,7.74542513162828,5.86918564677718,5.5138136918308,6.98127122034869,7.64458318881244,8.1273277209745,8.49951575064272,8.36603229864687,6.61281657232702,9.19911857906637,7.64180966615318,GSM2193345--15,Response
8.53059817252018,4.80056741332044,6.57141891991617,8.08877664216788,7.9494293693423,5.82059776298251,6.78230711442863,5.30315664966409,5.35930375877778,6.81704067356129,7.4423980324954,7.39184387355728,7.44433817665734,7.4439107275483,5.94673963701964,7.71064933228275,6.8229264598817,GSM2193346--12,Non_response
9.24021851353948,4.89963419078338,4.92282579497705,7.39657628977248,7.58133580652364,5.23880711833382,4.8414727512638,4.61502502944973,6.04003891736338,5.95830419192577,6.86069960157293,6.57798600295756,6.20796202241316,7.33506918492877,5.37412776749103,7.78857829404607,5.58119320634855,GSM2193347--18,Non_response
7.79529696498416,4.87033287268056,5.75857146084151,9.29346081229636,8.23445049316632,4.8369917081576,9.71934387009883,4.99105565784115,6.51546239412612,5.4608241914572,5.98208898761458,6.65876734198467,4.77234463557473,6.05455992191568,4.73602720419231,6.8188163474185,6.74293961129793,GSM2193348--10,Response
9.3129292960362,4.83010914903021,4.84327261163294,8.80328880261831,7.32278148395419,4.87206521052078,6.38012914815521,5.30752815794053,5.80824325261626,7.18840058005126,6.55030797124206,7.59597938729574,6.0945465129402,7.30717519241633,7.13677334247682,7.5712336716684,6.5833297625123,GSM2193350--28,Response
8.55770117643151,5.01599227612206,4.92195239245795,7.88763044179516,8.08454585132463,5.09333631948806,6.91131206350059,5.81928991477415,6.02679727268441,6.26614995575712,5.65492937596137,7.02414448609064,6.15874444697113,6.39789158806683,5.94151051411894,7.06870360578813,6.29918882024733,GSM2193351--11,Non_response
8.77258830388636,5.02919091558025,5.68998196277087,9.67187226401212,8.48309192131866,6.46078591183833,6.44134981092615,4.974696724283,5.55577094875352,7.05064986453195,7.4137292530461,6.40553658425125,4.86357560620662,7.58177531290571,5.00740143466633,8.97773545815975,6.59496936380454,GSM2193353--7,Non_response
9.23188328400471,4.54799644923277,7.81061838723463,9.58310048863418,8.91106562268851,5.97850294376792,9.49981099756591,7.56539529597671,6.55297183674987,7.30740344640393,7.73547395473587,7.78511017251363,9.02348394084434,8.51119044542583,9.18819206171125,10.3675253187245,7.96464822999753,GSM2193354--3,Response
9.14742747935617,4.97996607008368,8.13533374441034,8.50276143826034,8.99281781612003,6.25244123739552,8.80272702089806,6.20948929926081,6.51013500221719,6.76312469331688,7.82269299732188,6.15459008979471,7.73266672050584,7.96174758541007,5.24630810972673,10.7213234999051,7.81982283712963,GSM2193355--4,Non_response
9.39000907549455,5.29590125372017,5.47861816044383,6.9007401230268,7.96053271242248,5.21042003343486,6.16571231175791,5.46476668691504,5.87388988487974,4.94470761298476,6.09619687224994,6.87086272353368,4.69419106207903,6.14364165279014,5.27826127515657,7.89966849109976,6.67811827755115,GSM2193356--14,Response
7.96439358728504,4.53581108053289,7.87154810076129,6.94916082904894,8.32390544882218,6.26864079661102,8.67923750923194,6.44232219468608,5.43629573095241,7.45331232719958,8.20007571792459,8.47892196715639,8.84078459856646,9.25860997431047,7.47158161393538,10.6745815498313,7.08641671689428,GSM2193357--23,Non_response
9.82418567342411,4.77533390874284,7.31253948935664,8.89356386696135,8.63179278702139,6.78542158898333,7.60388000479194,7.4527017166939,5.83947559585544,8.12462984846788,8.16651429977548,6.67598383326127,9.25599919889952,9.05315480908802,8.2238804033933,9.47305127199979,7.81545399502222,GSM2193358--1,Response
9.94726131194806,4.9296086461137,6.9300821595898,8.51569552443761,7.59464378502388,5.32570899328965,6.25332359308741,6.10945607092727,6.17314115519478,6.53531481690216,6.80332007769503,8.63694485701795,5.5101616466119,5.94786707355204,7.73005356870668,6.24874907594356,6.73599321060015,GSM2193359--25,Response
10.0290695655727,4.97312195153893,6.07478912296154,8.74029685558509,7.26750959525792,5.2995596115632,5.45062189010389,4.78750860132228,5.82356263006569,6.44805652192945,7.68880753503984,10.0367238667326,5.74648266541555,6.18370375494983,6.7369172789298,6.92448342492449,6.90041372300954,GSM2193360--8,Non_response
8.55798472394759,4.73490011894388,7.08779228826334,8.34084312396167,8.9572383368856,4.25519746914989,7.73400482966896,5.49966828297755,6.66194573098611,6.93444068355736,7.51934560952234,7.24714093552161,7.7797959063298,7.08169312723228,7.8021839278102,9.34012646860281,7.39852229513667,GSM2193361--26,Response
8.23480879832126,4.81932229440508,5.7181269029836,6.57450730260834,7.44237179966162,5.00143304213141,5.77025583711141,4.45015247455541,6.13316238242705,4.35574695854546,6.68652992765101,6.79069999836501,4.75053782415831,5.66898428323789,5.21602344744079,8.50903668779808,7.09995534698607,GSM2193362--2,Non_response
8.95668837947742,5.0841972687582,8.3729970225841,8.7954484487705,7.73815356777759,6.73307385482001,9.16370607783991,6.08041621843665,5.03889679129953,6.42491989862128,7.88560158479066,6.48890508600654,7.81547548593442,8.08644010978659,7.42634973610019,10.55383897841,7.36546940005812,GSM2193363--13,Response
7.95957124421045,4.88057031592396,6.04656830904163,7.41658603080291,8.20214091304553,5.45345420139456,6.35772220716807,5.45939687226478,5.74078791653894,6.59126973116684,6.9021942138312,7.27702416969003,7.37488082976879,7.11297411105798,5.65097463567954,9.69412804002268,6.88515296753209,GSM2193365--19,Response
8.06669371034586,4.52475874608938,8.19200500350433,8.55441243488277,8.16008863504664,6.46948374123723,7.71950346321425,5.76806221453775,5.22754203954043,7.50679676391618,8.53363478907084,8.07194715878077,8.28520299009702,7.83666997251924,9.69687997626994,9.80550725936018,7.28779190939853,GSM2193368--24,Response
9.2594083818451,4.50267833953418,8.70358667999934,7.81306215928972,8.52502230853518,6.26227615021935,7.65281065440211,6.33095464479866,6.44914709457654,7.34888299275286,7.12878780922286,5.51733714334068,7.96785638541644,8.11368469590204,5.33874837741271,10.6494222611526,7.18756363880474,GSM2193369--5,Non_response
8.86133599922457,5.04211546030263,6.49379150896468,8.50527953137829,7.30195543081668,4.58155047789987,7.9050049577574,5.06506962335529,5.75236922510934,5.82739870357974,7.04867566176346,6.13029813509998,6.92442217848317,7.92296050208883,5.5751043199614,7.22380814377493,7.49374514071351,GSM2193370--22,Response
9.89997620441974,5.00892927678109,7.61114696291315,8.99269734134903,9.16775465827905,5.31947414004353,7.61944315532476,6.11810121098591,6.72664285608143,7.10251658415669,7.371962308762,7.97048377513812,7.77335310354474,8.94319896436244,5.75735744056829,8.15946950185683,7.73786290138312,GSM2193372--27,Response
8.68252694531885,4.83700471817536,6.81888220473631,8.16443550068816,7.85913720937862,5.56749232235852,7.29546675907793,5.76414501671919,5.28430907452208,7.11081599483945,7.39708812179706,5.70010400368657,6.61582401314774,7.31784189359543,5.73604117296765,9.24808337172746,7.74935653525631,GSM2193373--21,Response
9.16265686792774,5.23466765620161,7.00516217405869,8.08393334223985,7.86628759694151,5.02510190395247,7.66510171154044,5.53572555044975,5.70926428041251,6.78633375856169,7.05075405808919,6.70293038052299,8.17001508142985,6.91932870248171,7.82361630143936,7.77304768154703,6.24888732590236,GSM2193375--20,Response
8.63365060332294,4.94260971864673,7.67567375720033,8.80061227936418,7.52655879108756,5.21412942965562,6.2272819066328,5.41864336889154,5.38636000204867,6.44078945124869,7.29052607993798,7.52928270012375,8.65418283146028,7.60464835072934,7.27517488594188,8.60386994127177,6.88174801240996,GSM2193376--16,Response
9.20882957427377,6.19932919976164,5.43894542367819,8.08457184234699,8.28573911230663,6.93777552199524,7.73003407771051,7.70024530052488,8.81672734560349,9.91530029707093,8.16415039154251,8.93939146401121,8.19793875192357,7.16102935547694,8.18310135267339,8.79492368057164,8.03668838763573,GSM4171523,Response
9.23706167817561,6.25510616938026,6.0346370766382,11.2142669023754,8.34533382425467,7.25472897035293,7.58897820657008,7.78879068821622,8.498476481303,9.93026899672701,8.54261219502642,8.99745136690369,7.83714771019414,7.47487261520773,8.66751782919975,8.79865221963915,8.57906368658129,GSM4171524,Response
9.98377030394603,5.72955195058762,6.16446912093662,10.8716165493556,8.41866117620069,6.46298364412062,8.8013070907351,6.98006033931493,8.55447186854255,9.29654903363028,9.1794408245181,7.78112582716254,7.4887815586722,7.86462491048211,7.23138366885289,8.19116690680404,9.9435523845123,GSM4171543,Response
9.48838171337288,6.76269679863053,5.38984406360111,8.31939673691408,8.58575341031107,6.63372541808603,7.764086109863,7.63544061717742,8.46024039204743,9.7207779645084,8.84772476567063,8.73946528377765,8.12151445006832,7.19300919988229,8.58279456737482,7.85056040138563,8.19093203612123,GSM4171544,Response
9.2887086693782,6.59196076953465,5.09032006224732,10.1616157154232,8.64393591696197,6.87177115314278,5.4100572926412,8.19064961926857,8.92190926055272,9.87857224878827,8.85815740392936,8.98364266445721,8.44135311943013,7.14197204327819,8.29375527581951,7.98414054414202,7.9777317307758,GSM4171546,Response
9.1794290564978,6.3479993569756,5.76688071095724,10.145723006706,8.42688830281525,6.7977645835228,8.10860958517624,7.69688426345005,7.9787258778771,9.60107185807503,8.50010830947492,8.6367177134988,7.85094686322939,7.08925266281374,8.28482728410611,8.20379788518766,8.11536858213949,GSM4171570,Response
9.07171204522765,6.35317529344475,5.8120055772687,11.1449802898588,8.49995315607523,6.78401629778488,8.08215252177352,7.64562714276854,8.29868124388535,9.94063111131641,8.34586205140231,8.81075894664256,7.87102194071979,7.06881726815485,8.82700891705803,8.79128519846667,8.31399594825684,GSM4171571,Response
9.48417431501897,6.75723713790018,5.70403220378926,8.96331465504635,8.18160151150412,7.38971733950683,6.73031294110153,7.97627499399066,8.25191008083275,9.77109739481209,8.12815064924329,9.80491682490813,8.88443974621629,7.13490918822569,8.75678854937784,8.23871850065738,8.56006873225537,GSM4171578,Response
9.03036825188151,6.21461951420373,6.36074126337353,11.2754060611619,8.36428592999501,7.52446201845265,6.65039225274394,7.91221455111491,8.61455863342558,10.0646466189592,8.47534710887955,9.15495661789243,8.63032366159976,7.40609533923606,8.85172008202104,8.33926023062265,8.58716752361468,GSM4171582,Response
8.86328333904869,6.05060727165948,5.83821321143166,11.4988089434357,8.37353202936373,7.20372979054551,7.01875954674112,7.72184714709986,8.53072579122172,10.2634368003456,8.58666646764322,9.64518740126322,7.93939064127139,7.73715434126874,8.41542878095376,8.32178555756209,9.0470535014346,GSM4171584,Response
8.097343066,7.201337059,7.570946277,8.472250882,7.931880841,7.40934375,7.285604419,7.520284073,8.744500057,7.42217021,8.418228713,10.73339621,8.142624541,13.98687389,7.112663204,8.658364051,8.133990066,GSM2804884,Response
8.260035021,6.787935046,6.868789207,7.798866526,8.586186682,7.678368824,7.520361023,6.913033438,8.908937768,6.894170862,8.511425705,10.66036977,7.241838163,12.47646465,7.128985426,8.065027916,8.931735928,GSM2804893,Non_response
7.910477739,7.466904203,7.620960306,7.383851184,7.15329578,7.15836559,7.267126258,7.267126258,8.844655428,7.101146121,8.363261992,8.163264168,7.959797072,11.50752203,8.108794422,8.714536027,8.140398165,GSM2804941,Response
8.053432548,7.592026027,7.505355802,7.594932501,7.368330871,7.059182637,7.003332537,7.44928304,9.407318445,7.042447249,9.875370046,9.844083969,7.683921956,10.62658628,9.337551747,8.481220704,8.763361672,GSM2804949,Response
7.705077685,7.423692009,7.464089703,6.881604411,7.298825575,6.974971632,7.18410766,7.13532164,8.623179679,7.021988882,9.833061952,10.07622365,7.760922072,11.12142911,10.94735662,8.528619406,8.107869577,GSM2804950,Response
7.910245687,7.931880841,7.667264136,6.693080205,7.619400067,7.278166552,6.96524173,7.539086666,8.41173016,7.212042829,7.754397085,8.856588408,7.960819812,12.1800919,6.868757227,8.807385206,7.26026214,GSM2804953,Non_response
7.554898565,7.524426009,7.599533289,6.899524927,7.390553248,7.143827273,6.993836155,7.35498524,9.054303946,7.18628538,9.291617706,9.615556772,8.044457616,11.76324732,8.27812871,8.736065706,8.183617361,GSM2804961,Response
7.999983297,7.534332543,7.417586601,7.455600648,7.606760506,6.829982312,7.785772,7.122715354,8.444786819,8.866022448,7.254413863,7.076804923,8.190697001,15.06931473,6.647627867,9.054706708,7.553198257,GSM2804964,Response
8.060819269,7.574516021,7.462370237,6.878809992,6.878809992,7.372594137,7.492957094,7.153748446,8.561113738,7.433441322,7.856233401,6.92818101,8.246491219,13.694343,7.023046178,9.043356736,7.153748446,GSM2804967,Response
7.750675714,7.050741543,7.371766785,8.713077195,7.697186689,7.085059151,6.999806916,7.283258926,9.102285813,6.950268618,9.948366245,10.62054845,7.83128263,11.46138805,9.233106796,8.739643207,8.517608921,GSM2804969,Response
7.797761839,7.408608074,7.44719155,7.879159813,7.51117979,7.244954952,7.408608074,7.173559974,8.698409981,7.181674798,9.018041283,9.985135773,7.879159813,11.56282056,7.120775812,8.928502307,7.738111389,GSM2804970,Response
7.607027479,7.347807325,7.400596371,8.02593033,8.030880167,6.971741873,7.032966658,7.149151231,8.985808619,7.050981557,9.512495513,9.839175794,7.972585439,11.82034774,9.041843227,8.922063195,8.290679001,GSM2804971,Response
8.611487255,7.645227983,7.936857135,7.129691164,6.918465028,6.611359545,7.114345713,7.670328596,10.17284993,8.446882312,6.958678649,9.691047955,7.351131407,15.42563245,6.599278425,10.66266844,6.573743219,GSM2804973,Response
9.153368954,7.952018107,7.47323273,6.485698248,7.345510936,7.372784944,7.73164827,7.864596191,8.685833444,8.431643655,6.905905216,7.449472547,8.132295333,14.86744548,7.145197472,8.948264975,6.472624345,GSM2804982,Non_response
7.653403625,7.484629512,7.484629512,7.264611946,7.540118719,7.173676473,6.959158173,7.187404259,8.711183726,6.993474097,8.1966395,8.166532416,7.989971983,12.30448276,7.442883444,8.790766987,8.031476152,GSM2804988,Response
7.679985903,7.319452269,7.132425791,8.097530779,8.016117095,7.256324999,7.055751936,7.132425791,8.66284689,7.12375604,9.569289562,10.34073674,7.823879712,12.29293746,9.449414134,8.851604713,8.046850966,GSM2805028,Non_response
8.525414845,8.387352449,7.652846812,7.007826531,7.185097317,7.618994341,7.226752821,8.089372782,9.129146531,8.023531339,7.683669329,7.728208256,8.756567962,15.26768146,6.767997199,9.869720643,6.793074636,GSM2805030,Response
8.679565414,7.568445854,7.885545828,7.110173913,7.986363127,6.831548143,8.175158627,7.965168054,9.015384117,9.379841764,7.050769734,9.590574108,7.41532216,14.88736779,6.482437625,10.48186893,6.660508513,GSM2805031,Response
4.53665443345863,7.5043781291342,6.90439799858421,11.082205805755,8.70714316184333,5.31953198538972,5.16260442377895,6.32858711305201,7.84890180685606,7.7679353608635,9.46252450285599,6.96807182637928,7.1129230424545,3.77367909714561,10.3923802635031,8.0902894873194,4.7910727854658,GSM1525216--1,Response
4.1431156854849,7.05263776244094,7.14512245662658,10.3553250450431,8.77862085057575,5.12773746072567,5.72503236348543,6.45693290037661,6.86627098623593,7.81351803172964,9.30781770706687,7.03274293006807,5.87853849690854,3.69670084431936,10.6144348842257,7.98773602748918,5.16179386050342,GSM1525217--21,Response
4.34768539755058,7.57991340552151,7.08336195876769,9.53423521087161,8.84207867963421,5.10561162788673,5.38004010393931,6.37935508865757,7.69498391886844,7.6903684489327,9.16856942789689,7.07131256922627,6.82045132816516,3.73562790078511,11.1063188097691,8.07435340691035,4.88648358349295,GSM1525218--42,Response
4.88168856823143,7.54392332912177,7.19358688545434,11.9445998624509,9.38074745979552,6.81422238210728,4.83172923583532,7.06648038897413,8.497200265713,8.48069941084911,9.84220000418702,6.68478782184803,8.44187171040839,3.77479923553527,9.43199095403742,8.25636641859706,4.90555560651909,GSM1525219--43,Non_response
4.45387668844497,7.43378250327293,6.61924854088601,11.8152801504151,9.18489062976224,5.85026508890906,5.26563452641213,7.13946318775378,7.46625313805041,7.37507752305214,9.73059847189097,6.67606767030172,8.0441132782605,3.59163595566093,12.4034252858363,8.25992977163738,4.95623367195764,GSM1525220--51,Non_response
4.50803776216433,7.16042149496516,6.6581052695767,10.9983848420225,8.56183032315585,5.33270621538543,5.26655482517078,6.20362473317895,7.45822101959661,7.88371864864947,9.22678379613721,6.61167733831472,7.19189076005728,3.72001159481893,7.57939594934926,8.04957707867471,4.68298860170476,GSM1525221--56,Response
4.97219957170238,7.2145526469628,6.53997162262654,10.4183599671349,8.61529242012091,4.47349482684651,5.25457722647288,6.83635937393432,8.50490028080533,7.88676139676739,9.32357220584803,6.54695197549013,6.78021849624698,3.65570165304856,8.76831789373596,7.75836893055158,4.53990847997266,GSM1525222--64,Response
4.48690736474376,7.07223489333087,7.1247053789328,11.6734937617873,9.53775081090513,5.94430285742193,5.4231751752853,6.55626404193625,7.49932376708498,8.47185337925927,10.2864712453302,6.802950706986,7.65616992454833,3.70623090835576,10.2485701660498,8.14131709909611,4.88588932538836,GSM1525223--77,Non_response
4.42877519153728,7.33638894397243,7.23540334378871,11.3498581623841,9.10986452462995,5.53357190111408,5.1017586402496,6.95768826575676,8.05726998976061,8.59737788826482,10.158283738947,6.93780128506898,7.86472828873576,3.70740449212819,9.93608405159476,7.96463260341572,4.52180843580491,GSM1525224--93,Non_response
4.79926894498997,7.23257183227136,7.74860541859929,10.7711235539031,9.30271265298493,6.58701078236189,5.34196760650917,7.22275167504485,8.65931850802876,8.84967345658707,9.90147573759062,7.07276575348857,7.57891344778677,3.94047875094577,8.33668423076344,7.98602771384633,4.78226127933188,GSM1525225--108,Response
4.30162755008392,7.33433243882619,7.53889251471403,11.3607395966747,8.90648548769868,6.41368363324207,5.59078527477632,6.79734825459019,6.74809599851939,8.73800529441001,9.87227654318695,6.95151144619978,6.77691582311405,3.81371215994772,6.79645625424631,8.36614151448399,4.75127777217778,GSM1525226--109,Non_response
4.55404836927365,7.34823707625212,6.71324153461294,9.04728279194274,8.74129480700192,5.5868907893239,5.05360786767918,6.37091785479587,7.96531953019021,8.89754195109277,9.73091467955924,6.93471090336177,7.0810498738046,4.08828318778273,8.35710859954262,8.08318907657816,5.07731344770242,GSM1525227--123,Response
4.61721433460956,7.30680430933841,6.67128492555127,11.4982594493659,8.93334636161794,5.7189325978314,5.15454977104859,6.76599135874167,6.7980455927293,8.3919202963929,9.56773484042087,7.69579960616687,8.26273956533644,3.72931819414391,9.65634227327939,8.4770955388713,4.4444502164,GSM1525228--141,Response
4.48322985468981,7.57239758973787,6.74149365766533,11.4975310417895,8.7466398571445,5.12058296792124,5.27554349245321,6.31612946449535,6.65383761322618,7.97103896634302,9.44715571455708,6.67499387859352,8.16983377068865,3.85824129459411,8.99277436678446,8.22282859176717,4.67726737011295,GSM1525229--178,Non_response
4.60657897701437,7.12678221761507,6.97110388770291,11.8755342120766,9.30180502105939,5.25746467292407,5.44587250566894,7.01968838792401,6.86809960683315,8.84517599250622,9.8603372485556,7.07758620454438,6.96381844187763,3.74915691900788,8.66575166198565,8.03003639219116,4.54474753773731,GSM1525230--185,Non_response
4.55059030590719,7.16656838936529,7.1640620256028,11.137981319729,9.28015161375068,4.71966731553104,5.28354509356277,6.53499808017199,7.21371907598236,8.07940478422651,9.74541853193028,6.86010470685283,7.31511295728258,4.08664555231226,10.2485701660498,7.7619576372214,4.48295135738553,GSM1525231--202,Non_response
4.47334162171886,6.67351357783305,6.86787201480715,10.4189960394026,9.1723728302796,4.98859307441313,5.19912500114073,6.0210784908661,6.0328599210543,8.19747929613081,10.0323296958119,7.35618512169968,5.56592948950984,3.67516308509953,8.40081875847403,8.08435112512988,4.47622286724348,GSM1525232--209,Non_response
4.49116564818234,6.84903443660527,6.81727056335927,10.9818906021857,8.97797381840354,4.61055886190666,5.17662606909595,6.35419541715861,6.63599037301957,7.71078946122147,9.74666024797441,6.79278039552447,6.86934215198129,3.67557065460208,9.58782266493815,8.19103225704689,4.73932143443112,GSM1525233--238,Non_response
4.80924124472959,7.24753097599221,7.85890569572025,10.9160265844069,8.88321104170993,5.59165084610124,5.10317370113459,6.33659115954857,6.78825610846362,7.87023005944519,9.95189411993336,6.77645533729062,6.90052380223323,3.80883433339115,9.8719568009624,7.87728812161243,4.70043919864686,GSM1525234--211,Non_response
4.33333164386881,7.24904103564239,7.02384895110699,10.8580210434261,8.71148325632132,5.16707479814859,5.57851537970884,6.46756843205414,6.87924300618372,8.11639966630794,9.98054732696745,7.21719153301888,6.37993598624806,3.57242674989867,10.5493727606434,8.02911877490261,4.7400939123527,GSM1525235--261,Response
4.33740794780224,7.49338721070616,6.89627578835964,9.87721981100413,8.73175475123467,5.95532948489073,5.45241180296248,6.71075846844832,6.64901948835133,7.84190999011759,10.2091659212261,6.93328316858745,7.43922252063485,3.88466024454146,10.4743300535203,8.33715340397383,4.9089146619894,GSM1525236--7,Response
4.56919152440463,6.91706426984122,6.82024662651886,10.6931222269207,9.56777903428962,5.76249425445859,5.20789495887695,7.24698316719929,7.14299922310188,7.54893418539871,10.2985660444314,9.42610799146461,6.20317917577823,3.71350779812905,7.18690185832242,7.76783746136426,4.85924523760757,GSM1525237--8,Response
4.65246473233517,7.33413868335615,6.73384799674163,10.3426472854523,8.60400494139049,5.38834835309347,4.98596882796764,6.5622955768459,8.15384382506727,8.48027817063027,9.36861052789353,6.67570791206156,6.697060945279,3.6496267941497,10.2849401371123,8.06423844474059,5.15866641882634,GSM1525238--1,Response
4.39049900950806,7.13810076298692,6.63372233459844,8.43343952965253,8.50220247782283,4.93422865449254,5.20891592099886,6.71075846844832,6.40470977502217,7.68528959426142,8.39083597480057,7.40622261259027,5.73016579074634,3.62987618898015,11.3159272289451,7.88682817657504,4.71424973221556,GSM1525239--42,Response
4.07069247941408,7.51905264611737,6.93445663781359,8.24694172077886,8.38626698366108,5.33266848622512,4.99042369440586,6.50692991220374,6.63966792891566,7.49869200873216,9.07806279431897,6.79601339405848,6.76152482925569,3.85554311472079,8.66454583032361,8.09123734986244,4.85814386077119,GSM1525240--50,Non_response
4.5351428369115,6.86173673879985,6.93703193275594,11.2048980177414,9.10792527707368,5.95813427872534,5.18885402725929,7.4872240392361,7.43142123930412,7.81210783970597,10.0946753729229,6.74508692432527,7.33894320878149,3.66285386321408,11.7310073234996,8.28929840016539,4.93067097971714,GSM1525241--51,Non_response
4.21172277204556,6.98630295715163,6.51302218850463,10.7895965052817,9.36689915604021,5.01121758883463,5.05549807884583,6.80694894073875,7.67908956346204,8.02421529712512,9.67126067845787,6.7773619375291,6.91878239133109,3.60252150158011,7.3831405110988,7.83391384397082,4.92096811532463,GSM1525242--56,Response
4.52125692808701,7.44845300360753,7.01411720386547,10.1336814763694,9.22771267768884,6.21447451700703,5.30501891967589,6.62686104643468,6.98031611745482,8.01105048047088,9.89059295612027,6.51359007642501,6.98330545627349,3.67225480065974,9.39254187724853,7.88637623031014,4.69885713434742,GSM1525243--77,Non_response
4.40962516121184,7.61861480085013,7.71408554640396,10.2985170574421,9.96989939611258,5.62858668311386,5.47360717099073,6.08184550386351,7.76680226275859,8.28777554401034,9.72096369448043,7.21967607866375,7.38611686163684,3.90020869134876,6.87275268708747,7.90379654759483,4.72881108838894,GSM1525244--94,Non_response
4.47825941080679,7.59651947163844,6.89844983357032,10.9496705552586,9.19194935692831,5.5328102892586,5.08810870845209,6.71075846844832,6.9856436296436,8.82569323983308,10.1777249571503,6.72411589788398,7.82820432065179,3.64229593548233,9.65822684830774,7.91882196118502,5.3802628960918,GSM1525245--93,Non_response
5.02461149726783,7.29188009822907,6.53811982083914,11.2842492518255,8.83336946606749,5.06340492129573,4.76302561365361,6.68724118557756,8.73581954960704,7.90619427868219,9.8257958498817,6.94238368179103,8.14887556174124,3.77624218706102,9.75657503405364,7.69854219785088,4.72854367298401,GSM1525246--103,Response
4.66853247646208,7.45630005053539,7.40197861069866,10.234401596493,9.23541776829172,6.36998535405525,5.07653926582303,6.56387203225885,6.58674412401079,8.75761044273287,9.65157258872443,6.74371259788836,6.96381844187763,3.66002587315904,6.78469523482458,8.06428644235886,4.61388654443204,GSM1525247--108,Response
4.64939207264835,7.25678329562966,7.06237456675147,11.0200790106817,8.78164080615543,6.06725804585211,5.42956742639141,7.39727907118053,7.0648100205628,8.83525166154791,10.4320861031358,8.65858946294076,8.95836531096199,3.53920626452233,9.49946871280572,8.8824714543493,4.58211587341354,GSM1525248--141,Response
4.21127904551072,7.18141186916835,6.85681439429616,10.0374362562567,8.5554522397414,5.84929465429634,5.29426990418015,6.40018024198069,7.04904498196214,7.86297069964769,10.4078592434824,7.05752556271558,7.59613734754267,3.86078408069583,6.89115020507963,8.49367974904815,4.81368353328958,GSM1525249--174,Response
4.4555800678686,6.59229520238479,6.73481665576046,11.6660826053421,9.61973925018112,5.03862457690641,5.61367061135391,7.54874835439744,6.728696580086,8.76661282661916,10.787501896204,7.13107263526794,7.65189171783199,3.59857433127596,8.75404056284117,8.0961250013716,4.86004103392047,GSM1525250--185,Non_response
4.42049558944115,7.07549637912279,6.50617686968125,10.7420167396549,9.41215508575344,4.68476436992272,4.87009433664616,6.38045312118446,6.86178157502615,7.79949347820979,9.51658820056659,6.54746972272546,6.4895897620482,3.94223028548875,12.0581360269444,8.23900382810357,4.66680157646603,GSM1525251--202,Non_response
4.55562883407812,7.0697386602025,6.59129828071943,10.9091397005571,8.5292899789183,5.61434850755539,4.8777359814557,6.87015166044943,7.16862700569101,8.46992126575497,10.2172237308488,6.83387087443592,7.39961907646349,3.68495902188651,8.01315476710298,8.07331308079037,4.52373612250909,GSM1525252--209,Non_response
4.51669791279117,7.04029012448356,6.64765119353419,10.0877729368732,8.83905968181253,4.70911855826017,4.90339844454009,6.33825756358449,7.35496943999469,7.69777883846017,9.91451456030991,6.62768422409868,6.97108095113927,3.84859167682604,9.18324547164489,7.61508651639686,4.96229109215167,GSM1525253--238,Non_response
4.30423728484186,7.15528628419138,6.90616324706094,10.55679384309,8.53229163145157,5.38162704801955,5.50257682006058,6.33500835499425,6.66116919293454,8.33275600646223,10.3425195367298,7.24852484992449,6.7533445133268,3.63921682983615,7.50006999475618,7.99468869139432,4.58518919594252,GSM1525254--261,Response
7.689801817,7.820899153,7.656445001,6.330115996,7.16514366,7.668829787,7.527126305,7.453617473,8.485105843,7.62403582,7.656445001,7.515690541,8.211943077,14.89948387,6.974281586,9.087973989,6.785092402,GSM2804875,Non_response
8.2552912,7.662595075,7.716109771,8.63145125,7.003201436,7.275279302,7.373138907,7.119125167,8.39753906,7.357308628,7.61647876,8.890762044,8.023982525,13.99728677,7.562515932,8.774449106,6.85115161,GSM2804882,Response
7.925684531,7.03948916,7.556848416,10.08840681,8.444176181,6.80264302,7.360274241,7.237849186,9.153769453,7.778769393,9.814831111,10.89604631,7.640176044,10.49810809,8.422497016,8.585063438,9.315042233,GSM2804944,Response
7.660316108,7.614880343,7.551160426,6.869013049,7.341417354,7.314629694,6.991680473,7.172094199,9.405044909,7.018279601,8.430938919,9.196253452,8.12446747,12.42182955,7.435511612,8.947490648,7.959375925,GSM2804946,Non_response
7.914273459,8.311692616,7.998138857,6.948945277,6.971440711,7.630136226,6.784733938,7.803992006,9.150328244,7.505612913,8.502896521,7.826496564,8.417258255,14.26989486,7.430929893,9.354697461,6.959920119,GSM2804957,Response
7.913275354,8.480845157,8.09131744,6.62660835,6.878112851,7.69086399,6.846638813,7.663326516,9.010479804,7.522285321,7.503213626,7.825739677,8.526657592,13.58946249,7.346822669,9.582506923,7.017484202,GSM2804959,Non_response
9.96496855,6.880145952,9.435569429,11.27628404,8.479431056,6.613824819,7.567956694,7.526591837,8.825910017,9.231002555,10.34187264,15.16448865,7.51102299,10.59967125,9.313058942,9.558339534,9.251267618,GSM2804978,Response
7.990887385,7.723192251,7.926114566,6.489061481,7.231996599,7.467216622,7.19075138,7.450124794,8.835990606,7.500526408,7.381853637,7.231996599,8.2387313,13.89158495,6.846638813,9.123326837,6.489061481,GSM2804979,Response
7.790499925,7.317588412,6.980614848,6.786194934,7.57848781,6.869212338,7.161706216,7.045594258,8.15545744,7.045594258,8.095759579,9.097684307,7.604703289,12.642266,6.828460079,8.369891374,7.045594258,GSM2804981,Non_response
8.161133787,7.802823313,7.689313354,6.420387109,6.902308658,6.801823106,6.801823106,7.284278031,9.1920917,8.228113055,6.938242577,8.200324572,8.012312828,13.77590989,6.644541157,9.007664818,6.507897528,GSM2804995,Response
7.918702206,7.933961342,7.822584452,6.435769596,7.904680038,7.048429472,6.873723851,7.370050478,9.061986037,7.891956951,7.097398547,7.097398547,8.208094079,13.58218283,6.897786942,9.286386124,6.873723851,GSM2804998,Response
8.328043276,6.968814967,7.273991614,8.960703034,8.06534967,7.069995386,7.37786888,7.323757817,8.641023151,7.022616919,9.446168324,10.29445972,7.775654875,11.05501008,9.431319983,8.326100605,8.98592846,GSM2805015,Non_response
9.29191130982063,5.91772186791651,7.59320629078567,11.2581164042152,10.0059496853735,6.38955523426492,9.87872256320172,7.269656570654,6.21702387694233,9.33990644234181,10.3629743429869,10.4864892225964,8.17342473448913,7.91885020647674,11.6265252440702,8.60184942205913,9.20547612990086,GSM1875897,Response
9.68558724582099,6.7916836460165,8.12638581403733,11.6735623621432,9.26961152165492,6.10532809250599,10.3905561189655,6.56110998883348,5.36033540919975,9.94427602557482,9.6085208557121,11.1396757930682,9.08437581595132,8.59109883092395,7.12100312094111,8.57613262907978,9.30269859468474,GSM1875898,Response
8.71605161693321,4.84933505524124,8.92336999489908,10.7085009815601,9.99392707795704,8.14193190190082,10.6377647710296,7.25459872603382,6.51325010708199,9.61639770688659,10.3923070620638,8.01181161816302,8.80514477471353,10.5000233420288,9.35800544925285,8.44888205760707,8.6443399294299,GSM1875899,Non_response
9.54406190769591,5.76022732991664,7.43128794815574,11.0779221576169,9.76635737918933,6.01750320245045,8.9469323585566,7.34704055212743,7.64602811705157,9.36035199642658,10.1194674862368,11.4519144955473,8.68307540175871,8.35439695824527,11.4523003999788,8.15328819476854,8.7235832609459,GSM1875900,Response
9.68050426197246,6.42037623093356,7.871432709207,12.1494551976666,10.0894009573004,6.11016019590859,9.40512907977721,7.31783113764878,6.53859138248419,9.78827197296205,10.3414275982924,11.1802860245737,8.8172424428964,8.28097188977294,8.54262010579167,7.87583007027468,9.74594592050804,GSM1875902,Response
8.97196249397624,6.33958863404777,7.68307538557585,11.768359423153,9.86413746615407,6.63510162440735,9.88628798381908,7.38347685207209,5.16044857347314,9.26090255297498,10.7422110466892,11.6005351896913,8.6447517067784,8.46076993670989,7.65415262765392,7.93112773548196,8.97196249397624,GSM1875907,Non_response
9.61956967217005,6.05138840758716,7.27579282873089,12.7225259074698,9.51096758581792,6.74000083261141,8.22201402943983,7.87792260174688,8.78543769098894,9.79433399589348,10.1387690124999,10.6867700685177,9.53389664747655,8.2414607515788,9.82289875116806,7.79478573489888,8.9810500038018,GSM1875914,Response
9.34161513353469,7.19460377020701,6.83032920586043,11.8851954553591,8.97900786431217,6.98911418882278,9.6170463298613,7.43800385482014,6.30878730458994,9.53791425056427,9.47370973822924,9.79515314110271,9.33273157556567,8.12175605110078,11.8090430065087,7.64479829070727,9.29765546069912,GSM1875916,Response
9.31367396468266,6.49795969172371,6.66495589889693,12.5900569509721,9.48880015997113,7.30285730726707,8.110729924463,7.41745712934209,8.61260607596255,9.51600820183095,10.0963085670411,9.88465450252002,9.35780613949738,8.42163729651709,10.0320951425411,7.35505198514218,8.36038253964579,GSM1875917,Non_response
9.78147964637835,6.25341848580472,7.92713536426594,11.8511493612188,9.50206298583293,7.28019499508928,9.93229334796278,7.21687512573912,6.28877121512567,9.94765609790338,10.3501529835579,11.1806344500202,9.99833320425939,8.99616967051131,11.0235484067521,7.87461594036242,9.46292177826907,GSM1875918,Response
9.52537506038836,7.23873821995025,7.35801020503886,12.3748803347495,9.56283590941115,7.88281166209843,9.9492343682306,7.73042280721526,7.49128988688357,9.61773267835848,9.81351405542126,10.7233571091913,9.52383522478621,8.64415763058959,10.9658661450071,7.90273837676139,10.1306531032037,GSM1875919,Response
8.77408660407446,6.59432708789662,5.66909405265456,11.3279784526296,8.95155879734564,6.55961721591484,6.23480240905561,7.18637469164621,8.68809641563619,9.28907199857836,9.89851723038608,10.8356958437306,7.62375044967494,7.69054379927702,7.56753175562798,7.3534108868928,9.91510022399313,GSM1875920,Response
8.82559689016589,6.61381278950047,6.03404683139265,12.0967746950996,8.65168093450847,5.85758873119219,9.15369839160607,6.93362908866041,6.62281396481887,9.39082525360443,9.87297782451905,10.3300081062532,9.06751569478457,7.22895033262089,11.7152792172397,7.47245556643878,9.8062229304571,GSM1875923,Response
9.36919192818089,6.07405574159574,6.62667758107359,11.5058125346578,8.36797046316945,6.74741724752368,9.34334991428259,7.23412852768208,6.12655793516148,9.38364199732311,9.59148938234276,9.14334215223809,9.39566791972766,8.25556572909302,11.8779645323692,7.44081282420631,7.28722862943238,GSM1875924,Response
9.169193265787,6.75349100273616,6.09664010356897,12.2151089723818,9.3361972761336,6.96981122991352,9.42160649222887,7.26827431307151,7.64247591105086,9.71272986602197,9.91648910580912,10.6017105374928,9.67172754619582,8.38213440106146,12.0155228958691,7.78620848033512,9.7454886887421,GSM1875929,Response
8.68667705466382,6.50302055729393,6.01960951093097,11.3428953091555,9.09617612268979,6.22067986422801,9.3249121124131,6.86094793646498,6.29844677332011,9.70935584065548,10.0825199332685,9.85800742648829,8.58778069861799,6.44511771881595,9.86009923038059,7.47767720866527,10.590244279907,GSM1875932,Response
8.97409254590879,6.5101454020157,6.66657885549631,11.3128525330994,9.38669280545307,6.84735100812581,8.97958528644079,7.21431121248432,6.12864390154131,8.86613477364706,8.91484200644466,10.0248388583845,8.66137264413359,7.26523706345031,10.2871871828064,7.57372257977676,9.3869583734025,GSM1875935,Non_response
9.28261126661608,7.25825357060364,6.94891167393844,11.8252331342401,9.5066605032675,7.04537712713827,9.2528827006522,7.65479458309788,7.79556392129087,9.90783810274239,9.96176975733454,10.929197647417,9.42962270348987,8.83702214097762,11.3062493700548,7.57748547037308,9.45362647621558,GSM1875937,Non_response
9.46797311656406,6.93416855830793,7.09397079865866,12.2420087028669,9.64648122930057,7.71371790652203,9.74110079626195,7.61219994365041,7.15061396332809,9.70335802295628,10.1504419544843,11.3601464964645,9.38365083413437,8.50725847279286,11.5535212045198,8.19200454483637,9.66946410964265,GSM1875938,Non_response
9.31965116948576,7.0201293042156,7.37864341361967,11.2720499616398,9.36518817265222,7.25959584954775,9.81723587009869,7.69153233545176,8.31892009467224,10.1568687524488,9.46671256807062,9.83591866325032,8.88392551359567,8.85266303766348,8.58687081365537,7.9385965209085,9.51183139870658,GSM1875947,Non_response
9.66338456952291,6.32873323185884,6.91105218253387,11.9659059657156,9.61652939862894,6.54419633337411,8.94257118172857,7.44567981258306,8.94611244325994,10.4574589043224,10.2658999115302,12.0289505949778,9.57030329154886,8.57280740582565,9.84622485659239,7.88502162583976,10.4982868363591,GSM1875948,Response
8.89125661357802,6.35586675790674,7.10394728127396,11.1864977538956,10.1045363680587,6.99024683919848,9.64546678719887,6.57566173389026,6.31730818666756,9.54865781553118,10.6099647198683,10.7211920723798,9.18656441282131,8.56984070820857,5.99493649763012,8.00275671656544,8.0937518602879,GSM1875952,Non_response
9.01531505276086,6.82312259903581,8.57799103665631,12.1747357171336,9.72564771986485,7.05231345658526,9.68506516300158,6.93526295894052,6.60221092992311,10.3545461388283,10.3144252006041,7.48644785001625,9.41889468672287,8.60164424107173,7.93966498960461,7.91990901057004,8.899198090836,GSM1875954,Response
9.64152016314124,6.67283324091709,6.55984176285638,11.7867631553283,9.17749920404076,7.88246057494473,9.79303609583461,8.24395788919675,9.04187051950343,9.95751546445817,10.372774213229,11.3837314023063,9.42249389882696,8.79468035367327,9.31826985299309,8.05016708842253,9.01336725102358,GSM1875955,Response
9.52837646531033,6.65141007827763,7.95463510133405,11.4808082831491,9.63772286148191,7.48652542058443,9.98230402085058,8.14699392948959,8.24551840434795,9.79508923599361,10.4355417394579,11.1249762615411,9.56084554198796,9.39409457512397,8.36014282983495,8.38746968479925,9.78662589069665,GSM1875956,Response
9.51771356751583,7.32101142339783,7.85213352253081,11.6362218699337,9.73960620678293,7.26469613029562,10.4148628371964,8.28725800538945,7.66157503927748,9.97782062877233,9.97215757228881,9.486766480532,9.01253626674374,8.49478544660882,7.76826799996548,8.06778692593145,10.7331331783553,GSM1875959,Non_response
9.89267615082247,6.63844930760888,6.88771619290324,11.2896176567938,10.006393087673,7.03887553290934,9.04857640422028,7.55755732679918,8.16064546378636,9.88503000674515,10.4247421141228,11.5445547838041,9.0146935364163,9.29957737308176,12.0828406839912,8.18588020023568,9.27154075131792,GSM1875969,Response
9.73319926530268,6.77797373943697,6.7803405410446,12.0158090780099,9.42977014738468,8.30707686160094,9.1099806251298,7.66388775943031,7.6554360102794,10.1834550799084,10.0222996586152,10.5419402440803,9.25603484109124,8.39141870329439,10.4650125865565,8.09286055296306,9.85974995902457,GSM1875972,Response
10.0756632178172,6.74493978434267,8.56873808134505,12.3852962124876,9.78466046203569,7.34060416581084,11.3260537211557,7.44133877518737,6.40425806796116,10.0631025969412,10.3681730544082,11.0660616002344,9.78329847459158,9.09565379119952,10.3082441869728,8.57987965305542,9.13598189599527,GSM1875981,Response
9.89895428979525,6.29373582863832,8.1309030076,12.5538776144993,9.85776277100767,7.93695320287029,10.3411832819226,7.64001221235106,7.33619696656826,10.1792125652307,10.4338434543468,10.9664899753527,10.1782847497377,9.12064359823373,10.148190266292,8.45042654666046,9.23462457071696,GSM1875989,Non_response
10.0331172664372,7.40107774675996,7.90715575403904,11.8920562107407,10.168847394551,7.79218263715013,10.5489286398351,7.73747832116654,7.60986873913312,9.65926097474677,10.0713046548263,11.5454362475011,9.25350959989855,8.74140663072405,10.9811939091826,8.41072715893159,9.01865795896636,GSM1876008,Non_response
9.52314160404354,6.1557888563275,7.70823334658948,11.4687655688473,9.94911745624793,6.94908650855186,9.73696654991006,7.78561519457639,7.6622891215526,9.7850471501697,10.3031599623689,10.8899168041332,9.79240886878915,8.81010573869167,9.9967807066923,8.46667535350793,9.97144346682157,GSM1876009,Non_response
6.694331324,4.59475774,4.257605221,4.012504679,4.704294843,3.576295359,4.868978298,3.829608564,3.414645799,5.160378485,7.247977292,9.875305385,4.188082648,6.440730386,5.376851219,4.963271277,5.14285197,GSM508041,Non_response
8.73646055391754,9.41755348299239,8.28048213422956,11.4733052054342,10.6507919401707,6.20446557459569,9.99540622499256,8.33475703731966,8.76944436936915,10.414337192408,12.7777468843948,8.52019565371315,9.19437982413511,7.38115210128306,9.0660134907092,9.5894069696458,12.3578160290051,GSM7040758--RNA01,Response
9.75577003868726,9.5145577255337,7.68920583648859,12.2335125283469,10.6649424124423,6.20513235451514,8.78439412015074,8.59727065688868,10.2884142125395,10.9321142779027,11.9200653143396,10.4186495388853,10.841233968742,7.5354101576378,12.4295569008269,9.385311534294,9.30201638152395,GSM7040759--RNA03,Non_response
9.05011222889889,9.89069652859283,8.53949040906549,11.0230063000205,9.86586549267845,6.6540704758788,10.4324888150958,7.74192848839541,10.151744870298,10.2546330826618,12.3568349683357,8.23503646411979,10.2982256561389,7.89605886111229,9.68078954873358,9.51237067733813,11.7184089413624,GSM7040760--RNA04,Response
10.6888118285988,8.11285560390437,8.39891491605919,12.1746616097068,10.221113684815,6.12400968776778,9.26576220403814,9.33029368800717,10.6086803705221,11.1613432397189,11.2219957192744,12.095799799013,10.8747065570588,7.68475062116786,8.37679260648813,9.30680028092803,9.50250467512395,GSM7040761--RNA05,Non_response
8.5945165338019,10.5280491934842,8.6625682511284,9.07150883587235,10.1131875710494,6.14199681624696,9.96149943721096,8.6641856439469,10.7104153551498,10.7560779203411,12.3588307559239,10.7851647281557,9.89977787832888,8.57440108821007,10.4624386590146,9.08696626008738,9.85989695192339,GSM7040762--RNA06,Response
10.0338222452695,8.65254048047419,8.50066197767539,12.2497717843758,10.4046157488269,5.96040353153329,9.31587065514858,8.89592034194605,10.9592118375053,10.9571476042703,11.6595019794398,11.7049623500291,10.6983250937212,7.68594533212109,8.51015839063606,9.25592783029093,8.95655849116019,GSM7040763--RNA07,Response
9.46056119528019,7.9909758112369,9.28510070922157,11.1203595779472,10.7434003005633,6.20045841051688,10.0238413632537,8.19114476561887,9.34351444944346,10.1316308293363,11.5588964006084,11.9573021115302,9.70685947376825,8.35562765035578,9.51651764225744,8.72337103873789,9.33332119249249,GSM7040764--RNA08,Non_response
9.75900911324071,9.22538616330884,8.65597888301047,10.7784554280297,10.6667084360596,5.93302671486705,9.79553284880723,8.2416866475971,9.62839427706503,10.7530745044648,12.1009143717087,10.3813281766317,9.62891202509708,7.30911717114945,9.10699485483334,9.68649107875775,10.089052044932,GSM7040765--RNA09,Response
9.4936399909427,10.1449047889947,7.87815719168976,12.7740605629778,10.9500216808029,6.43605374992006,9.35321012274619,9.03286051583227,9.84808095866853,10.5243694716215,12.0790586712742,10.6996121332594,10.5489206767802,7.78378143057411,9.49787508146047,9.41473387993581,9.47809220878815,GSM7040766--RNA10,Response
9.65781628450475,9.56904699602172,9.10366110543383,10.6720186940108,10.0259342779738,6.35965475687763,10.5969523442945,8.59373170588409,9.59094902020257,11.2593522430614,12.013225609744,8.06440749970511,9.81628415502056,8.17163315477557,10.3217042588301,9.53352939461626,10.2349606201963,GSM7040767--RNA11,Response
9.48430855382728,9.68583435869869,8.94522850378124,10.9336447662949,10.0934254442609,6.47656673893333,11.0898907425104,8.0053390636559,9.98740170291981,10.503007205335,12.0705575190265,11.2870730263508,8.5706114924773,8.21075573978646,9.64679443096481,9.60418518222896,9.37296458714876,GSM7040768--RNA12,Response
9.90928839922644,8.59158716182652,7.06419466793659,12.8629290374357,10.2544720384205,5.82120145963664,8.48569326007904,9.6319113050799,10.2494841970645,10.9714008736246,11.3279578195845,11.0026394385949,10.5610549250401,7.39271015920546,8.71315313354275,9.05026685519477,10.1201277695375,GSM7040769--RNA14,Response
9.97453721741438,10.0842274537053,7.36269354007612,12.9074583595639,10.2832926104035,5.55128008512932,8.23141348593122,9.5051692860682,10.8718048487038,10.9282914546854,11.4179095887355,10.9625388776039,10.7228223257958,7.61759478263768,9.42837266725793,9.20130318458362,8.75247663711802,GSM7040770--RNA15,Response
9.37107183098136,7.6947951418647,9.87471987318975,10.7017841806659,10.3856482682127,6.84356780673425,10.5265828764529,8.86043539936221,10.53916459657,11.2492382236114,11.6749271394009,11.064241551414,11.0501734990083,7.94717368108558,10.6393820802854,9.87329598170008,10.0279927565031,GSM7040771--RNA16,Response
9.41559834400571,10.3784121743131,8.4815483418834,7.72896599159906,11.9408246284402,6.13408208358382,9.55192723803553,8.38426988717496,9.81617504526995,10.5361702114924,12.1992646092951,10.8638916960905,8.69702777328129,7.39665587098784,9.6727573098708,8.92023526906999,11.6483194053956,GSM7040772--RNA17,Response
9.69014732036864,10.1271886691253,8.38818978718169,11.8176447180911,10.8780206423458,7.06804845530064,9.77449741933618,9.82727999702371,9.42187416693462,11.0621843482968,12.1344975150299,8.99985670670358,10.2404325798873,7.80860042937841,9.40783565953754,9.70503392393062,10.0530854904155,GSM7040773--RNA18,Response
8.52665595352692,8.90463548062214,7.67258807876079,11.3210986982235,11.0635676329061,6.30274797790468,9.43930024754827,8.01611342838409,9.61166459996926,9.54229598099967,12.1041911664721,8.49451584855393,9.64820486949147,7.14795939680458,9.18201407802289,9.20183223562971,10.5562123770969,GSM7040774--RNA19,Non_response
9.62027242595695,7.73501939307515,7.39913468310617,12.5975593323025,9.36468248029192,6.44134560471275,7.82474363681252,9.37652069981192,10.4346699839473,10.9200696510889,11.1974926398849,9.71916564548749,11.1162887595914,8.18318563832423,12.3381017569419,9.46420982284395,9.61607939258325,GSM7040775--RNA20,Non_response
9.15290489934436,7.89192348666722,8.27609929061341,11.1149440475888,10.5438724417133,6.33285541539616,10.399490653168,8.56113712785095,9.16555013265352,10.7802743508994,11.8397742757343,8.1576067572613,9.72620896747636,7.97783443152276,9.44239043942552,9.49731943789866,9.92338700177159,GSM7040776--RNA21,Non_response
8.61207369520193,9.96052897236674,8.04833361183582,12.1373496923907,10.5281713193251,5.3270524814765,9.80031210673694,8.77124654047208,9.04927696040487,9.72775660142422,12.2291141842534,8.91406316082407,9.64736694908548,6.17640553717521,9.52263781473666,9.00933639101267,9.62129276333163,GSM7040777--RNA22,Non_response
8.82146690051406,10.510668935459,8.31350276802149,9.88327723432837,11.156747638748,6.11102303687476,9.85209542814065,9.1429055156965,10.6799101359631,11.4230474007429,11.5047373249147,14.7095327272694,10.2892136418814,8.33104543545618,10.1279580613601,8.99095889160207,10.3186265773222,GSM7040778--RNA24,Response
10.1845164992955,9.26371000686184,7.98626386486808,12.9876001867257,10.6575876873624,6.36910657194947,9.26371000686184,9.22747989086861,10.2387511094399,10.6311204614122,11.7259593753936,9.91622767428582,10.8477827576019,7.48115957970368,8.65353825758925,9.19636531190824,8.84436785897363,GSM7040779--RNA25,Non_response
9.8943962229886,8.90006145039126,6.20468786881172,13.0906359729997,7.5206209223725,6.80413470488173,9.07092975881462,9.14235440402591,10.6943284535285,11.0639046315105,12.0398051491659,9.47974639845107,11.1259089200139,7.66989367297048,10.8615321716181,9.47184896254536,6.82098033355704,GSM7040781--RNA26,Non_response
9.53996342837233,10.2632828747714,7.496356768404,12.6196221681479,10.017425711404,5.64140319936896,8.7574667263967,9.04955543697193,9.84857893324976,10.6419750042127,11.7957423289811,10.2356542495855,10.5101744057908,7.90059412366212,10.5753514967886,8.94266528167162,9.12850774388082,GSM7040782--RNA27,Response
10.0622458779225,12.7815891336976,6.97929853215468,11.3829066010338,10.768020044823,5.14767908801939,8.05284744307862,9.2371427280356,10.1806512356479,9.84361820035572,12.4429641802347,11.2772776580592,9.77609697841778,7.47711661926647,9.69687913494294,8.28905084752943,10.4902643135751,GSM7040783--RNA28,Response
8.34189910026724,12.1148090449801,8.93745825894166,11.3978661809809,9.94868288796953,6.09432367993214,10.1059088821227,8.04243821990653,8.62575138905901,10.1334345219579,12.5065795489187,8.61134028357078,10.3403372591218,8.22846481027073,10.9386818010981,9.498634492789,9.18781669301514,GSM7040785--RNA29,Response
9.34269405900743,8.74777435813932,8.92162205233048,12.0436663050188,10.8015662233971,6.25578505322189,9.82853366319552,8.91722033928544,9.42489454259284,10.3107228269737,12.4600384894246,10.3912866204836,10.0948952937698,7.89561143430457,9.82194652098005,9.2901242563423,8.85370031012178,GSM7040787--RNA30,Response
9.27533158069225,11.0593792241507,9.29854494218688,13.5754714619387,11.1371841984447,6.52329910886505,9.75216251718569,8.15225747657396,8.58831111465253,10.0258084741514,12.8120964377529,12.6050730901836,10.380412177994,7.84188773745368,9.83770900830535,9.56852889921945,9.85692991521938,GSM7040788--RNA31,Response
9.43918217005332,8.97716688680474,7.68586571549671,12.876762240353,9.54119619021117,6.03880057413477,8.96884758045789,8.76752709269174,10.6918032381437,10.9104513103752,11.7142334420201,9.40363000837722,10.8751343274212,8.02614773140785,11.4515215454062,9.19988214015555,8.78381769330473,GSM7040789--RNA32,Response
9.85209542814065,10.2410016661776,7.87327107868179,12.3645249458211,9.67587736644695,6.40292002091221,9.23094905693798,9.26908748941306,10.2758007820756,10.8700364914555,11.6077218580998,10.7268908553989,11.111865705408,7.98263876116077,11.1147296644754,9.34162053634735,8.7108465427257,GSM7040790--RNA33,Response
9.3770262399569,8.86882343531767,8.0104025478497,12.1939016553171,10.2767592141565,6.274330521789,8.90752317669053,8.32277446211887,10.1169866667446,10.3912866204836,11.3626569540533,9.21273195446347,10.3920676461626,7.26044113308487,9.57466931757005,9.81639325651992,9.03809358918261,GSM7040792--RNA34,Response
9.46381519371172,10.3661548478102,8.10828833095772,11.8407668619385,11.6591623870479,6.18273858836154,9.02565946278153,8.44223785700535,10.5571538973954,10.6599860143937,12.2593170472453,10.052051201061,10.1789410107337,7.82831863906775,9.97226225854291,8.89521465338412,9.09780844279931,GSM7040793--RNA35,Response
9.92214555271418,5.97350824930517,8.50655666263972,12.3855760396698,11.4003004590447,6.95314155038864,9.16744737321507,8.69459631585815,10.3999396749182,10.227855549234,11.0858649107536,12.2071062926249,11.1195271746383,8.10754552448851,9.53233434159194,9.29955993449177,9.98680401282611,GSM7040795--RNA36,Non_response
9.60955706032176,12.4893078209239,8.54549216168122,11.4991693809001,11.4422927908361,6.13781207305683,9.78895046769005,8.82057879314224,10.2834504695762,9.55600576027617,13.0557610198478,11.4005127324382,8.99068498424156,7.54685282571956,9.13489371753058,9.03937163396143,9.94093961547486,GSM7040796--RNA37,Response
9.63742815033276,8.80060672564782,7.77077838429382,13.366184851597,11.6252705158918,6.83770319927132,8.39738415473121,8.52046355101112,9.80975945405805,10.3668130284715,11.3268605069697,9.0660134907092,10.6321848071743,8.07854658824536,9.35096491778801,9.88127085565389,9.59706904049076,GSM7040797--RNA38,Non_response
8.1014101958713,9.21187516551984,9.46528869846764,13.3910246445832,10.5101744057908,7.58931280499578,9.99831035571074,8.17163315477557,5.71065777731352,10.1300224005486,11.3512688186166,8.37249534363363,10.5530349761655,8.24914174753811,10.6186829576706,10.1378284194194,9.21002165575005,GSM7040798--RNA39,Response
8.13702169358466,9.3193007035906,8.95888303795839,12.7346339129,10.6127902414587,6.96059767918407,10.6630983964213,8.40395735562098,7.05867133822343,10.4433853796582,11.1525371097128,7.13518750269594,10.2526590508975,7.9021027151309,10.3137658757729,8.87503460129617,9.92353894255474,GSM7040799--RNA41,Non_response
9.68050987353106,9.70654556515579,7.84052940377208,13.5991699511579,11.0525605260162,7.77647229660706,8.31677135334176,9.32359281948171,10.4046157488269,10.6366815164656,10.9595288332198,10.4059878298553,11.1648107079267,7.79275518461978,9.5301962692928,9.49391286461482,8.19808363091755,GSM7040800--RNA42,Response
8.54665444851718,9.16744737321507,8.53481242338585,13.50944961956,11.7385650294685,7.03336356919047,10.0984437521896,8.5138632788723,9.46186367551222,10.2881913418034,12.2622534561727,8.45577204386184,10.1813573486181,8.10114155175162,11.4598916157281,9.37658236053438,9.23953140775266,GSM7040801--RNA43,Response
6.004284167,3.626987152,4.038142996,5.093362165,4.973062539,4.218565595,5.430022331,4.122465146,4.48423497,6.483022191,5.722464135,6.151437651,3.879294757,6.059189056,5.214759181,5.404419585,5.33656542,GSM508023,Non_response
7.03102506199311,4.48600588184296,4.44507403968718,9.01406478663088,7.46966806317985,3.11951406517504,5.41382089302772,6.29188106512324,6.60337717669956,5.25491620368002,6.91657245904769,7.80845491246637,4.01856592300667,2.84933300808115,4.75480305525679,6.26776374957572,6.13001606392646,GSM1232994,Non_response
6.8352127711754,4.02511320691759,2.67704038592351,7.99242571527473,7.08275761935921,2.59010225703999,3.24574369319705,5.92224705683326,8.4188194253011,4.98157252175217,6.05092753727942,7.62248462441727,4.23584366754275,2.81323417352399,6.21263705647771,5.94584805834815,5.76781157836846,GSM1232996,Non_response
5.8696921423658,4.31740995781469,2.45417146678976,9.4193052816721,7.20211136674884,3.28087625467688,2.6668090522898,5.58318875905084,7.58063909894227,5.14586015550747,5.48143840016215,7.66915991819186,4.9634174063769,2.41401733486585,6.15587428826377,6.23293857155406,5.22979838391736,GSM1232997,Non_response
7.32532404382147,3.94603678097782,3.06263037091332,2.6787409946648,6.91503185822832,2.95877348373202,2.82476175235711,6.67789168332406,8.660921612526,5.77803812086992,6.74299323168182,8.26062416510858,4.58584770258411,2.46827446546967,5.71401890192991,6.30087384275137,4.54609373544192,GSM1232998,Non_response
7.34434856749428,4.08668978583478,3.00270966551751,8.23840116014133,7.56666408688652,3.59915710512767,3.7413091414933,6.63984246631853,8.0639933343374,5.62868795247568,6.6211665076464,8.00230236787787,3.81173124544566,2.39490791378496,5.41092231813509,6.1857821780345,5.06980428508667,GSM1232999,Non_response
6.31370652208933,3.92120560059911,3.06763367624192,9.30466671683203,7.46192221972899,2.04049682771041,3.77283872855629,7.04654244623467,6.55718772244182,5.6060985012973,6.24083453932918,7.48417451293308,4.47793508075127,2.01934074341694,4.82870454428844,6.33097496782134,5.88716908742524,GSM1233000,Non_response
6.06491587374739,6.91309112304776,3.13453529721158,9.95809250254528,7.01989185475364,3.62123417886469,3.4842068338114,6.62461247750874,6.1677760162306,6.12216731694943,6.37601146345009,7.07467296548975,4.44726864258697,2.58039122901183,4.46692924088929,6.61294455750057,5.65055146979708,GSM1233001,Response
6.20538637700463,3.81318689698151,2.94990833494871,7.35840272909881,6.2728480400335,2.22761610183036,2.99160440537829,5.81782826062465,7.98669512265373,4.47062254221268,5.29995444883954,8.17551037174304,4.52231363029167,2.30221801429539,5.77443445453072,6.59867992731068,5.56892760468098,GSM1233004,Non_response
5.66817376012711,5.03662060508986,3.03675059115682,9.35132341168621,7.73404074452117,2.85179011769373,4.21596535325459,6.61796215169759,6.37608316641493,5.20428457171237,6.2652422240902,8.15292634955905,4.73183780471493,2.29841066610695,4.41459212257535,6.53621171137989,4.83308522000929,GSM1233006,Response
7.25878877000564,4.20271136741788,2.59378759328293,9.05379396109198,7.09914567392608,1.84981570454031,3.64097952932294,6.25674039830392,6.81778158328309,6.46598524406999,5.62464922911208,7.20865135376939,4.78138191598416,2.99979445948425,4.5864855267145,6.35516336553497,6.14414497154581,GSM1233008,Response
7.62767834136983,4.33004524374914,2.85670758449146,8.97527279967,6.37999967476911,2.7068161177387,5.38665164135737,7.17825620504264,6.23228915686331,5.79424742031826,6.25864345342739,7.68674755632859,3.35654857661403,4.59954256280721,5.51616130423132,6.3204337282901,6.69751223446684,GSM1233009,Response
6.65726811636795,4.9145685198959,2.84398783452906,8.83650971985758,6.12480294096035,2.64035999695157,4.65097637121775,6.64678965484595,8.09240176323258,6.20870566217845,7.00177170843047,8.03958613094551,3.93671324360488,2.48638799305843,5.2893070654563,6.35714348763351,5.8383858556505,GSM1233011,Non_response
6.5940835824225,4.14164740584741,3.35338292604048,9.92420035422282,7.65059633246832,4.19977025301166,3.90098892670668,5.64519192577353,5.81953866758941,5.83122401707006,7.30781213875003,7.5606398542602,3.56553850001625,2.17704718273136,5.0150362120732,6.29810089897138,4.79096651879975,GSM1233012,Non_response
7.04271976634544,4.6283093876409,2.98508456323422,8.92413687734418,7.54851818407898,3.60840369916537,5.1332514552743,7.04453633010067,6.80699094877993,6.06720904891927,6.84754772117928,8.15766215118077,4.11033344627676,3.04423254760782,4.63583825452605,6.12541528002668,6.0022713029923,GSM1233017,Response
6.37059761844422,4.739915751483,3.11819805616166,8.40045978507371,7.6027983039041,2.62517501414666,4.97414666562483,6.10792210663096,6.82479987406142,5.95570141160705,6.70754633540556,7.49554929828737,5.14463459509891,3.28311141660611,5.06640563032908,6.29473577297048,5.75528364067583,GSM1233020,Response
7.01025933004905,4.45773458949308,3.57277713747083,7.27213253863568,7.11182354321862,3.04584267303025,3.2174732263086,7.637112641443,7.69280907977559,5.53448311803283,6.31184738353331,8.47435288917509,4.31640170447202,3.95825126626232,5.00252381466417,6.14143652923032,5.03587689878299,GSM1233022,Response
6.26573337865124,4.42899882994458,2.84735898698298,9.24636028096838,6.82895041133275,2.13345549164574,3.10565864909526,6.37676578132711,5.81094875650159,5.40131537424552,6.29350148277933,7.18696939666175,5.025038243827,3.17296647982291,4.7936035782593,6.28772194026416,4.88910989000876,GSM1233023,Non_response
6.96430371489076,5.78087586131769,3.11358632166432,10.2973158858963,6.97361910429032,2.08232418807248,3.20381808401407,6.52746821372306,6.58667682688316,4.88961913927434,5.84266205799147,9.05454107384253,4.61279280926602,2.11842028894074,5.37138328723267,6.4637801545408,4.75135674776109,GSM1233026,Response
6.61999323591511,4.19840013249032,3.67782932351619,8.20417132277684,6.14995723288419,2.5165165320022,2.75934727186424,6.55491172876972,7.30275625363518,6.76743958186638,6.4180457186126,8.09298806904667,4.57705641638202,3.35677032758908,5.72013731068242,6.19702593690583,5.38935861088911,GSM1233027,Non_response
6.4519962171963,4.48755028774194,3.26121899331823,7.81779455572516,7.42109490119319,1.662442921442,3.06382575195637,6.46125753161071,6.12430652978285,4.60285044002242,6.32948273655446,6.61631143183435,2.75984667699483,3.92383180332685,4.87388135849846,6.43952820694333,6.54106267725839,GSM1233028,Response
5.77456527887225,4.80810497982786,4.39886070667819,9.17395821903184,6.05999187971411,2.32795015035713,3.08998895789481,6.20325425376046,5.44242520760361,5.33378094767822,6.00627256474983,9.26131614860419,3.95811349022992,2.58678321054636,4.69850353303194,6.35914719475129,4.76780634403147,GSM1233033,Non_response
6.54224644379198,7.31943633609814,3.55836811467648,9.71787951895534,6.56566771955158,2.71599783944896,3.51713946207061,5.81057449483265,6.03790479450455,6.13789946656056,6.45138386726042,7.63101762782348,3.70822624044691,2.89888230065628,4.57142492740718,5.98745698437625,5.88757176223354,GSM1233034,Response
6.65165962124444,3.9385161872855,4.10111330715056,7.57914682939318,6.35573238055952,4.13942539459837,4.27113600928871,5.70061890037987,6.70814594245638,5.28245589299894,6.01201218718329,7.62779297376945,4.34124251729742,2.99307574704404,4.84710935849009,6.75203472114869,5.37491621014627,GSM1233036,Non_response
5.49420566790454,7.40155066560601,3.35811944289353,9.39685864155723,7.59058450106113,3.10000665006867,4.23947149822748,6.07306185185584,3.99387810642028,5.31594216955054,6.65170693902852,6.93438948221367,4.46001666331921,3.34917884365894,4.4869725284937,6.31404791927412,4.94052023369209,GSM1233037,Non_response
5.64453849082377,4.40525030220116,2.88867473363075,10.5638848783603,5.86013245851669,2.28413129171421,4.59303503212456,5.44893232018081,5.70074829300238,3.67516104392584,5.8149886084707,6.07184886828591,3.80183583140886,2.21583671032128,4.51685195317594,6.34060593272238,5.10695139294665,GSM1233040,Response
5.71615962140273,4.61890430605278,3.7541770134004,8.17912236702195,5.95248038256118,3.86751493694614,3.8497557030909,5.93559606052893,4.77691927163681,5.93602376841114,5.4008056775472,8.77916353291509,4.1459971748616,2.22409506844285,5.63395611813287,6.41825454589412,4.75545438409829,GSM1233041,Non_response
6.8123670813098,5.04410204775164,3.29192647295971,9.31728410201257,7.32010983119118,2.22161540203454,2.88057007628277,6.06215021527213,7.27588630631661,5.4831585333623,6.37283227622894,7.76539133965835,3.97612189876063,2.48863866279093,5.48123706239869,6.52340976234424,6.25408362210847,GSM1233045,Non_response
6.15849436419645,4.37100398472689,3.16822331522679,7.72932892393771,6.59041725022422,1.85655800526066,3.36199776889709,7.75384056380688,6.65549895549797,4.69809168603311,6.36290836608246,6.47933755732452,5.25259688803988,2.10573019885093,4.68596843659856,6.49628658188257,6.04407530424831,GSM1233047,Non_response
5.05203135494426,4.81558581772977,2.90362148123998,8.52897364445377,6.31637107797481,4.3067319070271,3.2494910538472,5.90967566316442,5.05111622934431,5.54636535326826,7.02000731738477,6.635797539805,4.1204017418255,2.31569396816054,4.33888666998255,6.65974266000813,5.40742849680717,GSM1233048,Response
5.156004972067,4.13370084444453,3.31716720608648,9.12037903024059,6.51621374592821,2.01610099154683,3.12694464127926,6.65454073080698,5.82353941319782,5.21117800146898,6.64029157341581,5.36913601908072,3.24483029393287,2.24708728975163,4.88744668764167,6.85730102804069,6.14942060982369,GSM1233050,Non_response
6.04639521838387,4.39837698650061,3.106681806037,9.06443201728713,6.42895564764939,3.2805164285839,6.56804325519959,6.54276051539348,6.65702912188481,4.63666581217001,6.67244478872868,6.38724186501577,3.85299304446134,2.10200042281009,4.33350485277737,6.70091960807972,5.29903351786695,GSM1233052,Non_response
6.65798283096836,4.44425997243744,3.81420015494152,9.08837711288386,6.11912177226975,1.95537774210329,7.08669543153465,6.44356116591968,6.99384020523419,5.34049159601831,7.02082206349418,6.38924167801355,4.36537371713628,2.40347492047617,5.06345867643468,6.55183425886324,4.05243146122887,GSM1233053,Non_response
7.09951982171558,4.25372246679441,3.00504574583383,5.98812526728459,5.6945279851951,2.07719845505664,3.47510226532864,4.5476756469439,8.35438634023638,3.83588157854036,5.69548473533529,8.460173175519,3.25482174065006,2.67794223207989,5.19579943871133,6.34706336527834,4.32852865625797,GSM1233055,Non_response
6.19385867661186,4.40072796333588,3.88748105515617,5.54243606336506,5.07716298545114,2.92233089334673,4.07890573057471,6.16176095381276,5.04459211468007,3.59019931123165,6.27950953804106,7.87514810953727,3.40512526147903,2.00126353263645,5.0564412241279,6.48129892696518,5.55339191992871,GSM1233056,Response
6.38271339498942,4.0565262642888,2.88154512507505,8.09929733019452,6.66879323216045,2.32520671980276,3.36294292468681,6.03472096139019,7.48725507176835,4.33911672179407,7.14547638558671,8.56796259412546,3.64003620851272,2.55287520418507,4.36342407593737,6.50895953796398,5.26782045115482,GSM1233058,Response
5.01861790843679,5.14064217307609,3.05236464587641,10.3029757318081,6.7687771222103,2.18306610373907,3.46420839848093,5.16627837853971,5.18570357018503,4.02325402088709,6.95472456222409,6.3824303840211,3.46855527168469,3.09012373065352,4.43855257222957,6.40011345542078,6.10560989819098,GSM1233059,Response
5.69606375703236,4.38807538292483,3.52368063318135,8.46413427641897,5.08232666984872,6.04671263314779,3.25868179991477,5.08612620256443,6.02407690618992,6.05218826883498,6.54639194850059,7.77178480350116,3.00285595250849,2.22839959259315,4.69920650528281,6.30538897742146,5.83766887458868,GSM1233061,Non_response
6.31653993680146,4.48348518970663,3.2180275388388,9.75094853202547,4.69806051858384,2.10680952423297,4.5923258822499,8.69474091418205,7.64461909231322,3.91720062652337,6.41770295426238,7.84603616720675,3.86595956319012,2.70905533551905,4.86267921697007,6.39951731888424,5.54481120192282,GSM1233063,Non_response
6.66219152400504,3.56545541846532,2.96659733159886,8.79210387395671,7.49126777896694,2.1169578121537,3.54366844645205,6.34194810735485,6.90314822862935,5.62277563675545,5.90172929049306,7.30545453597685,4.64495868623252,2.33315944544036,4.43529157343732,6.6046453874494,5.34631019591036,GSM1233065,Non_response
5.7418997799944,4.32131799030963,2.97862921382457,7.8875528380459,6.50183749511108,2.08880610400687,3.10889517593223,5.89747380788537,7.00210548495136,6.87653692042229,6.01689865568098,8.27468167650853,3.70420299925738,2.37305620931807,4.7255811613118,6.37587066080363,5.60679193343235,GSM1233066,Response
6.01062236178774,4.6526720533427,2.61123531074284,8.65441016109508,6.93467424502206,1.81304807009882,4.04039315824526,6.10644590822412,6.96730039205862,5.16347810959652,7.03536065728079,7.77417640373939,4.36175701922882,2.28367451981585,4.57995688470092,6.64000381621891,4.60133131546238,GSM1233070,Non_response
6.30538807292585,4.65582920757349,3.90912402263982,9.34462024087823,7.30521876211247,1.98792454365827,3.36800185626411,5.55092228718662,5.19586569219641,6.55039227157911,6.33903894836409,6.78569495291517,4.130439947114,2.96891207992226,4.77211352857283,6.1770873458088,4.14835739182231,GSM1233071,Response
5.69247024090557,4.89405390121123,2.62286677496733,8.89295650351344,7.59772462770822,2.02036729900821,4.30843077920474,6.4342223242338,6.41892887674876,5.19415190068155,6.11474381757958,7.04941722227143,3.63805998744322,2.48597221182557,4.68791525890993,6.41693315451932,5.72096514010635,GSM1233074,Response
6.00108228521169,4.54715635909264,3.18034504434947,9.03037914929085,6.40835729163259,1.60526884672026,3.43760928459809,5.81119072521473,7.22591308055788,5.13888550090587,6.02095463718242,8.35982269479254,3.59387539439264,2.12568455685392,4.68161000732931,6.5703398296057,4.94971949202668,GSM1233076,Response
6.18061555349163,4.0926214908626,2.89976275807446,7.34398249454597,6.91221558455793,2.12333729923973,3.26047110130073,6.76584442488387,6.96133860522641,5.71614173374927,5.67241549233921,7.47727199525783,3.73738716622897,1.73482182376253,4.31597818823301,6.60840107077091,4.87091139886413,GSM1233077,Non_response
5.93811689873817,4.97658005668996,3.57217699595827,7.39344563056181,6.03699337377554,1.93306037978387,4.86296901362667,5.19480117190826,5.12955767582204,7.34645482196948,6.57779143329482,6.9769291860917,2.29332974191125,2.08912765465771,4.24363167244904,6.61768038348527,4.34457115060023,GSM1233080,Response
5.91298637587036,4.54798402324135,3.63918585512253,6.4883515396859,6.60131773529068,1.78501153420516,2.93545605504866,5.70447810753562,7.24020401491458,6.91016246627476,6.23699578126135,7.57641917362688,3.90619492654275,2.51969121255791,5.27227071792051,6.50918279181855,5.22633593540976,GSM1233081,Non_response
5.83459315185593,4.90523460631129,3.46226862890155,8.75901847917241,5.94967590565349,2.10173829667023,3.74319923638151,5.94373595448483,6.87472113533894,5.16486465546024,6.53710866240187,8.07450176210701,5.4083276480431,2.28823333094803,4.91996912006733,6.10086049976511,5.49226721115877,GSM1233084,Non_response
5.55574760791728,4.94688727151187,3.24043644688546,8.1155851351096,6.2853088302882,3.63090829276733,2.65798457289816,6.02343259125447,7.08652836672582,4.90353849264184,6.4268716353851,8.16206752422895,4.9194199841555,2.10735245424511,5.11905238620015,6.33746011926393,5.7446652676161,GSM1233087,Non_response
5.35089516226611,4.38952837444609,2.89734671514949,9.4154697579525,6.73810840417745,2.69251231606917,3.29598445501221,6.03177988779516,5.93520329625851,8.06794274851512,5.8751994759665,7.31748528859144,2.75394036764617,2.33921396704628,4.99419259043434,6.57732437567082,5.20461012503054,GSM1233088,Response
5.95561310908357,5.03793021929917,2.65445448866191,9.95701115304366,7.35946312024703,2.55983204162555,3.76099113307693,6.39145378223791,7.24617564319954,5.53311488856622,6.79616407907348,7.92744817692249,5.22336485173811,2.09559771968515,5.50593410409089,5.95658078801221,5.71284848215169,GSM1233089,Non_response
4.02424014973681,4.94047949035558,3.49349456381064,8.86286503155574,5.71577849935079,1.8206220061554,4.11717474932716,4.84524581112498,5.97302420057857,5.59880416085232,6.17823286795791,7.17589069930939,2.71240057354219,2.67123541664438,5.4543620285256,6.49402599001263,6.02587187664469,GSM1233090,Response
5.59054411269691,4.83162874438379,2.98787248914684,6.70995810632896,7.09842519428385,4.05082297316471,2.70591915842275,6.86128601677532,7.4985729338342,5.24318615160205,6.42214165432439,8.69203118412219,4.0026064789533,2.60886288734446,4.34351541116142,6.58363914780862,5.5798510881667,GSM1233092,Response
6.03315439540528,3.91524621475855,2.7919631897004,7.9628853904034,7.37117760629699,2.89123333538107,4.41661846540437,6.16458505105028,6.70092088955438,6.19979415384641,6.79162528709625,7.94781605953426,4.69715217716796,2.62167189330483,4.89138515248973,6.22135467407957,4.66502883354844,GSM1233094,Response
6.67310164641827,4.71653700333518,2.84301196166433,7.23377347736871,7.25108487126571,2.86560805356845,4.1824691732208,6.12757535103359,7.78512517142862,6.05715918734178,6.6543885423389,8.26033664957858,4.03678445676661,2.11055160820654,5.0212350390034,6.40696998078669,5.71716706187112,GSM1233097,Response
6.57522122140567,4.40804808302751,3.24971351072038,8.98878486510679,6.19638593694171,2.47416888128254,3.30305067754899,6.44648676849971,7.57859625127655,3.66828003957311,7.20209440813444,7.37811352829612,3.62710803381112,2.65215902597299,5.08335195078666,6.6664383900723,6.81308253077516,GSM1233099,Non_response
5.24855503198116,4.48247866824461,4.30547791995783,8.8983805138831,5.58233922935451,2.75482505585706,3.41935343793178,6.23471146376484,7.62700044841143,5.64150462845653,7.06458771634535,8.45031722789718,4.81191943276913,2.16986361975708,4.59092604267049,6.43324681450898,4.79799442769101,GSM1233100,Response
7.31000401992662,4.19104727322988,3.21035997399,3.06409412006043,6.50891082924107,2.11640985336744,3.28456168951096,6.91733405697048,7.12530994746131,5.8337819762627,6.55224439966636,8.12890323693932,3.59881417839832,2.19448104774662,4.58424161174105,6.54470057610281,6.87343138824788,GSM1233104,Response
6.00959876666713,6.18755291878974,2.9829922955195,8.87829664881682,7.19710884475399,1.9303251946583,3.55038308342562,5.2149172491295,6.01142303248781,6.3758751946543,5.9487420549504,7.22698912862382,3.53419371298303,2.04251122983613,4.71512020046081,6.13951886643531,4.53773428266796,GSM1233106,Response
5.78200314003799,4.82391367239398,3.32053180461007,10.3542166950737,4.83868967348929,2.03236285990952,3.03131415448403,6.47620126876328,6.73075182964615,5.13533033620928,6.79653910735327,8.16601162113837,4.19383655395531,2.95519424951618,4.71151473119076,6.34670951842593,5.78116816937372,GSM1233111,Response
4.92971758832614,5.55660047908634,3.24489408549928,9.14473008008295,7.35445018027241,4.95323973711034,5.2699142366284,4.59311644870162,4.95304375801307,3.24575671843716,7.08383535238008,6.99250438272389,2.99946271704062,2.92555860773756,4.93147539631261,6.39418114633828,4.59983316852211,GSM1233112,Non_response
6.11111594025245,4.3854428652006,3.12080273403183,9.27213921077811,6.86797542939396,2.15514520963709,4.3051406140681,5.86273649643489,6.52492433598854,5.99775911428323,6.33563003485827,7.73814841199953,4.80369051887554,2.13813894015943,4.78733072361558,6.43554036491464,5.87299495937225,GSM1233122,Response
6.402710448628,4.43601114516177,3.09505846356695,8.88828473522564,7.1234793808719,3.63097870965278,4.7464150357716,5.74990815287289,7.50793201718765,4.15293758226588,6.23360621761704,7.83051740008376,3.83091803147464,3.39636890844736,5.01563798718015,6.07131486519355,4.6554923111807,GSM1233146,Response
6.43953517,3.908880373,4.143493197,4.504519106,5.152131799,3.331095633,5.119535694,4.122937607,3.81474502,5.468599833,5.653095832,7.376111575,4.392433985,5.38407571,4.657016573,4.325971535,5.416766471,GSM508022,Non_response
9.463250207,6.831620004,8.031899255,11.69975946,10.0469267,6.614947159,10.12829912,6.719228865,7.956791235,10.25174929,10.21607381,11.37110028,9.154117919,9.166310376,7.699200094,8.257572073,8.803743231,GSM496015,Non_response
9.495071591,7.25267434,8.136406026,11.59423595,9.814506157,6.868429859,10.75731779,7.31326169,7.846134494,9.834923724,10.05633946,8.742630281,9.922272866,8.93845599,10.99491286,8.029837248,9.177344033,GSM496016.2,Non_response
10.23236288,7.566492823,8.48354837,12.20550303,9.971377613,7.507341854,10.57502967,7.425118866,8.34419051,10.04995497,10.57860887,10.57683584,10.04231882,9.587929313,8.639813546,8.079606974,9.295147545,GSM496017,Non_response
10.48603599,7.132067487,6.278371878,10.35214494,9.761870826,8.064648843,6.930040004,8.30759052,10.8207286,10.30212596,10.21697239,10.69286026,9.75220807,9.39594913,9.466423542,7.701819969,7.728673605,GSM496018,Non_response
9.863844199,7.13466512,7.623107676,12.34021922,10.05916084,7.354622,9.524738097,7.85228552,8.838050559,10.36862512,10.49663503,9.997524082,9.420831706,9.042246936,11.72802579,8.336157067,9.083754787,GSM496019.2,Non_response
9.938006853,7.086492633,8.309206681,12.14076802,9.64468018,7.377646062,10.72127848,7.663175353,6.131795262,9.825579203,10.22509787,10.98733298,9.78041362,8.984546593,7.822898717,7.821401005,9.660425013,GSM496020.2,Response
10.21589057,7.308632621,7.740599445,11.99002646,9.842583757,7.676242328,9.966585923,7.744949625,8.176977598,10.2249882,10.19427825,9.462161376,9.967461414,8.9635928,11.9790244,8.186751107,8.767839625,GSM496021.2,Response
9.910424696,6.762376238,8.509294416,11.22191448,9.684348895,8.430096962,10.90441926,7.643919746,6.068732058,10.69231275,11.04315854,9.82945918,9.631610397,8.897273889,8.038252887,8.333034376,9.518652034,GSM496022,Non_response
9.040807364,6.874952577,6.380437669,12.30414471,9.919306443,7.295364245,8.726255658,7.636701103,8.151021853,10.69915188,10.4180202,10.69340299,9.5824953,7.854803803,8.704381968,7.454072893,10.5285356,GSM496023.2,Non_response
9.741392084,7.063737288,7.730571336,12.03024566,9.853899924,8.420469853,10.36812933,7.906634611,8.256211864,10.60273463,10.17611758,11.2720622,10.41745637,9.459734276,7.884076808,8.246778163,9.461673638,GSM496024,Non_response
10.39020653,6.335008517,8.648729337,11.59856635,10.05460222,7.944509228,10.39204892,8.198275761,8.395065703,10.32404836,10.52659972,11.23649634,9.5431619,8.785196445,9.542061105,8.339040631,9.763740024,GSM496025,Non_response
9.574863779,6.879583078,8.341478999,11.91637476,9.766813282,7.158876692,10.23922631,7.376640203,7.373617475,9.893105123,10.43418068,8.931448658,9.431218506,9.355719198,9.299679091,7.834691502,8.830765928,GSM496026,Non_response
10.07391054,7.395282943,8.096240523,12.44418839,9.638152561,7.830087382,10.21133584,7.550354569,6.696927812,10.52346814,9.664069225,10.49782535,10.04465573,9.207369081,10.08577037,8.246778163,9.159904264,GSM496027,Response
9.743670491,7.487714855,7.736959814,12.57777891,9.922565933,7.78198848,10.24331271,8.083788706,6.322395802,10.07928828,9.944769849,8.116698567,9.934184006,8.808044239,11.22939256,8.595887724,8.959132532,GSM496028,Non_response
10.23514682,7.221206071,8.45440755,11.70027797,10.26280831,7.426166331,10.44413739,8.039407366,7.327428747,10.48932042,10.73813213,11.37721666,9.824055216,9.101339467,11.67322048,9.086478108,9.073659207,GSM496029,Non_response
10.44596917,6.92113592,8.209831919,12.04428172,10.48908446,7.632617633,10.55923281,7.699107972,8.333846161,10.07931745,10.03768227,10.35806886,9.766563849,8.790303692,10.75262588,8.341581326,8.571357164,GSM496030,Response
9.956380261,7.906870226,7.944750882,11.93298927,9.944208839,8.058703422,9.828358995,7.760859226,8.935184161,10.34055654,10.54480347,10.31015099,9.783720226,8.857447147,11.64761874,8.485020706,8.623117503,GSM496031,Non_response
9.526140198,7.462260552,8.214648207,11.16061934,9.428441197,7.103736952,10.92872159,7.174290393,7.280428085,10.50679201,10.42035021,11.75078783,10.20850418,9.640937724,9.926141872,8.441185649,9.568102529,GSM496032.2,Non_response
9.842078584,7.13466512,8.337422868,12.50667871,9.957505982,7.594804873,10.74042121,7.809291325,7.45422527,10.3441478,10.74266199,10.49846002,9.749001282,9.526361205,8.523227352,7.656200118,8.826904758,GSM496033,Non_response
9.593562493,6.949071442,7.46535012,11.98550075,10.45154517,7.527964699,10.44514957,7.379841267,7.425978732,10.29687584,10.09134205,8.202711452,9.2266446,9.523034531,8.175524119,8.303668693,9.089064844,GSM496034,Non_response
9.743781826,7.768636473,8.140498867,12.14978905,9.623858411,7.879050758,10.34281938,7.780834669,8.506812778,10.30800853,10.33874578,10.3972227,9.9629313,8.934572114,12.34890444,7.973172562,9.208613263,GSM496035,Non_response
9.31464925,6.960976747,9.175922368,11.41273657,9.349641548,8.438788894,10.29603627,7.431062583,8.989088713,10.65407218,10.98833375,13.54410593,9.950094087,9.367190488,9.579726663,8.600922584,9.021171763,GSM496036.2,Response
9.713888908,8.003449724,6.256728584,11.26790391,9.572362237,7.317648343,8.457590239,7.049460449,8.168273924,9.302895164,10.00566473,9.48368684,9.281914246,8.20860931,12.85248901,7.882638777,8.743381176,GSM496037.2,Non_response
9.413885018,6.690087862,7.194493899,12.97738071,10.34779674,7.866715389,9.629162855,8.475019521,8.091883333,10.88549887,10.0012994,8.830891128,8.511001047,9.565077591,9.174495547,8.511623234,9.156131407,GSM496038,Non_response
9.229487907,6.166712302,7.940343367,11.08016129,9.693848433,7.052031384,10.50060082,7.575998008,8.405760686,9.620201221,11.01661484,10.63584254,9.544257466,8.539525045,9.994114803,8.336425577,8.01411495,GSM496039,Response
9.849513556,7.275860148,8.868198177,11.69652375,10.16260413,8.205427839,11.02260646,7.902320307,7.460803915,10.54452076,10.65243115,12.63827975,8.947391375,9.009804579,7.481482736,8.408312274,8.892083467,GSM496040.2,Response
9.99562347,7.074124796,8.703142843,11.35298438,10.05588917,8.609219021,11.0512319,7.983104388,8.905309969,10.58628115,10.53929289,9.810311537,9.311404847,9.098519465,8.080767299,8.487764808,8.17371576,GSM496041.2,Response
9.99831552,7.13466512,7.670470451,11.82224774,10.18387159,7.175232822,10.60540123,7.585544421,7.736458514,10.01369059,9.414864628,8.123241893,9.470482123,8.74464162,10.91560517,8.037751403,9.801077609,GSM496042.2,Non_response
9.895662939,7.779597549,7.506608592,11.99000098,10.10057779,8.073538653,9.696837929,7.777718704,8.37003739,10.33520084,10.12283895,10.02899649,9.372078661,8.795737758,13.12369139,8.461533683,8.913271732,GSM496043.2,Response
9.94056613188154,6.54459254823943,7.43378134471499,12.2820092996238,9.35606077795914,9.20383288280131,10.7434188458723,8.0778092468365,8.50988888763816,11.4203383490713,10.9732406541443,11.7048265664625,10.0093382567024,9.60874431996215,10.0579182790056,9.03190461054747,9.72870623154926,GSM1876004,Response
9.87847818928977,6.77415833877658,7.36673636327134,12.1620494053682,9.92794391467689,8.48733378439577,9.64954996076241,8.45929480189389,10.2072353659142,10.4856586885921,10.5604642813184,11.5445604530004,9.53735024137818,9.23182097933481,9.16692061789458,8.86972316686999,9.60108212647135,GSM1876006,Response
9.66541067891607,7.59013092555127,8.27891909846718,12.4162579564925,9.92248662930139,8.13481620380852,10.128819090915,8.0842618675186,8.2138683823908,10.6566463662216,10.0843944258296,9.86915871281073,9.13347261805307,8.86076614519253,8.84712330327191,8.48082975786791,9.97359436922217,GSM1876020,Response
9.45476692056613,6.24581762292296,6.34729490003084,9.17630599322724,7.79888128708192,7.66236546109033,9.9567360004854,7.63745964327754,7.76438946882015,10.3074698898252,7.66168498792845,8.18726392092515,7.9421206470323,6.73477482487916,7.4789657494636,8.76399839990535,6.93766637784222,GSM4171500,Response
7.43960281587637,5.74107933693969,6.09370078560466,6.00872620935293,8.79228162982685,6.0236137322367,8.09498440222406,7.72163969819839,6.77551163669515,10.1135411098527,7.2095318036832,6.67114362288622,8.48076789878046,6.2414778268215,7.24601507283927,8.27390430404286,7.58213406781758,GSM4171502,Response
8.18226538914804,6.5007911145086,5.15994304054671,9.23700241105546,8.41318265297475,6.39089165781539,7.3000411299344,7.27983782940823,7.81882397837673,9.62012815331568,8.23814443008662,8.03133080784653,7.36115293706887,7.62202090679004,8.15839486429317,7.81697122324674,7.45279020210819,GSM4171504,Response
9.07294000206858,6.30236148062436,6.57342981514908,9.69729836689025,8.36752132981759,7.05501378614492,8.30472410794768,7.47227805609598,8.72200884401694,10.1061069266368,8.45075511089175,8.35597782327162,7.80350500829098,6.8802831286198,8.30362769247831,9.01502121621542,8.26506441703677,GSM4171505,Response
8.16380425806023,7.18780878960897,5.93827379470876,10.4171982406614,8.67234830286245,6.46568846843977,8.26411017293112,7.23792814414214,7.28878083098526,9.89129161445963,8.94307068763931,7.92166958949754,7.95194592705105,7.44884620139404,6.53900711553244,8.93529295712296,8.27883476300633,GSM4171508,Response
9.09059785949026,7.12618415359797,6.05942839601153,11.2343937918021,8.0468108634428,6.71748622032271,8.37885810036224,7.4952904645696,7.71089629602718,10.082686074877,8.2724014429748,7.13739709066297,7.87950520167215,8.05173431666056,7.92485611303655,8.60502104307086,8.60673870108038,GSM4171511,Response
9.45768980273478,7.18766745572773,7.21995753445894,9.31049720193003,8.16520790429499,8.09247838318246,9.59205139824457,7.07958414298621,8.29255015344263,9.81007742930279,8.59662445977527,8.20918954555663,7.24178160680664,7.3356171023045,7.55576487925653,9.61431318658778,8.05358299067443,GSM4171514,Response
8.90278672958336,6.87671277339002,6.7356808570167,7.96914452943307,8.12078018759553,6.61901747504045,9.65158408761782,7.26868459991725,7.16982127676876,9.66824999475988,8.56949431752793,7.76921733704823,8.55284595833128,8.39519358876101,6.62566883501817,8.66857264786065,8.31232024258787,GSM4171516,Response
8.78436854997439,5.88552572960214,6.07550926036713,9.2264921853797,8.93165221642307,6.50741588782836,9.60746601929564,7.19133538896456,6.7704487971332,9.93462611566645,8.50114016943312,7.58395679769757,7.69739978157719,7.17808058438736,7.44285416325317,8.66299238445828,8.57612619187139,GSM4171518,Response
8.86250403321934,5.36799483180774,5.69560094278589,9.53928172425373,8.67819884184089,5.60872243669489,8.37575479183121,7.41499941360235,8.35739696092739,9.73166585308868,7.63431353477938,7.94075436979802,8.14111853972669,7.0726346464182,6.72879489927429,7.43200946662397,8.18232510791355,GSM4171529,Response
8.48061719116841,6.10412232628664,6.78684923900395,11.2857646185382,8.456205435222,6.5782304771989,7.82182450022793,7.73132331434381,8.31944414458764,9.64418219367474,8.14247858006472,8.25716521322859,8.0497734917371,7.21805779187133,7.66879843316087,8.23811332739738,7.46554442682967,GSM4171533,Response
8.71805724081694,6.70157486545345,6.31658160541278,10.6340130066445,7.80617598626959,7.65144202293733,8.70861692602911,6.87501726839441,7.57301774715814,9.12488695812982,8.52574643008446,8.47268858211498,8.38332211013933,7.92075432165178,7.06284615039675,8.83498086054858,7.40660635677576,GSM4171537,Response
8.81421283484561,5.59637185226226,5.44441716476104,8.4735334063127,7.83408204770759,6.87021766033834,7.86250728059558,7.74383196127695,7.50131351188766,10.2746650597126,8.30183807795896,8.21403919205819,7.92904026308522,6.91128426472639,8.61148896033864,8.57290744521653,7.41072998291335,GSM4171538,Response
8.75698920629019,7.28127529475002,6.20268283901466,10.1016298715552,8.48782702279606,7.49638316648025,8.05032228894756,7.31072607807078,7.08279202854597,9.91209997952701,8.58229216217908,8.5895298992538,7.73774952261315,7.34467189157529,6.04024745611203,9.17142288674808,8.02960405291354,GSM4171539,Response
8.92933275138606,6.19737642973517,5.49718544567647,10.7609520035419,8.50662002708051,6.68979377523635,8.18115643326802,7.39551685462987,8.23028870036966,9.76272070078668,8.53851602538344,8.52363075252083,7.32932730049304,7.75109049553191,9.84488252393039,8.11015770369166,8.18235741045753,GSM4171542,Response
8.35767324679138,5.75226859492359,5.53255952078105,10.1225797740287,8.83883545148576,7.06950012081969,8.34299399507817,7.4112173519685,8.51448127161765,9.96056092326789,7.95812976970405,7.620728638431,7.96166428411141,6.56117901908254,8.20864430417281,8.2273023264785,7.60215820827505,GSM4171545,Response
9.36232800676818,7.82727809638977,6.47186144483165,9.80988325671271,8.64802958100921,5.47137940019378,9.31546281487783,6.88056493387494,7.39894774251899,9.83648927687479,8.77919107758343,8.90202186863141,7.55616591064538,7.11638357707105,7.59249395511412,8.24822971981865,7.9407959248626,GSM4171547,Response
9.39676235172491,6.40480460026755,5.5499301195937,9.28959448180781,8.59110207208107,6.85422101827437,7.51018091401217,7.71769705580619,9.06154117466957,9.35495412332621,8.84743270015941,8.77420689511538,8.23779505252585,7.34901881460538,7.91207754290291,8.16576663064441,7.91111307638532,GSM4171548,Response
8.53470565959904,6.29145736189584,5.07771809507039,9.30870204414295,7.95434379708513,6.88489162665896,8.66566936333754,7.98587388472453,7.08423625751309,10.3753776432835,7.62947423478829,7.65211722301995,7.7634093442375,6.97504841118844,7.26891028928592,8.27965872729817,7.94402575663582,GSM4171551,Response
8.97997471193154,6.59024449424695,5.55134523895038,9.90480600753887,8.74879920099148,6.97639725078432,9.22863300901144,7.51030610763235,8.40503798227729,9.85520451615866,8.05436085579669,8.42884802242119,8.0203327734219,7.0618324210968,7.4530370852757,7.76439323674691,8.12205145282594,GSM4171553,Response
8.95702530096684,5.9349503624911,5.81851867142951,7.64159123916865,8.12301123586983,6.14393088114915,8.25892134774916,6.73646694941576,8.10299809360184,9.64605717941371,8.03742093922361,8.25510928866294,7.84928731077475,7.17032461483682,7.77423724896057,7.99781041927722,7.78597898201237,GSM4171557,Response
9.34640678830184,6.0696518286313,5.54193451962575,8.20537571868861,8.53040821151698,7.41932609641273,8.15575694793085,7.58757167642323,8.74407204483338,9.99612787396531,8.56282273343093,8.65557026527439,8.37804659161774,6.99594705863921,8.13761088423825,8.6751730432962,9.081821264805,GSM4171558,Response
8.96921688690327,5.98511452686339,5.40652159832711,8.47583687321593,8.20304275757781,7.0659642567028,8.49676069900278,8.01467948239621,6.56909350819294,9.22584550849415,8.00921643041403,7.52249699366606,7.81870151905641,7.23569830013504,6.8656281998902,9.80022951850195,7.6721055135631,GSM4171559,Response
9.32876344208137,5.98592315825822,5.23682066332894,9.78306786669368,8.74319634825739,6.7984845318188,8.11433198187769,7.33846085553032,8.12923250231227,9.85955906739608,8.9261040744832,8.41195795096961,7.8483985243167,7.39549799666143,8.41897450543254,7.56434494833701,9.55064372787949,GSM4171560,Response
8.1558559278903,6.52158565007662,6.92919993362037,10.0248363950624,8.55439997931427,6.46371570822382,8.7734045199948,7.43571820048192,6.00570488071097,10.0861826984524,8.56405942509209,7.86340000662445,7.39582186130263,7.17710311212295,8.4455807526707,8.83565823557369,8.31851292080827,GSM4171562,Response
8.82151737874926,8.40392417174365,5.60013712172961,10.2084327953938,8.4064650987094,7.01856504135503,8.25019485959135,7.43250140107981,7.29205132821556,9.54866716273184,8.75516086000748,9.35508136617219,7.327911590938,7.1153706564743,7.71383503265513,7.96355467004992,7.65546272747874,GSM4171563,Response
9.70003412523078,6.27815827766792,6.91509859767172,10.460378028356,8.95246262036945,6.71772020006514,8.92472929927334,6.77762612613874,7.35900551649941,9.44761567419887,8.82228073824709,8.13005923994245,7.36395861738508,7.37956397628981,7.27617727743332,8.85597746024304,8.91414281491134,GSM4171565,Response
8.41336184306355,6.38116282830796,5.75484110931032,10.1351263009762,8.83136390309028,6.94991426152992,8.33430150802479,6.84816746636727,7.09721389754083,9.85205286537212,7.83836835102413,7.66463955789173,7.73971006252104,6.33534349498527,6.81205309751383,8.17992998581411,7.13182661148245,GSM4171566,Non_response
8.95372576160268,5.58657611033034,5.53552252425884,9.65172097279705,8.57729392009647,6.39861831091884,8.58389428558657,7.67303444254173,6.95777261120381,10.4310274248051,7.61290300790658,7.11890273715665,6.80356288070535,6.69050889086558,7.67074328549616,7.64014166927047,8.92700035192155,GSM4171569,Response
8.07032179948872,5.98292541140565,6.31043159663674,3.89501388452704,8.44905318607922,6.58405371155218,8.78639856438096,7.81341259934475,6.61521621328939,9.75723300455137,7.76190967970165,6.83921347052138,7.88163684375173,7.04689196289111,7.68953616251782,7.92851546678203,6.75803272732536,GSM4171577,Non_response
8.75712485580781,6.85275355926639,6.89192173494216,9.79553454860632,8.79370989676447,6.70362407151926,9.0805134193644,7.59956133273093,7.45572000856884,9.44349745093544,8.38644420816845,8.57364907042533,7.78373587088414,7.40954550271382,7.47796341020309,8.43657195952543,7.90427561700169,GSM4171583,Non_response
6.92524785912234,4.17854628393296,2.78595110843602,9.25082227298337,7.14752599054995,3.18366374828792,4.26789072508035,6.09330711684685,8.04106937380733,5.44419397719504,6.46175412132125,7.92583942369577,4.88941362994044,3.18026526706248,5.14406038227725,6.45637199222162,6.18112162112266,GSM1233005,Non_response
6.29413077594596,4.1515409102853,2.61511497385964,9.7851364085975,7.54183500555883,2.2797286913329,4.13932368880732,6.40410476843662,7.72797862929812,5.86031861943022,6.09591934804419,7.61987010627222,4.94190181908363,2.49875121460388,4.72174473262539,6.45198365671664,5.13419609405712,GSM1232992,Non_response
5.91050946309298,4.79043903709525,2.51074858920313,9.68815037792401,8.39907731581387,1.95474679528737,3.77132202365493,7.03819301789088,6.67204229551352,5.21708825551381,6.50394043769677,8.03061012639155,3.87656320085074,2.23971009359061,4.3658102620277,6.40842760595347,4.85566247233628,GSM1232993,Non_response
6.68688535024052,4.16495450522505,2.43322867490546,7.24763042365556,7.84832204108464,2.41033258522743,4.61944913694912,6.29108782624816,8.01980117103503,5.89544339848481,6.5397801145714,7.56544564944149,4.60419491697604,2.48381818473598,4.33560600601266,6.11887494301634,4.75361341146045,GSM1232995,Response
5.63738573552605,3.86106149225887,3.19904264798105,7.31243116709575,6.59871333304253,1.85106268683043,4.08027757018015,6.35261486876871,6.75725203759706,5.71354994621694,6.3850690628045,7.73622511120312,3.55965256280368,2.16407494655155,4.30666982329148,6.53303124605052,5.16478307074222,GSM1233002,Response
6.0394164997912,5.32647521490283,2.99267975122943,7.9337256463199,6.98090873958869,1.83704735260605,4.1212744495019,5.69401472464278,5.41540697293647,4.96897378166397,6.14857894600458,8.70236869969049,2.83725446236722,2.55406986722822,5.56000685199096,6.3527685677317,4.1130547611068,GSM1233003,Response
6.57579120279209,4.7830327796317,2.84585524811234,8.63301341096965,7.21520376222449,2.4740534071518,2.98242711147426,6.3791679055247,7.84976607700424,5.7351736496563,6.61522130785147,8.06610654906693,5.2755761350081,2.64848193148044,4.36305165429984,6.60949376933873,5.44635062933391,GSM1233007,Non_response
7.14876286743016,4.23444073968724,3.157917194157,8.87601050153654,5.99910702251437,2.02621937032188,3.07017148367832,5.9485196584673,7.02811173949772,4.77846454308793,5.39347746413643,7.92380198913631,3.33540929577121,3.29562386623412,5.01414524393058,6.37039375805274,5.48435324457385,GSM1233010,Non_response
6.76889820595098,5.40777953800925,3.35500349334646,8.70217224480644,7.27258309103292,2.85052058997653,6.10110908144082,6.33281509624133,7.23788526846314,4.95689192361735,7.10214120748534,7.59590149791448,4.97269989620024,3.0690338729356,4.61718367701195,6.3331517551098,5.40992022713061,GSM1233013,Non_response
6.67040686349509,4.32722879959717,3.52574229290101,7.49602859893279,7.01904993902687,4.11075843069182,3.07434715351812,6.39841516834083,6.83514307928287,5.27718397355141,6.56943194757082,9.11917305786851,4.13974209882324,2.04587902224403,5.22768419322812,6.29057562224484,5.60601575910359,GSM1233014,Response
7.04054779879927,4.27649527100607,3.72046856780592,9.19866753223081,7.6251998611714,2.14355278183388,4.49900412618866,7.29235131119049,5.82892447764358,4.88661783344237,5.81689467507142,6.96720484068015,4.15694382987843,2.78348822184459,4.18863644005228,5.81753710316188,5.4402585754046,GSM1233015,Response
6.2948290655142,4.51457337772712,2.93792799105451,8.33617718832569,7.0011198048454,2.10213939217514,3.66491500942545,6.8350333331742,6.12419759474209,5.56668411105968,6.85043930452674,8.85940542820302,3.29982673386396,3.4862901756438,4.82791448677292,6.22993017856157,3.92107612822038,GSM1233016,Response
8.24025631502878,4.23704790404997,3.07923978968216,9.67825128373611,8.11705421146323,2.78834028360393,3.16661507377902,6.76935059907014,7.29203742035872,5.53037359904849,6.73313297636985,7.78664647833475,4.95712669605357,3.32242269976457,6.07106773564279,6.29923791181708,5.96209036801778,GSM1233018,Non_response
6.42291589824123,4.46093661870756,3.48288260826829,9.16642573084792,7.27600782329567,2.36435487377844,3.46094739968868,6.41476871975259,6.4083356509841,5.99010690809069,7.39320447418425,7.72231925630581,3.8492440188467,2.66438545015444,4.92290455458313,5.83604412303553,5.71585003408669,GSM1233019,Non_response
6.79320753577154,3.96182473603038,3.21515342304179,8.2336909843147,7.28178312305778,2.24017679461965,2.9670230078296,6.16657162746746,7.06191986719013,5.32933307817104,6.17432677037615,7.70174327990064,5.18019727620686,2.49213080231139,5.0372035467339,6.59388211617832,5.80215950497269,GSM1233021,Non_response
6.73376038123859,4.84432844953694,4.84878177034135,9.22578797849043,6.17178664379068,3.32383983294253,4.02500647110887,6.0921933450017,6.68943535414638,5.97861108268675,7.11744027800424,7.78811314906067,5.0363356503099,2.73408327854857,4.66323604816903,6.24491027222709,4.95253998704069,GSM1233024,Response
6.98003938674038,4.54423369418194,3.39454027343211,8.04215281547637,6.88065470261243,2.97306795932149,2.97576203612872,5.75824022061251,5.62482671337213,5.86404779451497,7.02325699031887,7.78691122348456,4.28142599203944,2.31684330762141,4.91248800998277,6.25051110034426,6.28220347314604,GSM1233025,Non_response
7.09631954131139,4.44865447119186,2.50728485027443,9.35134892121267,7.3568033953458,2.11442975313269,4.99334413304176,6.86147049667729,6.79316633479228,6.91966706521717,6.34363777011644,7.54195597602233,5.03789016826414,2.42878387593481,4.51689331549129,6.41988353771607,5.62571060143154,GSM1233029,Non_response
6.60350963366324,4.64040204488885,2.723636277528,9.45127677607485,7.15905124586994,2.39013101172379,3.6722548953332,6.42400108634155,5.92134621195141,5.64764405861779,6.69142088217717,7.7100517739032,5.35794826601719,4.0525197775038,5.12989732083125,6.31201639662945,5.05356432794459,GSM1233030,Non_response
7.22414882846743,4.48086779918336,2.99495917795199,9.39967508778711,6.20330334338653,3.42626884034745,5.0783016776517,6.02343259125447,6.55829341506922,5.88458086907241,6.68376143426342,8.22040676663371,3.67995696171667,2.36656547731271,4.9188793723535,6.5483307316168,5.97744932305286,GSM1233031,Non_response
6.15460383063847,5.25807357581992,3.20988366120113,8.1600467772282,6.52713845329747,2.02759126283606,4.83151016329218,5.47866055570612,5.19237440137198,5.51891542077387,5.85016527796804,7.20963942002412,3.16540371724032,2.76403110104942,5.19584443778717,6.24568353649416,4.77352597353875,GSM1233032,Non_response
7.05684958956021,4.21716098786524,3.83168044593371,8.94136742967186,8.13494028721015,3.11907415532154,3.97620022422476,5.59058923632166,6.15021485244348,5.23332515033328,5.98102766135151,8.47987109262257,4.02363047917255,2.7233357879792,4.779598002691,5.92460117430178,5.16363726100069,GSM1233035,Non_response
7.49402551877935,4.55061945514588,3.40651690131638,7.12919244896846,5.85828232114883,2.84463066338741,4.2471388878295,6.51867867827198,5.75097324723578,5.54858105946013,7.28862967386901,8.78135908639038,3.03726210920719,2.48457141760936,5.33183637356048,6.51867867827198,4.14507352008345,GSM1233038,Non_response
6.83716417238159,4.50179656121148,3.66805909373179,9.83729812138831,6.86612994375922,1.75857954878907,3.14205882431596,7.29491613012045,6.13992834026292,5.12293989433399,6.29833221599734,8.35802449854816,4.41989264929177,2.55684107912596,4.1413982379373,6.55911790369181,4.97310064160299,GSM1233039,Non_response
5.79316616062816,5.00126648893595,3.31625276996824,8.26588780667911,6.79912334762417,2.48400054947127,3.89087149978739,5.87514594702192,6.37951062219375,4.81486369745707,6.60509175855049,7.8683288870426,4.28161829591761,2.67702793224278,4.68275752838465,6.42872690319539,4.05801980502761,GSM1233042,Non_response
6.02422251739001,4.60810176187853,4.06413376011981,9.20428098499839,6.6764546719059,2.33067342942505,3.27446758492092,5.73065712965859,7.04566222785806,6.38546574749002,6.31281686486497,7.91189599370409,4.14346786451537,2.26422733717226,4.54107499470071,6.61769142884764,4.7275563072365,GSM1233043,Non_response
6.30478944302431,4.830805757548,3.35798225979243,8.8991033006501,6.77044503009326,1.9984394420509,4.00440497753593,5.5106112290898,6.77637053329504,5.44263786705791,6.42344153055441,7.58984332212855,4.42871839006529,2.75428317906165,5.28437722499544,6.35491459696901,4.55903724862391,GSM1233044,Non_response
6.59364382654589,4.69401529926411,3.7087701826467,8.53701968206146,6.50881936425348,2.01192304186994,3.98303446677277,6.1160167874468,5.69658592012608,5.53564103075456,5.91708614552056,7.63125157966111,4.72284079534443,2.92099909716958,4.99985159913306,6.29697729885698,5.10946685432256,GSM1233046,Non_response
5.68292143604361,4.67870452319753,3.83799755400294,8.86077400322559,6.42366596342062,2.81558436297007,3.4583606421268,4.78447105978587,6.73310252147421,4.27416480047105,6.47905167078026,5.86301617059349,3.15608458491761,2.18848906353466,5.3052778072673,6.7547593116997,3.86017460770575,GSM1233049,Response
4.52442502133351,4.5000400400384,4.10987070162873,10.7714572359819,6.26751991054284,2.14512603632488,2.96524263842089,7.01969785486506,7.18168702524302,3.78730319621147,6.20701310991028,7.92126387107683,3.29795665283545,2.61439253431526,4.66057329524562,6.50672113045306,4.4656247116433,GSM1233051,Non_response
6.97020267995435,4.31739533491808,3.33721107341234,9.30447272850435,7.64179394395472,2.13287547682913,4.57728386012442,5.09292688558422,6.18192106809575,5.65582440119416,7.18364540994244,6.30939638800328,4.57441575330121,2.00694243065581,4.16790948022794,6.72517025560204,5.22394150086633,GSM1233054,Non_response
5.05938123814285,4.44123789083489,3.76219417367616,6.35085895445244,7.059603923498,3.69129765755082,5.27390751127333,7.77227240094409,6.96876353630852,4.28522828906489,5.43995486130091,6.25211991174611,4.2639898584089,3.75243445770081,4.36397358575188,6.46431043049078,5.8898111177376,GSM1233057,Non_response
6.17940178129115,3.95899932175492,3.04621129969464,7.83929227689568,6.33687340908204,2.31964762051553,3.66813912379767,6.88070963483189,6.75709754131609,5.07141306259942,5.98913237030028,7.5007764161103,4.30957625854572,2.0403301131315,4.64862264431187,6.59375051654156,5.04164228699613,GSM1233060,Non_response
6.97468663931292,4.37418183935205,3.21782903235186,8.85097600575364,6.62413455247523,2.74254378512504,5.17840239125913,7.39080297860157,7.65765814770462,5.90595181293662,6.48193967838344,7.46222809896315,3.969502831697,1.91236121415437,4.42483206484515,5.64981505912167,5.1501881437632,GSM1233062,Non_response
5.73824097529834,4.56477937014816,3.01879433708826,10.1922967906493,6.23306690522228,2.26551090843856,2.91833980588674,5.7475912294649,7.13938757005164,6.05055233790069,6.54561513363073,7.35893399055989,3.83182355874932,2.61242690059366,5.75029319270742,6.40193474044848,4.7971134518059,GSM1233064,Response
7.0194700289608,4.23167061869349,3.89166199185184,9.06676804169224,6.64392713271736,2.45513043266042,3.51693851119575,5.40385629939441,7.03515599738997,5.66378786389032,6.56126262228291,7.00261498539626,4.08831418901636,2.76633361150557,4.30112624378408,6.45902167955793,4.59713563143233,GSM1233068,Response
5.43457162295673,5.85671781274206,3.22912427267277,8.28542598388766,6.98662010299006,4.6049977590584,3.84312028147054,6.65625042453124,7.31410126962211,5.79371875068875,6.69436728700361,7.90896150675929,3.41511851033403,2.90905295560415,4.27742425767308,6.30750575065327,5.31265091205132,GSM1233073,Response
5.34873682168507,4.35108900968173,2.85857777355298,8.42835032203542,6.84823028931396,1.86904981633807,3.12062058079083,6.70038440502812,6.94865096402761,4.8237565124002,6.04298334244109,6.66790792716987,3.85961125098523,2.54243204579512,4.11456862860641,6.42574749982966,5.19231536285933,GSM1233075,Non_response
5.0262323606286,4.60368568342561,3.46932722691444,9.16839092187303,7.3094924593045,1.9651364451852,4.19508812805157,5.5998572350877,5.89565688696942,6.27692763944898,6.49024501019377,7.06355760801212,3.03772151947861,1.68956691972605,4.59216615548589,6.52606921680438,5.14630663502806,GSM1233078,Non_response
5.13511964811236,4.89265513276036,2.99923311857075,9.08014420477512,5.6472487677693,1.7137363838144,3.75265629924271,5.19276173967247,5.24228196918458,5.75427544062929,5.81335072916655,6.66882229828051,3.10555052177837,2.32550829133001,4.80727484465464,6.68631675172961,4.99228815392256,GSM1233079,Non_response
6.15518964268863,4.40379221847456,3.56588615821134,10.200988985072,6.95445269337945,1.83320718305466,3.01107062849625,7.39140901403428,6.30376573284724,5.11265917602991,6.59765123643483,6.72760537621858,3.68982022750456,2.43180760702516,4.78947999847416,6.41087880077624,4.57286228494314,GSM1233082,Non_response
5.63113215832227,3.45935642865914,3.41242822222127,7.00645223793627,7.54832365740558,1.69032006885088,3.04165565583616,6.79126352971264,5.5080468533053,4.16024214755693,6.88603644342382,8.06144989093044,3.18916534340495,1.96735676086049,5.0889435550466,6.6159845943443,4.81229125706119,GSM1233083,Non_response
5.81556660816058,4.38184283075984,2.59450358377248,9.07905252551607,7.08359144625458,2.59370653518653,3.9634745731326,5.5647701164736,7.22628596916165,4.67684613416038,6.25822533899754,7.71018748632516,4.41304201447668,2.17646821179322,4.76941861432222,6.52478044729307,5.38616165978891,GSM1233091,Non_response
5.88716072970526,4.37549608130175,3.57853241498258,6.68584859513132,5.81617132928195,2.17672161149619,2.99494796576914,5.75246147568449,7.48834868707411,4.2583925291818,6.31217578042725,5.34081175082247,2.84287323488453,2.68376020306482,4.89393310235616,6.56459105615232,7.54354486850059,GSM1233093,Response
5.61386926029897,4.96394915687474,3.63264791444974,9.24220644278214,5.22257064535682,2.45288894052845,2.81997381553553,5.626664291572,5.27171699334911,4.86713275410913,7.09333766651356,7.46786043744494,3.93431464527247,2.08982059236382,4.52684230827027,6.51827210717612,5.20941292666831,GSM1233095,Non_response
5.85874121390389,4.63254101526426,3.53484344536023,9.73640584982261,6.37405387321141,1.95276264222365,3.52283765966517,6.60547117646441,4.58707818980787,4.12215665219008,5.75265769205766,7.96819332368129,6.00639797182783,2.96637491793327,4.85680613420765,6.18488403651226,5.85384924601104,GSM1233096,Non_response
5.75631669024032,4.81139336116453,3.38789989146888,9.04625861772445,6.3935762207895,2.13513569244901,3.16007132479093,6.98090717885352,7.79128658732453,4.18215534221247,6.74161359993256,7.68213354248932,5.04356644451311,2.30138343773893,4.96895307695866,6.50300138466999,4.65881133649087,GSM1233101,Non_response
3.99445874910696,4.70459687858799,3.08630957862235,7.79204436325801,6.10927811029868,1.83644769271674,2.98657608663009,7.92959493250383,6.70005431742692,3.83276827270574,7.27913738047314,7.49156369033124,4.22382797164742,2.46103935203994,4.47038125334229,6.26415966551547,4.6057966942108,GSM1233105,Non_response
5.75235532352599,4.82731523935073,2.99277375194319,9.18158238280271,6.1549728527627,2.36590313103669,3.18908188493163,5.58117644565039,6.20532094631831,5.41896227681188,5.65431487857456,8.1675950920925,4.68031347463263,2.52684727703281,4.80882163837153,6.57166163024372,5.40153895473601,GSM1233115,Response
6.61532324064545,4.27649527100607,3.91807293969587,8.56259961255675,8.30553040312495,3.05005087260078,3.51257301605303,7.11269676755823,7.43950848797679,5.62816615344782,6.22730788790506,7.80893850998864,4.42950216995168,2.07607880431379,4.55881320218157,6.37743177661157,5.87848377415755,GSM1233117,Non_response
4.2591750086697,4.13747001826786,3.45379572015885,9.026828690201,6.45588244162868,1.79586909810915,3.18654876852696,5.90573460226886,6.36973267136272,5.80688324443003,5.85004676141179,7.45198736100093,3.25654034930337,2.09156118596115,4.90837697243527,6.56366103623183,5.7996558006769,GSM1233118,Non_response
10.1694087044727,6.45463149045445,7.41689449374523,11.8736054408166,9.00325616172152,7.65829970036879,8.86892442331659,7.77496619048865,9.15745411023782,9.82369851191655,9.32902913957103,9.7199089121817,9.01160319154684,8.84811173939961,9.5653499037532,8.34407568674445,8.91652572749539,GSM1619388,Response
9.01961629112441,6.0863309446612,5.48271991105438,11.0503573720762,9.55923490348492,7.59280841744556,8.99492888057308,8.47532847847061,8.77124044520579,10.5257519614422,8.66485001394493,8.5841397627157,8.57644710687712,8.23079520725238,9.38544802447615,8.80136947808096,8.50539760230314,GSM1619395,Non_response
10.0460713784584,7.22613506737499,6.68381070230545,10.3182616969698,8.54092054619179,7.79591057955877,10.1347598408268,8.61562507025683,8.80531110125305,9.89177602888004,9.56714209631223,9.53156926199586,8.69505893245386,8.60715413859378,9.2002228439298,8.57027874508803,9.78745429063675,GSM1619397,Response
10.3338609119169,6.04078505813958,7.63087177204737,11.0176070934602,9.2268317375551,8.98367327175432,8.4494912151188,7.68955475438021,8.31201926754174,10.0228231337976,8.94337070963302,8.9918938028951,8.82494233932848,8.74004843281862,10.0593684337805,8.44462948260289,8.96069180239507,GSM1619399,Non_response
9.77870792392099,7.86132238313746,6.42775314151202,11.1087056748043,9.28304302520566,7.14376198079449,9.60293313545435,8.01546835757243,7.81914065415082,9.82407502548795,9.36427969772031,8.44872856212607,8.37675188823061,7.9349083082861,9.48901938102526,8.23724981526877,9.84148762717333,GSM1619404,Non_response
9.66978925496229,6.35041890718344,6.80871309195791,11.9079320819938,8.8551087709664,6.61948760951297,9.45731884821228,8.23773504964976,8.97235587539075,10.54234723753,8.98013109641533,8.96145333410443,10.1394841237585,8.54772639437476,8.61956635025189,8.03172057710285,8.37747037877528,GSM1619410,Non_response
9.25333111073354,6.70926947502631,6.6201544497555,11.7100354561244,8.7838274791068,8.54912736930219,9.3788117209619,8.15996503799884,9.29495230565174,10.2496498650446,9.35435101957325,9.53332743843248,8.81284262335577,8.43293807859701,9.16381901162513,8.88612394793221,8.79333762419422,GSM1619411,Response
8.43919199919329,7.27631643655926,6.3295609701665,12.5157245530193,9.1001787693419,7.21991870664382,6.53279909358908,8.10697504748318,8.78479789949754,10.1816061254519,9.02232733427783,9.27084769428614,8.7993299121181,7.79998417894168,11.0155372314254,8.77589112985416,8.49865828842949,GSM1619415,Non_response
8.98342190705176,7.57459890128564,6.72904190693242,11.9623808428184,8.47197392366657,7.34658636390551,8.45325525513461,8.17506136936764,8.16098591773642,10.2899238008049,9.49727633403836,9.00627470534953,8.73350877039152,7.70302466955951,9.09433547758227,8.7954904266343,8.89756195430452,GSM1619416,Non_response
10.1726476522576,5.40359570779148,6.85535191199075,13.1927546286909,9.08912196656173,7.83073868398834,8.72509873900606,8.14321176521332,7.37271738030692,9.12163091593359,10.1514669868979,6.22523774781456,7.76558859314548,8.99296891377202,10.6490832773981,9.18456888094959,9.38965847449416,GSM1619417,Non_response
10.7441245547096,5.48373337218678,8.36417722976561,8.84091687635092,9.10279183077954,8.58146549034907,10.2526205440573,8.29563109314181,9.24586350860799,9.50053204697534,8.89292304791368,8.40456416991288,8.59906361689684,9.72980439806403,8.83711539007213,9.33570003318195,10.9107392657409,GSM1619418,Response
8.9669760671082,7.82840150530924,5.94272017546514,11.3950589239946,9.35122000704251,6.41252935596399,7.63132666785324,8.08401810412168,8.07529342018158,10.1239876084664,8.9447850511984,9.26781644144446,8.58982911783124,6.99890368217776,9.76524080416191,7.6027940820074,7.97260111540023,GSM1619419,Response
9.72662999818024,9.25550877580015,6.08049510261127,11.1068443247999,8.83928561483983,6.89958315556107,8.13795111631812,8.27974591187393,9.13916729352255,10.3278244858311,9.26320627288496,9.07303606548061,7.96241213114444,8.27448620219253,9.11067937425822,8.82888381693227,9.41984333639145,GSM1619426,Non_response
8.9328278676039,6.08005215688124,5.15639635244103,9.41545432418496,9.04767090360356,7.88672259120525,7.93903035860453,8.35527081773312,8.29614627601018,10.2822990957348,8.38675283927988,9.27579112872273,9.31995479589242,7.39281292595221,9.2881929454798,8.88425713099607,7.87378029614165,GSM1619427,Non_response
10.4243574941438,5.68332833023985,6.97360476161553,9.52806596354517,9.3567559717602,6.09820920613293,10.2222434187806,7.38486311438225,9.25767959536277,9.70397424893398,9.33313233403835,8.58585781325239,8.57932046082079,7.76873472253298,8.91465203708439,8.18982554872541,8.07087807848528,GSM1619429,Non_response
8.54265390762128,7.10108427559611,6.01198537199124,9.12522437123036,8.9646368042271,7.72187797714959,9.05328300301641,7.43611279043681,8.08438626979249,10.1013377365751,8.30682858464294,8.4685349886401,8.32242584556096,8.24713286683123,8.98661627233102,8.31059743895961,9.10658700771509,GSM1619430,Non_response
10.6840334912503,7.75474565203377,6.77209890434519,12.2748622529393,9.16358117958935,7.286088890893,9.69150294864459,7.46713008077854,8.54527212351065,9.20709224652812,9.80413288885917,8.76622053772709,8.056027537326,8.21580825022077,8.41813096316666,8.78395844261542,8.71727952836622,GSM1619433,Non_response
9.46704080389426,5.58162749037765,7.46732979005393,11.1955731096454,9.13673098474829,7.35443087998956,10.2207256808487,8.1727651652736,8.52519360105671,10.354663558952,8.66840717069034,7.85050755015189,9.28850520781742,8.39987166238255,8.15899188972258,8.80038616705736,9.34249922090633,GSM1619446,Non_response
9.98130943229916,6.69698342689872,6.43405472061728,10.5189808555185,8.96296092606407,7.47523264805197,8.44149684111341,8.68537460506855,10.5164589846486,10.2033947323151,8.91508158036571,9.88546280545347,9.46727145942916,8.23319215364251,9.56995750779971,8.03454541435218,8.98751139790502,GSM1619449,Non_response
9.91119608432623,7.54671200924559,6.54319362025245,11.3222348632601,8.84708615621272,8.10757824037345,8.84299858354109,8.55170054082847,9.21612708740711,9.65099114747576,9.42042956407039,9.89262233161609,9.1281345835903,8.1199294656859,8.78971416059259,8.134487190523,8.75526510262905,GSM1619453,Response
6.41739821421521,5.89065884259491,6.67174140950528,6.96211614264054,6.91064947904874,4.88940305267497,5.82422841695955,4.78365849375632,5.63368730681321,5.06845491449854,6.94599192015831,6.1314539097012,4.25041938267818,4.87730351958589,6.51410707039493,7.50579766764835,4.6218975829941,GSM1619458,Non_response
10.0901728095616,5.39219283127642,7.28855881385223,12.5105722534936,8.85305087856085,7.08442747147973,10.5915804503656,8.19133011515048,5.83018726543093,9.5622344011562,9.6265855593948,7.20822247730467,7.74237527881576,8.9750229509233,11.0708133898579,8.31265047557758,7.70500492647746,GSM1619463,Non_response
10.059801012714,8.81388353362478,6.28791781570077,11.0548545251145,9.53439951594513,8.56608674758006,9.41620956116084,8.16424454384597,8.30778549459686,10.2356268977463,9.27139602571467,9.52077048291423,9.21235630243789,8.7199955455594,9.77941582567232,8.8392679106609,8.32438310650513,GSM1619473,Non_response
7.442844441,3.896251269,4.054479048,5.127372548,4.843107246,3.397350516,4.210883294,3.82104662,4.249344154,5.35115452,5.794625875,7.109388411,3.918790464,6.212096055,5.335736287,4.444766105,5.290088725,GSM508067,Non_response
6.316956797,3.668140573,4.046170962,5.169712675,4.830227115,3.614295576,4.011021828,3.761145321,5.337984778,5.645414984,5.182964531,7.45507123,3.874886744,5.237284359,4.699844705,5.727164989,6.178495589,GSM508129,Non_response
6.229970817,3.951411079,4.098816375,4.706377086,5.071973227,3.474555416,3.95692779,3.783407077,3.941247501,5.012794111,5.748902462,7.5533003,4.132018671,4.813069358,4.904788837,4.66107941,4.950743427,GSM508185,Non_response
6.28191643,4.571282265,4.174543118,4.653679724,4.974161233,3.431171495,4.046605033,3.855551058,4.095055867,4.943404173,6.089219358,8.525425192,4.581539981,5.821495865,5.229915875,4.373997577,5.009893134,GSM508188,Non_response
9.95847189092358,7.11488912819048,6.61785482950858,11.1640922014486,9.19468985393628,7.17171529463401,10.0747163527231,8.23270660693631,8.70516257355742,9.59678741682789,9.47891639303964,9.36414694032741,8.55780348116111,8.24710806696381,8.58942831068906,8.91912475104298,8.68124408386332,GSM1619389,Response
8.99224738771602,6.48992236905873,6.42337618032721,10.404679758635,9.17354178395014,7.40532989727533,9.2380640251799,8.23123927738952,8.96627229137849,10.459629820082,9.0901258859823,9.14514605600452,9.6428036250922,8.70284277032308,9.08846859281464,8.30211234898074,8.92040553924134,GSM1619392,Non_response
10.4176955890375,6.57758281617449,6.28039039489081,11.1237809705032,9.02098894628979,7.76297156528184,8.92057607035525,8.46085056858019,9.86901076816672,10.549926932646,9.06980982572559,10.1473195223738,8.76528463230464,8.29116071662663,9.61244159255292,8.42635588993364,9.36237978418327,GSM1619394,Non_response
9.46993710495354,5.83385653572193,6.98064488901933,11.9297922119886,8.69957230840287,7.56701407609842,6.74399767444806,8.70628771754992,8.61080691048755,10.5257188753113,8.86395994464437,9.56545473324351,9.04792354630824,7.51182393528909,10.7330806924089,8.6501083236482,9.1664777803985,GSM1619396,Non_response
9.53656877163315,7.02062853491626,6.14514974895369,9.37391942748106,8.65826129823274,7.09934776270932,9.66542951277602,8.33404530956085,9.70532911309864,10.1128124882727,9.12730830612922,9.72887659418415,9.09647809734266,7.79924425023432,9.33052267482251,7.83747479050823,9.8473209342351,GSM1619401,Response
9.75861116220696,6.71709032657011,6.41266292906084,10.4461159600164,8.46821922772808,7.20952785017752,8.95097714686407,7.87607397256874,9.26464894134735,9.28937207820399,8.97333239931276,9.40620215169787,8.59652053740979,8.1993524553954,8.92666550100352,7.94332719556801,9.36696729808529,GSM1619402,Non_response
9.29738102175984,7.13555147442964,7.0915363385437,10.2643963015275,8.78150444759265,6.81115152190414,8.79749933656457,7.61182655290957,9.03899834005203,10.5385103607496,9.48015112476621,8.84176932069637,9.02647351098566,9.55157044462744,8.80290815906172,8.07321831884779,9.20904220298998,GSM1619403,Non_response
9.4356032542752,6.65795528256893,5.82101101988531,11.5875932520524,9.08557525204031,7.33262932929896,9.3357993067194,7.87706163960704,9.32949491093767,9.75257740760011,8.97019772361562,9.12502844997525,9.01755853273802,8.34431458906074,8.49545060705319,8.80588250802632,8.61440902157574,GSM1619405,Non_response
7.94817065656136,4.60945695825186,7.15285465190327,12.4047412550173,9.76230335415829,7.54948517455579,9.390527017986,8.46856360604815,7.64431159247132,10.3968940130883,8.60910504632355,7.01755404554786,8.87509436960433,7.7425300586947,8.77874356595256,9.11609227554768,8.00265616700392,GSM1619407,Non_response
9.29705601322675,7.0566477073877,6.89816016198451,11.7711237813997,9.11297394377285,7.37605617324967,9.08730948713226,8.39801042607432,8.77129789957633,10.5354219741191,9.68102443698185,9.54637517533833,8.83715517272041,8.74994897975278,9.6396160063392,8.54456542434868,9.60127543267445,GSM1619412,Non_response
10.0232845700388,7.71558559556624,7.81261417952898,10.9505022719612,9.38943967339901,7.63199560029092,9.31299170524792,7.87322102555253,7.70461111641406,9.75537106654795,9.6389716413618,9.40739681290469,8.36590351305326,7.68942044205386,8.19821328078776,8.68772564124657,9.05694902931081,GSM1619414,Non_response
9.75871238266936,6.82478995494007,6.75080487019691,10.9055686493314,8.83965805305202,7.83123416397758,9.46239673974301,8.17508503604227,9.72509974434162,9.55486807775998,8.9402007536819,9.01640178992217,8.86746623533093,8.09430001064557,9.17609965046758,7.31659832649138,8.39914558565626,GSM1619423,Non_response
8.80050560199521,6.300124076347,6.36891863259135,11.835251175938,8.87135226920695,7.32950428206809,9.23688564110628,7.67232571747013,8.27843938711138,9.61044258148922,8.18882203292451,8.65344804410254,8.53791579986925,9.32928275467452,8.74736926297982,8.5320377797319,9.70941169929256,GSM1619424,Response
9.65500297092972,7.08633988796384,7.18288006174784,10.8213769380094,8.99674067067326,7.26941355661414,9.35038693573182,7.37283321509321,7.78430668881898,9.53808311969003,8.48304287679595,8.9145887858742,8.13961690939094,8.02946399598315,8.88665513858711,8.32315405653404,8.25454109356497,GSM1619428,Response
9.39875003687673,7.7220863050961,6.28793338019825,9.94124633244736,8.80916694705821,7.45122630857818,7.95306583604163,8.68719395346863,9.02764965713033,10.2441652692181,9.39282947290259,9.82924590397575,9.16456314100334,8.36079079690909,8.96665467550119,8.12616778225613,8.68392591688865,GSM1619435,Non_response
9.75277934975587,6.24344369260893,5.85338680893132,12.4799236488395,9.03096088390649,7.06994780096436,7.63508593028625,7.94941616645273,10.0328550442148,9.9139061237317,9.01543674797122,9.73835650311974,8.76498767614948,8.34598497993601,9.45912305492654,8.1262510783287,9.0920613454248,GSM1619437,Non_response
9.60033424996155,7.15846864444651,5.96025712397407,10.4242889591505,9.2725625508574,6.94662090085484,8.35401118446415,8.36663117301621,9.97591342848582,10.4165991437842,9.2757677630397,9.93523380114269,8.86259506818868,8.06106178473963,9.26478287526031,8.5140560191266,8.67566630599845,GSM1619439,Non_response
9.62874446892964,7.41915870291236,6.2488962870713,11.4906213073039,9.1756956809694,7.74703837033731,8.90770074164033,8.04990782161934,8.82883753112195,10.8695652141487,9.84885251775483,9.738033912469,8.59657592934304,8.33130208880211,9.71488569349536,8.2708160925513,9.93300000724841,GSM1619444,Non_response
10.8781646375117,5.68693426073101,8.49266389524142,12.4505397943569,8.93312961398533,8.18137606148061,10.1763971430582,7.70311232678198,10.7231918310358,9.4213448004846,9.0859648413005,6.38159949681153,8.29747323383602,8.36056425821154,8.45770633669381,8.91355956108212,10.030697138575,GSM1619445,Non_response
9.84192537515325,7.15318099529857,6.67551351693732,11.62854459032,8.9076523607585,7.85508140762136,8.74977896791013,8.57858153461733,9.08391584090255,9.85857761423643,9.28981470972218,10.0050401467786,9.26851837331295,8.28214042396,9.06536118584766,8.48348032828323,9.15724643031772,GSM1619450,Non_response
9.70331245454485,6.71126206050363,6.8672754269894,11.3164910288899,9.14216068486843,8.10562610527224,9.15759481255559,8.08242103832719,9.26223870495421,10.5762556452483,8.96268673071089,9.54598085141006,9.13925992538603,9.10024818903921,9.35986222800099,9.00603866688863,8.91745540695423,GSM1619452,Non_response
9.38012751776057,5.85523066239684,7.91936812301764,10.7523521078533,9.29138753865069,6.46100913842461,10.3102058787115,8.15536879499316,8.28994044202332,10.4189631918408,8.20640922041867,8.47381126303429,9.50153436865292,8.09583271136226,8.95301798843948,8.51461090130155,8.77935782507997,GSM1619454,Response
9.46085618176101,7.9925148037608,6.39756221400481,5.41966179088652,9.59379333087549,7.57955674224157,7.42577722120466,9.3925327665878,9.42987766996469,10.5789886831164,9.88622101353725,9.72511076867999,9.13220010136793,8.6502687499472,9.43817301976597,8.54743517451944,9.097223971411,GSM1619455,Non_response
10.0990026080027,6.82943917979305,6.10836886448801,9.67177564546493,9.1926095648079,7.8058082485383,9.69034856029074,8.0010496037766,8.98565275714308,10.5141311650385,9.10090281688525,9.10705640149009,7.7414621269376,8.48756184809703,8.67899255808559,8.94628241379221,9.56221374388971,GSM1619456,Response
6.16459805882797,6.29558533963849,5.77515863657599,7.17420280532862,7.03870403937435,4.71437939845889,6.282517183626,4.65485504245666,6.59594553025613,4.7781963216968,7.08782221935156,5.76327066382318,4.48990309805725,4.90682157550477,6.07592814335928,6.91706726374445,4.75328376460717,GSM1619459,Non_response
8.99400480418345,6.32693620147229,6.52418544693585,9.81137888807673,9.06318327872877,7.95082395818882,9.61511309294364,8.26643797275612,8.78549022838012,10.4257259010677,9.08647182569321,8.86904513474252,8.83186359014096,8.179833835847,9.39689199898951,8.44614285028883,8.60247994583001,GSM1619461,Non_response
9.05119159628068,7.79218461533682,5.80139637384399,11.7112169096982,9.50632708308113,7.37924415728088,8.54553986490312,8.38478483032659,8.40467675835638,10.3486200626086,9.04228099652863,9.75438090166133,9.19098536595051,7.91907701407261,9.35501105681467,8.17478321991788,9.18022277352545,GSM1619466,Non_response
9.20547019360768,6.19971038300246,6.2002572053052,11.8695090282272,8.91873766404405,7.91786767127458,7.60611896514549,8.60508138583133,9.37039386749831,10.7240918829349,8.85997508209208,9.76663753082593,9.26244522633199,8.42971146067972,9.59189792437359,8.38777746621728,9.76196015225209,GSM1619467,Response
9.97125230987548,5.60266263101679,6.14289737245985,10.6102131139978,8.94130806507863,8.11367692920732,9.11462513989147,8.2202304149227,8.83122937227255,10.2681623631418,9.3162511785187,9.70861095187873,9.32926779222125,8.3335579676794,9.87552486219209,9.23894231824222,9.70475430111583,GSM1619469,Non_response
8.91970334278295,6.24307693424828,7.09563366343692,11.4087751510476,8.97559203902069,6.95593855463198,9.88636234774093,7.68042420235628,9.05139738766165,9.75015179392257,9.33483258286145,8.61738989115,8.60872098277112,8.39011076924352,8.96818802872149,8.15609187605364,10.2926962084575,GSM1619472,Response
9.94358863720691,5.97697846833256,5.76026324781364,11.8756303056315,8.85168928765263,7.8837569781394,9.34685684131999,8.3999136203777,9.26021569950751,10.7243499223556,8.66479201331335,8.63961637734713,8.71915841306044,7.54736578310173,9.54684039337741,8.4339555668446,8.58350070542601,GSM1619474,Non_response
6.496582521,3.523442007,3.848814142,6.431623214,4.647927848,3.464513655,4.929808532,3.961089955,4.464409904,6.474638265,5.85255195,6.859796577,3.956319085,6.802133531,5.033779766,4.87937794,5.20192469,GSM505327,Non_response
5.722119819,3.875311815,3.808566923,7.152533766,5.07809205,4.199948709,4.355676063,4.222606007,4.603129684,6.340090897,5.780697437,6.243157867,3.841746768,5.485664422,5.512612503,5.808964433,5.422887087,GSM505328,Non_response
6.219804428,3.884445736,4.083511931,6.482462757,5.059235005,3.360230425,4.955464766,3.885784562,4.393937419,6.537594851,5.96955618,6.727207195,4.07319331,5.456206481,4.646013757,5.400663061,5.084407703,GSM505329,Non_response
6.231701727,3.644797418,3.765543451,3.359400076,5.230202799,3.235697268,4.670934401,4.10318128,3.917070363,6.303751939,5.73397472,6.367094908,3.795902735,5.68355308,4.421228187,5.163471142,5.444752792,GSM505330,Non_response
6.808097123,3.717207062,4.195531532,7.890997737,5.101436724,3.267125755,5.511775211,3.940389984,3.601274178,5.565771063,6.095782078,6.642470991,3.98308221,5.646703698,4.665144345,5.021676839,6.337892684,GSM505331,Non_response
6.603560972,3.81471955,4.286990159,5.414850759,4.798396562,4.099211089,6.804069505,4.108487535,3.642437881,6.577408178,6.267247535,7.64587819,3.996677357,5.954655007,6.188580279,5.442188808,5.704234036,GSM505334,Non_response
7.563012247,3.909824986,4.109122384,5.588499849,5.000687293,3.419500855,5.034977342,3.995406141,3.931083265,5.525112887,6.132463013,6.609972298,3.711432949,6.269970688,5.515571547,5.890582612,5.893973435,GSM505335,Response
6.682538566,3.811225042,5.384161983,7.909502964,4.854845946,4.21537408,8.386223766,3.952487076,4.152254529,5.790345371,7.017947408,7.027913879,4.113844172,6.637751577,4.741629687,6.290057265,8.271080524,GSM505336,Response
6.31643791,3.767412282,3.816277997,3.93826723,5.302468322,3.068158742,4.865919006,3.741257505,3.846157903,5.069287944,5.678257509,7.172292599,3.895653698,5.496485141,4.378124354,4.655078054,5.009649459,GSM505337,Non_response
6.719245293,3.784019238,4.035904487,3.583743235,5.630529235,3.374776501,3.712080167,3.599028996,4.319662387,5.206275895,5.660228184,8.101543595,3.983131459,5.00512769,4.32564839,5.019267885,5.609374583,GSM505338,Non_response
6.127196475,3.792010434,4.068390069,3.493586166,5.143438327,3.078465747,6.972807334,3.754381148,4.057192899,5.597819807,5.157335489,6.543585092,3.816382486,5.677996233,4.446719366,4.850284758,5.395328432,GSM505339,Response
5.961979513,3.597405775,4.00178535,6.42958978,5.112872072,3.368482831,4.618164734,3.971374093,4.066672123,5.223855493,5.889291157,6.993418368,4.029201032,6.034050119,4.658702018,5.237716966,5.661827062,GSM505340,Non_response
6.349793748,4.626408054,3.936634707,6.651421325,5.122912535,3.200479474,4.21071895,3.946076669,4.586395099,5.312791354,5.773105063,7.249267203,3.733945637,6.004121907,4.449494962,4.80097769,5.203532139,GSM505341,Response
6.210235422,4.259338449,3.853882777,5.418662681,5.110154127,3.380173601,5.28419038,3.801713248,4.072207761,5.490669252,6.358023449,7.52713047,4.050739689,5.811290503,4.025832585,4.834286379,4.755458736,GSM505342,Response
8.188366599,4.250647899,4.328677442,5.926656891,5.241810389,3.480191401,4.721457074,4.048732656,5.270845272,4.857228552,5.833483953,6.929481591,3.996391366,5.528080316,5.150837809,4.841814485,6.729370067,GSM505343,Non_response
6.888589662,3.544389416,4.290006307,8.248072518,4.779406476,3.594636695,6.426821644,4.457421061,4.42206508,6.228420476,5.975092677,7.012934197,4.197627321,5.904068244,5.518998102,6.051032149,5.169369848,GSM505344,Response
6.80212029,4.453571502,4.310590667,5.146934422,5.48955173,3.238513335,5.092896808,3.626454498,4.380892222,5.227756567,6.410258297,7.238338438,4.015581039,5.215410312,4.938993034,4.660656778,5.823506229,GSM505345,Non_response
6.475925294,3.764934969,5.02963492,6.078503355,4.995062231,3.479335844,5.615386048,3.849857199,5.065425666,5.723468001,5.783010083,6.302072245,4.083470612,6.449850827,4.978039638,5.481694909,5.26606474,GSM505346,Non_response
5.77612136,3.568515843,4.248911077,6.588803158,5.052340051,3.800655303,4.300866534,4.067281989,4.234157626,6.326309721,5.703523344,6.586981529,3.858359492,5.190566809,5.235726749,5.729523082,5.48355405,GSM505347,Non_response
6.036169064,3.885917663,3.959893638,4.696414694,5.208915845,3.622377087,4.651388674,3.968816408,3.57996146,6.040294782,5.41827444,6.234812072,3.955600363,5.448548741,5.454975998,5.420768884,5.242073213,GSM505348,Non_response
6.668822986,3.905205856,4.750220206,6.161403904,4.85762753,3.760885563,6.145458116,3.87448406,4.327204842,5.613325171,6.501938325,7.215787142,4.102923474,6.848586995,4.119325156,6.264054071,5.549036924,GSM505349,Response
6.403114884,3.826939006,3.826471631,8.099882541,4.828011051,3.704988168,4.274237161,4.022519862,4.074752496,6.037397733,6.205470368,6.577478686,4.143322853,5.471424442,4.911674791,5.15797453,6.189470992,GSM505350,Non_response
7.94874917,3.838346132,4.622530913,3.931206345,5.105535595,3.309449572,5.943592483,3.594945052,4.585766108,5.2700867,6.094233026,7.231467769,3.902789298,5.858486315,4.83108143,4.896914388,6.561345291,GSM505351,Response
5.971840746,3.650741359,3.844659187,5.04585451,4.961985886,3.34393954,4.244043863,4.032565763,3.966376991,5.784840405,5.535671617,5.888981468,3.773539345,5.683594487,4.997061456,5.652012858,5.140739233,GSM505352,Non_response
6.60683451,3.806029054,4.374730374,4.312813779,4.982660489,3.442455059,6.815485006,4.360173846,3.578553267,6.044454387,5.490129599,7.631264568,3.70992601,4.972858997,4.504975458,5.445453068,5.272708319,GSM505353,Non_response
6.42256173,3.675792928,3.645562317,7.091943411,5.066889424,3.464410237,3.839468959,3.91635969,4.388520804,6.319253714,5.728538299,7.034664607,4.003016016,5.872063337,4.618842075,5.497380216,5.275426178,GSM505354,Non_response
6.156552558,3.789791439,4.194123794,4.089116349,5.614479338,3.240740611,4.478487836,3.66941447,4.436188456,5.48904953,5.986450708,7.124661487,3.859869544,5.539101868,4.808227383,5.083476679,5.131936181,GSM505355,Non_response
6.978486953,3.802845342,4.464664081,4.367841763,4.95121416,3.282888231,4.823822538,3.698824872,4.644709317,5.438107809,6.334680507,7.607904726,4.23236574,5.376180281,4.739936337,5.23512503,5.510107565,GSM505356,Response
6.951693802,3.928841786,4.128132024,6.820767201,5.321425068,3.349898944,4.810096991,3.789819512,4.157418497,5.24109107,5.511116262,6.255802983,3.773267438,6.036795757,4.45892599,4.577784724,5.445980436,GSM505357,Response
8.327009297,3.858175155,5.349036134,5.024103644,4.9116344,3.593370509,7.48784995,3.836303149,3.817734835,5.702760018,6.313987479,7.549491897,3.888335597,5.845321982,6.022568027,5.202390813,6.328853806,GSM505358,Response
7.193491039,3.724229089,4.558253092,7.29497716,5.001314735,3.387294209,5.415693763,3.78608593,3.868777816,5.408136193,6.32935929,6.581768628,3.965013242,5.774744744,7.711924588,5.11563743,5.542265976,GSM505359,Response
7.558996487,3.754361578,4.019735578,8.326410107,4.835661111,3.690310811,5.559952814,3.813173641,5.601962597,5.802090458,6.529523945,6.646178907,3.893264682,6.499648166,7.134523247,5.66671979,6.319009322,GSM505360,Response
7.230750388,3.603128276,4.113464687,6.798497236,4.912551171,3.46865018,4.793561897,4.074056416,4.382247548,6.221398871,5.466292054,7.037146764,3.800382839,6.297575631,4.717799073,5.388209233,5.450468113,GSM505361,Non_response
6.232666878,4.07033464,3.957274991,4.300280561,5.146684942,3.457788555,4.250446184,3.810601399,4.198032621,5.591572621,5.688165243,7.223647531,3.937132464,5.424832744,4.751480483,4.852443309,5.123517944,GSM505362,Non_response
5.990457928,3.749104737,4.329135162,4.278132394,4.923663723,3.258189876,6.371482716,3.946534487,3.873736498,6.520128707,5.702253214,6.561289538,4.077972065,5.729294731,4.330512608,4.681789164,5.247669212,GSM505363,Non_response
5.878018058,3.80967204,3.786076043,5.906252558,5.26288811,3.690047176,4.804717372,3.940865668,4.49968934,6.085062277,5.69038313,7.014762336,4.041712474,5.309139516,5.027831837,5.332923223,5.97369726,GSM505364,Non_response
6.568854507,4.005957073,4.095372088,4.771455763,5.456920168,3.487935734,4.018505805,3.681809179,3.848129431,6.030062489,5.674027345,7.504653714,4.300968181,5.49158291,4.897389313,4.863602683,4.895331545,GSM505365,Non_response
5.666779501,3.61508806,3.682841092,7.395087367,4.930846099,3.840781782,4.018889591,4.356425638,3.443700306,7.054036735,5.799887103,5.691940778,4.022036641,5.445101991,5.642859089,6.260607363,5.020834984,GSM505366,Non_response
6.898861101,3.922108086,4.096239042,5.807376346,5.005545482,3.510811217,5.194915698,3.686095041,4.662482518,7.29768898,5.977479007,7.248505474,4.073433858,5.592655483,6.224142015,5.369618012,5.063850603,GSM505367,Non_response
6.395757316,3.672330299,4.160845149,6.186239179,5.199373719,4.017147661,6.089684538,4.085834542,4.699962436,6.455202759,5.929141123,6.708172286,3.762307247,5.644299912,4.781358155,5.684806409,5.243136627,GSM505368,Response
8.317483297,3.502480705,4.962100062,5.177490427,5.045395587,3.302819062,4.940606157,3.726025597,4.555491949,5.804509393,6.688676111,6.574727126,3.594215514,5.801443561,4.755144937,5.125959032,7.293703511,GSM505369,Non_response
7.038185897,3.648211696,4.529780808,7.68634069,4.960558411,3.398324614,5.643411923,4.025879562,4.523757563,5.077168165,6.892651545,7.537814737,3.949818186,5.814742362,8.07799567,5.136101525,7.379963317,GSM505370,Response
6.155693813,3.786866034,4.012936068,6.610866229,5.114199889,3.358691212,3.674710778,3.804299249,3.851718515,5.320394258,5.725514734,7.118469041,3.853534701,4.927297559,4.859732832,4.962189663,5.316536149,GSM505371,Non_response
6.389685222,3.681782277,4.088910604,5.63334641,5.125856182,3.469793854,4.626067998,3.818507548,5.111269716,5.411472538,5.955586117,7.509605953,3.914305803,6.167603025,5.039678078,4.799421704,6.810687428,GSM505372,Non_response
5.907410174,3.776851074,4.483118011,5.166620502,5.004027851,3.54901595,5.767394557,3.807075523,4.052368259,5.568945254,6.364827732,7.444852274,3.880516439,5.815134679,4.527791714,5.392442729,4.956334316,GSM505373,Response
6.51813274,3.77340732,3.784562174,3.963882857,5.011902457,3.334972388,5.191589839,4.113426115,3.789132634,5.652649845,5.325796947,6.71044869,3.69421715,5.523285527,5.273031665,4.428555747,5.03249871,GSM505374,Non_response
5.989690705,3.681911612,3.618962784,4.445350335,5.330930176,3.217706193,3.981576453,3.85016406,3.980133937,5.656297301,5.819614712,6.530630759,3.949629486,5.367307272,4.651074043,4.282705833,5.369653163,GSM505375,Non_response
6.518868079,3.94066196,3.916448664,4.796398587,5.271135119,3.375946065,3.866370494,4.019050453,4.092835532,5.615525447,6.443258133,6.787070074,3.496932799,5.419264355,4.470611215,4.332980161,5.61386421,GSM505376,Non_response
6.549576541,3.809016128,4.322457305,4.781346687,5.025234138,3.175063701,4.973846567,3.939732151,3.940720187,5.303909309,6.007000543,7.0397331,3.934183128,6.07708119,4.421064969,4.946910373,5.739830523,GSM505377,Non_response
6.660080134,3.623762604,4.248220286,4.024166732,4.885519454,3.356516873,6.56115642,3.928298064,4.070484247,6.641292593,5.768021614,7.032538661,3.897881502,5.85884034,5.456275094,5.276876265,5.353947028,GSM505378,Non_response
6.537794013,3.723825494,4.137154302,3.897044729,5.143792079,3.081857028,5.576980282,3.661275868,4.032727192,5.900215997,5.745810232,6.717100761,3.823966258,5.220587144,4.748333702,4.849233244,5.178837615,GSM505379,Non_response
6.121241003,3.842552735,3.689940752,7.723024459,4.805239347,3.415864187,3.598044171,4.005765453,3.611221083,5.949604693,6.685495335,7.338325401,3.902875019,5.982554696,5.236348905,4.981195957,5.65679278,GSM505382,Non_response
6.070802438,3.818496419,3.672844784,7.384335701,5.394701573,3.303792673,3.485061507,3.636376013,3.698150861,5.698422181,6.157902561,7.209714838,3.821050094,5.610799356,4.841765304,4.654079973,5.68825645,GSM505383,Non_response
6.134036698,3.758244237,4.450579991,6.757380952,4.856315583,3.22449456,6.537130073,3.900753087,5.289945786,5.102265247,5.683243188,7.541157896,3.784270729,5.896649135,5.803200689,4.999649521,5.377796036,GSM505384,Non_response
5.871758319,3.83079487,4.416011817,6.406722891,5.032499555,3.377383809,6.065853733,3.689144843,5.159610199,5.154149675,5.347417958,7.127989254,3.600981509,5.469388182,5.373759097,4.59451247,5.298824108,GSM505385,Non_response
6.788668684,4.176866668,3.849594493,5.198372755,4.944157231,3.242413782,4.462764629,4.073055306,4.065101969,5.358780205,6.311591668,6.764443413,4.032281621,5.185403793,4.336471708,4.499655837,5.916083459,GSM505386,Response
6.763410708,3.903305925,4.091406847,6.070777857,5.11575162,3.357597656,5.53665485,3.805347808,3.965962825,5.111262507,6.246609772,6.8555973,3.932824706,4.874938867,4.403081968,4.760064755,6.423541781,GSM505387,Response
6.391534946,3.739795417,3.964888175,6.922231216,4.935353982,3.703247928,5.866357414,4.080437283,4.307703222,6.697460397,6.036483128,6.846168752,3.672049504,5.446371656,5.572851457,5.987169567,5.304469311,GSM505388,Non_response
6.475370733,3.798536775,3.85096788,6.787034045,5.040979551,3.540147445,5.691331147,4.043867362,4.266369871,6.596930678,6.222839181,6.669900747,3.829348897,5.187038309,5.45232617,5.564883673,5.124259686,GSM505389,Non_response
6.85784705,3.752159418,4.397950259,4.98230977,5.166127409,3.509434423,4.242617365,4.009742179,4.935365976,5.719045858,6.143489245,7.166859673,3.897881465,5.621722904,4.86708299,4.847550005,5.179301723,GSM505390,Response
7.049098436,3.645181127,4.535153851,5.065769703,5.061481023,3.271913161,4.689006955,3.713901012,4.802914849,5.998067298,5.700500117,6.987678082,3.815021522,5.920149076,4.625043103,5.4628751,5.361736162,GSM505391,Response
6.431353467,3.80162201,3.898298465,5.402921414,5.309601957,3.384357737,3.940084132,3.706461903,4.20710568,5.617131985,5.964843603,6.525788577,3.905822752,4.892045601,4.765692431,4.387002051,5.156855924,GSM505392,Non_response
5.961279045,3.683464221,3.678323336,6.113060321,4.906952147,3.444544191,4.88435458,3.727530521,4.102871983,5.930046504,6.111984428,6.668544229,3.785149396,5.112350251,4.701329147,5.46624288,5.294761779,GSM505393,Non_response
6.435540683,3.930723281,3.765670479,5.608308262,5.612851481,3.369130701,3.785376215,4.300362101,5.13752351,4.718593663,5.357884312,6.849906441,4.422047371,4.872062614,4.396803533,3.865100157,4.770830127,GSM505396,Non_response
6.037532376,4.845432998,3.962900259,5.492332231,5.714418323,3.756017124,3.593912358,3.831092916,4.954737285,5.070287267,5.485379262,6.858254853,4.161633388,5.089564739,4.145043815,3.982282867,4.938963387,GSM505397,Non_response
6.328988413,3.98677156,4.23396533,4.822652131,5.346274435,3.323120161,4.219653162,3.896293169,4.605111562,5.259801846,5.737730625,7.182080721,3.683071782,5.440472038,4.421508359,4.80337343,4.772030985,GSM505398,Non_response
6.035133949,3.810922503,4.185142458,5.180172235,5.051434386,3.337106945,5.492823179,3.88274941,4.330405891,5.475507525,5.905823968,7.266678727,3.71315726,6.406293324,5.121706081,5.210601811,4.805689166,GSM505399,Non_response
6.328938931,4.000110741,4.458803565,6.424804824,5.120010076,3.5505661,6.167260439,3.906128568,3.963250919,5.173350739,6.803000545,7.794504583,3.827580916,6.337985769,4.722057299,5.787138629,7.864513793,GSM505400,Non_response
6.563298091,3.870191608,4.538736481,6.344166952,4.910479426,3.440733434,6.652967838,3.863534048,3.675711478,5.275623443,7.133604579,7.525983984,3.662922298,6.220617317,4.546897387,5.752571968,7.940290138,GSM505401,Non_response
6.313077229,4.053046249,3.861369936,4.674069196,5.388885089,3.465463246,3.334889097,3.95198277,4.458583605,5.037945054,5.543727843,7.141848108,3.91729424,4.794659772,4.761475827,4.917869434,5.378690646,GSM505402,Non_response
6.121241003,3.847257701,3.631087141,4.454635023,5.102353884,3.32202766,3.715320959,3.808329112,4.359367199,5.250904677,5.770607695,7.492660537,3.781503606,5.416413291,5.212132761,4.97308742,5.969709711,GSM505403,Non_response
6.684063175,3.982491943,4.010472133,5.134794902,5.095651411,3.114615418,3.670366787,3.5978106,3.746904948,5.839805133,6.320036838,6.481692023,4.245409882,4.957708354,5.087556106,4.617555653,4.927021152,GSM505404,Non_response
6.470057064,3.790422651,3.979876336,6.305480133,5.135418677,3.153368468,4.102557152,3.867209621,4.040290366,5.850185651,5.980297635,6.06925568,3.908770864,5.204986363,5.121040132,5.372751881,5.060981436,GSM505405,Non_response
6.31256362,3.56234144,3.630430079,6.286135794,4.850398726,3.776545575,4.272818247,4.049810468,4.394879611,6.145447041,5.575248279,7.821525963,3.802940209,5.833499186,5.659189835,4.922122189,4.962507119,GSM505406,Non_response
6.00578993,3.524259893,3.960839691,6.32047868,4.765776903,3.683884313,4.332721406,3.922244987,4.466109851,6.132986359,5.846311502,7.58409342,3.974192576,5.85357055,5.826404546,4.871776251,5.117588781,GSM505407,Non_response
6.947479113,3.62615143,4.520495758,6.194334032,4.784479969,3.628661677,6.396836527,3.969105576,3.799989551,6.371579932,6.050762037,6.045613905,3.933325677,6.299051754,4.722485627,5.91649387,5.949507245,GSM505408,Non_response
6.711487923,3.737698854,4.3653146,5.745466448,5.088408254,3.459454972,5.729938871,3.839793641,3.87477108,6.293834911,6.032025774,6.329789267,3.731346975,5.650770228,4.363754295,5.210162465,5.871952067,GSM505409,Non_response
6.809905516,3.831734637,4.306288395,6.309561695,5.247494344,3.275742767,4.25057176,4.008776839,4.6292314,4.727282495,6.074410094,6.924063815,4.205100135,5.666201533,4.726617471,4.778135007,5.7242769,GSM505410,Non_response
6.68831147,3.935862064,4.334481989,5.602424967,4.957934907,3.501920666,4.796764913,3.965724661,4.685485899,4.873269714,5.95747938,8.037632809,3.811234729,6.918241987,6.428880002,5.142813278,6.529459905,GSM505411,Response
6.950140557,3.823521279,3.756855631,4.554976417,4.628320932,3.819794499,3.472882313,3.918934127,4.908413155,5.257311193,6.016507227,9.742262747,4.264334137,5.986497057,5.237872459,4.788051361,5.616711181,GSM505412,Non_response
6.310627641,4.222864981,4.278934202,5.130578846,5.0894101,3.362527162,3.526039901,3.540186101,5.008141812,5.261459914,5.938644127,7.78581033,4.045047487,4.92101764,6.36732481,4.886280739,5.663636774,GSM505413,Non_response
6.273409987,3.945618645,4.049018385,4.929738896,5.004796817,3.216549429,4.627914356,3.874738524,4.349232245,4.828798436,5.545240122,7.390971994,4.236926497,4.815763784,5.560422462,5.05643597,4.884069828,GSM505414,Non_response
6.032357645,4.270890295,3.61848212,5.80186262,5.326193036,3.437686513,3.71695902,3.802555599,4.507429259,5.931684245,5.860662085,7.37730971,3.898152967,5.119739864,4.661127645,5.314511752,5.487779692,GSM505415,Non_response
5.914151807,4.11864478,3.61439572,5.723312115,4.897523384,3.520771365,3.744557186,3.764889341,4.48645266,5.348850254,5.557551196,8.355470971,3.890311694,5.082060952,4.964096865,4.528164724,5.3798093,GSM505416,Non_response
6.365504563,3.947697014,4.230149745,6.579719232,5.401719651,3.493171857,4.743936034,3.490771856,3.963717291,5.942240532,6.729713764,9.741594702,4.167236698,5.464738756,7.263894105,5.142764297,5.636678875,GSM505417,Non_response
6.474019951,3.88644279,3.957724806,6.20264625,5.014453714,3.176471339,3.535360399,3.551131269,5.067443545,5.399184324,6.099532653,6.683315753,3.634756507,5.587932013,5.210180639,4.187000719,6.331643476,GSM505418,Non_response
6.161231033,4.104898417,4.249533889,5.708411752,5.067757065,3.468966146,4.193706893,3.754525259,4.224108276,4.928299772,5.708411752,7.060101112,4.007725895,4.972294312,6.044800983,4.361350955,5.557899752,GSM505419,Response
6.720398973,3.918106236,4.136083261,7.274895093,5.212132522,3.388196335,4.370061307,3.873663241,3.935932863,6.057874771,6.110332478,6.389249237,3.708644762,6.255833924,4.417367668,5.513705114,5.767145825,GSM505420,Non_response
7.017949669,3.562526113,4.182764386,4.237587098,4.937448916,3.32312911,4.586769999,3.917898164,4.943849044,4.873152377,6.222899258,7.001506635,3.906277829,6.568453407,4.723193586,4.117545765,5.973671043,GSM505421,Non_response
6.092620483,3.988701606,4.04469839,5.517893757,5.094667331,3.608427069,4.097624186,3.848074492,4.201912604,6.266722219,6.186232414,6.549046216,4.225935382,5.834017015,5.590643077,5.447866499,5.244402688,GSM505422,Non_response
8.22774382,3.868463552,4.357087985,4.042339898,5.605900569,3.245618241,4.135807676,3.685536707,4.022342845,5.109018893,5.84191091,6.723187095,4.042129896,4.414075592,5.918169276,4.717433659,7.569802363,GSM505423,Response
6.276296165,3.949135656,4.04949862,4.893153655,5.243734844,3.945009789,4.173427837,3.77861437,4.182931119,4.508464442,6.0847968,8.501499672,4.144573709,4.887498497,4.966530914,4.837586296,5.211990502,GSM505424,Non_response
6.722284791,4.442598937,4.026819636,5.20594524,4.972793331,3.384202383,4.293317823,3.903299873,4.585800954,5.366196643,5.801898797,7.031274173,3.617691858,5.209224076,3.886455476,4.844428339,5.826326529,GSM505425,Non_response
6.281400425,3.581439171,3.76772785,4.844454107,4.948541755,3.231215174,4.105826799,3.976817704,4.793304019,5.039404284,5.254229933,7.17866274,3.934573135,5.71465076,4.732697474,4.954618722,5.244683386,GSM505426,Non_response
6.725908936,4.209599496,4.252287897,5.923780812,5.344751093,3.899546063,6.188019424,4.27689127,3.99937155,5.523672631,5.568737176,7.87251519,3.991304149,6.230350814,6.290713888,5.144877316,4.724884932,GSM505427,Non_response
7.172810015,4.068455928,4.699131419,5.925989693,4.929749774,3.754908026,5.429794144,4.196439108,4.072874724,5.483390164,6.898930683,9.589489619,3.955445133,6.100725263,6.079111029,5.350313491,5.745913075,GSM505428,Response
6.486978877,4.029288857,3.936698479,5.520683568,4.922460029,3.379618907,4.517773134,4.40073014,4.434409636,5.443494233,5.661456749,7.055955685,3.764396097,5.81252847,5.616701615,5.630736212,4.730639283,GSM505429,Non_response
6.710439594,3.789589424,4.787107508,3.897782259,4.685073363,3.124003551,5.919843527,3.909151669,4.659032724,6.014373542,5.600278464,7.171622094,3.614984954,6.058398237,4.748792431,5.409530036,6.029881413,GSM505430,Non_response
6.293742245,3.674108473,3.926788613,4.471357309,5.281128185,3.364756901,6.071794504,4.164237073,4.035442059,6.857223638,5.627550715,6.454317876,3.921445643,6.306926409,4.384350061,5.415115145,5.488655881,GSM505431,Non_response
6.807889939,3.931372881,3.924674506,5.739701114,4.987208701,3.503512709,4.249341863,4.030118322,3.906543011,5.487480068,5.525796296,6.972033449,3.719584401,5.791251208,5.037446302,4.64255789,5.399477222,GSM505432,Non_response
5.995628168,3.856247877,3.89809568,5.630094901,5.139169222,3.476358393,4.910399514,3.946899091,4.720898492,5.546398807,5.868563646,7.322617494,4.182309017,6.262756229,5.072768078,4.70557194,5.790110431,GSM505433,Non_response
6.723687619,4.582816626,4.110979355,4.109052308,5.26785122,3.718453324,5.181962099,4.458869489,4.169752221,5.691353087,7.145475283,10.46879349,4.030059952,6.052754821,5.703860202,5.090089275,5.038796893,GSM505435,Response
7.341705886,4.28244376,4.424611813,4.699746392,5.174919296,3.36419796,5.266775945,4.266679583,4.181112166,5.04982847,5.913804418,6.415189184,3.619719366,6.01368958,5.76794622,4.161190877,5.828446994,GSM505436,Response
7.072232264,4.167619279,4.520562196,6.408283362,5.152777217,3.482662152,4.321761584,3.447090547,4.012224776,5.655159148,6.732610731,9.264499755,3.950817173,5.326775391,5.578331498,5.288454286,5.736519795,GSM505438,Response
6.500486297,4.263966753,4.105713668,3.500821138,5.347792277,3.474419379,5.062946108,3.84909374,3.808491098,4.999853931,6.642070439,10.1472992,3.769437102,5.314252626,5.365901622,5.772963497,5.280096418,GSM505439,Response
6.997284153,3.593551365,3.726455162,5.482033864,4.93376323,3.305042379,4.187132346,3.797847792,4.021739735,5.815945085,5.544210149,7.079565337,3.813797658,5.276394314,5.192883157,5.390007731,5.508883641,GSM505440,Non_response
5.973995969,3.777657415,3.958922132,4.994176776,5.202457925,3.386668489,5.481267189,3.788764691,3.867612916,7.093140554,5.674507582,6.679833377,4.250445016,6.111240238,4.516975354,5.353200309,5.54763234,GSM505441,Non_response
6.487944211,4.163988048,4.295095006,6.441702791,5.181627661,3.749347855,5.357609159,3.637059829,3.735498649,5.667772354,6.037673013,8.230913813,3.924615489,5.815100013,5.884004434,5.597050704,4.877259751,GSM505442,Non_response
6.397518037,3.788762962,3.65761135,5.913300164,4.975925419,3.396727991,4.35327332,4.031579639,4.479400795,5.650166698,5.936184093,7.619561962,3.8359153,5.568273921,5.148257632,5.728527058,5.35358952,GSM505443,Non_response
6.817397331,3.638469979,4.496058099,3.431747392,4.847062663,3.271424603,5.443910215,3.764694421,4.438554102,6.211728039,5.951634273,7.16862474,3.815977874,5.820183108,4.829552663,5.710334479,5.892122312,GSM505444,Non_response
6.282560502,3.810345795,4.064159693,5.253420367,5.504604821,3.37219794,4.587185372,3.745042611,4.413165141,5.392890423,5.699733079,7.11594052,3.875557367,5.721479508,5.193821131,5.008033087,5.591544471,GSM505446,Non_response
6.852673707,3.154026309,3.683785629,5.677094691,4.904323942,3.387869907,3.581394636,4.114462991,5.760177384,6.147786381,4.97258706,7.184506477,4.255394116,5.789812165,5.469747994,5.173813594,5.724762922,GSM505448,Non_response
7.746976043,3.667213719,3.992936651,6.992561528,4.669411153,3.307063717,4.678057804,4.29252266,3.834557606,5.237383329,5.774666528,5.744345109,3.608941176,6.05758618,5.245807401,6.146664002,7.073721915,GSM505449,Response
7.620937061,3.215752351,4.334874393,5.214057275,4.85866448,3.298258196,6.42335531,4.520484352,4.384155849,5.394424596,5.572281198,6.561979784,3.863977514,6.833106706,4.962590417,6.416392306,5.980594174,GSM505450,Non_response
7.497612925,3.203426068,4.633412823,6.080443599,5.319708578,3.551471698,4.750345899,4.426895891,5.452602831,6.567321314,5.713064865,7.974544242,3.850453667,6.019948629,4.945067088,6.609278941,6.393588012,GSM505451,Non_response
6.268738672,3.523008202,3.853277036,5.195289638,4.974376876,3.523008202,4.190125892,3.909698204,5.661402851,5.646231439,5.349069205,7.376357494,3.781947948,5.285677023,4.479674127,5.7287943,5.927202308,GSM505452,Non_response
7.450869725,4.933453688,3.995506601,4.161705958,5.099731809,3.589144399,4.244809072,3.737473375,3.992971422,6.33845274,6.730751671,9.900816774,3.720631226,5.017562611,4.709345705,6.328311073,5.43592858,GSM505453,Non_response
7.656139656,3.52000546,5.467537065,7.030445359,5.304620498,3.424937475,6.732909958,3.63794161,5.098118001,6.154489748,6.275031648,6.94639051,3.748302024,7.340242407,8.643340483,6.167607862,8.255645543,GSM505454,Response
6.551426824,3.660333999,4.443962031,4.087820707,5.131950262,3.569143632,6.311436612,4.275269465,4.500286305,5.568144069,4.994071367,6.797287136,3.915095321,5.879161275,7.126357037,6.962906969,5.741306194,GSM505455,Response
6.761184085,3.43571972,4.572168392,6.229865549,4.966110378,3.574355826,5.081353313,4.402537395,4.174516501,6.488273636,5.643433566,5.544010235,4.349552692,5.606808121,6.915518304,6.546931018,5.694857047,GSM505456,Non_response
6.811233806,3.453387607,4.649268451,3.757320036,4.442438574,3.351303508,6.069835272,3.908130551,4.081667918,5.152343017,5.338654271,6.594495327,3.948885843,5.907530548,4.284486574,5.434322478,5.752868755,GSM505457,Non_response
6.965333238,3.285887109,3.837560616,6.468075578,5.086883276,3.225186444,3.444029576,4.016866197,5.517885445,5.947365942,5.624300741,7.628368835,3.732576534,6.022582941,4.93430191,5.657076343,6.206103551,GSM505458,Non_response
6.772218496,3.555359676,4.181804462,5.277972723,4.91086756,4.119805699,5.342811076,4.365099698,4.093227817,5.26678339,5.814916241,7.866238156,4.048244347,5.970516246,4.271269979,6.871824438,6.376581078,GSM505459,Response
7.727379655,3.524553754,4.08511727,8.16903778,4.875085419,3.539841743,5.397195137,3.726146714,5.352311424,6.15651041,7.461434453,9.79350188,3.914561303,6.402560938,7.327984494,5.6592056,6.859834383,GSM505460,Non_response
6.680626506,3.218307295,5.194294998,6.733370163,5.212460513,3.80178929,6.05330621,3.882088041,4.014502922,6.615844164,5.756429436,6.852736011,3.93022602,5.173624735,4.124345217,5.598529067,6.212589381,GSM505461,Non_response
7.30525224,3.814540909,4.47997982,5.730087356,5.36451731,3.072414086,4.721891707,3.663852742,5.460475512,4.737462442,5.575033382,7.266603717,3.858732773,4.888820884,4.179178731,4.941443194,6.676690401,GSM505462,Non_response
6.829213553,5.602369572,4.194390382,4.209528277,5.267123877,4.122274916,5.532935693,4.066142953,4.094463514,5.906315443,7.173320085,9.947924896,3.811184379,6.744731668,4.828075822,6.517043491,6.02004661,GSM505463,Response
6.9407939,3.440305654,3.752643116,4.182452144,5.136545054,3.584167756,3.213025979,3.910716006,4.382559367,7.088642554,5.271410529,7.102508663,3.922056795,5.624893386,4.728540898,6.106955758,5.473171792,GSM505464,Non_response
7.249681999,3.495034108,4.191763497,6.846299435,5.063476925,3.438760863,4.630183877,4.137957909,5.107603748,6.653732355,5.496831655,6.888899915,4.071793878,5.726028666,5.927381334,5.870357692,5.522711337,GSM505465,Non_response
8.063359839,3.712689024,5.456362768,8.578256338,5.084885098,3.758010035,6.918358334,4.315102739,4.655775121,6.511236824,5.97550082,7.049003119,3.772672797,7.340219212,7.94684707,6.440626286,6.636240005,GSM505466,Response
8.365349506,3.115096488,4.183567805,4.828875974,4.96957043,3.320026095,4.378127574,3.738214775,5.073505824,4.474466568,6.162812586,7.343687577,3.65438464,5.550144584,6.933319908,5.620878358,6.827669383,GSM505467,Response
6.506174224,3.603145485,4.075996505,4.280046985,5.043826689,3.341402616,4.903899692,4.002867028,4.539941362,4.791867009,5.360844754,7.120936337,3.760987792,5.156713494,4.659362423,4.313224331,5.910674699,GSM505468,Non_response
6.193714773,3.184957915,3.772787444,4.53711566,4.570900036,3.505229821,4.760963368,4.071078272,4.456035497,5.535914016,5.270720287,6.289802515,5.194437567,5.545573567,4.399054417,5.845593775,5.48968815,GSM505469,Non_response
6.745758514,3.463043266,4.172403101,3.611112816,5.331784412,3.382753878,6.028496078,3.844024229,3.742715199,6.332420305,5.93352235,6.062486707,4.156944616,6.289047955,4.013366195,6.016559147,5.445251979,GSM505471,Non_response
6.201913271,3.412388365,3.761207261,6.21154396,4.997073225,3.36488776,3.090167653,3.987460478,5.080945777,5.786167189,5.625793879,7.838433156,3.749623598,5.081531208,4.486113735,5.301562258,5.971175724,GSM505472,Non_response
7.157133461,5.567797758,4.093068307,6.589151005,4.900945696,3.871487546,5.689589768,3.893738799,4.442372864,6.164730513,6.953943974,9.617676128,3.953533162,6.879290946,4.674197575,5.804444695,5.851982318,GSM505473,Non_response
6.979022954,3.370758728,5.151811813,3.74626878,5.26542917,3.385177096,5.100193213,4.603948666,3.519898064,6.056651775,5.328733449,5.815159715,3.602793997,5.041095819,4.034971592,5.619829666,6.253434843,GSM505474,Non_response
8.301127021,3.660594685,4.403470787,5.502311582,4.843705386,3.373654122,5.870865216,4.040399843,5.329725628,5.540909408,6.676617329,8.678587561,3.894235759,5.73615835,4.337436034,6.111733539,6.715800324,GSM505475,Non_response
7.308259094,3.50331127,4.521798566,5.636395948,5.302674409,3.706559472,4.498875685,3.726348738,4.074335195,5.822232953,5.578861792,7.317063088,3.507408273,5.414502412,4.959554029,6.086028475,4.685429413,GSM505476,Non_response
7.285459892,3.499894355,4.199082811,4.223098531,5.265469098,3.352474467,4.849827388,4.156875854,4.672936362,6.451430333,5.545342664,6.60061947,4.156995776,5.513936798,3.64859483,5.987649594,5.742325907,GSM505477,Non_response
8.137880116,4.469364834,3.817724824,7.226543135,4.750397617,3.680107159,4.309391735,3.919661633,5.732396088,5.936229865,6.791538797,9.873820902,3.808531726,6.508445664,5.190334265,6.113919373,5.962999982,GSM505478,Response
6.955049897,3.305963109,5.292885644,8.266936925,5.390718706,3.915318126,6.438462129,4.111539948,3.965466334,7.321279267,5.774671382,5.356644163,4.037799594,6.3004011,4.851597309,6.884465428,6.874400439,GSM505479,Non_response
7.395877752,3.390377668,4.02435573,3.961108489,4.857568437,3.604974592,4.630490853,4.191186168,3.816603444,6.05694905,6.088936081,6.132766274,3.771190863,5.764171755,4.682397384,7.402042811,6.489815449,GSM505480,Non_response
6.335588123,3.431086778,4.225137777,7.507232369,5.120873678,3.467167584,4.249547868,3.582195158,4.104968993,4.946155801,5.127179401,6.879545934,3.585175687,5.594185765,3.95964029,5.841724303,5.357886364,GSM505481,Non_response
7.595907311,3.450630922,4.379031454,6.733598564,4.636355145,3.821920693,6.059703751,4.174526391,5.403039902,6.369719057,6.198280339,9.134425767,3.934268994,5.937514571,5.413383592,5.443084173,5.675761565,GSM505482,Non_response
7.280756239,3.701467171,3.929457624,5.191894873,5.096425798,3.364948137,3.994638364,3.960420589,4.12867074,6.257065591,5.976986529,7.564983564,4.132725428,5.998083731,4.228695022,6.828678613,5.553655582,GSM505483,Non_response
6.450621734,3.727559813,4.116752193,7.343374175,4.97632502,3.453926528,5.517757677,4.037816848,4.711347387,6.681771518,4.837843752,6.905294091,4.383628515,6.184797839,5.935152577,7.175196337,5.827342778,GSM505484,Non_response
6.006718234,3.218030813,4.026110116,5.930715564,4.907516933,3.584723954,4.751838435,4.752602419,4.140596091,5.618589022,5.029827191,6.283195575,3.926177768,5.562237517,4.73012646,5.337685865,5.098341522,GSM505485,Non_response
6.146878089,3.416716372,3.632930131,4.90315781,4.929480811,3.175693326,4.64025807,4.025930502,4.408993847,5.93158124,5.344464371,6.372571276,3.851692501,5.384875993,4.235485795,5.160718199,5.542635319,GSM505486,Non_response
6.489374682,3.759613089,3.844098039,6.331125218,5.090057707,3.536893911,4.392951706,3.825150853,4.084693044,5.573667998,5.706447687,7.275149348,3.870099289,4.418658049,3.417708066,5.622058281,5.266958869,GSM505487,Non_response
6.518963246,3.489389301,3.473743914,6.80057918,5.288258561,3.437672193,4.379276837,5.225309303,4.719887847,5.294955617,4.78571832,6.923346492,4.039781529,5.545033601,5.426276176,5.709460106,6.050569499,GSM505488,Non_response
6.809073386,4.503499502,4.183440683,5.074485778,5.97612951,3.315253084,3.490897474,3.893730683,3.957105816,5.458830375,5.918615911,6.693104765,4.526590899,4.937001849,5.293329861,4.247813391,4.994689356,GSM505500,Non_response
7.08238549,3.719233252,4.434792315,4.577997562,4.826278508,3.320097646,5.26775686,3.872648458,4.247016843,4.449358984,5.353313637,6.785719029,3.796728366,6.546267738,5.230418147,4.324641635,5.599227085,GSM505503,Non_response
6.497946685,4.17151432,4.154335775,5.118255996,4.918392378,3.261475449,5.626220131,3.956594919,3.397952786,5.239363754,5.549032112,9.589188748,3.905743752,5.680393068,7.549881678,4.46112968,5.388385765,GSM505504,Non_response
6.524890379,3.950191217,3.904256099,4.698035147,5.091480573,3.351291307,5.294922477,3.963844091,3.990514288,5.244503943,5.200647304,7.071888054,4.241025732,5.662653139,4.254902776,4.792733736,5.744990728,GSM505505,Non_response
6.289596534,3.940726494,4.016271075,6.01938548,5.24617623,3.316508551,4.293972306,4.037115598,3.945601514,6.221827738,5.918033599,6.711090596,3.957612528,5.945646621,4.944347394,5.337193926,5.190821384,GSM505506,Non_response
6.333654007,3.572754871,3.893632152,4.376618283,5.446758038,3.337259241,3.618227135,3.940963766,4.186713779,5.440700716,5.783967485,8.236652855,3.983773853,5.145276329,4.704155056,4.08000612,5.049734466,GSM505508,Non_response
6.0412993,3.853350848,3.98693107,4.485749272,5.373268803,3.339087191,4.049256797,3.77270925,4.002535077,5.430947733,5.786031774,7.68066686,4.550308031,5.697765025,4.578615492,4.281142129,6.724681945,GSM505510,Non_response
6.441968132,3.76494325,3.52001546,6.538706908,5.375759489,3.281199723,3.980200554,3.895283553,3.889823165,5.780889266,5.953351203,6.972434242,4.005508803,5.96871844,4.734402048,4.732361826,5.511944354,GSM505512,Non_response
7.234010456,3.794507536,4.371853859,4.666138046,4.987476493,3.498721457,6.161231095,4.002105549,4.658633341,5.465682025,6.235196882,8.269913872,3.609436263,6.637315948,5.037689914,5.11443988,6.457408524,GSM505513,Non_response
6.999564582,3.649545014,4.711075734,3.49920595,5.136907771,3.522539175,6.821907509,3.892539327,4.443458764,5.116446899,5.589193739,10.47573282,3.708460211,5.576719228,5.017053077,5.068056908,6.290760008,GSM505514,Non_response
6.395689444,3.955730234,3.853318686,5.791434512,5.183425633,3.386347123,3.905488345,3.818180711,4.123490429,5.36876908,5.743016912,7.05915931,3.859138381,4.952698169,4.267828532,4.512012061,5.265200361,GSM505515,Non_response
7.96512231,3.7483566,4.961057076,5.698504396,4.673876211,3.590583804,7.293140384,3.863126205,6.417302723,5.610224458,6.328584993,6.99170399,3.843913227,7.583180447,6.330878117,4.678634449,6.678679761,GSM505516,Non_response
6.171972337,4.070947082,3.88628385,5.404446322,5.680959277,3.312279803,3.841597984,3.969221923,4.470078189,5.019487341,5.856016574,8.167866486,4.027955408,5.392550174,5.677458227,4.197763417,5.146148803,GSM505517,Non_response
6.534616426,3.681340125,3.728296554,6.045017604,5.225537941,3.419751525,3.293629224,4.088206685,5.000018035,5.907487732,5.999364021,8.368457678,3.725227644,5.278392844,4.669154061,5.057475568,5.35149268,GSM505520,Non_response
6.930429353,3.818817561,4.364188012,5.05699518,4.865218511,3.504060866,5.563900813,3.863046932,3.609619736,4.934975846,5.677908029,6.303147931,4.039474289,6.256795887,4.337599691,5.165203673,6.549444205,GSM505524,Non_response
7.194859366,3.877944718,4.807470978,6.420284409,5.350685438,3.25469066,4.90678595,3.811524687,4.172680348,5.658557506,6.086782826,7.380276987,4.034041313,6.132792644,4.912867868,4.810671075,6.23669317,GSM505527,Non_response
7.056371808,3.778308775,4.290347878,5.790798004,5.374248253,3.465359452,4.629031293,3.661529725,4.340415813,5.617076675,6.069142128,7.019279917,3.859888654,5.238975603,5.481799371,5.334832062,6.158915612,GSM505528,Non_response
6.369994496,3.864401624,5.425664814,4.756254511,5.213490068,3.161436363,7.663933057,3.757535037,4.04922846,5.713202662,6.137954151,6.554156045,3.854967607,6.758421765,4.412419551,4.937285131,6.800623115,GSM505534,Non_response
6.219276938,3.988228602,4.189755518,5.205647421,5.278677333,3.364089481,4.794511791,3.998983635,4.529093221,5.028767722,6.383492193,7.454738342,3.8490322,5.820320132,5.096535919,5.150471074,6.199219432,GSM505535,Response
7.073475182,3.530481166,3.687747197,6.676972115,4.880894419,3.863700226,4.01709152,4.363561364,5.289689495,6.256328804,6.459952591,9.327507193,3.930519899,6.768406013,6.036809065,5.406140355,5.780448147,GSM505536,Non_response
6.597501162,3.694573791,4.293061397,5.726168539,4.977380731,3.294586168,5.419004262,3.990018512,3.902481667,5.812768804,6.349904074,7.384793411,4.213387578,5.788438625,4.892879873,4.499246317,6.14675131,GSM505537,Non_response
6.754939834,3.932852391,4.031608885,5.47735283,5.154858961,3.337522884,4.871749633,3.823758815,4.027876249,5.822466535,6.767613179,7.552100109,3.996843168,5.845510317,6.201143391,4.490600422,7.789409577,GSM505540,Response
7.341034897,4.031881599,4.224527414,5.711143241,4.998646473,3.527919272,4.787555939,3.859001406,5.666195065,5.629273018,6.61937152,7.588204533,4.059085348,6.597211553,6.06101811,4.751508346,6.621061026,GSM505541,Non_response
7.048948172,3.82631072,4.069534479,4.531332895,5.205105332,3.186924144,5.725375367,3.890435539,4.167950923,5.538380091,5.969122267,7.217534571,4.070466515,6.236466783,4.657276981,4.940034722,5.204230007,GSM505542,Non_response
6.571002811,4.422587487,4.593803023,7.271872845,5.155495462,3.346040418,5.534498465,3.764230583,4.103411114,5.633841767,6.408237458,9.566900192,3.88839495,6.000435604,5.727002905,5.392619717,7.088961074,GSM505543,Non_response
6.785632817,4.038998971,3.871458916,4.809419859,5.009742744,3.399183478,4.159493671,4.136923774,4.432305696,5.722491812,5.923747332,8.279392571,4.122550014,5.964233774,5.58723523,5.007302714,5.288708894,GSM505544,Non_response
9.200613352,4.033464756,5.014922997,4.338571744,4.915117978,3.774754968,6.068973915,3.788809892,5.837275406,5.532188666,6.1753386,8.902312344,4.202945521,7.452107344,4.994036702,5.200137421,6.546871058,GSM505545,Response
6.559838569,3.771730653,4.161812171,6.307153281,5.103049631,3.913748802,4.927981182,4.165520512,3.83084057,5.988407175,5.88848771,6.682183799,3.828950986,5.878238324,5.103160534,5.677964363,5.15527916,GSM505547,Non_response
6.67076241,4.049333428,4.208776181,6.684893075,5.183806977,3.263446182,3.995135568,4.023980082,4.539338767,5.159669255,6.474647809,7.045647511,4.092119961,5.77393512,7.624795249,4.362478325,5.277437503,GSM505548,Non_response
6.115431272,4.256073736,3.868726326,4.943143475,5.734814464,3.185487509,3.522151292,3.735888497,4.138030088,5.474783917,5.73465742,7.437879404,4.253894833,5.353931797,5.080618117,4.038072776,5.491014618,GSM505551,Non_response
6.303438664,5.260654464,4.299952157,5.482228537,5.185147205,3.408265057,5.301995037,4.141971368,3.999213276,5.549039656,6.956994912,9.251385369,4.219236273,6.410101544,5.272730172,5.136452911,5.969794764,GSM505552,Non_response
6.282400685,3.924954483,4.087507235,4.782859734,5.596710426,3.097378879,4.125445028,3.729307694,4.210767158,5.562666777,6.159326498,6.46554757,4.041811529,5.633611456,5.541369369,4.225494142,5.121924796,GSM505558,Non_response
6.692189365,3.824946714,4.056210689,5.51216918,5.252416865,3.254269089,5.076364983,3.799802628,4.517412302,5.367556171,5.818992575,7.413789391,3.786295552,5.396505726,5.007597885,5.030413054,5.13496872,GSM505559,Response
6.141465168,4.256900323,4.176289922,5.483360218,5.127627772,3.605028872,5.143073927,4.206757297,3.621197718,5.72911594,6.203653226,8.553114184,3.956037219,5.379069981,5.3785471,5.643956696,5.042389661,GSM505560,Non_response
6.99052215,4.239123004,4.171770636,5.38189708,5.079230863,3.594825659,5.26029874,3.929419987,4.886246652,5.76826298,6.269703273,8.090650871,4.247452449,6.521641316,5.762680689,5.016309663,6.81880141,GSM505561,Non_response
6.730487637,3.858963689,4.683389716,8.969942473,5.139174526,3.462654543,6.358774819,3.837538369,4.327046737,5.450155221,6.619852237,6.159810236,3.944900019,5.931138267,4.302166788,6.244310352,6.56911226,GSM505562,Response
6.268558845,4.476400648,4.372571847,5.621793935,5.191642596,3.511501911,4.561817591,3.797513344,3.962745005,5.292332568,6.903205176,9.160320146,3.91830539,6.23367018,6.107835332,5.340890853,5.324520968,GSM505563,Non_response
6.256279691,3.841742287,4.134655544,7.551751476,5.284517987,3.338620287,6.696154157,3.773555459,3.545248041,5.045393895,6.138268224,6.271756408,4.083072853,6.208323952,5.207819985,4.742948297,5.98869395,GSM505564,Response
8.537808886,3.918375455,4.47825698,5.436542492,5.339073503,3.334610189,4.732654697,4.118911789,4.73949995,5.350887531,7.04997441,7.64232739,4.031555777,5.845404361,6.110756453,4.783570681,6.491145022,GSM505566,Response
6.331171974,3.985225425,4.071281145,5.015139946,5.363013164,3.745806678,4.753517909,3.722798922,4.008445002,5.289852221,5.679375078,7.124365967,3.87221287,5.495412358,4.661894473,5.321265633,5.072609693,GSM505567,Non_response
6.793647879,4.138040905,4.21753947,4.724739297,5.326552476,3.325252981,4.680507415,3.720341187,4.158068928,5.243681855,6.314189195,7.931589004,4.300139529,5.555124137,4.81706174,4.085379297,5.468254587,GSM505568,Non_response
5.956589164,4.100696082,3.791211191,5.145125224,5.43974958,3.453579199,4.063377601,4.057774314,4.184091656,6.002932998,5.824790195,6.935364026,3.892369906,5.571865703,5.365839913,5.505842433,4.875910409,GSM505569,Non_response
6.711471901,4.010173659,4.062951597,4.233522032,5.355535394,3.466232472,6.00626251,3.769308627,4.070252493,5.424419436,6.222389978,8.897326264,4.02840233,5.591463155,5.230924948,4.254994988,5.270985359,GSM505571,Non_response
6.015401408,4.050766691,3.730965209,3.402087229,4.926433468,3.668720929,5.539760052,4.163440225,3.763072071,6.07357324,5.99536923,7.58358518,3.91830539,4.48736259,4.453881042,5.125625877,4.97925991,GSM505573,Non_response
7.593610864,3.671499113,4.109586087,4.421755975,5.172249021,3.651420682,5.467740014,3.706195785,4.044516587,5.162557935,6.698543892,6.636764312,3.814107698,5.971331979,4.58149715,6.508282682,6.113354769,GSM505574,Non_response
6.696941385,3.844135957,3.914124438,7.308108088,5.322617034,3.185907932,5.823181414,3.761988332,5.557467438,5.508218155,5.823185913,6.372554112,3.887073016,5.763974346,6.124656851,5.205721828,5.414503533,GSM505577,Non_response
6.51603492,4.092278989,4.0464127,6.369872517,5.184210186,3.501283357,3.623436729,3.976740884,4.627029332,5.652603674,6.122775418,7.729154605,3.861244668,5.406757554,4.956295914,5.315995534,4.96111698,GSM505581,Non_response
6.729391975,4.07015511,4.106553352,6.132804004,5.382798309,3.606205488,4.591448292,3.811915532,4.106553244,5.812164809,6.15028539,8.413686309,3.98356545,5.615473511,5.280298246,4.956100076,4.821522585,GSM505582,Non_response
8.622390556,3.798688688,4.882159162,5.043289302,5.117866755,3.468063692,5.930819202,3.750869007,4.54980352,5.801329202,6.467244096,7.13877555,3.757171831,6.047370801,4.704243669,5.850852349,7.034016694,GSM505583,Response
7.219187259,4.132668239,4.092391325,5.715292796,5.135771668,3.490912764,4.906637947,3.626699834,4.177346579,5.510625503,6.250153848,7.313067998,3.960500867,5.558074623,6.582617703,4.974350031,5.95952773,GSM505584,Response
6.217931833,3.713082171,3.629282925,4.405178283,5.067468637,3.457634967,4.131372861,4.293308043,4.473969251,5.70101865,5.955847869,7.669563729,4.053945866,6.038614492,4.867251188,5.424839219,5.294727144,GSM505589,Non_response
6.362621238,3.789797612,4.257345076,4.673837936,5.234582993,3.7199658,6.374155712,4.155447443,3.849086063,6.419374287,5.785087302,6.294597363,3.922177648,6.442346412,4.878433085,5.569162726,5.166466979,GSM505591,Non_response
6.418816615,5.196711855,4.008681708,4.260324935,5.240125264,3.415688359,4.481510308,3.69602689,3.576599805,5.797017772,7.103914167,10.14498522,4.197991572,5.91277108,5.381178123,5.103989561,5.125950938,GSM505594,Non_response
6.114727832,4.224800666,4.111846428,4.415046503,5.711667026,3.397609924,5.146979549,3.754898476,3.916835158,5.623634814,5.895731883,6.735322654,4.321409209,5.379347601,4.794695497,4.583867537,5.070276491,GSM505596,Non_response
6.388479081,4.126455376,3.924490737,5.476868592,5.212703491,3.544576454,3.82854374,3.826346673,4.001192344,5.147260982,6.181771274,7.539996517,4.240328301,5.354680978,5.057622893,4.405450642,4.828312691,GSM505597,Non_response
6.181894923,4.022612252,3.92292607,5.11007366,5.133987812,3.501718378,3.548916415,4.027319703,3.456183767,6.588986764,6.308751881,6.730921134,4.158891676,6.030179668,5.883307335,5.052895318,4.843375458,GSM505598,Response
5.94248443,4.607268214,4.192699461,4.560563804,5.269504675,3.302867031,3.919939117,3.815580758,3.879947238,5.743560831,6.352164702,9.263594204,4.177180494,6.019120035,5.28124431,4.738366563,5.107923085,GSM505601,Non_response
6.157653376,4.103329248,4.293182772,4.750723555,5.280151335,3.344081725,5.877083306,3.799243171,4.071696812,5.205483304,6.305788527,7.432626535,4.132552584,5.446097788,4.575093313,4.320176838,5.159935757,GSM505602,Non_response
6.532441245,4.433079859,3.718228494,6.220131251,5.24883361,3.480034815,4.333635742,4.284208142,4.191978653,6.087077249,6.290407561,9.03802449,3.894642239,6.246498082,4.907200998,5.0729066,5.399560497,GSM505603,Non_response
6.459663597,4.387094893,4.687512639,4.644286472,5.11860847,3.493897468,5.973463106,3.832387909,3.754625685,5.41820147,6.373260879,8.439988761,4.423197194,6.119840818,4.838247008,5.279928103,4.783524433,GSM505605,Non_response
7.465096085,3.73730737,4.081615378,6.349355326,4.961041892,3.510847532,4.023068946,3.911810284,6.295820005,6.191601416,6.398544631,9.142061685,3.795899427,6.187503372,5.565496843,5.518323393,6.017669517,GSM549235,Non_response
7.440106943,3.518678025,4.192321152,4.85322997,5.236622207,3.42086792,4.162257504,4.039292129,6.596933903,6.187524668,6.313703119,8.046554808,3.933187506,6.526503846,5.915604485,5.670500411,5.272715626,GSM549239,Non_response
7.054390982,3.961878613,4.791102166,3.965669166,5.043752794,3.671441685,5.244476126,3.783960203,5.437288255,6.313280396,6.686003956,7.254325355,3.799131977,7.182515516,5.155235831,5.671016021,6.324046416,GSM549240,Response
7.689243311,3.686783676,3.818724321,5.45992831,5.034382212,3.591589713,3.908346416,4.009228038,7.405305555,6.347970546,6.102904972,8.874755778,4.063268097,6.432382508,6.332828414,4.992888082,5.949629525,GSM549241,Response
7.733885362,3.763661683,4.046459396,4.186748477,5.096250872,3.396124475,4.118593414,3.732992876,6.345496224,6.085474889,6.788277112,8.59107122,3.615928418,6.495874095,5.918958099,5.626584156,5.716994659,GSM549243,Non_response
7.052188123,3.726378866,4.553804204,3.755713325,5.221429195,3.40976903,5.499008813,4.020466454,5.416357018,6.393458545,6.726098643,7.286674562,3.814420877,7.394903389,4.621168554,5.300170257,6.151886278,GSM549247,Non_response
7.804338961,3.631262376,4.572780991,6.306557774,5.359187615,3.49109891,4.828913632,3.744391497,5.955648287,6.187929621,6.686541951,8.209850917,3.955988217,6.519957577,5.848317214,5.523863354,5.434682396,GSM549258,Response
7.297059308,3.702619527,4.772190022,6.468393609,5.129813878,3.442006822,4.42811744,3.827545195,6.411623005,6.219579782,6.593877492,8.909588361,3.824893126,6.676930765,5.687596979,5.313361585,5.546701277,GSM549259,Response
7.098941958,3.834840731,4.381295448,6.427715468,5.194085954,3.877635569,4.490774629,3.787066447,5.779344841,6.585856413,6.400504629,8.680223311,3.973457409,6.516601735,6.082965197,5.640515139,5.652326104,GSM549261,Non_response
7.085686239,3.727606915,4.498131604,6.876613246,5.183265066,3.613588351,4.493878339,4.144037121,5.805820024,5.870571855,5.956655093,8.276130454,3.836209461,6.132652387,4.788206342,6.115667582,5.402411093,GSM549264,Response
6.893413057,3.992039396,4.480387437,5.296122776,5.221429195,3.696802032,5.008399697,3.870027678,6.529060473,6.112593223,6.119110409,7.471663716,4.150718192,6.020593942,6.205553757,5.207495964,5.693258091,GSM549266,Non_response
6.972972422,4.118351259,4.222325695,4.860716757,5.568006862,3.478127799,4.646829578,3.849034839,7.268570075,5.629971258,6.016667625,7.921984936,4.316324498,6.563476438,5.458663041,4.664348001,5.464479866,GSM549268,Non_response
6.318723477,4.020798486,4.229129667,3.528348997,5.244581749,3.365096348,3.481486196,3.973619788,4.919410556,6.409255918,6.303470135,5.847503567,3.819048082,6.705622068,5.451495857,5.070618334,4.932800184,GSM549269,Non_response
6.610503844,3.981911437,4.323928615,4.512951978,5.29978775,3.519532588,5.136933709,3.968282768,5.152983658,5.375906688,6.356289219,6.588592455,3.918444958,6.133683589,4.846666925,5.02843742,4.782907249,GSM549270,Non_response
6.087492944,3.890256943,3.979579161,6.33632014,5.544436769,3.569138608,4.482505268,3.806197565,5.320953278,6.597836485,6.398520154,5.821032978,4.219893571,5.694994729,4.725942307,5.116711165,4.92220093,GSM549272,Non_response
7.198937263,3.905147836,4.004507094,6.331633651,5.255654566,3.414413498,4.109130361,3.88272688,5.009177659,5.773550935,6.196304254,6.595559499,4.040689706,6.175248963,4.623617894,5.181203679,5.934414099,GSM549274,Non_response
6.801257309,3.987458424,3.897380732,5.135745601,5.168577167,3.323397793,3.722170518,3.853501036,5.770882487,5.788468373,6.536299335,6.733008175,4.143558408,5.830557674,5.383569704,4.52128795,4.771308131,GSM549275,Non_response
6.765608527,3.859731432,4.34071687,3.528638545,5.322172887,3.987820969,5.567056481,3.755167855,4.79927979,6.650425372,6.536299335,6.696818695,4.108997145,6.716723339,5.198402116,5.174782239,5.392486352,GSM549276,Non_response
6.284295674,4.308159565,4.184568686,4.642860524,5.606866428,3.377962609,4.41197566,3.969649059,5.064504228,5.880760319,5.654859232,7.224080418,4.186685938,5.911255277,5.295642663,4.855478187,5.03276073,GSM549277,Non_response
6.628399214,3.866373583,3.982854225,4.547989721,5.3081089,4.033214959,5.11252685,3.902286818,5.719812123,5.753493188,6.226929043,7.276055163,4.173288751,6.841665579,5.169297003,4.998863804,4.847444367,GSM549279,Non_response
6.990407384,3.9396867,4.345724666,3.847654059,5.507901409,3.374107562,5.823386287,3.583040972,5.111253148,5.185169371,6.438184486,6.748514864,4.124758246,6.104608982,4.771150146,5.450080461,5.324157045,GSM549280,Non_response
6.805363724,4.236945272,4.29029197,4.771658263,5.301670648,3.336696747,4.272195939,3.86824168,7.457257879,5.353689996,6.025056685,7.823023515,4.103949101,6.435479917,5.363869128,4.588978203,5.413038292,GSM549281,Non_response
6.850527996,3.868696197,4.177954062,4.793302289,5.155702414,3.388713096,4.224978177,3.776736277,5.811364692,6.157429851,6.541790401,6.915670211,4.146321957,6.219808443,4.854140606,5.228467378,4.895254499,GSM549283,Non_response
8.075019987,4.012718605,4.360681748,7.060499761,5.067278706,3.576405745,5.386619028,3.815617532,4.5411073,5.900979093,6.545276437,7.118795368,3.875339431,6.253452655,6.066817082,5.238684114,5.784804464,GSM549284,Non_response
7.414737657,4.189739149,4.082070914,5.436314471,5.282975462,3.55619938,4.045814262,3.98290016,6.276016756,5.992117116,6.828819612,8.226494789,4.034731941,6.472614818,5.406945352,5.005033193,5.534496615,GSM549285,Non_response
6.356326566,3.952264763,4.051216775,5.627757962,5.214595211,3.422113083,4.113087299,3.982253049,5.111974396,6.617073152,6.210049248,6.018754559,3.926983914,6.243147996,6.373292006,4.792696735,5.399939342,GSM549286,Response
6.654909585,4.096442773,4.325706462,5.023423783,5.306014642,3.749748088,5.230579224,3.746955474,5.355634773,6.118276089,6.38160701,6.682237063,4.307576537,6.329063329,5.068941863,5.344295617,5.478048273,GSM549288,Non_response
6.094681043,3.706009237,4.245372588,6.962094726,5.071363716,3.642787792,4.472082123,3.978188665,4.735871736,6.588657811,5.951656271,5.725572299,3.744245082,5.851248031,5.344913004,5.986264302,4.822368544,GSM549292,Non_response
7.316833051,3.763806941,4.180928841,3.901388861,5.257825003,3.309775367,5.457053766,3.941069856,4.942618663,6.250537025,5.895305466,6.309367755,3.721848978,6.473867641,5.239779818,6.182970285,5.037573654,GSM549293,Non_response
6.387775992,3.795803687,4.453704321,3.747383455,5.52042606,3.758749451,4.91760735,3.673055688,5.314363341,5.906181672,6.206778652,7.090118283,3.962381523,5.730439358,5.391944086,5.195381364,5.035009686,GSM549294,Non_response
6.641831709,3.744091514,4.35213266,5.08779893,5.554708552,3.74448637,4.382268244,3.777150349,4.986913826,6.143242545,6.207138554,6.563356884,4.071084022,5.523007199,5.200557742,4.96877835,5.104167873,GSM549295,Non_response
7.008576076,4.178750548,4.240531135,7.584624922,5.635453936,3.478232838,3.668345343,3.776683622,5.275738712,6.446057119,6.285809168,6.901308741,4.055618617,5.674364637,5.190127107,4.791117662,5.113362969,GSM549297,Non_response
6.952267041,3.685424992,4.209802801,5.541269855,5.20824869,3.471006633,4.354423676,3.924292462,5.698002387,5.748022864,5.807077707,6.7856496,3.709060822,5.880392259,5.50761983,5.271868854,5.32375452,GSM549299,Non_response
7.061278194,4.109733444,4.362694654,4.486824083,5.545354829,3.343567153,6.248395033,3.67657978,5.014948934,5.53238603,6.447161829,6.049820913,4.107374705,5.354887378,4.734111309,4.809275538,5.068704643,GSM549300,Non_response
6.601090088,4.283773581,4.511112172,4.813359547,5.834404865,3.608829774,3.868299203,3.839683444,5.414545674,5.670953975,6.428716393,7.367400884,4.411562279,5.693101361,5.779706275,4.391853048,5.035194731,GSM549301,Non_response
6.492461934,3.721963648,4.349774407,4.308853515,5.095109147,3.613274291,5.138486669,3.944832795,5.011409806,6.527311679,6.084374564,6.159542209,3.957353487,6.189987151,4.822910653,5.012955056,5.842069126,GSM549302,Non_response
6.878456571,3.673787419,5.041552108,3.312630547,5.365670457,3.654407061,6.694600138,3.891317872,4.872626114,6.13733069,5.850249317,5.827811879,3.824968268,6.693575592,5.913013395,6.391742288,6.640135275,GSM549304,Non_response
6.219174975,3.969598968,4.244994949,3.300684943,5.403683663,3.531131666,4.302571284,3.967297987,5.063511875,6.100976528,5.97667725,6.15190385,3.862937383,5.503768665,4.306492884,5.347131791,5.002883257,GSM549305,Non_response
6.662682493,4.136774259,4.629186166,4.134336865,5.491063402,3.314614775,4.979385133,3.892768325,5.282279169,5.43589782,6.422345241,6.792007978,3.866289812,5.762551881,4.678546006,4.077394822,5.07344969,GSM549306,Response
6.442078698,3.742137311,4.728774,5.447928896,5.334213742,3.416794874,4.539797083,3.719846096,4.993892363,5.325807532,6.493469175,6.224515945,4.158707664,6.411084015,5.027768713,4.780427333,5.213679153,GSM549307,Non_response
6.8143476,3.978653441,4.623819638,4.597369877,5.71832889,3.469145538,4.027482346,3.711680421,5.162000236,5.425582924,6.208448067,7.578726923,4.515092856,5.728950013,4.958520838,4.356831759,5.51975466,GSM549308,Response
7.312005727,3.84653834,4.155646492,6.69817238,5.001399173,3.446112447,4.364177227,3.90779084,7.152623517,5.856629382,6.853522136,8.864982756,3.936339031,6.52408961,5.775754825,5.328000504,5.969755057,GSM750748,Non_response
6.339949321,3.819584107,4.160542074,6.222914559,5.467948116,3.224647172,4.392140377,3.621163706,4.637681215,5.750732883,5.746067838,6.363870439,3.792272495,5.304519683,4.624113588,4.516383101,4.820782278,GSM750753,Non_response
8.76640427790521,6.71703936664268,6.74783815309594,12.5749754874905,9.89729772675503,7.53774447130092,9.38762783040502,7.61431910038429,8.11020800861929,10.0090765785499,10.2403934433478,11.3460422154409,9.83586302245396,8.56816320117441,11.7027067104631,8.59706214200588,9.06411297208864,GSM1875975,Response
9.93864751995506,7.14913185981744,8.13217125339914,11.9464182861941,10.0701604208324,8.10294078096574,10.2771588109339,8.2271784602482,7.16723045003924,10.0123957809205,10.2699822860868,12.53440893115,9.76257403884174,9.07499395754358,8.60075255812713,8.90750603446106,10.127330279576,GSM1875979,Non_response
9.8880112778099,7.0080828973036,8.30393454224451,12.7226402583294,9.9169638064999,8.07116562303648,10.1717551684375,8.27660593258893,8.50610873745238,10.8213877185392,10.9437440819041,11.0990566310199,9.6908304199844,9.48744874437159,10.8164164305484,8.59430288465785,9.41694969746086,GSM1875982,Non_response
9.09472811343186,5.992269578637,7.61007672679883,12.4296853733111,9.80548612676941,7.6496808743701,10.0126971947176,7.77465747561555,7.32063919279886,10.8371801039845,10.7683551853922,10.767287189016,10.3984896301286,8.79209207226218,11.1366924087828,8.29037775762542,9.95479124247027,GSM1875987,Non_response
9.95646666457156,6.34394493546479,7.91510820037165,10.6781369672899,9.38600412766965,7.7328921492007,10.4744261616012,7.63247243734022,8.13761097141953,10.2451893225078,10.1355296910645,11.2472923643734,9.57437095344537,9.86619740281359,9.28855796629227,8.30093203719896,10.1965334338775,GSM1875988,Response
10.0015432496537,7.35035464594287,6.89396649286803,10.7568903746169,8.98959976105679,7.42009607264113,9.20358128453688,8.53565870567283,9.12482919758789,10.1502277442812,9.16067969597454,9.90748618141671,8.78715227506013,7.88893191346086,9.06098269760577,8.3182505467151,8.99020229601771,GSM1619387,Non_response
9.85435794020823,5.84912094201613,6.12916829258993,11.25930633973,8.91337466221747,7.44339013512436,8.92886441483308,7.85266512030788,9.3279540202494,10.2747213554714,8.86429852844265,9.93520844611581,9.22535564803326,8.74957743624937,9.18656941215222,8.13183599864913,8.00482925986942,GSM1619390,Response
9.19000903819074,7.1607746969001,6.31254059229577,10.3266326047572,9.04005971679486,7.8302802904013,9.20584964362235,7.7285493259165,8.80313666451413,10.1813440782823,9.3141921054526,9.09369567001739,9.02378184284589,8.39721965827216,8.51684583783352,9.02512649750895,9.71008954729021,GSM1619391,Non_response
9.83435059978909,7.88193495324073,6.05936386516739,11.0120881426298,8.93604272503657,7.94958483803697,8.99875502636888,8.12465668436289,9.83569864330524,10.0201511788237,9.50463739536413,10.1813412982109,8.73440495689163,8.4194938676603,9.87397916533857,8.18682423430542,8.40958344679873,GSM1619393,Response
10.4290585123789,5.8514331166906,5.729651661122,10.3807334000175,8.91716863655484,7.96752472138716,7.56137502800769,8.64964371193086,10.7966445348053,10.2894168952264,8.73568693964098,10.1669158983757,9.34046786421132,8.39144786637899,9.85765588511337,8.71367101058385,8.63706417567991,GSM1619398,Non_response
9.42377374653265,5.0141762651337,6.81507920516108,10.7861777750888,9.03597392865545,7.65981830407644,7.67057649141589,8.61785720571686,9.71915172173252,10.5953056906016,8.75688967447304,9.42295892198938,8.74919083406125,8.2453790324158,9.05543289005428,8.69346376997979,9.05888389708801,GSM1619400,Non_response
8.95970570667748,6.23377459699878,6.26873938628983,12.0535729204052,8.8687082096245,7.66938955023162,8.75887733505993,8.58211484239597,8.26765445675003,10.9310253406828,9.17666767040366,8.52248098828519,8.91511869083035,7.93406369789405,9.27846487247875,8.70180023915161,8.83426983966116,GSM1619406,Non_response
9.50179943613253,6.40018531368357,6.93565172256366,11.193252028228,8.84711815827057,7.27055742113973,8.83893982321098,8.17961507242827,8.83709067458692,9.9771320128454,9.33780703042148,9.10717965916377,9.51573799306687,9.04222625428786,9.3039218662193,8.43006690704268,8.92891566087637,GSM1619408,Response
9.28219520987162,7.12197188654006,6.99690415746929,10.5000565957594,9.31008700883176,7.75751988111059,9.56131623506478,8.01477773747354,8.34687528960477,9.79796715194783,10.0491171008287,8.90756618183475,8.69454462390104,8.94839408800144,8.77422534940777,8.93312452533954,8.46512243364391,GSM1619409,Response
9.03945613845613,5.90861427936114,6.28238298593486,11.6253745731145,8.61176266697897,7.16197057701944,8.49921335446985,8.32431949667878,9.41811420550368,9.82188311654453,8.77704195973807,9.30223813679047,8.69697308117675,7.69772756767394,8.77489220580832,8.27042017622408,7.73464635051455,GSM1619413,Non_response
9.44800213283109,8.57457853339695,6.59948658072465,12.4800603151183,9.07191475071576,7.79683272543755,8.54389097004126,8.23097725251352,9.29014479070143,10.5869037343033,9.41321831150751,9.0784051701405,8.59048441851976,8.30523754311018,9.87243428058393,8.75523637620949,9.33604443466577,GSM1619420,Response
9.03355055864396,7.18519378465568,7.1144104032753,11.9011465953404,9.44371298824319,6.70835411998974,9.56844866713917,7.98877687783621,9.67332034740189,10.6027551782227,9.30440866942169,8.62502770969633,8.36873187306902,7.61279628570039,9.47987920616811,8.61135677083797,9.54806231595156,GSM1619421,Non_response
8.92248317360708,8.51918095025183,6.36149085738548,10.7767347236981,9.08620493075276,7.05439080955023,8.36248230485728,8.12966134361649,8.14386048399304,9.86038552562288,9.50147046441214,8.02936190957547,8.89570640498633,8.30892486274442,8.49359707284105,7.82921423327029,8.43574735354913,GSM1619422,Response
8.7240123721184,6.47595909437367,5.90792653286153,9.60134471206253,9.05402862500777,6.45053545709041,10.1358085118159,7.40764518814159,7.68185833569669,9.97595880532857,8.95701335760052,8.5419191958108,8.68781128633853,8.26829465192452,8.44081299002708,8.12976146918647,10.3362824711715,GSM1619425,Response
9.97934444525287,7.43498925295284,6.37637369693988,11.3670682974154,9.25593676110254,6.95791497073026,8.38887561981814,7.73401004402619,8.36609159046024,9.91158520019047,9.47062181736445,8.72611592638321,9.00240939262317,8.90204106307376,8.66620463806725,7.50498232763535,8.92825588443415,GSM1619431,Non_response
9.72450683243565,7.02131284789822,6.01848568507511,9.61202815913598,8.8197936578011,6.75650146161989,7.90011358631918,7.90905323579496,9.60303920673311,9.87766128402277,8.51721346429476,9.30233994648862,8.2369512393455,8.2119236971382,9.24166734060869,7.92422843421374,8.31939509016303,GSM1619432,Non_response
9.90943381625633,7.57189364197417,6.19552857956326,11.9547205466809,8.87621010670313,8.02167287972342,8.68948209700732,8.46160368283244,10.15772694256,10.0974637180693,9.56788227963712,9.68465576858471,9.17318039113712,8.75761209071594,10.3475632283656,8.36255702090106,8.69107589440053,GSM1619434,Non_response
9.69592569535482,6.36306620394079,6.52849199783621,11.1535348013997,9.20596242921536,7.41344134202135,9.56835999437668,8.00480466341596,9.03169159525739,10.5677689746751,8.89815237510925,9.12396879771492,9.44841691594299,8.27112247929324,9.20758729197983,8.18574624060688,8.269459821169,GSM1619436,Non_response
10.2777966221035,7.57121908797664,6.77224792116771,11.1650189162703,8.98973162079423,7.36548495263673,8.86384300030056,8.00507256288189,8.73598067401157,9.50022441006436,9.34035948590701,9.6274280725017,8.65312127914524,7.17287253919628,8.39081029191794,8.52731952346298,8.43601495084977,GSM1619438,Response
10.0565466511793,7.91627368728564,7.59550819091947,11.2534572319999,9.37878721246745,7.93103361625004,9.45447678474621,7.92551786723791,10.2491889059804,9.73599673463402,10.287212001117,9.54006492972284,8.50125090479282,8.5031672996737,11.2082865868355,8.40810337644099,9.75915141814344,GSM1619440,Non_response
9.99661656052431,5.42677992264077,6.64493785689341,10.0121142292955,9.35892530375979,7.40035289377527,9.06407474473418,7.45987042362342,8.44495795562009,9.92107736786794,9.26665822330646,8.11123478790899,8.78563840529475,8.08597897376032,10.922144637607,9.03238419689243,10.0709718112789,GSM1619441,Response
9.14968388644269,6.1447010786884,6.31445299530771,11.6324288710345,8.93189916527039,7.16265647498496,9.09929725015892,7.85934175089606,9.24052184847125,9.98133178256869,9.69437424367589,8.48693572246283,9.05394944106725,8.21796893092384,9.11401328246673,8.15923800105888,8.39276896080367,GSM1619442,Non_response
10.3285577566097,8.01754357711555,7.82760748551443,12.2420918593408,8.47346982245991,7.41380201402946,10.321623746628,8.32308416170782,8.78461322233697,9.54795304162881,9.31351911561832,8.38441813159106,9.3269735427193,8.47055394483425,8.77216026336394,8.72991619155361,9.08906610310431,GSM1619443,Non_response
9.8533082474122,7.61928207861346,6.00348851553177,11.8142571012291,9.06782772425237,7.79282563741492,7.51648883590089,8.62509066039136,9.57045549580366,10.2618681836215,9.18489270939567,10.1875181048757,9.26582313019477,7.85395190582011,10.2173494104743,8.68557635652002,8.90867753296805,GSM1619447,Response
7.82492335162547,6.32401463352549,5.57052330144086,9.07664931030242,9.24527332517561,5.82085108825111,6.37553825875004,7.27471775730158,8.27390488666168,8.59555875066547,8.12205598504868,7.90538700588797,7.63839762566808,6.6110283611461,8.016517927933,7.21653940938312,9.25568982763189,GSM1619448,Response
9.74842256474073,7.63726841932658,6.65365050492822,11.8883240038235,9.13173753243992,7.56421960579292,9.60790058771416,8.32872275392988,8.62371712330603,10.1548678487505,9.64794629220306,9.35550387955042,8.86461116161053,7.89386938766534,8.5061816357941,8.37976741072307,8.65010728026485,GSM1619451,Non_response
9.3856723453196,6.03155184360362,8.14713749010451,11.0454369840143,9.26413697994557,7.87923798552787,10.3365750868027,8.10284182888466,7.96917579855187,10.5556078947211,9.18936794302791,7.64695052575346,8.631331620838,7.60251040425117,7.95208829442616,9.02204029271461,7.57076412005086,GSM1619457,Non_response
9.66221654649311,6.24978787679377,7.81561807469524,10.6663000309371,8.9230677626968,7.76095318417862,9.15175294149768,7.49995715252196,8.19805542963504,10.0114277293363,8.76860676075722,8.19549722187644,8.61206412774258,7.91907701407261,8.66051241486529,8.23484189650772,8.96447797218752,GSM1619460,Response
9.80589201405789,5.45929482424146,6.60127697206175,11.4939930354158,8.94120801296845,7.78095174152983,9.24252261821964,8.33415321697903,9.39024001209237,10.322484411766,9.12557551484818,9.44544420161327,8.98721550723097,8.37391335223137,9.49564742872731,8.46493637039863,9.20209068027439,GSM1619462,Non_response
9.48069180233889,6.66771470210591,6.61380279517315,11.4017389649908,9.01556065577291,7.90179170050856,8.96727598174171,8.813402920669,9.70825029098432,10.2231512918007,9.26835782291453,9.29725115325584,9.34363156649835,8.88037234230343,9.77119328545433,8.17287120826376,9.34248649050883,GSM1619464,Non_response
9.64309384494702,6.27285853631698,7.07338272766763,11.756043369335,9.30830825483268,6.74397823417628,9.35188157033171,7.77456564918279,8.12885497734717,10.141831454873,9.11091356878982,8.28594519310405,8.65602895382763,8.35761946646788,8.93029412917919,8.17504004009714,8.5652401732357,GSM1619465,Non_response
9.35238030720777,6.77282241275948,6.20648304537713,12.1710339096491,9.11977974869697,7.95738690456256,8.69988674237623,8.18797300739063,8.94549999450822,10.4214697394552,9.57646172905821,9.01700883075753,8.28592928828394,6.91363723071394,9.26182271924009,8.76964711355762,7.66940383505622,GSM1619468,Non_response
9.49954716489888,5.76504308485969,6.59164259850593,12.248831383078,8.67777205662115,8.39606027503201,7.31997262350167,8.93455193379538,9.62339020999439,10.6855203953827,9.35320678819392,9.52042600887346,9.80219837791435,8.07217000490989,9.80263218984842,8.60526233197247,10.1023308003173,GSM1619470,Response
9.52429131149806,6.33939768387093,6.31399319920686,11.7768842840861,8.92995002245052,7.82045917650127,7.99767206204992,8.3456362175714,8.9390719133287,10.7886993111455,9.13465763230719,9.53955481010509,9.27196363937587,8.30251928590463,9.61099983375341,8.72369163671413,9.07549987862727,GSM1619471,Non_response
8.51571102973469,6.12016731436217,5.15991808833834,8.72861147089505,8.68663183707708,6.54690402538045,6.57176411267751,6.99003238332404,9.10351620850104,8.97082223906539,10.2013356840803,11.1556201528071,8.35706511484396,8.09583562509579,7.85066781576639,7.77708738578147,10.6137028827814,GSM1875901,Response
8.25540759482594,8.15639392168848,7.04252936875103,10.7477323096497,8.90085792709779,5.55443271452295,6.18350975627679,6.30339253724293,8.04740249212789,8.34726290730944,10.0953832336574,10.2460751169283,8.44925476706519,6.70929711335527,12.4655665715637,8.01865102655532,8.50660098500215,GSM1875903,Non_response
9.25430615990089,7.1139868545937,6.30366724133791,12.1854019922656,9.67503290733398,7.04807631189857,9.2260009872717,7.5349830275643,7.71500147506387,9.47034962544927,10.0971364142341,10.4327613729371,8.59532253448079,8.12542301604813,10.4672430576858,8.08581775350044,8.5632521078426,GSM1875904,Response
10.065058704148,6.97524383235458,8.34570378736853,12.568554276223,9.52081568752283,7.50204314755793,10.0576462328133,7.37133406342913,7.41643310992904,9.98789577584089,9.94105020933874,9.94045205593223,10.1638932034608,9.06178649456675,11.0190755240749,7.52359181876682,9.81796496340108,GSM1875905,Non_response
9.52618625593051,6.84497765490638,7.14958939586461,12.1354941624802,9.74921959911994,7.65952099899102,9.73129463643141,7.61025117119204,7.08319849121373,9.65949506002858,10.1584199689302,11.3389493192409,9.37554795714874,8.5110724896761,11.4897427731896,8.01321281681178,9.64885729354737,GSM1875906,Non_response
9.68125341101225,6.83040806893437,7.38844144427645,12.5764159081425,9.6073985037148,7.36652827317201,8.94012615229452,7.88493475457812,8.41589291928255,9.71590890146759,9.94444044954778,9.74897982985168,9.46777104897891,8.54427126360715,10.1434803243396,7.98632779135002,8.65349590482366,GSM1875908,Non_response
8.92180926191006,6.27244101118858,6.0094893778847,11.6673933820785,9.70769449693286,7.14284094496078,7.03302400925992,7.92370396131768,9.19788975783157,9.7129491290528,10.0296717244096,11.0463973263921,8.72624480066925,8.68853708723908,8.02107496895101,8.00357587921579,10.4685439221204,GSM1875909,Response
9.04994245884678,6.22849391396928,6.13874948088126,11.6962220177345,9.57420940729805,7.61717153966535,7.44575320326028,8.21480158006123,9.04088920493191,10.0662895601781,9.79961432273748,10.8897565985379,8.76196948146752,9.07428219662205,7.91685671850748,8.16810143508216,10.7500704581741,GSM1875910,Non_response
9.29719144774632,7.21262155419009,5.82093336595376,10.9769455715599,9.35115424865731,6.37841669100734,7.07009075265532,7.95716253702164,9.18463480136011,9.96867922115219,9.80607226987545,11.0492590688219,8.91380665777819,8.26676595837643,10.2210322148171,7.64472835331961,8.27966220261008,GSM1875911,Response
9.26097264389677,6.65644087971894,5.68321578477684,11.1643323045607,9.18726903330298,7.08449542697517,7.46638451683626,8.35054874986595,9.2869153054645,10.0152201982033,9.70784455685871,10.9338006190143,8.8374407543242,8.40843568419876,9.87193775001688,7.49382946736672,8.33649170283909,GSM1875912,Response
9.00245155950143,5.82869892736393,7.32595889372472,11.7479136104604,9.40053244007104,6.61564830767457,8.80782564057442,6.88445459294724,6.5810693065619,9.32088732798989,10.2699619555517,11.9556149670026,9.33713630727535,7.44110300110717,9.59717693459406,8.01822475521958,9.55914103286389,GSM1875913,Non_response
8.56956322141884,6.53163322294437,6.47855610098255,11.521242847428,9.03711239167658,5.8339460685739,8.07058221590358,7.16263737984302,6.27627286958233,9.12662176500881,10.2734604340878,11.2268065801766,8.87988406557805,6.78985911828745,9.32570441822511,7.98603882917341,9.7804161968811,GSM1875915,Response
9.46393173245542,7.08442034519843,7.0102585621686,12.266012598017,9.78956206442889,7.68175655226558,9.42379200618073,7.63557885812244,7.16181124523378,9.66054925765371,10.2724461031158,11.4985791390903,9.22674484950852,8.46882966263269,11.4926213832645,8.00525420997811,9.63422606322078,GSM1875921,Non_response
8.21734482473387,6.5205251056749,6.41795124581805,11.4411710314503,8.98032160029447,5.89830868037723,8.27376958465947,6.94491664144818,6.66469788022386,9.28706505952433,10.4549597245782,11.3959088560436,8.76226426880068,6.63859724008347,9.50773855985884,7.65052787755395,9.68363405159363,GSM1875922,Non_response
8.78063898827455,6.29342198993763,5.80511940517999,10.9594524200036,10.0161445603066,6.3647453664759,9.29534416381641,6.15791739828932,7.04632537854292,8.78282018305688,10.802743573025,9.66497869023527,8.22368435432411,6.63745860401448,7.17576762751481,7.52586339079437,8.82260040931235,GSM1875925,Non_response
8.27892084116089,6.22911390158118,6.32397472989466,10.9507429517737,10.0069340161644,6.60647260690413,9.55749517312775,6.34308737890727,7.02210387000456,8.64599963774963,10.9255980354208,10.1576767672535,8.44984596166791,6.66540139512026,7.48223924689073,7.7012016359628,9.13599885705414,GSM1875926,Non_response
8.45559990637413,6.21994157105017,6.13893891181334,11.0614842363691,10.0787059585576,6.67148852610095,9.42433344389436,6.45507890740329,6.99852009640058,8.96778549033574,10.9743788686132,9.6848318896974,8.39929955061877,7.26180440063702,7.33949939609109,7.92216053338451,8.85906645456865,GSM1875927,Non_response
9.15634624789566,6.73865870140718,6.09575977301591,12.2779894316394,9.30482977990305,5.93414347968269,9.04926510793527,7.11399012255504,6.88441875397215,9.85875328604862,10.0979544082204,10.6093394067021,9.30636511111575,7.4349010847996,11.9591327371542,7.61521698876185,10.0491682211376,GSM1875928,Non_response
9.51064845612922,6.99880145461094,7.39104296365268,10.9846564114976,9.93388667663692,6.45434684961954,10.4938101657941,7.310323181503,6.58696433072797,9.83982901179129,9.4351798673026,11.6939859509276,9.2842407375167,8.54489217318733,10.2652715175278,7.67260767989977,9.65976334255215,GSM1875930,Non_response
8.60355484543431,6.94613646832505,6.39957449538952,11.3164597891336,9.40457161040444,5.80861736482838,8.08535731853426,6.64874437527605,6.87404527801818,9.64982633391203,10.1584326256452,10.8648338387005,7.65671670367711,7.97528245851129,10.4927302715762,7.1166372710969,8.24914165099799,GSM1875931,Response
9.82030858041493,6.74597796734372,7.91655288525568,12.597065743769,9.78423785673925,7.33458026090179,9.72371178886746,7.43364908377703,7.41423130000583,9.81236587584211,10.0027062929985,9.76251454131997,9.8608441250296,8.85966010473367,10.8428578604284,7.93215466996871,9.53809119587932,GSM1875933,Response
8.56013219969755,6.89185724653844,6.36278623098123,10.7092735588327,9.74654355070469,4.98274344213182,9.87293053080919,6.35018114136764,5.65652200336729,9.83607457081421,8.47660663130722,11.0607806028776,8.23649465469693,6.66215875090338,9.91914297965095,7.60166002168373,9.80817023206702,GSM1875934,Non_response
8.78880123492767,6.39715885536896,6.49672605512622,11.3034746371345,9.62653583445471,6.53042608038381,8.77606528014942,7.12336009597535,7.02179906504214,9.34830002143352,10.5097554648768,11.2019322582497,8.43411814234926,7.72760550959688,11.0334475994151,7.36592233360101,8.63327315625258,GSM1875936,Response
9.4209309708535,7.35498844144425,6.81929453210212,11.9654941177422,9.48807044222847,7.32878208359378,9.64699374407137,7.41909292268706,8.04384679764578,9.76927991183813,10.0066356814155,10.9817810794118,9.70769317818357,8.77773630663247,11.421976733526,7.72033486516792,9.35384544360081,GSM1875939,Non_response
9.55650126051898,7.20529185962035,6.75963758427962,12.0260670160531,9.62439821060633,7.38722350681898,9.73492907273635,7.49692172082936,8.1178254564162,9.83222638351984,10.1106571806492,10.9624604022886,9.61591482300037,8.92155311494943,11.4371128955808,7.80875865848638,9.47570286607952,GSM1875940,Response
9.87550717995306,6.96103384822091,8.26589086111839,11.991485852967,9.67283832388458,8.5234539965246,9.99213146880299,7.77011703638014,7.85700259991254,9.52600585005043,10.0520926410655,11.8753096019218,10.2130311614035,9.41730932081082,11.0093732729264,8.36770028437209,10.7371090077949,GSM1875941,Response
10.3917622795654,7.26535166354253,7.95099049167582,11.536660126899,9.06570454591362,7.38447791887229,9.01672581322377,7.73901257813033,9.62760035050388,10.2246723157013,10.3648149467661,11.1422957039573,9.6530949768478,9.36098623540353,11.2005718879267,7.24165616869848,9.61684475922007,GSM1875942,Response
9.95314294194649,6.67026848104472,7.62395028724715,11.7964457092041,9.81181863885136,8.04646038900851,9.57330116516001,7.90140803452883,8.49192478594592,10.2605880919039,10.3903928046933,11.6268744873647,10.143046890225,8.69680635608066,11.8188834035842,8.25644090898701,9.99269689907348,GSM1875943,Response
9.68597548546492,6.78843179691041,7.32848718801156,12.0069506146117,9.76484964524209,8.17078413510948,9.46246222522571,7.70984925945002,8.03885278189219,10.3328496832071,10.5825945984832,11.0017379572654,9.6276947663472,9.40453357952867,8.44504973838115,7.85174201005258,9.49419543823273,GSM1875944,Non_response
9.55715667277257,7.1546347546794,7.89949733368789,12.2302723077134,10.0103337811751,7.93707642518676,9.79519157810981,7.82503286992438,7.92792947427946,10.3437959620105,10.6873078697501,10.8193520524523,8.8337087609245,8.8915191630605,8.12580633336739,8.27687660235913,8.67100455787408,GSM1875945,Response
9.00113749840162,7.1554615194602,7.25696051039292,11.3506363825722,9.52980881546878,7.35587774483698,9.75258304929258,7.34238554998168,7.60470403386523,9.95479444202631,9.53773617651982,11.2594131957135,8.84307901187606,9.49198160959491,9.426823802224,8.21151969915399,9.06358005725584,GSM1875946,Response
10.1916394827483,7.00006491102636,6.82815927007418,10.7304166228098,9.51494505349889,8.09343974773024,10.0607649927691,7.68813778708546,8.72779765457643,9.7030112373405,9.4299229225157,11.7411228092963,9.5448222658191,8.7560065785464,8.82479109118511,7.85365862615171,8.90750758171829,GSM1875949,Non_response
8.92827748941463,6.53157266707275,5.6754017843968,12.6831627800989,9.64746531864811,6.61072639357173,8.15775762608033,7.33841854195958,7.46142243135313,9.86647726087011,9.9087443176624,11.3090844540601,8.99189918379248,7.23249419494828,11.8984767765922,7.52705275836964,8.90910920827018,GSM1875950,Response
9.73122419390733,6.5271469552444,7.90350026887576,11.8909184565999,9.73561159130017,7.00442944155854,9.99720838916268,6.94774365826788,7.89189728884801,9.6242946745744,10.4508049240337,10.7571749984091,9.12779165390237,9.23162727272625,9.74068810489324,8.17981426598122,9.62091264473182,GSM1875951,Non_response
9.3008224790972,6.6619390235589,8.65980413205805,12.166617554265,9.91096389103496,7.33252079270569,10.2271732404946,7.13799191065332,7.21170052305856,10.4431074118923,10.2738294933343,7.63770011610807,9.47043681074699,9.00366734501584,8.22726281470384,8.00941321829266,8.80490198882121,GSM1875953,Non_response
8.51532066619291,7.38413221149926,6.47607485470525,11.0173560826725,8.52318852906631,5.54863941557788,9.0629560497064,7.21092960984034,7.27880336190595,10.5252725625283,9.94154035662291,10.4914481866898,8.76898927326985,9.05924446798525,8.81782034960772,7.72508060379926,9.62955260119864,GSM1875957,Response
9.81803583207548,6.52278947710752,7.3117957592301,11.9126148436534,9.68018669914141,7.8100259968952,9.68647441484425,7.88137720142481,8.19831679707917,10.3239606570407,10.5254212208468,11.216387530864,8.85558107926871,9.37761330474097,8.79213123244372,8.28420701229883,10.2693085752166,GSM1875958,Response
9.63200818335408,7.44777979937348,8.38851902638981,11.0648039335546,10.2523575041136,7.08563344053873,10.9300779182229,7.74932209215625,6.48043758615386,10.2835906498918,10.3683641240162,11.8184280288824,9.62198149937197,8.53696850089152,9.57009574601551,8.67650159907838,9.89874053369894,GSM1875960,Non_response
8.50322202926568,7.13042766351925,6.81285858728428,11.5861104997004,8.9902887889399,6.68505019079116,10.737063504466,8.07732253739409,6.73794456369135,10.5686454869292,9.92857113665545,10.5322550958554,8.63982576644474,8.85546616386535,10.832791611446,8.33347883983168,9.29395259607205,GSM1875961,Non_response
9.93685304173048,7.34443758076251,8.00110746938173,11.5366031180394,9.64402360036685,7.50838052544342,10.5828808255279,7.74954291264762,8.28353456792192,10.5552121125972,10.1758346035183,10.2427930533919,10.3726998627047,9.42095096170441,10.7850837490137,8.05544802501847,10.1479465974711,GSM1875962,Response
9.88519238053439,6.55913988032806,7.20313674987724,10.8813935153989,9.59750984543706,7.04272493382331,10.4943518977082,8.1985392036875,8.38686043928191,10.2226662147548,9.83867633012761,11.0755788790722,10.5574356895297,9.02379242348168,9.25996135830145,8.02065160390099,9.45632414925283,GSM1875963,Response
9.62068649035473,6.72983833720359,7.16396646940792,12.0206331513442,9.60002636006912,7.59819647038133,9.36248546405646,8.1366481382334,8.5554510807237,10.2303283515132,9.75015911223353,9.92554491633672,9.48684429105579,9.52189592718237,9.49711060074727,8.32892051143125,10.2170457447435,GSM1875964,Non_response
9.87470961976332,6.43740738789841,7.42823488416662,11.8837913674661,9.09124552990044,8.31415724231696,9.43313816705889,7.78441869687897,5.9206165362314,10.1976704671716,10.2922092065457,9.56898752128681,10.8376507785284,9.63126617115363,8.0744035103694,8.56735258687506,9.99824267464352,GSM1875965,Non_response
9.85071879113846,6.54045771773832,7.49822527917989,11.9972198593514,9.40749305234308,7.64007302296215,9.53959493189106,7.57238063268453,8.99189324790608,8.98707873151993,10.1954492044352,11.9945364785782,9.16543529514194,8.58358026339235,8.91653168700531,8.61955431760441,9.45101011740583,GSM1875966,Response
10.4086299640314,6.90083978457778,8.44335366964806,12.5266275204208,9.89110773809245,7.51441509827229,9.81063537906968,6.80879101321317,6.48309609901676,10.1451829127209,9.94878302161732,11.3712595713631,10.0975047728299,8.40547853625524,11.3646137832238,8.62116030082584,9.47073804890369,GSM1875967,Non_response
9.86615921160449,6.50092101193392,7.16963886693273,11.655337249237,9.79159453256514,6.44811380837105,9.3926463132673,7.59000316629273,7.99651436248066,9.91349580563089,9.6833106082657,10.8300151653749,9.10884625415405,9.21010619116633,8.36903996664142,7.88208556694787,9.25581078712449,GSM1875968,Non_response
8.95531314954301,6.21511129677537,7.40702045799882,12.5681015915067,9.94766925213558,6.92500136283001,9.45560597434721,7.12532643970941,7.83505834492832,9.89784668330018,10.4030372431615,11.1195481142995,9.73950488969534,8.34138918419863,8.27269803399142,8.18598321651194,9.90064944632998,GSM1875971,Response
9.11305645741137,7.09406785816032,8.0555205460859,8.81796014765872,9.81524677545065,8.11709844427768,10.6259487789178,8.26335262741501,6.23741309979053,10.2855130085648,10.4533412741634,11.9009180039332,9.23560622677029,8.54632596651794,8.22431301409713,8.60294424266617,9.80137132383101,GSM1875973,Non_response
9.55373446509717,6.76110505417672,7.59427121064767,12.2791918237159,9.02423130909621,7.15513119629299,9.97075175292806,7.57942766414961,7.246860262765,9.90620405261159,10.5971386789851,11.2049361918539,9.62121959792183,8.57532019068754,10.8555393681264,8.14935969507527,8.99958083330377,GSM1875974,Non_response
8.79658326315669,6.30100404939858,7.35105968888661,12.3282921451192,9.89340745126322,7.74385020837523,10.3847304508196,8.14084811315837,8.62649467664169,10.2838402734592,10.1419063792214,11.0043575296591,9.96507523112674,9.16579996470976,9.69807591851813,8.2449586770086,9.95234153313868,GSM1875976,Non_response
10.0535181270711,6.44676214357244,8.83336457198282,12.7931788552024,10.1750060145069,7.79574120744488,10.6771020614317,8.1022443358818,5.75076077876733,10.6104435063435,10.2065176972446,11.1225840129596,10.4277609310043,9.23247946031721,11.2260224936452,9.1795510988454,9.60240238513743,GSM1875977,Non_response
9.60555052441133,6.59700723344372,8.77508851716896,12.5977550740736,10.3167471223478,8.07665210197773,10.4951758112865,8.15615919855004,8.40687731399743,10.5896448698793,10.3248426776346,11.2534118189821,9.53293664252259,9.1091150221339,8.12056196801102,9.01964046110169,10.7158345130235,GSM1875978,Non_response
10.1816494115116,5.90514177158159,6.6821976109375,11.5879979673854,9.66343102981687,8.53308675182355,9.14953676038039,8.11134112494774,10.0953789719078,10.1850759529376,10.1820157153543,12.1491992648689,9.53655693790915,9.10305573134739,9.37022347023524,8.30567111510739,9.55422633217473,GSM1875980,Response
9.64927846253015,6.33764693682819,7.66010275050461,12.0742512781555,9.60979404396578,7.93464805918344,10.2857901874244,7.57019359745239,6.75415541764347,9.87564522180058,10.0637648057641,11.4809825980943,10.3767990876442,9.27554770914199,9.06687201662417,8.26959430031074,9.27830353242843,GSM1875983,Non_response
9.5271863057105,7.17036980536875,8.22335068839717,11.6773726920581,10.1872829916903,7.71564454331505,10.5972244098461,7.74994246961465,7.40387951759894,9.80283384840385,9.92542839637684,10.9253830314029,9.16826740900866,9.20784687034132,8.20193185087462,8.08242542361398,9.255295425843,GSM1875991,Response
10.454705451997,6.54076419969537,6.90639606163549,11.7671730558222,9.42467306768342,8.33171532723004,8.89536588984562,7.78440059920781,10.1203964677132,10.3857626800218,10.0747481842912,10.7669768036287,9.44216279713417,9.1735607808852,8.94086488287228,8.23825503341914,8.93460618962342,GSM1875993,Non_response
9.60760939628631,8.81678053962562,7.22809084469167,12.0432992002848,9.90318181983863,7.89041307352129,9.09846727507303,7.62997200793322,7.29085723261326,9.88012310354357,10.1423750183931,10.9144569718474,9.35662156643271,8.8144275484131,10.4423175801821,7.88266698480548,9.43249564965961,GSM1875998,Non_response
9.23506983346588,5.74233383449296,6.69425465621148,12.0821367835202,9.2342790848359,7.87841870162988,10.2125676738411,8.69129457378323,6.08876367701098,10.6871707039921,10.1672772247211,11.0805801174663,10.5068200032237,9.28379917383312,12.2675962797672,8.10767229194555,10.6000258953816,GSM1876011,Response
9.34654044609755,6.17379910505761,7.61740037670872,12.7371269546388,9.69610129678547,7.94724093260005,10.5213850451804,8.0416407459106,7.74854618633307,10.120556736846,10.7879955900915,12.1671791098457,10.0447534282452,9.68697775261989,10.056512696184,7.62114807941935,9.04538098400847,GSM1876012,Response
9.41164375940035,6.73852947470924,7.27931041191289,11.932302872507,9.091024638139,7.80524882850158,9.71132234306324,7.57033361015147,8.89117864987607,10.1660067199902,9.79471104883016,11.2693017900327,9.66223932804258,8.86251312683786,11.5337418301706,7.98848057509979,10.2898163009639,GSM1876013,Response
7.559096408,3.785143035,4.4000944,6.149002617,4.747669435,3.49109891,3.98943133,3.911867226,5.740218702,5.893496548,7.060233195,9.150614346,4.062682303,6.405978649,6.837975299,5.458880077,6.05996899,GSM549230,Response
7.067054754,4.24468552,4.178530203,3.909703491,4.964679406,3.670637831,4.275975861,3.924481102,5.984496716,5.591354066,6.667878966,9.164039487,3.88606186,6.3370848,5.827035571,5.05974543,5.452815518,GSM549231,Response
7.068581345,4.03601273,4.623475942,7.259058575,5.196002646,3.301155196,4.688966728,3.815617532,5.350221333,5.777700102,6.60609264,6.791450252,3.838917429,5.657173202,5.969715131,5.397388734,5.250693735,GSM549232,Response
7.930539817,3.799252231,4.678214868,6.962287663,5.176937922,3.657868582,4.526443563,3.709580951,5.863956352,5.571610656,7.257548208,8.223673028,3.987906701,6.465550667,5.947814941,5.801070934,6.070319462,GSM549233,Non_response
8.545568554,3.8730014,4.471914296,8.350661104,5.265263577,3.469671467,6.074092016,3.868727489,6.018342526,5.55723376,7.458720924,7.229686445,3.859678123,5.361238885,5.505107194,5.174612354,8.257166836,GSM549234,Non_response
7.756770322,3.862581783,4.810885844,6.046147171,5.135099843,3.50414304,6.13695772,3.771483511,6.425334252,5.862277509,6.956857418,8.542524845,3.808025848,6.726779724,6.035226145,5.20736176,5.753136957,GSM549236,Response
7.392382536,3.849922137,5.096515851,4.797704563,5.049283285,3.385245121,5.260988771,3.742758831,5.89265616,5.851322092,6.430391194,7.877693674,3.8733264,6.485751663,5.284156492,6.500818477,6.546312653,GSM549237,Response
7.211283652,3.648504497,4.526780991,7.572375018,5.047937412,3.58264505,5.935430522,3.701370253,5.633945141,5.888505452,6.771543209,7.577362199,3.936092563,6.012988491,7.339367243,5.840314238,5.838717037,GSM549238,Response
8.151979186,3.615350167,4.392372743,6.907989335,5.04091852,3.619186964,5.889547325,3.582955149,6.171096702,5.587546984,6.703125112,7.073715885,3.930672026,7.958561885,7.832933988,5.890448127,6.685835055,GSM549242,Response
7.831574803,3.71560322,4.728118219,8.06500956,5.193319919,3.512940274,6.978678147,3.58301789,5.865022658,5.850688143,7.295970104,7.630618165,3.951545215,7.105713567,5.145221615,5.119369255,6.547145636,GSM549244,Non_response
8.731784416,3.711726767,4.549815138,5.510522777,5.080603328,3.398864705,4.282006112,4.026499691,5.825262921,5.221501489,6.792977888,6.452567971,3.919747109,6.914209538,4.961239653,6.144727187,8.449512332,GSM549245,Non_response
6.900981506,3.842564676,4.220993863,4.452006211,5.070937697,3.228447739,5.852636156,3.568508246,5.93838524,4.94903371,5.993232114,7.339585288,3.626952814,6.283786223,4.191964218,5.137874123,5.955940039,GSM549246,Non_response
8.305796829,3.507295063,4.19883565,4.256226087,5.121022769,3.537697563,4.899051349,3.682676896,5.845193149,5.834352181,7.193849191,8.376832158,3.861853899,7.038361474,7.035860473,5.754644474,6.092807196,GSM549248,Non_response
8.206134931,4.087899971,4.450770278,6.150851423,5.169756509,3.515055632,6.240494226,3.672547822,5.114072181,5.817332646,6.605085718,7.569139681,3.904625112,6.265057385,8.38699371,5.532463718,7.033663531,GSM549249,Non_response
8.914112262,3.883763802,4.822813726,5.667872198,5.086180603,3.510612376,4.661715147,3.760149702,5.665316522,5.912453653,6.944454847,8.437628107,3.663287011,6.652475715,6.178389385,5.645237884,6.836106155,GSM549250,Non_response
7.856095524,3.709104844,4.464077858,5.063610053,5.350759575,3.35064239,4.462469934,3.880606197,6.036986864,5.793632112,6.838952229,8.749860713,3.802688813,6.651184456,5.633868417,5.387434166,5.789613103,GSM549251,Response
7.485531057,3.728715759,5.328229021,4.437036699,5.151813526,3.610211286,6.042044578,3.61426625,6.18419329,5.852359264,7.317593994,7.887562293,4.129814739,6.525170453,4.998899504,5.441109167,6.862990103,GSM549252,Response
8.283892111,4.397488327,5.064574408,3.245644436,4.866868851,3.88671162,5.590146122,3.620196569,5.688542114,5.823154533,6.644792638,8.380455093,3.849877255,6.10672246,5.50761983,5.473097664,6.30472803,GSM549253,Response
7.633321517,3.755729161,3.970244057,7.900711919,5.267549292,3.461173229,5.531755118,3.873644827,7.46379506,6.337305232,6.335598085,6.490432484,4.05882127,7.120239594,6.76851408,5.251287868,7.108280289,GSM549254,Response
8.561935482,3.616934211,4.916489147,7.121250159,5.115651568,3.550888615,5.847975325,3.807500966,5.986718479,6.21847807,6.787715729,6.892914076,4.030273583,5.598873419,6.803879851,5.613632255,5.677801575,GSM549255,Response
7.656380989,3.809644574,5.510872911,8.463554226,4.955481189,3.458760578,5.026427101,3.601394511,5.784996973,5.968762959,7.516035669,7.519009099,3.91402608,6.769049487,6.12625675,5.984069601,6.256541648,GSM549256,Response
8.306649135,3.692684848,4.507431209,4.583909742,5.228657628,3.591570788,4.515605713,3.848923996,5.954287576,6.352233798,7.211727296,6.936411919,3.957962736,6.607530794,7.84710823,6.167399372,5.950408548,GSM549257,Response
8.603330099,3.708305307,4.786589447,3.499624086,4.95849651,3.507010213,4.406184261,4.102042695,8.228314095,5.665486931,6.575246274,9.173803577,3.919403436,6.89291857,6.619424498,5.152576367,6.622414426,GSM549260,Non_response
7.583088695,3.780971311,4.467080734,5.473012407,5.074590684,3.70469674,4.47005847,3.847679037,6.748593542,6.413103401,6.843977123,9.409355613,4.093922896,6.52055111,5.980066598,5.314862018,5.726514627,GSM549262,Non_response
7.488015263,3.824908396,4.347443283,5.940562173,4.879941436,3.627197859,6.023087385,3.972457856,6.251945176,6.054809591,7.243566651,9.092300871,4.084402148,6.904898309,5.964324065,5.377434569,5.964959852,GSM549263,Response
7.418091454,3.913147887,4.694620876,4.577628169,5.103390904,3.520435814,6.154024786,3.809619982,5.377271703,5.859296276,6.506163312,7.13474544,4.011003885,7.087454665,5.006066463,5.407360758,7.282451313,GSM549265,Non_response
7.896711957,4.097671975,4.839324069,6.318277453,5.359046335,3.528068348,6.225671635,3.725359283,5.147281896,5.744729731,6.731566227,7.91649425,4.431966255,6.627757584,7.30643092,6.080110876,6.204193268,GSM549267,Response
6.282838371,3.813350097,4.223307571,3.706598785,5.503460373,3.536228517,4.123695935,3.847692521,5.13339745,5.030644388,6.824551126,8.758098033,3.895317748,6.149364827,4.77705546,4.979000281,6.522089029,GSM549271,Non_response
7.288388279,4.802722986,5.163623862,5.087885267,5.957113511,3.490201,3.942200907,3.937940498,5.348766194,6.091678449,7.112203811,6.792176815,4.723712929,6.248376225,5.011919055,4.312374526,4.880910934,GSM549273,Non_response
7.198146684,4.183536635,4.966088102,4.486416758,4.980145305,3.625925282,4.645797285,3.736258064,5.548611307,5.700354036,7.116559616,7.149671858,4.00935013,6.864310724,6.625196711,5.415504342,6.514622867,GSM549278,Non_response
6.85986329,3.913247733,4.355461095,3.961382971,5.33370723,3.51961979,4.706050893,3.765427705,5.136424309,5.026209227,7.207079994,9.905301775,4.311969716,6.329140824,5.297797289,5.158111518,5.337857954,GSM549282,Non_response
7.574617496,3.955648341,5.292277841,3.984108338,5.287357763,3.49109891,5.44886316,3.764464697,5.158583887,5.583782024,6.485376156,7.176212919,4.155206222,6.27311085,5.838849444,5.317592716,5.907254891,GSM549287,Non_response
7.518872582,3.999693282,4.657082767,4.239356443,5.317411824,3.44619825,5.054432516,3.625421807,7.504300172,5.50670704,6.215321721,7.798807852,3.875555749,5.828671384,7.422030136,5.243741608,5.64164981,GSM549289,Non_response
9.572339771,4.151935038,5.247921309,4.071889022,4.835218745,3.92154271,5.878580545,3.642822138,6.336433804,5.567328569,6.510241264,8.192172917,4.341542245,7.611742739,5.282044247,5.370415139,6.499921317,GSM549290,Response
7.624729483,3.923975289,4.333540463,7.728736161,5.405501445,3.300941706,4.617787346,3.763261175,6.416564221,5.574068474,6.449574221,6.634915391,4.11633209,5.984037522,6.563652425,5.191400242,6.159220901,GSM549291,Non_response
7.490940778,3.786028069,4.850922095,5.480986195,5.181333679,3.306153899,5.718327288,3.653922727,5.251549797,5.745595801,6.383921161,6.949623931,3.685059824,6.153311782,7.05273677,5.166119796,6.387031707,GSM549296,Non_response
6.584866369,3.803518868,4.291026413,4.577041054,5.633614937,3.216436816,3.759835895,3.679709736,5.206918755,5.281759266,6.260525941,5.960589979,4.09113949,5.430418594,4.763496609,4.787272772,5.872600131,GSM549298,Non_response
6.911588254,4.037184813,4.489417242,4.95900466,5.570514479,3.106471397,4.288758472,3.856830896,5.418172329,5.764995195,6.90451372,6.453939106,4.174869884,5.45696121,5.830515283,4.415975548,5.61465865,GSM549303,Non_response
6.720486376,4.193412312,4.320896667,4.159381265,5.332397511,3.386501428,4.361745359,3.656994894,5.335838724,5.730736291,5.848800303,7.056045234,4.063938708,5.524290918,5.215275619,5.056795,5.714387394,GSM549309,Non_response
8.310508475,4.11029732,4.844205908,6.872664736,5.373580051,3.43277464,5.096008976,3.625246563,7.349094185,5.348529662,6.598045121,5.630708591,3.738090293,6.349806033,5.131767758,6.07555425,7.094938484,GSM549310,Non_response
6.971049036,4.061201052,4.305236256,4.371217942,5.208324698,3.688552958,4.544344497,3.891292096,5.609527413,5.892702393,7.036177393,6.789765663,4.145429235,5.63327919,5.41178497,5.094503892,6.258794225,GSM549311,Non_response
8.103612895,3.41497074,4.099597491,4.459954229,5.200650702,3.33390786,3.923582468,3.757282876,6.605032862,5.821060458,6.56196977,8.778467701,3.94380082,6.295547068,6.24964596,5.215059838,6.063038746,GSM750734,Response
6.856088287,3.942979213,4.375483868,5.113959464,5.277952789,3.469425417,4.293831996,3.755043244,5.789148336,5.891656168,6.748491887,7.727458861,3.917760114,6.090289492,5.166272582,4.861994261,5.046776242,GSM750735,Non_response
7.203642649,3.942520558,4.216956957,6.652614112,5.143769186,3.277818213,4.585455317,3.770815087,5.689949372,5.917172656,6.942597586,7.21216929,3.83051395,6.467722059,5.159806319,4.918795999,5.748009938,GSM750736,Non_response
6.957797493,3.788013693,4.302553162,7.045343382,5.163324127,3.347117801,5.320831565,3.85595883,4.69473896,5.947743763,6.572166924,5.621000742,3.806205562,5.964516533,4.774611022,5.911062953,5.058636921,GSM750738,Response
8.021845794,3.763350431,4.512473873,4.845288679,5.305999278,3.494530892,4.452378346,3.833746632,5.789817336,5.807038514,6.666384567,8.258181224,3.699119794,5.757360027,5.29303832,6.128807357,5.728112646,GSM750739,Non_response
7.98323184,3.734013648,4.036494913,5.273625466,5.221429195,3.4184957,4.831084179,3.852567139,6.897955137,5.587213353,6.645267951,8.388430238,3.919576377,6.543036579,5.858900157,5.940681143,5.492240086,GSM750741,Non_response
7.479466247,3.911438238,4.318178667,5.148017811,5.050016928,3.752688279,4.72858603,3.870292151,6.117926514,5.890469989,6.773798747,9.445910704,3.995572636,7.007425299,6.155010272,5.512166882,6.031215945,GSM750742,Non_response
7.542141362,3.790944106,4.313084857,7.3977777,5.071729888,3.586005148,4.830970079,4.169074336,6.223557936,5.914218579,6.557303024,7.968696881,4.096927247,6.323120088,5.197861231,5.3072202,5.433002862,GSM750743,Non_response
7.518910996,3.945550986,4.416646585,5.232513352,5.06041765,3.639279102,5.307744516,3.805762465,5.881719381,6.041991937,6.520935077,8.247172276,3.773217771,6.659241773,5.132395185,5.44698244,5.892153048,GSM750744,Non_response
7.21245504,3.654379428,4.089988581,4.205542885,4.993450655,3.345681772,5.247594763,3.828650643,5.983975423,6.387439274,6.400026609,8.965982279,3.73234946,6.741799477,5.645272935,5.384028601,5.471142957,GSM750745,Response
7.47188175,3.89886873,4.09334336,4.454475592,4.92514592,3.844637261,4.37224531,3.992823545,6.280163231,5.78017592,6.434889879,8.982220265,3.863579533,6.481119433,5.734996737,6.688827228,5.67154784,GSM750746,Response
6.949211292,4.159994052,4.095859131,5.670618756,5.480462117,3.335650299,4.373464969,3.852323907,6.011966093,4.98629928,6.119504118,7.308423689,3.998208364,6.2482359,4.902152829,5.02248177,5.947784755,GSM750749,Non_response
6.660565966,4.213594716,4.290737556,4.473615172,5.450945808,3.509369429,4.022657647,3.586915277,5.003744485,6.01391009,6.607757207,8.124788354,3.985536564,5.131702301,5.775510957,5.104676807,5.532148822,GSM750750,Non_response
6.30416017591439,4.17466567127051,4.21810945267186,4.12689198772936,5.16015494989136,3.34009931177314,4.32825358744208,3.5960095238565,4.30887775543658,4.86404969198294,5.44458935359254,6.93651293025005,3.96967770400503,5.01081918659902,5.16213862524287,4.5407460919946,4.58913769771174,GSM1050643,Non_response
6.47634135125984,4.22506976015799,4.55606280234386,5.70076739462398,5.05839531154762,3.43959625767268,6.19518357701525,3.52460287419741,3.8702896027764,5.10478156781416,5.75499624939289,6.82772591349821,3.69624278342064,5.96606446466063,4.58160913007038,4.86244679605502,5.82021266804025,GSM1050644,Response
7.30364415691413,3.90071216078055,4.4418794942183,6.96462129975754,4.94235002261581,3.25683087262426,6.31149581127202,3.70823667595354,3.91988019551247,4.90268394054467,5.61759776386896,6.2909280683685,3.51980838962627,6.78506723441845,4.41452202750142,4.92990830300235,6.28592165811052,GSM1050645,Response
6.36175005187867,3.92303906867387,4.28673913514005,5.79106172995782,5.0767911521254,3.41962358011824,5.49276056014472,3.53958519110108,3.7709822261621,5.76847730646788,5.75504063004561,6.62853663609041,3.70289179505216,5.6250863145517,4.8740651568303,4.59724708503913,5.2508128163031,GSM1050646,Non_response
6.28586285536499,3.74946769874866,4.95098894823232,6.16603672198826,4.91295600145636,3.46461421288503,6.31446305974497,3.99375432768917,4.06350312338419,6.27998868974669,5.90019523051356,7.80370202581745,3.65843952118093,5.74220013055494,4.34412713549033,5.58070731694997,4.79453967025583,GSM1050647,Non_response
6.67034984179014,4.05577727848796,3.80621701038299,5.17976906513355,4.94881724256266,3.36850317573197,4.35352362421932,3.45698756645041,3.9652225207907,4.8641977457422,6.34208657266679,8.94638371171171,3.66466146194403,5.27000297480801,4.76370197110353,4.57991102218443,5.47425540417967,GSM1050648,Response
6.86419715563443,4.48173419580584,4.409969890724,5.23091454724326,4.67674563162723,4.07887317309083,5.26921014817053,3.82800012888814,3.8653579557783,5.75756110479512,5.79918981226333,7.33907994398945,4.46085532966915,5.58000624445211,6.3400341174904,4.31827670140684,5.27562752068262,GSM1050649,Non_response
6.06268231612735,3.69015385466886,4.65310487877967,7.72254913801076,4.74603330249864,3.43569561192506,5.98457833837424,3.75805812313175,4.37128271471189,4.99986642391654,5.54703758125769,6.51447259124364,3.6536725547643,6.05097151583423,4.69881378913525,5.3055342320355,4.78084873972852,GSM1050650,Non_response
6.04189541724448,4.1855556113576,4.1630523214981,6.47245936959586,4.71640334849659,3.93506861957046,6.37620523625573,3.84970608615496,3.86389066797843,5.64939223181409,6.31195359719774,7.37879952056299,3.94997916920506,5.90223164476739,4.82880083165547,4.99576966679626,4.7354169057739,GSM1050651,Response
6.43009665379577,3.86557686119186,4.05042162401398,7.39318278174162,5.06622226221129,3.38913881525472,4.70146940303184,3.3742721313852,3.66085019179105,5.79842528479735,6.08046730911024,7.20028551150062,3.57912133897211,5.71249687971555,5.13705171803874,5.05670675805662,5.64045299318874,GSM1050652,Non_response
6.11671049536737,3.71264005892216,3.78669315691894,4.4578497670849,4.96806131410818,3.32004650164434,5.14282460524407,3.74772562930072,3.76175514740858,4.95288652661405,5.59072668365255,7.01480778969094,3.53829920615624,5.16622205723544,4.41069125851337,4.55320159770152,4.7573688500024,GSM1050653,Non_response
7.6955905906969,4.34957799776881,4.29610360599074,8.20362003625066,4.83084081148801,3.63156835404736,6.74559041787659,3.65495765588177,3.8393928101885,5.37851510469832,6.19748130063778,6.99831671181536,3.65419313797897,5.91076204277336,5.08498430981162,6.63770020227689,5.61889541425492,GSM1050654,Response
6.74130065023144,4.14576539505579,4.24969337947162,5.73059650984285,4.77504434786312,3.39021461392147,5.74564016457427,3.48906554296215,3.8267108332993,5.31115739378749,6.12639149343008,6.47154040325074,3.79576033349041,5.70109388012125,4.48060373632732,4.76284577953269,5.9442596654896,GSM1050655,Response
6.66604232744684,3.66508578252133,4.35564815006562,6.3651402422792,4.83506351732064,3.57125995358293,6.19012868692599,3.44762020122454,4.21161529194135,5.54591550725557,6.48894779747493,8.94225292095448,3.43568720023992,5.88083373398628,4.71602195787844,6.09063031747668,4.93616347174919,GSM1050656,Non_response
6.61183994778239,4.04624348359218,4.50725305156737,4.10732674956142,5.07174743475743,3.4294257758294,4.75749313983413,3.42976174382566,3.90512054225725,5.66550230592282,5.96639983047365,6.56984766568074,3.73147933228177,5.96722172586304,4.12641774346688,4.85848633424335,5.44230752028268,GSM1050657,Response
6.51698868854079,4.23362465812045,3.8659086072989,5.7268491623321,4.80707866481742,3.31479896697322,4.62470999421384,3.70948465164264,4.08552778118697,5.41747107925714,6.39583811510321,6.53307962492745,3.70248517205351,6.55380887005111,4.59228145025956,4.80106197008966,5.25030110036618,GSM1050658,Response
6.20398626077899,3.86759221619286,4.1515216956692,4.41677545281966,5.10429641740025,3.26904842096165,5.25289033487331,3.5740928350916,4.48097099652331,5.20463888795421,5.88002268248955,8.13715756963268,3.65773997659023,5.09585094879467,4.45692336872197,4.28987407334888,5.32584498148782,GSM1050659,Response
6.86024633693936,3.9993991746453,4.65013826994775,6.51493500636764,5.14436078675243,3.22681986924057,4.7704885898569,3.32598225078944,4.02191238229454,5.2674457191418,6.0519241109519,6.77820914990564,3.49307238202211,6.47865723035515,4.51616692909927,4.76835889889027,5.83434954677349,GSM1050660,Non_response
6.46707226133594,4.83734518284939,4.33192686219503,4.87958780201334,5.1425398248237,3.46255124154868,5.3361683058935,3.29026434590709,3.89734007513035,5.29793842110249,6.30804194799857,7.26120597829288,3.60789228607733,5.83575652333443,4.34115739788433,4.42643061272984,5.24453363957185,GSM1050661,Non_response
6.99092293565108,3.77226824069994,4.78759489445344,5.44289559881361,5.26686054009197,3.32897863577518,6.44140473470436,3.45573503315201,3.78322479133171,5.49897916749674,6.05373803043151,6.31184865225231,3.51534568037538,5.75687571475292,4.40217121946067,4.80735358915942,5.42285719129739,GSM1050662,Response
6.01289763975102,4.11588883953952,4.44762568769389,5.6307986161604,4.85621996219198,3.43181915505397,5.90921686096134,3.48415176164703,3.66893643822096,5.46607451676773,6.47723336518181,6.33714222144567,3.67823762323861,6.36497817178038,4.3738604923366,5.91238948494083,5.79387770894862,GSM1050663,Response
6.17515672490658,3.79436751561469,4.78045354718671,5.40452443935117,5.03000115565538,3.41221356882434,5.6240911013595,3.78115286995549,3.60654467657873,5.5457302040326,6.04268991660957,7.76892830375148,3.67122910232006,5.12122000650486,4.62729061448233,4.5869662257536,5.59785266171445,GSM1050664,Response
7.19845386486231,3.79581440983955,4.39147592134418,7.42301240780502,4.8207931123363,3.50217465944573,5.98034837641208,3.29291981181606,3.98028164597,5.44773532129389,6.54108530106732,6.94888261658785,3.63830371434985,5.941003794036,5.4200726303646,6.83744474228264,6.13900861630356,GSM1050665,Non_response
6.94289944925475,3.78276812045407,4.18650966773568,4.38826481067844,4.92821922479669,3.4821122939089,6.06619213433745,3.71806864033415,4.17041366962319,5.0767857916614,5.82877523235723,6.9698881603013,3.69806217146065,5.93633675516465,4.4681549262204,4.90594960835906,4.80360219123442,GSM1050666,Non_response
7.74788584339654,3.6543781559468,4.29893559390533,4.59101388910858,4.80655655923626,3.96451631813965,6.81154958838816,3.6395410082923,4.55969345209711,5.90544361609687,6.97816457051587,7.66195389758642,3.72029185771509,6.41234049828994,4.38032461131012,5.78659132772382,6.10029671591104,GSM1050667,Non_response
8.34666712517424,5.67642989540943,6.03289822325399,10.7920044812408,8.47824511289546,6.58784129008147,8.52361050151639,7.48527194661253,10.1155011976152,9.77329395053495,7.51865399312353,7.17107498154857,8.31634140602583,6.80612267430091,8.18847834044826,8.5649339186065,7.43109943109994,GSM4171495,Response
8.74118727447943,7.47851304962852,6.04910623788754,10.5737250593312,8.22222328950924,6.9504211176656,6.58173022763089,7.696199420221,8.5240317913429,9.96710666836717,8.01104130263432,8.30780721425995,7.82665720463455,7.06420651063548,8.26034238251518,8.30390498645271,8.03166459267944,GSM4171501,Non_response
8.78244322521228,5.8925981953755,5.66500106305856,10.5849341296721,8.07813582827363,6.59154846677186,6.49351821650527,7.52858930145719,8.14532937793046,10.247914215146,7.90089662429831,8.40308685736992,8.06783865720446,7.19898828933184,9.1215039386014,8.48686593045387,7.81814914361893,GSM4171503,Response
7.0265123457578,5.79852446735532,6.55667626607748,11.2637317815006,8.4812059276841,6.87415070316136,6.54711114035059,7.53962322126472,6.4132789388831,10.8132243262076,7.39503776202057,6.79047552690671,7.77950190382206,6.88240267927345,6.87204546680256,9.04426957901089,7.6468583008548,GSM4171507,Non_response
8.19434622170197,7.25984564857129,5.61632502920387,8.64739340816073,8.12600300836685,6.15475123171738,7.7488152088252,7.57805430935383,7.5374061103769,9.89487807318157,8.04689515333046,8.99698808003352,8.14571052442158,6.67282692283655,7.74339015379881,8.01846307853208,8.01449839965598,GSM4171509,Non_response
9.1573762463709,5.67683042035574,5.54899072301068,8.68814911531111,8.53157744378078,6.54748894435941,8.22396439765906,7.48157501149417,9.49369044671232,10.0047701950338,7.87245960618186,9.15464729837303,8.5200553831881,7.15352561057618,7.94369389704409,8.00910726101662,8.16862800971123,GSM4171510,Response
8.90706997243439,6.11466619312833,5.1114182270993,7.31717133904057,8.25629732880157,7.16076021726147,6.99434714931278,7.77175881719669,9.01015550061471,9.93355661490542,8.45872298026457,9.21364945235258,7.93302476851257,7.06886087289009,8.36624277978885,8.46253901517379,8.27763004370177,GSM4171512,Non_response
8.41467127205233,6.04110257761273,5.44631790768238,10.6584560384471,8.92397456665578,7.02837446321981,7.10147505848348,7.22854909104365,7.78393889795208,10.1696904417066,7.88151762028614,7.47669889312259,7.68287560307769,7.26557323368773,8.0531508250785,8.44649761116148,8.17359651172945,GSM4171513,Response
9.00471678543157,6.17708449575411,5.03493058409374,11.4183533604384,8.84074159717908,7.17186233955936,5.77972018416427,7.21279863195074,7.62814247454932,10.6483964195253,8.44276208982321,7.68403246071783,7.94096720199267,7.43393707770684,7.59529367102078,8.44652169773089,7.96365572341049,GSM4171519,Non_response
9.14800017556523,6.12983827864477,4.89889197839268,10.8970074261008,8.75461123215351,6.24622377846133,6.6604419102828,7.18505705801814,7.88197684384917,9.82763032931135,8.22311226678498,8.21564733483324,7.96817927083162,6.64547624431672,7.36978988506497,8.55708415461527,8.78727291292836,GSM4171520,Response
8.5413707409822,5.95851860380012,4.98807250301271,9.66857777483511,8.09753855250507,5.97821661012165,9.0367822060007,7.39688226022045,7.85510762953407,9.85818306830615,8.41523298530521,8.16458610017506,8.21927801920235,6.73567012977832,8.0060113149264,8.04949151429216,7.92994243402158,GSM4171526,Response
9.05885627585781,5.19878604178951,6.47683394519283,10.7348998665246,8.57540376666497,6.32844664626169,5.34091104756794,8.08558081232802,7.73347375016049,10.4084664234962,7.62620740108382,7.64325189878841,7.60208012297344,7.51375367497172,7.94807236942459,8.63031511307205,7.40220263480265,GSM4171527,Non_response
8.96902959776246,6.03096092478411,5.60809595611292,10.4793188919346,8.30839647649507,7.17785810661316,6.84919205607625,8.07631446323418,9.24632769917759,9.95436610466078,8.05325129914121,9.03470635003759,8.45906296608671,7.39853908591063,8.29993506791501,8.24778218145402,8.38415175144986,GSM4171528,Response
8.71666889977803,6.2223250633062,5.62929448240088,9.29706797690468,8.61566529435231,7.18201737388038,7.00824051887216,7.81113395320746,9.04083940718914,9.78024505340793,7.96951943099671,8.36076025024854,7.88751894014163,6.7543714885521,7.82885746456687,8.58712630016337,7.92638178401965,GSM4171532,Response
8.73515380351356,5.97652541822709,5.24362369323579,11.0193791478581,8.32197624608682,7.09170880530144,7.52169364972688,7.50284134134295,8.80287280137334,10.0082345253463,8.1090811440337,8.5634513239707,7.74751436120007,7.4350500950457,7.80252193511914,8.32657803732073,7.62031503712985,GSM4171550,Response
8.89289852053592,7.09542014353991,5.61084937555578,9.27203317090045,8.57349813898668,6.66376521441233,8.29837379428965,7.57464833208867,8.437253091937,9.87043899118648,8.51758846690459,9.04890888768571,7.5240116126931,7.04713059330397,7.86840315546963,8.70205017438214,7.83538821526401,GSM4171552,Response
8.96151072897233,6.15910220057205,5.18695133780878,10.0805688968537,8.36390406831824,6.62091676973495,6.94010744977982,7.94951987682688,8.68805212924971,9.83862299032996,8.13984382692452,8.74776692564321,8.14205334835671,7.16971185508854,8.06443491844062,8.32699116018072,7.53052818875944,GSM4171555,Response
8.40085901000975,5.70727145440128,5.1477826007472,11.5537723694485,8.78022776231705,7.42276429840752,7.34980050350305,7.6258864896419,7.77645933272708,10.2594459810767,7.71995510447459,8.03748123723549,7.49799837731877,6.94668363272642,9.20968224726255,8.45018129463538,7.52668798143672,GSM4171556,Response
8.00398929601138,5.89691159347157,5.92615402250586,7.11636674871542,7.76555876626621,7.30510671531365,8.43958886493074,7.46701325547693,7.54583969498052,10.3120123727769,7.67883447503905,7.4447700582585,7.72111058593557,7.32420980577831,7.87927687431153,8.55668499856963,7.48966433183447,GSM4171561,Response
8.55219247507949,5.73691420319212,5.61632502920387,10.7884266343214,8.34212105286603,6.87601422079383,5.74139802930891,7.80800838213301,8.00513758760546,9.83111111940658,7.88223653272814,9.1275536184066,8.17794288420024,7.01795551679044,7.76056315122053,8.38414894801518,8.07281289946815,GSM4171564,Non_response
8.68669364789899,6.66727914715058,5.54649704306317,9.43144329968103,8.71933426152026,6.60667152923742,7.5154188033703,7.66215832102615,8.17305542959835,9.57936405525836,8.18189305474943,8.7538590738959,7.83623284764069,6.77585164198717,7.79988890221437,8.3049102575388,8.09194519032676,GSM4171568,Response
8.60114637857705,6.35411064923437,5.38391243922234,10.3457603170535,8.52648260706573,7.09218435965303,7.21367809910539,7.3875713083596,8.38231530904484,10.0074655204406,7.91225100493008,8.4612787001112,7.5371796825107,7.03474908186604,8.08420596545089,8.20286276944827,7.63009527755624,GSM4171573,Response
9.04413322301741,6.15741097149695,5.5017960127013,10.2110054947232,8.36025535630577,6.58983670206475,7.6627915571855,7.6409136921458,9.57633167552811,9.94850340169313,8.00317967855004,9.19157505754982,8.24156788676282,7.31373590776439,8.16020255405441,8.23234361695429,7.79668671598098,GSM4171575,Non_response
8.58872306189686,6.18092963313674,5.21886841997605,10.1215633379678,8.50455860103843,6.75746654596159,7.73054662204157,7.31284197441902,8.60547177738327,9.77071207196941,8.29253623173852,8.30397657981371,7.90819215874838,6.85463659848614,7.99901725737629,7.91384368612291,7.66531726257622,GSM4171576,Response
8.85153189253079,7.3163425859927,5.18481805242432,9.27777397277924,8.82356899514425,6.60778585804601,7.85222591013302,7.82147488413657,7.38421326345792,10.092168302616,7.64605118499526,8.03404272857103,7.65457724052178,7.76037397517493,8.04735609411874,8.54049485807777,7.58644457349158,GSM4171579,Non_response
9.22989469434878,5.69896557927584,6.13476026454516,9.45416154960406,8.4984206581706,7.56395675483156,6.34433579051886,8.1982609120899,8.25570041869711,9.64611446534433,7.90995707112002,9.1924811353094,8.82794230642865,6.93609690601336,7.77244654610802,8.04313717761934,8.54190845264177,GSM4171580,Response
8.40359817797472,5.85006299780168,6.09885682130183,11.1021335636447,8.77411701238166,6.43551217892506,6.07645264781311,7.6459494440245,8.86985478217481,10.2423583175869,8.33804175247895,8.25685103022775,8.36898012615243,7.52895434417501,7.99979296595119,7.86749575239421,7.81115286703408,GSM4171581,Response
8.96902959776246,6.63518183114823,5.04522127175284,10.7333458444153,8.64954117898172,6.59552854758757,5.89182218083145,7.68446914819643,8.96951912599014,9.7985491385774,8.59853324261838,9.25726552397407,8.19942409495384,7.14765657675777,8.46990338406109,7.9217815622199,8.30715967812491,GSM4171585,Response
6.361196073,3.62224557,4.152869285,7.247193706,4.742478006,3.254205078,5.649168131,3.876659414,4.221270594,5.830158427,5.85726538,7.47311356,3.90770388,6.037373638,4.777013158,5.981341114,5.376261849,GSM505380,Non_response
6.08238306,3.882770359,4.287458535,6.832940712,5.016801901,3.363269545,5.306699877,3.750557381,4.14874463,5.577317257,5.801625776,7.380519847,3.851717989,5.557118388,4.855510771,5.434180331,5.422443437,GSM505381,Non_response
6.426381396,3.659822437,4.324512911,5.077693935,4.981872625,3.630074213,3.998379817,3.772312833,3.858655101,5.540336077,5.857753328,6.810614626,3.860150498,5.161889645,4.38845229,4.478899908,5.012109483,GSM505394,Non_response
6.645123699,3.7521672,4.351606302,5.360632777,4.924601917,3.52424457,5.663238757,3.898912788,3.873832154,5.549600584,5.912077379,7.263795957,3.961853167,5.164553424,4.540278934,5.069087196,4.802605027,GSM505395,Non_response
6.521082529,3.941037124,4.051514752,4.981964305,5.739917536,3.47341097,5.028061284,3.433149747,3.849932853,5.356027583,5.813893091,7.372568874,3.992404308,5.980121075,4.270466053,5.024372221,5.161395325,GSM505437,Response
6.723558193,3.996987523,4.228687244,5.225908142,5.144195296,3.21973408,5.27161246,3.864934938,3.964387114,5.36104751,5.998913331,7.164221087,3.849946495,6.548332677,4.4771886,4.913370279,5.299398845,GSM505447,Response
9.76431858231501,7.11357827555863,7.98994044108571,12.4208018970917,9.73279431149025,8.54039594737586,9.78214097481291,8.09466975663785,8.56883695745618,10.3341463422375,10.9501976506495,11.7953513217522,10.1622128572117,9.26571091241651,9.14538557044343,8.57807753076325,10.0981035998833,GSM1876019,Response
7.220040538,3.848122022,4.225353469,4.327497037,4.762276102,3.658723147,4.907661446,3.860011839,4.328432275,5.881920954,5.969143702,7.926812522,4.055766404,6.363576577,5.564660355,5.104533513,6.603247052,GSM508099,Response
6.873331901,3.920102907,4.050680185,5.744713501,4.73178519,3.702246423,4.601322345,4.117966951,4.089833779,5.61161278,6.335137511,7.821435006,4.109962771,6.685126947,6.312938657,5.004806624,6.769850113,GSM508159,Non_response
8.33418415488451,5.70384824343784,7.09492110260816,11.4846231519569,9.8686668912344,6.63005451035034,8.33671502204679,8.26404642724837,9.42845103888498,8.95111722250168,9.60080454448826,9.20116722185569,7.48425493852726,6.75568656795383,9.74928309598802,8.369350740262,9.0460991444284,GSM809185,Response
8.16210938461396,7.6046875075456,7.23214106954426,10.1532839583682,9.68366468219101,7.18087585066847,7.36330246445638,8.55618935526147,9.72141420300114,8.97161158330086,9.2328725250071,9.71690398136654,8.069207411268,7.24299188521804,8.19970075944238,8.37945593619298,8.34089919037,GSM809186,Non_response
9.98001553350204,7.4042201561465,6.62558396999862,8.74256103008451,9.98782964952922,6.80336336133793,8.98684864948616,8.7251558833586,10.0756370656889,9.3354732183874,9.93257756399227,10.1336079372515,7.97039857013577,7.65692329457406,9.33710317790762,8.16890199049116,9.28695890209358,GSM809200,Non_response
8.69792240700916,7.8765695939327,7.305396337001,10.0924040302961,10.2023717321591,7.81233624621463,7.8335098270698,8.97846411564083,9.15556773605471,9.23213841379697,9.87780514090314,10.0771462696668,7.74772173061276,6.5754230734116,8.2467834474323,8.60246951097008,8.62822915694825,GSM809202,Response
8.31244695253988,6.22928170495852,7.68733844040523,10.2552322107914,9.80188564564138,7.50847247421159,8.6253517764251,8.94696047922999,9.23439515647466,8.38256717887046,9.41318937502148,8.41245707072066,8.5629006454477,7.46478278622145,9.68869956472662,8.60506014556659,8.99836184070508,GSM809203,Response
9.18627974840279,6.73917526841118,8.23662850823139,10.5058421205897,9.96545536349356,7.56067738588282,8.01067154153228,8.26265355479593,10.491362758313,9.04091898694825,9.67319589960708,9.75558309560477,7.95233696490969,7.33119501839603,9.38706467998327,7.96873580264661,8.3793884294573,GSM809204,Non_response
9.02425193949032,6.0634362907896,7.46938629639887,10.616530915356,10.2873033045379,6.33401687721207,5.82676846727751,8.83045313508969,10.1873328189298,9.11244886601984,9.36395954554895,9.95692053839923,7.94619483083906,7.21758602877427,9.21568356972406,8.320333120269,8.88027122241492,GSM809208,Non_response
9.30677520597504,7.37067565849042,7.70105988859297,10.9370134100516,10.566537520931,7.77514584951105,8.00999471503397,8.10567020332886,10.5049398020063,9.39006176852338,9.91877373169496,10.3132487094516,7.13178855337912,7.30479809785795,8.77338320295155,8.33685948818003,8.12794588278221,GSM809209,Non_response
8.04628552114684,8.11648069737888,7.89675059583515,9.9211960503742,10.07883844778,7.47367744840699,7.86388676116647,7.9270960388647,9.17183287361554,9.06003647435104,9.70021890464345,9.37330228968846,7.49554104423987,7.05370179504133,7.60302643395559,8.23870658524991,7.7213386533876,GSM809211,Non_response
9.06442111243967,5.68321882695937,7.60218975182656,7.94924353883889,9.79417945376426,7.5549632617333,5.73582604528455,9.20538867402293,9.39691305503297,9.32132383040539,8.56224388418136,10.1931965633157,8.72244560007245,6.92414501329449,8.43509571832652,8.31433212065392,8.65308207941495,GSM809214,Non_response
8.9863346334793,6.39814016614203,6.86585564994115,10.8906823489793,10.1653549380889,7.80828214268038,7.96431220298516,8.57665138017651,10.0771711635021,9.14340023134899,9.4101236008519,9.5326685279004,7.93145327339782,6.7846404072645,8.04330501310356,8.20507486227653,8.76319351295004,GSM809220,Non_response
9.20891339694612,6.16097052430398,6.6275367527061,9.0388312851927,10.0609441709893,7.52713034003024,6.96350097297373,8.46036799537471,10.2632643826623,9.51374009703316,9.29695568546942,10.312422026256,8.74948389870078,6.73928870762116,8.62797050774774,8.19236742625307,8.30932874412307,GSM809221,Non_response
9.35415497109112,7.03225867551342,7.08041387104033,8.02325477442857,10.5818139070152,6.612500886993,7.71605403789829,8.42667720765077,9.87062096156247,8.84257627818422,9.53086071450848,9.82087113344505,8.52447583628771,6.8788350097123,8.98830079797392,7.98044573422384,8.45544370115099,GSM809224,Non_response
10.5004651650427,6.90824385138885,7.70029331986945,10.4973115129243,9.67988955103615,7.86522441904604,7.87943197829092,8.55645436382535,9.9505293644274,8.69527030364327,9.45977891517464,9.72568978693402,8.44323410699562,6.91130914434078,8.80279784398724,8.83674379919242,8.2262323335794,GSM809225,Response
7.92690275655491,9.90218491503183,6.92117281693369,9.84180978727267,10.3457838385317,7.58570802145566,6.92911178347227,8.06742581112155,9.39064845064887,8.75525108867996,9.79460557905542,10.2300015116464,7.64726173545404,6.51590469175201,8.39875055644304,8.42970828347302,7.90086649646341,GSM809226,Response
9.41854537086256,7.74441967618381,8.3001348534241,7.32226433434629,10.517091077227,7.82615152210662,8.83021830462713,8.79945636243706,10.4628751625101,9.59931887887648,9.90474974698045,9.9945159443069,7.92793064576817,6.98879583855528,9.22099017325221,8.10484876463601,9.09309228536678,GSM809227,Non_response
8.92150859489078,6.58120282205552,7.16276288107745,10.7134534782207,9.96439838080814,7.18079020801393,6.39468488061493,8.60819053635795,10.4759175077504,9.49205508674518,9.681555705579,10.262746533735,8.31382549040522,6.69266400523024,8.98634009493967,8.23140616807921,8.0749948022793,GSM809230,Non_response
9.67015446206785,6.72984675485193,7.90738460723015,10.0306471760639,9.77460084636423,7.94835071516198,8.70772795612461,8.60814110964241,9.81552500804367,9.14936832258081,9.93196988058705,8.87748465823575,7.77139558026056,6.96734655182484,9.8563449767366,8.79422250825778,8.94392334655441,GSM809231,Response
8.58452335948145,8.92875098231584,6.9571343693096,10.0640975782778,10.0258410016503,8.34143133899906,6.96038540155126,8.61730036997493,9.90944602462587,9.04901627343734,10.0259652482873,10.5468641933621,8.24473794556119,6.64959505740615,8.64134952950536,8.39587001636345,7.61271563844678,GSM809232,Response
9.35934136154043,6.86184165590075,6.38658229959123,10.8180913059506,10.2415885354141,7.57722276777403,8.56548001322189,8.75835323285188,9.18259431280223,9.2301808435064,9.86405835889065,9.80485628970187,7.83244380162022,7.12139991496921,8.90944316775759,8.04319386121978,8.64732240674727,GSM809236,Response
9.39556357408605,6.31432130666946,7.96510777179703,11.4616975755371,10.4739764956968,7.31758452835039,9.52880819703918,8.00723212418283,8.85825722276368,9.92650693396382,9.58622150456715,8.85467539751668,8.22534063086112,7.02663393139564,9.31023978454629,8.53588051557392,10.0484504614696,GSM809237,Response
8.84261382482913,8.41574211200419,6.29058260390686,9.80491158518057,9.87086643668152,7.51939829481054,8.28553796312321,7.97346058009744,9.46366417896406,9.40706258501593,10.0695917805011,10.389846213453,8.76212052241745,6.98991917312564,9.03844211335322,8.08927278111285,8.61746801142437,GSM809238,Response
9.30352235832859,6.07162632009956,8.63842002180075,11.2654232724685,10.6653724841844,7.12399114034699,9.95149017456985,9.2470091691818,10.0640609477161,9.63644178451815,10.0974618228787,7.95724603754479,8.55050493581362,7.97436966715824,11.321021235322,8.1320862950371,10.1467766017955,GSM809239,Non_response
8.35622393121741,8.36513160976434,6.21151692271161,10.0962488569218,9.68503193542583,7.51807938617709,8.22956469601614,7.98478372635272,9.73628358256642,9.76824794683916,9.96811914746746,9.85818170683572,8.05253108238449,7.15018430447654,8.99731615362938,8.86005791229897,9.58324367121917,GSM809245,Non_response
8.48949657249261,8.11241694103325,6.50167328268435,11.2628436837093,9.7006700905328,6.97575107673562,9.13713076724791,8.93191329974262,8.6104560808335,9.51015170351262,9.67517623029417,10.2640205019442,8.242756052919,6.70267355981806,8.73221148522226,8.55902089744259,8.92576558972991,GSM809246,Response
8.14051214448849,5.98230261552376,6.86230349348763,9.50988168549036,10.1379945250608,7.39634123981576,7.61869101839965,9.05630949676718,9.15396178670752,9.09728543821068,9.63645199874944,9.03191255647315,8.24301944272341,6.83730738768363,9.13906008719207,8.41314622050252,10.2821981945546,GSM809247,Non_response
9.02933141315134,6.2712534327625,7.23017857593646,6.31250923587289,9.93590514615706,7.59982077566128,4.56241584535767,8.98613405474641,9.26480603276342,9.79411687914036,9.16455426617039,9.82061142610173,8.65807112450942,6.67121986193687,8.98528283693425,8.36808072001899,8.97983428999965,GSM809248,Response
8.77194853278275,7.55254165059026,7.16421376054743,5.48739843551152,9.78802701765321,6.90456339264196,6.33482282987126,8.9850073259941,9.08307810861417,9.60223886268567,9.1471598983809,10.3030079867305,8.84509450904941,6.78913283877458,9.33037278994261,8.54523009784336,8.89655162143278,GSM809251,Non_response
8.60275647577618,6.87104101922678,7.23555313418686,11.1480803690904,10.1017577525435,7.06357573031892,5.59881576186262,8.64532274664006,9.97797958164249,9.35705024613666,9.41173727766716,9.86685440486965,8.07112058553325,6.36579727390567,9.70857065612481,8.31158001039865,8.52812413162602,GSM809255,Non_response
10.1562167908579,7.0417214139619,6.61448353058849,10.1067668396833,9.99363423594606,7.664285107499,8.59671016765237,8.55761749709016,9.54730140111048,8.9005651060585,9.87803122354952,9.83281259683451,8.36012560901596,7.20275440803289,8.26549344581113,8.1055928481916,9.52308069904738,GSM809256,Response
9.16389088535965,8.95194166010032,6.63842552926082,9.48562833921747,10.5420577747626,7.22644860739536,6.92254152261807,8.60607215403433,9.83410367690579,9.00056485431604,9.76631049550677,10.7631633299206,8.76268878271967,6.43709876832458,8.72111615988609,8.31746483603901,8.46409541816575,GSM809264,Non_response
9.14573309053541,9.25260191334373,6.74234848467569,9.9312496237588,10.4765284481589,7.79198765670505,7.56061965900647,8.38688474858059,10.4384162429533,9.24490152212774,10.5391779246473,10.8873721237898,8.65000222415743,6.68862326158063,8.90196115042606,8.12451603652381,8.36013358408352,GSM809266,Response
8.42274651507607,7.64097410043014,7.8262716332588,11.2774080746894,10.4826960309595,7.44775302544069,8.98388512509455,8.62085485520397,8.7039423862066,9.70219140904858,9.8116995203722,8.56689788056838,8.18232499766677,6.9269155442021,9.83426485573644,8.87405016711805,8.85804339618222,GSM809267,Non_response
9.36275424815402,7.01460437951021,6.45246753334578,11.1266658640557,9.74187782354452,7.17182900090416,7.86495169668381,8.15312379923142,10.0607517444899,9.4736102920292,9.90832045999263,10.014068480877,8.56197882212874,6.60603234459666,8.3084320058513,8.31622891388332,9.31322959842806,GSM809272,Response
9.85220778654168,7.6764007005033,9.37428854894932,10.3002112974155,9.99593155309297,7.97860496974231,8.57016218192306,8.15786390153883,8.8992010466787,9.70999844149949,9.28203266853287,9.73386424787054,8.26863857821198,7.39498223918079,10.3250809808809,8.60089113417026,9.8124474268042,GSM809273,Non_response
10.6403496272209,5.86300996815517,8.28286000735828,11.3670057175194,11.1851971491399,6.71055015541968,9.41546441581246,8.07502465577136,8.71668176845229,9.41050116078454,10.4662115467243,8.65731018556579,8.47362695098526,7.40367921472449,11.0453918634524,9.18601476529384,9.23569729373694,GSM809274,Response
9.06632942914876,6.16727988993409,7.82485089996684,9.95695003270966,10.3879953308674,8.03796185371713,8.9015134078846,8.61611013755206,10.5003451313699,9.45647069784363,10.182529670083,9.47689102261394,8.22734670540912,6.93885995561143,8.98587584934131,8.70255718505895,9.20425142808764,GSM809276,Non_response
9.72343503049252,5.12700748673991,8.69196397876168,10.2585294790942,10.0388029190753,7.25903383230257,9.1621881321698,8.68629849519407,9.62013883334171,9.11530056636249,9.81722847586117,9.37657402136716,8.38214488230819,7.33681088626488,10.0939187352495,8.34576535888999,9.60130740935142,GSM809277,Non_response
9.28999970635273,6.12057940574245,6.97122629679941,10.9119892839622,9.50348143937308,6.99539431001231,8.43500932187017,8.66155149557857,9.19963966176258,9.41415846023293,9.10765207829546,9.69966600655213,8.19200233166882,6.5603123669587,8.8133146331702,8.89872735251386,9.1872502255488,GSM809278,Non_response
8.80614709768137,7.3928599814958,6.93202834994914,10.1138794058449,10.6526490244028,7.80375747242178,8.60767583566459,8.40051981491725,9.39081134933824,9.65189700485622,10.1117608444862,10.0185749825705,8.88760596795793,6.5698824696174,8.48624952010719,8.32559943386409,7.96363398807721,GSM809280,Response
8.90467969920257,6.57205757913812,6.69023860084228,10.5349479061628,10.025771153487,7.51157864509568,5.59740205309084,8.59008577039498,10.5069542679084,9.79244436520014,9.28272328798701,10.547378521993,8.92141431060166,6.43972144986973,8.99680405176364,8.11388544115153,8.85018219330219,GSM809281,Non_response
9.30205994252262,6.84020190181568,7.8904766752515,12.2234699458725,9.43339082385428,6.38632116936506,9.46917385563213,9.56176511876667,10.1194776423374,9.85701094735211,9.90367122009367,9.26624055569205,7.88555709376205,6.91573181929661,11.6070700064399,8.80577806081565,10.1058630420373,GSM809282,Non_response
8.27955714241877,9.30197346210049,6.15478510061115,10.1938021605497,9.37240092854297,6.34778253914615,9.04829180283498,9.18402731077084,9.19697798821019,9.62484798507938,9.4991121821168,9.55031634037391,7.36228416035187,7.25730525330736,8.29667842052621,8.66665371076939,10.0975808033836,GSM809294,Response
9.27257447595736,7.91240075148108,6.70324362429029,9.30786934265634,10.0374832702202,7.7064745220414,7.64060145843223,8.93256970812651,10.2519379075777,9.39264980673194,9.85713635772217,10.5842947983793,8.06194839799702,6.81887084474227,9.39996106902278,8.50185556557249,9.13804796176762,GSM809295,Response
7.359787117,3.782392539,3.752230208,3.402760756,5.078102532,3.503694502,3.493321781,4.060099074,5.153107103,5.825408584,5.729031151,9.09124927,4.135351705,6.111046961,5.517208475,4.865144959,5.418767503,GSM508101,Non_response
6.450504552,3.542388422,3.984275385,3.817647426,5.018373726,3.342351534,4.401744216,3.664602985,4.439522057,4.952135801,5.645428774,7.444457813,3.592381968,4.965667869,5.536877313,4.423482805,5.381989212,GSM590841,Non_response
5.372655772,3.715942327,4.032950406,4.162926112,4.847723815,3.565102709,5.349786801,3.970202735,3.763686833,5.716281267,5.725476928,7.003117546,3.876905292,5.522934135,4.187528366,4.770782942,5.601638041,GSM590843,Non_response
6.181824169,3.866923615,4.217776346,4.761596394,4.779568201,3.349185194,5.998776174,3.85788669,3.976418556,5.333105899,5.452027871,6.899141102,3.7419562,6.49616177,4.711167533,4.418377041,5.042794761,GSM590844,Response
5.67899904,3.900381269,4.267387514,4.743111296,5.379978791,3.423200569,5.232088889,3.763917691,4.136054744,5.0625764,6.031876733,7.161326296,3.772168612,5.92884218,4.625625422,4.310086745,4.933773607,GSM590845,Response
6.228368169,3.740577665,4.376018914,5.856412839,4.732261999,3.592236329,5.699365632,3.757752449,4.021302028,5.587619046,5.53902269,7.721019733,3.916785978,5.929535897,5.824718801,4.989494615,5.215193255,GSM590846,Response
6.568443414,3.845641497,3.864754492,6.318406076,4.674576328,3.367081237,4.201936219,3.868286978,3.891028658,5.929370887,5.211668785,7.33730827,3.415493046,4.93032454,4.262854509,5.616251345,4.839608881,GSM590847,Non_response
6.218208407,3.956958654,4.224701714,7.513861709,5.002620846,3.564782161,5.12797335,3.912330844,3.986044873,4.730707113,5.976338946,7.574228614,4.460335754,6.062327892,4.961805312,4.301874566,5.588309507,GSM590849,Non_response
5.710215471,3.798613073,3.859799149,4.673337012,4.535205254,4.670996783,5.381240964,4.043845809,4.023684007,5.922607224,5.48815805,6.369674407,3.796253866,6.228550448,5.850876571,5.598568004,5.72297365,GSM590854,Non_response
5.700877301,3.859069747,3.888534912,7.531974995,4.576365975,3.801067123,5.302789084,4.093577505,4.957819084,5.90264165,5.828399361,7.255201709,3.777940552,6.072491478,4.556407668,4.713056117,5.278408557,GSM590856,Non_response
6.042445869,4.074923553,3.988440943,5.755613836,4.828991979,3.504238479,4.327192396,3.811933192,4.903622458,5.776020837,5.840849542,7.139010804,3.83851269,5.385027141,4.746268243,4.373346617,5.107731469,GSM590857,Non_response
5.461214214,3.913577039,3.964831634,5.915733779,4.728325305,3.776438571,4.840921885,3.773786192,4.071525486,6.048282744,5.876836818,6.564588732,3.990476341,5.411722864,4.93477283,5.101811886,4.892471205,GSM590859,Non_response
5.863867334,4.096146883,3.994228516,4.439423756,5.264885572,3.504238479,4.101463573,3.622285278,3.952230908,4.974554503,5.929484517,7.217621749,3.988812949,5.362623029,5.526157055,4.293312059,4.893712686,GSM590861,Non_response
6.447982585,4.002412005,4.11823383,3.862080287,4.975550599,3.452294445,5.439901911,3.602034433,3.861663406,5.472763269,6.101841388,6.919062208,3.878827372,5.341605964,4.960138161,4.439445805,5.16718164,GSM590863,Non_response
6.902851535,3.799166051,4.241362335,5.500163656,4.791148396,3.413244719,4.716686526,3.661702951,3.811387035,5.46996207,5.924227515,6.947096917,3.709811369,5.971507739,4.836121182,4.576500395,5.606762506,GSM590865,Non_response
5.75129571,4.281314843,4.176143294,4.705736765,5.172999182,3.504238479,4.831173785,3.846358424,3.717892869,5.47220167,5.737511185,6.693902318,3.962334355,5.739214399,4.324033105,4.388856951,5.472059633,GSM590866,Non_response
6.818589432,3.812030282,4.165928169,5.158062071,4.666792896,3.426400155,6.716785572,3.854455957,3.973691296,6.039461778,5.552014606,7.051622279,3.82235127,5.887992966,4.441553883,4.75869576,5.67664357,GSM590868,Non_response
6.24342142,3.801291209,4.133914135,5.626490516,4.638666881,3.562603237,4.872535126,3.840364555,3.711150368,6.024563306,5.997108668,7.574533638,3.687701335,5.662816926,4.666126509,5.229631999,6.006796099,GSM590872,Non_response
6.292237299,3.864104574,4.310599964,4.326112634,4.763765618,3.504238479,6.129994239,3.872476113,3.962408575,5.277454717,6.152744003,8.478113634,3.628379627,5.811982713,4.562262368,4.643125441,5.389525171,GSM590875,Response
6.063669078,3.981553732,3.948828344,6.209595315,4.941195167,3.42628345,5.249871576,3.69936038,3.941709168,5.271751453,5.776045929,6.921966849,3.625136618,5.559729227,4.485490143,4.780515476,5.708756569,GSM590876,Non_response
6.886615218,3.979333046,4.391630659,5.355246175,4.713614853,3.530496713,6.270070765,3.422799303,4.201008474,5.53172159,5.706435114,7.635272705,3.480150967,6.506321609,4.324025632,4.82723984,5.444388215,GSM590878,Response
7.553360015,3.699063403,4.592600896,6.799073308,4.740843752,3.584766133,6.923877453,3.658835955,3.965012854,5.482873719,5.719067985,7.766624045,3.754121247,6.717827775,4.797612031,5.664941129,5.837488709,GSM590881,Response
6.404014126,3.876068763,4.642749387,6.888414974,5.250042048,3.398077805,5.078356439,3.531034819,3.938783589,5.146961291,6.14713946,6.827067967,3.658618695,5.611887564,4.502347012,4.417351305,5.768170319,GSM590882,Response
6.63741007,3.770570529,4.277687559,7.54521421,4.725986545,3.380670687,4.87994566,3.807546832,3.813422405,5.882813366,5.81622117,6.877500973,3.658001176,5.186364828,4.616641009,4.713923607,5.984241832,GSM590883,Non_response
6.207769932,3.870924171,4.230100769,5.743008595,4.934248526,3.430425329,5.42085054,3.566317819,3.917881417,5.700230351,5.595327233,6.574100945,3.7419562,5.562783092,4.800873723,4.594841929,5.273867006,GSM590887,Non_response
6.482533852,3.835977079,4.126798425,6.896294758,4.896152652,3.382090764,4.739814706,3.659789212,3.787541413,5.19804596,5.76516153,6.653926282,3.741845715,5.402060708,4.879485468,5.025272429,5.287885063,GSM590888,Non_response
6.636744299,3.840933779,4.318444942,4.212757933,4.899937912,3.827245814,5.734558455,3.681882178,3.952231694,5.84151835,6.160273865,6.512407819,3.768125754,5.88549063,4.58623092,4.18343203,4.661022374,GSM590891,Non_response
6.051840555,3.674148343,4.612578979,7.576103241,4.685281203,3.47140159,5.744530058,3.755324356,4.511758135,4.910448207,5.566628136,6.556686996,3.634919494,5.982528603,4.585110397,5.13509941,4.784530821,GSM590892,Non_response
6.24263644,3.791555958,3.96672166,6.837643722,4.824793492,3.508883417,4.985237945,3.744385778,3.797919474,5.835251997,5.781503985,7.273171821,3.745560858,5.540862168,4.995498584,4.471096649,5.292708108,GSM590893,Non_response
6.634701138,3.705434505,4.192454142,4.919535056,4.713333106,3.984953992,6.023480652,3.778240622,4.13599488,6.130853489,5.821648232,6.963644737,3.524630719,5.223605872,4.851011692,5.723685218,5.245481858,GSM590895,Non_response
5.789277302,3.836061682,4.026097826,5.914025079,4.568280345,3.819172856,5.320268711,3.828452582,4.306027648,7.030141399,5.746052981,6.389052174,3.474093418,5.884392567,4.276514548,5.745091669,5.351075225,GSM590897,Non_response
6.610019874,3.619970086,4.290424635,6.207561693,4.702299306,3.587439975,6.018718907,3.499003137,4.274765086,5.561719787,6.447205839,8.896485724,3.478424782,5.953483835,4.667543224,6.110256583,4.908153561,GSM590899,Non_response
6.930783424,3.762105563,4.113285766,4.2540614,4.757597341,3.516086488,5.857422921,3.715483882,4.273666006,5.040110759,5.693691066,6.932395918,3.740655412,5.853377081,4.466021606,4.840702914,4.806547673,GSM590900,Non_response
9.53680472220108,7.07480053147938,7.06511652275589,11.6397059843943,9.37398006075333,8.0181807709425,9.22288285409492,7.55846335025119,7.88514375076223,9.39219976059241,9.86898914043474,9.39355311850045,8.93424018192708,9.27366465819973,7.61992995585774,7.70651646046436,8.75464051801327,GSM1875970,Non_response
9.7385155082105,6.59612600914699,8.23334769009197,10.4857780873227,9.84889228488804,6.87659215793461,9.24552763325301,7.60908027218139,9.41550229781036,10.3772461480775,10.1644932482335,12.7240124878346,9.32997494265919,9.50416560736054,8.69620763573687,7.83615036496548,9.06547492896331,GSM1875984,Non_response
8.81843086279953,7.13236884130109,7.74243847907726,11.2258595355602,10.1591555518407,7.86202727834007,10.4349222951638,7.19909333758601,6.38493598462486,9.9943350257692,10.1740505210083,11.9464730820218,9.71735706386306,8.82736434480196,8.95690951901716,8.42788603102228,8.94676677843614,GSM1875985,Non_response
9.5480492076366,6.76199678776442,6.80251870960014,11.7541629460712,9.81799698530852,7.2002453607406,9.9961704836861,7.60256860515341,7.57118466855585,10.5374459990362,9.97570396453066,10.8087986327404,8.55507585029259,9.50368310877799,8.23811257122125,9.04143597484136,10.6550190231857,GSM1875986,Response
9.76210682424183,6.76260791974394,8.54093634543705,11.4988034232983,9.42780244473785,7.18286646884196,9.55713125258203,7.64116418854785,9.37090244741847,9.87865320043186,10.4685095192247,11.1521099593643,9.4634605241567,9.03152854649247,11.0487353428827,8.05627387059213,9.08561879421541,GSM1875990,Non_response
9.33732865542934,6.48713486034483,7.28741048230203,11.5372722821864,9.27345478248996,7.74111820985536,9.08665860341297,7.74234529973166,9.30809454522518,9.46591432490869,10.326663985753,11.3065723275798,9.67728199788604,8.82976298047443,10.1603498025203,8.05459311196673,9.15251864446277,GSM1875992,Non_response
9.83795029049735,6.59048902286635,7.3984061888483,10.7066047857157,9.43008135193969,5.09493945099375,9.83398265991499,7.72130167461538,7.68875791239701,10.7018285277112,10.2454495373415,11.0472808891113,9.31498597648178,9.71337538025766,11.3891246694513,8.41598603313957,9.42447934050787,GSM1875994,Response
9.69590867620872,6.93065492959906,7.44254319497819,11.9698394691735,9.92518135455731,7.77471386779824,9.62604239181952,7.85273348710809,8.31939960243835,9.68730402963502,10.3081971166245,9.19363118086918,9.24731338322403,8.60240846122654,8.63730813479815,8.56952265515784,8.70165049315603,GSM1875996,Non_response
10.1194764886446,6.77899253066037,7.72481960013422,11.4159433449374,9.41661757012468,8.47352036670332,8.82970239605631,7.97632135942975,9.30857618650658,9.67563344805333,10.2043144127229,11.3405644860478,9.70075897886913,8.87654569999485,8.04798189797778,8.01500399193064,9.04075962549542,GSM1875997,Non_response
10.0382468949157,6.12648680382132,8.02995694852346,11.9604379973403,9.29640114614604,8.3983006744882,9.77312257149602,8.09454649827992,8.82020165816533,9.99930421584902,10.3215542093405,11.3289778084801,10.1869686736285,9.14658042211484,9.90131420323287,8.23091236124917,9.42582889598793,GSM1875999,Response
9.51974800120822,7.01841001671693,6.65756181947633,12.107761254871,10.164289844655,7.20960161476773,9.26902663165267,7.9862851430596,8.89705338284922,10.1502785727506,10.5631997692703,11.3920090743505,8.86825867106891,9.02994231174135,8.14098500851411,7.95006116803514,8.85657683811361,GSM1876000,Non_response
9.41882513104346,8.11104270314867,6.92956233479411,11.3001503048841,9.83335617767296,7.92247921694456,8.59515730098434,7.95510906099964,8.89398881953425,9.86978104559886,10.4824488603474,10.929352414697,9.20837937931125,8.48049251571869,10.1091081129298,8.30130697411362,8.68549891113397,GSM1876001,Response
9.56493804300542,6.80454730277711,8.06445749097766,11.4775095266115,9.99258834468035,7.39811495500751,10.5509218500302,8.05320482759361,8.60585940695326,10.2265893487238,10.2640384299602,10.6987204855559,9.13536146059383,9.13850288011017,8.34252663168402,8.01079231320996,9.95185934764615,GSM1876002,Non_response
10.0663898849102,6.51982958474795,8.43205782450137,12.3387953161166,9.22314715449557,7.75478467396055,10.7846909075664,7.61786582029457,7.69603413967293,10.7117349814061,10.5542330957202,10.6727946347999,9.77946482667056,9.44317685177986,11.4264771738412,8.87590344862484,9.49756509607801,GSM1876003,Non_response
9.76711583436395,6.34481753981704,8.46892869714616,12.8670150052501,10.1656651888368,8.74548822233161,10.40767099325,7.80762232589736,8.31084852336378,10.4322016797337,10.6462118365929,9.94018417917823,9.57771049967898,9.69162052403722,8.96680374402715,8.82152013964957,10.0928496232034,GSM1876005,Response
10.1196826811809,6.10325979574262,7.76832109239002,11.9866353057797,10.011205515227,7.5956167553005,10.2653197761694,8.19720744442512,8.92846176341061,10.2760453855244,10.9526824792285,11.7304464145346,9.87305316020534,9.52721010430788,9.83303125130053,8.78267858805714,9.68496226008351,GSM1876007,Non_response
9.8250074863749,7.6140241420691,7.32014007573012,11.1708068847768,9.9867458880629,7.70280745019528,9.8194155136748,7.75357163765691,10.0052249222837,9.66006583533664,10.136983002376,11.0652406784976,9.50956418224876,9.14477896092229,10.0318459166589,7.71861452693163,9.69660390137899,GSM1876010,Response
9.48176558063257,6.60286392389342,8.72126655222897,10.6901424671099,9.30947506790709,6.6968005335453,10.6826750678384,7.38332604917381,7.83168355491955,10.3043184621818,10.1258712219404,10.9938121861053,9.21779416046643,9.15938020040091,9.03877686219086,8.40843692284315,10.5789698706132,GSM1876015,Response
10.1806859815183,6.4989543378314,8.50197220083268,10.7740909503371,9.65948961143234,7.4579720278195,10.1703563552981,7.64214254430099,8.34352468641891,10.048480038631,10.9170875692837,11.464605845747,9.31811944421156,9.09460184970412,7.67414416156208,8.49454353021356,8.80739690107506,GSM1876016,Response
9.54896281652859,6.33505824579579,9.19829541369008,11.7049054894094,9.55422225583561,7.93490493228116,11.0281292642825,8.18279490920136,6.97422172477165,10.3232571413682,10.7359910274991,10.8853405769257,9.48317148342095,8.9516879012093,11.9180188529392,8.39688747538915,9.46377728684232,GSM1876017,Non_response
10.2912273787524,7.14868849775415,9.54571839684501,11.7918555468598,9.8995249987678,8.22373094569718,9.96584329020395,8.42932003214228,10.186408269057,10.5012183607236,10.6386484727671,10.1975718090204,10.014515545265,9.44912680018906,9.02460710252863,8.87544802227108,9.96799400619667,GSM1876018,Non_response
5.972398892,3.755043967,3.759271567,7.127637061,5.138332033,3.553617557,3.635556005,4.05726067,4.086505348,6.291148918,6.07980508,6.930166381,4.05726067,6.354491011,5.955378842,5.499941979,5.259258536,GSM505509,Non_response
6.076256871,3.986003636,5.346055046,7.966123242,5.241645675,3.816564544,6.905097095,4.013818893,3.446611239,5.708516055,6.490995554,7.703551068,4.086511067,7.142480511,5.546891068,5.466916733,7.617065751,GSM505518,Non_response
6.500319042,3.801983775,4.002198146,5.560621233,5.140836402,3.754729441,4.941048971,4.047641433,4.050047063,6.184229982,6.159362394,6.858047111,4.12512727,5.585962471,4.81140408,6.107448352,5.079660682,GSM505519,Non_response
6.380649925,4.213761743,4.061926146,5.501753825,5.170270738,3.3847657,3.872411582,3.890102373,4.581871872,5.696798636,6.361941427,7.763224685,4.059162408,5.800429831,5.351711332,4.502266478,5.224805052,GSM505523,Non_response
6.235795147,5.20783791,3.90339086,4.187737511,5.46718665,3.576244835,3.909723555,3.672747589,3.925733365,5.494102743,6.983785476,9.510230447,3.98664267,5.221565679,5.329284882,4.48847268,4.840852536,GSM505525,Non_response
7.025762687,3.75931521,4.380626895,6.597392829,5.068476072,3.459472867,5.487510387,3.757216079,3.644346073,5.516860117,6.453516085,7.030783914,3.866695884,6.454441582,4.732246063,5.349054233,5.849426613,GSM505526,Non_response
6.227034534,3.813282647,3.698661391,5.787368813,5.186910659,3.609303481,3.707722741,3.817516887,4.199429874,5.922342731,5.898194283,7.244248225,3.928545556,5.64869237,5.725722188,5.018068158,5.075497899,GSM505529,Non_response
5.788508737,3.936246936,3.996265766,7.712039261,5.298641151,3.171156314,3.662376127,3.854772313,4.050208474,5.741562112,5.903995631,6.497030816,3.86846195,5.691655664,6.353140119,4.484838892,4.871962804,GSM505530,Non_response
5.907092556,3.971001025,4.272112114,5.529223042,5.149744789,3.60804223,4.680614795,4.229039521,4.441001408,6.166652269,5.704548872,6.679938769,4.106941396,5.511177936,5.77074168,4.409005451,5.110204466,GSM505532,Non_response
6.103033625,4.840911836,4.03084706,4.879269057,5.129631676,3.293577129,4.231830884,3.855507297,4.009745968,4.870051059,6.439379024,8.582005367,4.565189463,5.711249281,5.177396825,4.243889459,5.049399726,GSM505533,Non_response
5.986562848,3.99955547,3.835299748,5.51434835,5.445564912,3.207404008,4.023476384,3.829121622,4.1852002,5.226108623,6.074417945,7.613655407,4.583693033,5.467784198,4.945186405,4.196113459,5.259860448,GSM505538,Non_response
6.418486498,3.771176706,3.622437078,6.145223191,5.404087454,3.348432544,3.705201329,3.854142407,4.773427213,5.637124506,6.095019875,7.646420514,4.031088481,5.935971815,5.657178627,4.827313633,5.394328195,GSM505549,Non_response
6.185265642,4.183081703,3.942024259,4.829348294,5.172041548,3.469953541,3.670547628,3.660786122,4.059407302,5.674265159,5.963565572,6.91901032,4.423760822,5.372374315,4.947233681,4.591978702,4.783303857,GSM505550,Non_response
6.81348852,3.924148151,4.606859649,7.615552964,5.603534712,3.28705192,4.779577409,3.863443183,4.699140569,5.395954705,6.427978982,7.089206257,4.074219999,5.898173977,4.984330294,5.098702522,5.632499119,GSM505553,Non_response
6.354710231,4.089799377,4.184489367,4.935458785,5.271882286,3.436962915,3.657150706,3.907213379,4.033299011,6.182410505,6.104012426,6.814567321,4.233948155,5.45177305,5.112630831,4.416816298,5.017605468,GSM505556,Non_response
6.311205384,4.161650019,4.144629999,5.756403529,5.292163984,3.361513854,4.326000097,3.931268512,3.691832091,6.013517859,6.692313451,8.320568165,3.942531051,5.764307277,5.03302339,5.043925654,4.85254243,GSM505557,Non_response
5.936686219,3.568265385,3.949680373,5.235313691,5.101784945,3.337829597,4.391018529,3.952562995,3.988100484,6.067106578,5.85236193,6.582669016,3.762462964,5.377832512,4.53270418,5.16073549,5.358153964,GSM505565,Non_response
6.169326945,4.077287786,4.157818004,4.722229027,5.28966691,3.42766437,4.51594826,3.956888546,4.147809267,5.634946473,6.198622663,6.788751101,3.969669924,7.023322158,5.513980911,4.759610321,5.766829994,GSM505570,Non_response
6.301779851,4.069954441,4.247344109,5.101276494,5.388408378,3.322391024,3.828150067,4.050357719,4.13432371,5.187048555,6.376160579,7.032243713,4.246059816,5.48109593,5.410980051,4.228478174,5.375896827,GSM505572,Non_response
8.677312843,3.766583507,4.350171657,4.847047258,5.014561198,3.660826526,6.391612519,4.115509839,4.252574998,5.62186752,6.148074101,6.402430035,3.917007261,6.419657651,6.255641294,5.491127645,7.186199395,GSM505575,Non_response
6.662348844,3.792790362,4.272649327,7.282628747,4.996363208,3.497509298,4.973130463,4.195656051,3.722481564,6.146953369,5.63468273,6.653273122,4.14981292,6.295063842,5.123119539,5.701924588,5.412160688,GSM505576,Non_response
6.167900759,3.783642746,3.805997066,7.035432942,4.960992784,3.817691399,4.188762878,4.221560125,4.077222121,6.374967607,5.944823881,6.174034154,4.161008312,6.280778588,4.588664575,6.068683516,5.236930516,GSM505578,Non_response
6.058224468,3.773441576,3.845471441,6.180763235,5.040543946,3.559986339,4.218575532,3.815159476,4.309040937,5.398752234,5.908854224,7.231171796,3.878801218,4.600112961,4.957155867,5.300867288,5.148210798,GSM505579,Non_response
6.560044084,3.860656885,3.837749414,7.289227213,5.132135334,3.383066858,4.035551943,3.840672053,3.705220553,5.503869259,6.267716308,6.641899649,3.844498888,5.297764567,6.479387423,4.952074657,6.890030715,GSM505580,Response
6.179457941,4.235763927,3.959565276,5.120121134,5.162880131,3.33923689,4.081906227,3.822630274,3.873183111,5.133287756,5.994812245,7.625954249,4.047282709,4.723130225,4.79028699,4.639032204,5.137492056,GSM505585,Non_response
6.528814914,3.91351432,3.91135641,5.838210079,5.350519854,3.383385602,4.556427683,3.767334927,4.576030896,5.045832463,6.230309049,7.442433453,4.517418403,6.017009041,5.377376552,4.820786818,5.083405633,GSM505586,Non_response
5.978165757,3.934049954,3.790732446,6.952047255,4.889568974,3.462793276,4.139945272,4.085742562,3.533308625,6.047738018,5.821572397,6.45142731,4.087876711,5.472001114,5.246438296,6.055226422,4.781864147,GSM505587,Non_response
6.936476801,3.997972875,4.103001638,4.388542272,5.16016015,3.407950018,5.055748667,3.929313859,4.431662432,5.081233705,6.364865149,7.665161727,3.934732075,5.486546415,5.066500646,4.313524175,5.274663499,GSM505588,Non_response
6.246984767,3.801844199,4.12756713,4.753081058,4.971432355,3.360081773,5.193570207,3.814350968,3.88410279,6.002882334,5.746781757,6.640025332,3.984239508,6.138371983,5.500975286,4.38253623,4.761708807,GSM505590,Non_response
8.177502584,3.8541553,3.977179247,4.356405384,5.139398358,3.352548255,6.59236088,3.730800867,4.194509908,4.965333881,6.38104171,6.889229057,3.941643471,7.279985407,4.971166682,5.015063205,6.136569387,GSM505592,Non_response
6.523932189,3.878332381,3.841518799,4.114036513,5.039600127,3.290021431,4.81007162,5.45766668,4.266424906,5.849572992,5.999390743,7.149217756,4.040546228,6.512235004,5.304589509,5.075742219,5.250165586,GSM505593,Non_response
6.090944311,4.025770664,3.871689947,5.217597804,5.26903579,3.409648208,3.7033267,3.843754521,3.894646072,5.144525865,5.971051144,6.890361607,3.780717407,5.564856347,5.328943538,4.630071428,5.1136916,GSM505595,Non_response
6.422628228,4.302216439,4.075271816,4.808056052,5.370309762,3.379461526,3.889750864,3.923842177,4.046682534,5.397644145,6.169590607,7.354516873,4.20466846,5.307084953,4.779026808,4.76662025,4.939682816,GSM505599,Non_response
6.56262465,3.809265117,4.141266356,7.034320497,5.397471417,3.325650588,4.298249558,3.754410894,3.990915866,5.828422625,6.027554826,6.843210422,3.932122752,6.083326661,5.177558638,4.601664295,5.319370415,GSM505600,Non_response
6.026917286,4.036373907,3.98672168,5.180840567,5.250336671,3.464920619,4.717783324,3.686941099,3.761452643,5.960820374,6.076786818,6.947154364,4.289382521,5.441498587,5.314197145,4.317133807,4.897457127,GSM505604,Non_response
7.247897706,3.86796479,4.089700634,5.17102178,4.692895222,3.526245596,4.568587079,4.019908522,4.360735402,6.149306579,6.146448001,8.686165302,4.101142695,6.274686887,6.391889833,4.760299232,5.499482346,GSM508110,Non_response
6.751579028,3.724982305,3.840992038,5.884590009,5.006608393,3.476071403,3.423744924,3.803091572,5.122599225,5.822884411,5.862298894,8.350817633,3.765897489,5.414476804,4.899015976,5.005742173,5.433487547,GSM508125,Non_response
6.572466468,3.490154869,3.972749439,5.807524717,4.816876985,3.509291798,3.241700358,3.925408503,5.31553269,5.79200235,5.45682105,7.686185698,3.808013783,5.186574874,4.798568605,5.356323054,6.209963387,GSM508133,Non_response
6.894344092,4.072777759,4.158161909,5.040911352,5.187101333,3.445836535,3.974128809,3.81321941,4.375349123,5.324791079,5.827102117,7.739398278,4.21656104,5.492216002,5.158848797,4.291294119,5.357305463,GSM508150,Response
6.859349045,4.134952878,4.069735368,4.626834349,4.925287788,3.502094757,3.932232202,3.934141558,5.471352347,6.146027296,6.014842371,8.646986801,4.358726201,6.077273301,5.793756887,4.894764845,5.275115336,GSM508167,Non_response
6.298503569,4.066182035,3.980904203,5.125180518,5.117050193,3.482863128,3.539164981,3.802584953,3.851424854,5.109283403,5.74588026,7.068967234,3.873809749,5.754572255,5.503729796,4.697719037,4.962886306,GSM508187,Non_response
6.974360335,4.155030885,4.056480698,6.092923917,5.342249785,3.20010739,5.026197547,3.992044226,4.416112448,5.182039015,5.721274764,6.786539413,3.880281886,5.651014101,5.077493216,4.912578804,6.046446608,GSM505434,Response
6.62957559,3.8608912,3.739711245,5.499390037,5.108862556,3.163957102,5.226133717,3.857315496,4.476358368,4.829937638,5.578459417,6.723787058,3.934861851,5.229023624,4.66407631,5.514484382,6.078293586,GSM505445,Response
9.40985935401605,6.75186665769249,7.49098141639858,7.54511339521334,8.8733414338203,7.20103842104884,9.64677527536884,7.3772772276941,8.78745441523004,9.0860360896502,8.43037942007577,8.13752462539807,7.36984718575314,7.10973073543585,7.65025021197163,8.55073872328881,8.30957662926862,GSM4171496,Response
8.02113866834429,6.0034395646669,8.33162704728927,10.5026555518959,8.44026224093495,6.99869267015959,9.80255247707042,7.30679554774012,7.82483284398466,9.6050604147632,8.36282475825212,7.07350289982478,6.82564900389007,6.99546318203406,7.39683945675637,9.08443390665416,9.68179177554577,GSM4171497,Response
8.81203202901767,5.01744694328146,7.41676051793439,10.7680802787178,8.37928963591269,6.68672360728576,8.35022271765963,7.00264607367872,8.46349964627115,8.97271868209693,8.86782877555799,10.5897355488511,7.13982167191716,7.2293420160506,8.92382973137629,7.88160477764474,9.58876539846991,GSM4171499,Non_response
9.35317155289248,6.14218915652088,6.42097813521052,11.9762536372094,7.85061316939152,6.24735547220411,8.40228478943663,6.16247538457422,7.2173899957803,9.11469598616767,9.48931278525416,6.75370566331362,7.17897211505001,7.90493723834113,10.7876694812253,8.03629999482014,9.11454063373588,GSM4171515,Non_response
9.66396783238367,6.41874435073658,6.36432346829296,9.60331974736197,8.5439632941151,6.94172893905338,8.92805775546227,7.06032774436021,8.58412951104492,9.46038064247931,8.61281252584782,8.19666604055245,8.10525347654831,7.20725801168915,8.07087109788061,8.27738758742009,8.79167057172191,GSM4171517,Response
10.7218633054586,5.47515830142341,7.8943938608018,10.226411523623,8.24729531223744,6.74752836446313,9.92931162878971,7.18690803353567,9.20366720854263,9.19885114369337,9.05205475415599,8.06718654274239,8.34197866236391,8.34514359647024,8.91808382800171,8.62151641846711,9.35564900836859,GSM4171521,Response
10.2533907346835,6.53897839114845,7.78219854685043,11.5445953627674,8.14619883169048,7.50282321604737,9.02375830760646,6.73708193165669,9.84242786979906,9.31121851728629,9.15075077036564,8.01585609927903,7.05170342005482,7.55335737092023,8.13961830037619,8.95756504172007,9.53521417969525,GSM4171522,Response
9.23767808148435,5.69401955518836,7.36625779645625,8.91488672308015,8.2719348048948,6.79376577645525,8.33542889309942,7.26126312688606,8.63225897618933,9.46465926329711,9.00655673773811,8.37245964997341,7.7162364060481,8.07410751669148,8.39059179278301,8.40005599714737,9.50800531065611,GSM4171530,Response
9.4732396733246,6.62376615894789,6.86152707971452,10.7126650636603,8.4680311642499,7.05671461076542,8.86191225347915,6.56061133764318,8.81792455464655,9.02123902230655,9.37309280543436,7.77022726528874,6.88737849366171,7.50880866944433,7.60910252812121,8.61495977822716,10.3324284436034,GSM4171531,Non_response
10.5447835553566,5.52917893221177,7.440102837016,10.0447911516708,8.89247957975975,7.0271992371361,8.8126661416616,7.60389114195303,8.59855280163033,8.79558555779322,8.08677554759558,8.08259834322123,7.40154835959143,7.69029276163293,7.38247407696696,8.6654395624352,9.40056083054171,GSM4171535,Response
9.67961963554962,6.882353065401,6.31075393396076,11.1310497152985,8.2982548127525,7.4444383033837,9.59768281835867,7.37373916021532,9.58145264459812,9.45371668096508,8.99621554889852,8.31484467079172,7.42223101638468,6.78566681470882,8.91319206281426,8.4156313661999,8.69338928235834,GSM4171536,Non_response
9.62629094516016,6.52316263271395,6.34109645036454,10.4305013054504,8.39410078413162,6.9841710605197,8.07463871173811,7.38674597783671,8.81624345273996,9.37944803086927,8.59428919016372,9.17242406030028,8.02868323999291,7.8726925306073,7.75810008146071,8.46810492306632,8.11888069181876,GSM4171540,Response
10.5921724345168,5.48011876369202,7.40621700877374,10.55081454754,8.52640756723953,5.45033434314816,8.80107054301844,7.02335376314007,9.11230915993067,9.93899603333723,8.81743209916852,7.06539165116618,7.89207677073573,7.09659863841581,8.09991789524555,8.62050195994354,9.18680243593497,GSM4171541,Response
9.50293658540699,7.17344926006606,5.83801302030428,9.21052979680899,8.45031882138145,6.61607609054485,7.63258977925554,7.22762028281935,8.75571919345378,9.25418171450724,9.25315784083645,9.1555989360436,8.02304208324953,7.40707536947486,8.4028517921436,8.3554125105405,8.5424104162718,GSM4171567,Response
10.0781254057623,6.13354833020297,6.65007385264314,10.8036489642665,8.33406091122122,6.83269890012698,9.9169695257472,7.53056307456661,7.56351366308931,9.15676200293216,8.34660257765879,7.75989832391172,7.12292342492728,6.97853127946232,8.55733422808865,7.91510033057445,8.42964582466354,GSM4171572,Response
9.56145475044249,5.9833054696045,6.45287365311277,7.61654223462791,8.30875343256066,7.03915245674411,9.51551213241149,7.02661296565572,8.71246480195041,9.06333352348829,9.38190130647837,8.54320203282571,7.21388121939387,7.60368562578548,8.61759660824086,7.76243859072316,9.25576130994007,GSM4171574,Response
7.799387298,3.961378896,5.289995582,5.362194228,5.012735195,3.591399237,6.80608214,3.900562815,3.993624104,5.916391577,6.585016644,8.683892484,3.859470511,5.698361827,5.074143355,5.922774353,5.731729839,GSM508012,Response
6.996943648,4.13812873,3.628151942,5.273850072,4.967094146,3.550762116,4.036570898,3.880952487,4.752207321,6.054417474,5.955592001,9.373680937,4.218463056,5.856221778,5.556047753,5.235571918,5.23474054,GSM508013,Non_response
7.310350474,3.797563964,4.214654294,5.166757839,4.780485327,3.620765759,4.058770373,3.874545515,4.188974526,5.567057464,6.019188007,8.17541442,4.066917062,6.065553116,5.553651049,4.915995989,5.440712156,GSM508014,Non_response
6.398658133,4.296682703,4.011661804,4.337733985,5.155378429,3.688392534,3.740821231,3.830098758,4.07720544,5.361914268,5.507476244,8.007943786,4.143067739,5.148636313,4.746959377,4.441714427,5.082268901,GSM508015,Non_response
6.586518719,3.728239914,3.975262976,6.290916543,4.819711678,3.705457004,3.802623466,4.015486806,5.13719699,6.04723812,5.514528784,7.975132727,4.023057837,5.614523112,7.682139588,5.432110126,5.016134548,GSM508016,Non_response
7.060353954,3.730914394,4.05649514,4.418540856,5.21761453,3.317592256,3.847814933,3.536213037,5.130481335,5.457355476,5.393860984,8.107506592,3.818651494,5.346538481,5.420042583,4.332928398,5.820842026,GSM508017,Non_response
7.130710417,3.71994882,4.010602788,5.609059316,4.905928729,3.513399884,3.660205473,3.910886714,5.207143192,6.140402347,5.983643587,9.038676899,3.918118408,6.023230865,5.689331622,4.887467298,5.677839444,GSM508018,Non_response
7.274895416,3.859538429,3.845754728,3.503251087,4.930939711,3.852207464,3.957140444,4.334708687,4.950212498,6.303354827,5.762149569,9.981299956,4.224001008,6.869487303,6.211764531,5.378688177,5.089433093,GSM508019,Non_response
7.911284072,3.790560007,4.412690859,4.798014152,5.16899471,3.689960947,5.289138268,3.575668982,4.003157396,5.815618474,5.381054314,7.128046572,4.010828506,5.656713078,4.932646456,4.828874649,5.306708633,GSM508021,Non_response
6.818088942,3.570624777,3.978128659,5.741948935,4.570527237,3.58373512,3.771352154,4.135162495,4.305662908,6.271677964,5.798194005,6.42897758,3.597992357,5.255991294,4.925947829,6.302257897,6.545211516,GSM508024,Non_response
6.150340658,4.723492506,4.491412082,4.399297409,5.239715411,3.644103651,3.697742351,3.837341952,4.058065328,6.115087332,6.59391902,7.678818239,4.726993691,5.434488504,5.274387406,4.567716477,5.202729569,GSM508025,Non_response
6.777876752,4.178682191,4.102907842,4.643046282,5.043007686,3.393449206,4.266972999,3.970744351,6.234792864,5.262806171,5.480306872,7.93904609,4.023390905,6.189439289,5.242821724,4.564197505,5.28816223,GSM508026,Non_response
6.454814352,3.855670556,4.228812989,4.528029139,4.843139104,3.464799208,5.052534924,3.795164449,3.789228599,5.856886866,5.434297058,6.60668702,4.035326196,6.090436438,5.566426553,4.449397928,4.620948084,GSM508027,Non_response
6.608546642,3.94442347,4.218346084,3.355821146,5.033858339,3.94045936,5.536353206,3.834850662,3.749909084,6.466297964,6.042273911,7.083369484,4.134886407,6.629893868,5.190489949,4.92875134,5.029780164,GSM508028,Non_response
6.499758068,4.14170534,4.098596494,4.514464915,5.222318196,3.490525978,3.967453833,3.636528342,3.927846314,5.874794147,6.170475755,8.387209823,3.9752178,5.050516097,5.752487901,4.991549579,5.389569807,GSM508029,Non_response
6.357576892,3.947662713,4.066436492,4.540560735,4.955128173,3.979981983,5.019279716,3.938622381,4.626323199,5.603965018,5.554697957,7.398535908,4.108614898,6.750004954,5.182467053,4.895569547,4.716740004,GSM508030,Non_response
6.720466193,4.004197771,4.254404926,4.052438049,5.223520225,3.382934976,5.889270811,3.633300303,4.164882228,5.111247909,5.965791876,6.926873545,4.02963709,6.02833819,4.946138809,5.024759549,5.086896649,GSM508031,Non_response
7.273685929,4.228969644,3.940998788,5.323609445,5.050550925,3.597243393,4.005779194,3.961864699,5.04370492,5.811812929,6.170623181,8.760061877,4.036181173,6.481371568,5.42476567,4.889758963,5.290723029,GSM508032,Non_response
6.921711587,3.996712682,4.343144203,7.289841438,4.983711523,3.607274446,4.625902252,3.696846753,4.278443643,6.517848094,5.555246076,6.922834706,3.754495091,5.690931543,7.312967595,5.126675646,5.584235458,GSM508033,Non_response
6.624582082,3.531827806,4.821655812,3.401293396,5.132531023,3.756178629,6.586301208,3.929823857,3.980792946,5.948000431,5.320480182,6.035806333,3.795440136,6.669789675,5.960055564,6.493338795,6.511787482,GSM508034,Non_response
7.369260671,4.121249841,4.1985627,5.030913447,4.987526812,3.796850975,5.155306755,3.916073699,4.579517259,5.625975144,6.081517713,9.400270852,3.969684665,5.886561629,5.277092392,5.547973651,5.267157613,GSM508035,Response
6.355655644,4.133494969,4.424058773,4.077729725,5.195437824,3.351123347,4.929217648,3.902428322,3.86695177,5.45278138,6.10855702,6.984709469,3.855409648,5.726488294,4.998953489,3.999816091,5.002449002,GSM508036,Response
6.185391676,4.02336194,4.195861783,5.845971669,4.970675836,3.800532737,4.979428459,4.134630939,3.807776153,6.302285654,5.537418736,7.638561358,3.978771808,5.79152004,5.316541695,4.965205222,4.993259519,GSM508037,Response
6.657744232,3.953540443,4.405029332,4.568429185,5.439367296,3.506620811,4.029612623,3.794523639,4.161051959,5.323977252,5.748283739,7.860613083,4.410973959,5.606391286,5.068908165,4.319566775,5.419211294,GSM508038,Response
7.052784155,3.779164591,4.075337984,3.817320917,4.968547179,3.450672878,5.512012714,4.012271227,3.874309826,6.086913251,5.470256425,6.606937556,3.588380657,6.255943283,5.377156833,5.991676465,4.965376753,GSM508039,Non_response
6.575821045,4.330141639,4.571075319,5.830290016,4.788204258,3.403284611,4.685208098,4.099135125,4.245364578,5.575554409,5.914096342,7.451541134,4.353184234,5.359661617,4.856949732,4.948794746,5.323321291,GSM508040,Non_response
8.16535835,3.94419582,4.360167647,4.596332522,4.59014303,3.679704127,5.506767709,3.928181708,4.313548587,6.182066177,6.51311576,8.09409653,4.042639017,6.943694081,5.49581263,5.014004893,6.459005269,GSM508042,Non_response
7.404397181,3.933348415,4.26447259,7.702070704,5.167508551,3.361174435,4.58769489,3.796416301,5.325399096,5.169741285,5.706592568,7.032991849,4.024676572,5.778560568,6.667640751,5.041860353,6.152162964,GSM508043,Non_response
6.317987582,3.780907128,4.528704876,5.345706811,5.055358007,3.484301008,4.488402686,3.802343685,3.869883622,5.254119077,5.987788707,6.562993781,4.158370534,6.354889619,5.178151033,4.696972586,4.992484885,GSM508044,Non_response
6.133725034,3.973016422,4.084730138,4.892391249,4.710021397,3.564107074,4.776709135,3.732319753,4.448962202,5.721282494,5.831073879,7.271027062,4.09694151,5.84300924,5.230662297,4.647779159,5.310981671,GSM508045,Non_response
7.179506974,3.776085441,3.945239075,4.71750547,4.931989122,3.776978986,5.335042968,4.032396832,4.953591428,6.421119126,5.324439425,6.641756662,4.798799355,5.495697339,5.633887601,6.094485089,4.92008677,GSM508046,Non_response
6.579919687,4.188570223,4.175309493,4.32436621,5.03440745,3.428368725,4.215509077,3.743224093,3.854589798,5.625446446,5.743905836,7.464005919,4.030099173,5.214044818,5.369696309,4.759122853,5.44220589,GSM508047,Non_response
6.772187046,3.861729361,4.340505922,6.664140081,4.698909325,3.47370029,4.900842662,3.879988418,4.867416409,5.903526654,5.456005002,7.006431939,3.849711729,6.450364327,5.216936966,5.045414638,5.056055829,GSM508048,Non_response
6.761751024,4.052094079,4.1824554,4.440162265,5.360502585,3.705540655,3.965069328,3.939802261,4.311841032,5.319034797,6.029123883,7.086376744,4.467309568,5.385638261,5.174027029,4.582283506,5.270326951,GSM508049,Non_response
6.729843564,3.826246368,4.164890068,3.550209189,4.787233901,3.426653108,4.592187441,3.970456154,3.635187595,5.580599153,5.585048108,6.708110556,3.919258916,6.228304044,5.27161051,5.307548702,5.184844076,GSM508050,Non_response
6.069464407,4.006234309,4.060158174,3.264445393,5.148651488,3.554741129,4.24592425,3.956993098,3.942723361,5.685213813,5.824908844,6.426959229,3.918344813,5.304190075,4.598129969,5.245803705,4.924637345,GSM508051,Non_response
6.679546068,4.141186254,4.197917318,4.753184512,5.376306787,3.341822797,4.978918098,3.916421532,3.793866836,5.518814393,5.92009759,6.87254273,4.209462052,6.030053667,4.70897675,4.437549412,5.337483552,GSM508052,Non_response
5.882662018,3.692187021,4.007407566,6.718971597,4.751509904,4.282356228,5.186181973,4.757249781,3.693973164,7.180615635,5.485286819,5.731803894,3.950765711,5.803210927,6.737384025,5.873999748,5.407403512,GSM508053,Non_response
6.692543556,4.100426068,4.143724086,4.340920451,4.931646071,3.653180193,4.457250449,3.904228353,4.264602924,5.672920595,6.505897778,7.057257359,4.070565215,5.489303726,5.487636915,4.99689761,6.037890455,GSM508054,Non_response
7.612889444,3.510235382,4.086833632,3.973243539,4.554487024,3.947391552,5.104313252,4.765479712,3.929291657,6.164859197,5.206933203,6.241550687,3.897173039,5.081861141,5.322050242,6.942044698,5.079539269,GSM508055,Non_response
6.716380671,4.5699607,4.451763488,4.201312212,5.490398336,3.402722635,3.459632497,3.726932465,4.26531927,4.988413608,6.087063635,6.996090225,4.477912697,5.597858301,5.512006454,4.08594115,4.798979687,GSM508056,Non_response
7.17459408,3.464659101,3.993970706,5.362690486,4.703669874,3.499859378,5.625169285,4.039368341,4.226166213,5.625749473,5.643472889,7.608462641,4.957289018,5.051303822,4.423016763,5.879087341,5.584197283,GSM508057,Non_response
6.027798312,4.26441982,4.568750368,3.79036695,5.125026031,3.714773522,5.496710398,3.738767727,4.046142548,5.966003039,7.10159497,8.166713225,4.024915009,6.232344089,5.384064048,4.832067223,7.000970453,GSM508058,Non_response
6.444156637,3.694946038,4.132381666,4.281356371,4.874839219,3.61673172,5.04795578,3.944979728,3.892489314,6.338076301,5.60368583,6.6048522,3.939948785,5.997519535,4.701670645,4.870626653,5.667593563,GSM508059,Non_response
6.792401838,4.113956001,4.167718432,4.354817569,5.259374849,3.40175956,6.273457771,3.644670194,3.994075603,5.432321498,5.623344867,6.401149283,4.089433488,5.172162755,4.821325507,4.734112834,4.877123506,GSM508060,Non_response
6.696895035,3.749737359,4.050258574,5.458903636,4.998972544,3.470756281,4.321249326,3.959609193,4.330805479,5.4960989,5.305985594,6.859627165,3.712122338,5.862805806,5.652694386,5.080042482,5.109466694,GSM508061,Non_response
6.231267868,3.818373889,3.981131548,6.14807964,5.193249626,3.283276616,4.341035642,3.639890514,3.730619748,5.504163225,5.350839964,6.688581951,3.838495232,5.352001016,4.863518851,4.40157116,4.650499313,GSM508062,Non_response
6.559871876,4.257517041,4.298774994,4.680182613,5.427871594,3.606208493,3.884868281,3.851610076,4.115895617,5.43325886,5.865267522,7.60150714,4.270844378,5.745078396,5.723688779,4.272188789,4.9874448,GSM508063,Non_response
6.557504179,3.81215654,4.143688831,5.089109304,4.848565174,3.48742562,3.902642437,3.873529511,3.952975613,5.258359824,5.823720065,7.710960679,3.880665508,5.124779119,5.084775123,4.688321939,5.081720444,GSM508064,Non_response
6.628858757,4.361482779,4.169893784,4.901601975,4.948852072,3.703714681,4.934128183,3.796429086,3.979878712,5.272952613,5.940468985,7.20760034,4.599684496,5.418342124,5.344499831,4.737717717,5.273018568,GSM508065,Non_response
6.572818879,4.032074642,4.2758343,4.810603459,5.287526404,3.312311719,4.229562754,3.896989237,4.250215916,5.531512964,6.28591785,6.677613701,4.146513154,5.508889302,5.76573526,4.385394493,5.300473875,GSM508066,Non_response
7.651302898,4.00205553,4.179194944,5.041741611,4.83352394,3.488524857,4.982850406,3.962249127,4.295605389,5.139285507,5.997219985,7.305749967,3.946727333,5.418865744,5.912362514,5.392981434,6.651787079,GSM508068,Non_response
8.216521865,4.003695719,4.586567925,6.701488759,5.144946379,3.492295326,5.021708308,3.700605382,6.164310457,5.168986764,6.108848114,6.015731192,3.564577349,6.265499414,5.220321969,5.932082818,7.02080937,GSM508069,Non_response
7.423901035,3.634159954,4.879541816,5.483233261,4.769267344,3.470889342,5.85194773,3.94505329,3.851353001,5.58173002,5.534140508,6.116107349,3.801421133,5.668210729,4.347709931,5.11954498,6.126305475,GSM508070,Non_response
6.977375657,4.109973813,4.44479874,6.01014776,5.106595394,3.660616844,4.763365852,3.833565835,4.318308499,5.685011408,6.07834259,8.89410493,4.167556233,5.992400315,4.978590102,5.253900055,6.127135939,GSM508071,Response
7.028950463,3.608859016,4.869594958,5.4338804,4.978427217,3.667566675,5.293652963,3.812799261,5.178929239,5.331390601,5.962049962,6.90963978,4.0693133,7.097157662,5.265854408,5.203141122,6.132253554,GSM508072,Non_response
6.772037812,3.809585367,4.006158137,4.69858513,4.905698006,3.375954614,4.120583624,3.931273535,4.712017452,5.633927551,5.889850109,9.116690077,4.350737169,6.466730769,5.358114703,4.894909616,5.160300391,GSM508073,Non_response
7.020281198,4.075698442,4.028752058,3.99793081,5.030855635,3.499645488,3.657058437,4.219294632,4.812927881,5.963486207,5.55919494,8.184775782,4.425402781,5.949430583,5.880734937,4.851953288,4.847305341,GSM508074,Non_response
7.116778949,3.825166891,3.81895677,6.299903934,5.044518247,3.680323665,3.667881554,4.216542487,5.048362687,5.939004597,6.052744802,8.59894886,4.295057103,5.908406344,6.741462065,5.037225216,5.619507201,GSM508075,Non_response
7.094749484,3.803751841,4.173059182,6.689761652,4.805152813,3.652434098,5.188027492,3.984777522,5.387427299,5.560487735,5.656243096,8.528803255,4.126702149,7.075006054,5.711991532,5.842744041,5.325657284,GSM508076,Non_response
6.402942368,3.760378366,4.106790676,3.319073697,4.720205092,3.955606624,6.216612077,4.05670188,4.302301838,6.386026009,5.475161631,6.609062886,3.989467826,6.482220882,5.553486021,6.221545127,5.819767647,GSM508077,Non_response
6.495396302,4.131806024,4.04423343,5.123660606,5.01898783,3.420268683,3.782540125,3.825996978,4.671826929,5.535584797,6.094146598,8.27365104,4.264130933,5.608835778,5.585429505,4.987335018,5.252727512,GSM508078,Non_response
6.767019043,4.033475753,4.680034027,4.125231405,5.3737087,3.42811736,5.265132679,3.582056814,4.072400733,5.327152578,5.666956685,6.69999979,4.167696338,5.482669769,5.929321041,4.544496262,5.808212627,GSM508079,Non_response
7.37323944,3.712996571,4.558658437,3.374150592,4.841543177,3.560610792,4.810226005,3.703889969,6.17092657,4.723160574,5.608662181,6.748957169,3.872304601,5.825550022,6.060195405,6.517312437,6.256064415,GSM508080,Non_response
6.18042833,4.215300102,4.100455722,4.526180239,5.364772758,3.421464394,4.327828082,4.021579273,4.004567691,5.657186096,5.265311281,7.371185827,4.040279102,5.793343903,5.473782813,4.72770732,4.980116077,GSM508081,Non_response
6.148264022,4.04538947,4.016490849,4.442182237,5.191267003,3.403874004,4.276850592,3.83175423,4.098344464,6.313769371,5.561161837,5.978780456,4.173629394,6.010080875,5.484002853,5.290600251,4.809086986,GSM508082,Non_response
6.315968465,4.185670851,4.178541025,5.446619422,5.090091331,3.445266748,3.740733694,3.760279625,4.531300475,5.671423132,5.694130523,7.84907967,4.145344805,5.20697223,5.790549273,4.336958467,5.326665143,GSM508083,Non_response
5.968512517,3.690456796,4.060587194,6.78424368,4.772700504,3.741687626,4.383284999,4.050395785,3.795680197,6.50544069,5.426878692,5.822018323,3.668515866,5.832500335,5.083707685,5.858673234,4.71924528,GSM508084,Non_response
7.2943861,3.95968942,4.452333891,4.233862977,5.100201069,3.457693477,4.947993557,3.675389283,6.69512535,5.142444044,5.487801343,8.221759554,3.863320117,5.658712764,7.711070873,4.96713453,5.486745893,GSM508085,Non_response
6.736334399,3.765231722,4.259499448,7.316950664,4.960965346,3.610736338,4.630352163,3.875522396,6.665755721,6.014464614,5.587942158,6.457919362,4.088084797,5.627564543,5.000607352,5.098305526,4.845358616,GSM508086,Non_response
7.715353456,4.07635287,4.013781162,5.396182405,5.084534951,3.573298217,4.370962043,3.756452742,4.919645062,5.198947316,5.911288738,7.300001181,4.13977667,6.108919356,6.084044706,4.494226106,5.835309687,GSM508087,Response
6.885920645,4.108030518,4.091174342,7.44026444,5.40992783,3.515683471,3.655601121,3.831408066,3.891275286,6.240811224,5.760370651,7.148355746,4.018496514,5.576307226,5.420369753,4.715439224,5.063109044,GSM508088,Non_response
7.280766924,3.793373286,4.589299023,5.395962166,4.905133407,3.353691286,5.66391702,3.757655979,4.212176899,5.593529705,5.901476131,7.252660668,3.644656779,6.087323465,7.062246406,5.027505025,6.331620094,GSM508089,Non_response
6.728236582,3.917624281,4.154744943,3.851558041,5.054631113,3.568621089,4.606770886,3.757575338,3.680643558,5.127379918,6.691407475,10.28157502,4.302096144,5.995572719,5.430968049,5.023146256,5.179707887,GSM508090,Non_response
7.213922784,3.972476629,5.013720078,3.951380409,4.996931791,3.514667978,5.350750441,3.809634419,3.840131884,5.500348659,6.203549344,7.455889937,4.088487398,6.399274592,5.932451447,5.155472203,5.91362228,GSM508091,Non_response
7.840280998,3.962395093,4.160785857,7.017631267,4.827047245,3.583080461,5.349640557,3.828426397,3.522997839,5.743261596,5.733052027,7.34806899,3.824418564,6.426258701,6.185607854,4.896584596,5.685110785,GSM508092,Non_response
6.933385503,4.118137211,4.790249034,4.399461017,4.766759414,3.659815205,4.647594533,3.761554049,4.426118966,5.446049096,6.601237556,7.475685139,3.984920174,6.764387909,6.654996694,5.259750045,6.482420281,GSM508093,Non_response
6.380145503,4.037038366,4.137368151,4.905804782,5.031524973,3.742104843,5.187816265,3.864790207,3.994671714,5.796828642,5.93260205,6.956629312,4.233361872,6.261866821,5.020981685,5.180091398,5.142037681,GSM508094,Non_response
6.462121281,4.048228001,4.171685622,4.956549086,5.379092007,3.672417691,4.468324597,3.803557698,4.029773643,5.91365537,5.670068259,6.616272368,4.115886538,5.372522997,5.266199985,4.726069875,4.810491229,GSM508095,Non_response
6.508581492,4.289694669,4.397293166,4.14120987,4.595490003,3.785014044,4.352578208,3.820211786,4.961186101,5.939657356,6.293040371,9.881140249,4.14791708,6.435195514,5.875473103,5.717455525,5.09141877,GSM508096,Non_response
6.330371783,3.79128569,4.186629263,4.445720105,5.278021186,3.262371315,3.80541617,3.748539465,4.008154261,5.337293066,5.584648599,6.233414616,4.073584981,5.349720505,4.846558633,4.702855287,5.680178793,GSM508097,Non_response
6.525140231,3.786218862,4.60655163,6.372288452,4.881499934,3.419852387,5.437293297,3.783437497,4.334606888,5.822731846,5.65007305,7.182579225,4.020012927,6.065650567,4.991961528,5.716843339,5.516881209,GSM508098,Non_response
9.57245395628816,6.61153245569671,6.46585142167452,10.3016955955197,9.91823785487156,5.24915983254991,7.78291953260833,6.54745711933282,7.0052568460837,8.83907637204477,8.96588184356776,10.7276758434295,7.04461947647145,7.56996797014033,11.0768572426887,7.64250396831451,6.84416909077482,GSM1705389,Non_response
9.95064950430992,6.62906703043277,8.01227311356748,11.8790836729844,9.32651950658672,7.7689374337801,9.27182654334485,7.79626203451634,8.53978490050026,9.65556134077387,10.344672287909,10.8747328583411,9.30186533285394,8.75444452720458,11.2382248928484,8.64056162691197,7.86095408864709,GSM1705390,Non_response
9.50153662062731,7.05495200322407,7.461022769839,12.3500356253891,9.55379446815353,7.41862661978937,9.51025714843898,7.88460797140594,7.69806988980649,9.74309455594395,10.2543452184146,11.1601701685887,9.11480215841287,9.23596540806765,11.630221969969,8.51387296914684,8.84037241762252,GSM1705391,Non_response
9.92990879013495,7.71329864664604,6.73072617670758,11.1479546183233,9.53450249628796,7.09288268587393,7.65409432246948,7.58867222886481,8.05451879546185,9.45343100377542,9.57382372284268,11.0937104189228,8.43937583618757,8.23165939988675,10.9594409439931,8.12947092941475,7.3889989995203,GSM1705392,Response
9.64152520723118,6.60587865451378,7.39239052226163,12.0409228925272,9.51510469094961,7.25996692654796,8.85286728657847,8.27716636516859,8.84293348898262,9.71376648902199,10.1108978833504,10.7395275007776,8.48946169214077,9.18419094815695,8.66562725059621,8.26627226186096,9.65509032568848,GSM1705393,Non_response
10.0532061978979,6.26395406845805,7.64802100855925,10.800400508359,9.64110157157061,6.78183798804112,8.88105774880639,7.68965910780759,8.56571501156429,9.71870388762531,10.0624688142879,10.3060133703396,8.51832853894087,8.80662258049347,10.7100804926397,8.2315367027987,7.98070496132795,GSM1705394,Non_response
9.64197738684154,6.5955191514597,7.50009949309016,10.7045356000888,9.65073326395273,6.59581489764794,8.23622492153004,7.46114487100474,6.8862185094501,9.76792647451749,10.0516243252206,11.9246785651158,7.74973655159107,8.93355669571938,10.0826965661878,7.64063046859552,8.5322852965679,GSM1705395,Non_response
10.2511561754081,7.09799140758184,7.88779094645875,11.3090627392016,9.63766777199195,7.00437996577622,9.04503513354538,7.3269745085843,7.81864460603325,9.59454296311703,9.89355178045932,9.68871081878103,8.64274217010198,8.49917468252612,10.3423417359664,8.47389174221455,8.0433732520703,GSM1705396,Response
10.1007092266936,6.97359094776907,7.13343110157559,10.7852099951518,9.15501666825899,7.03663538201034,6.73735345482705,7.92403960505091,9.28612231369731,9.72425628119011,9.1704858719852,11.4805045435028,8.59390700089555,8.1441312479478,11.3276958335785,8.40883551006544,7.43084450093618,GSM1705397,Response
9.33992585019611,7.63176114537948,8.17556092376658,10.6954595161778,10.3126784401971,6.48466990139041,8.53257041653142,7.5178905018222,7.84860002772439,9.46523400638124,10.381278204959,11.4936183234882,7.82128069042258,8.41110468347674,9.3513925345468,8.35547723649609,7.94702643213421,GSM1705398,Response
10.0375061306329,8.24248515158221,6.82525746302343,6.66369328811166,8.7479411585097,7.10607254445332,6.96543888614738,7.62692517640919,8.016663301553,9.45136971549241,8.45628065671557,11.7100149176009,7.40970042598796,7.87567888273435,7.84209797159221,8.10398558504714,7.6158365077177,GSM1705399,Response
9.87956279276527,7.77502730862931,6.77600943013627,11.5999878904279,9.66267084744689,7.75623539807883,7.59658245801775,7.6677744849491,8.04981549404956,9.51351802888128,9.8495598756895,10.9247488045441,8.01440692759462,7.9058197998474,11.6098953062843,8.40476466478526,7.0294104747695,GSM1705400,Response
9.95403340863697,6.21399476721249,6.59307389199314,10.4513095067189,9.47301467389737,6.38569722101439,7.95249742944123,7.43637311352074,6.53598727252136,9.34694059085317,9.01080493314704,10.880360272597,8.2953498095801,7.56484538450522,10.4386926203084,7.76908670158799,7.59467474345118,GSM1705401,Response
9.81622686449635,7.40335887476251,6.89038651745487,11.479786873861,9.89759189093352,6.74368827501511,7.65599762745312,7.38509856342152,8.01495774641204,9.59291780222364,9.73545618995501,11.1206456065008,8.17637151972319,7.76908402956913,12.5280870452182,7.98967441241366,6.81007982376668,GSM1705402,Non_response
9.61235689558073,5.55853556234731,8.37581334522093,10.8380387957966,9.4994046793499,7.7099678697962,9.9335458033856,7.28394245438466,6.38325973943195,9.79723016005643,10.8347961116951,10.8216978816344,9.39600779815413,9.77035671215764,11.0008178420191,8.52367726459329,8.42798939077487,GSM1705403,Non_response
9.7764519174443,8.13382335439322,6.58926122208822,11.1814759125579,9.73767868856571,7.44013391287907,7.01941049662181,7.65878336884811,8.34695233732707,9.16104895476307,9.71790112775248,11.1719730903901,7.96997181007189,7.86256008604452,9.78889997102223,8.13124360828892,7.0478965300357,GSM1705404,Non_response
8.601889408,6.328222877,5.956620249,11.1277317,8.988274234,7.594008719,8.118526409,7.381250405,7.731038522,9.978377081,10.09272801,10.4266697,9.221763657,8.599562147,7.567909802,7.30460727,9.644493665,GSM710801,Response
8.789762062,9.435692072,6.768248036,11.07123004,8.630074934,7.461000141,9.655046236,7.098095958,7.001521637,9.608173456,10.11051245,11.53184232,9.692543292,9.090505954,8.237890515,8.150110231,8.411406298,GSM710802,Response
9.344732209,6.627761877,7.723253285,11.36728888,9.202474044,6.745954381,8.713783463,7.064731649,5.662618038,9.54827728,9.542844054,10.45964334,9.285256584,8.722431826,8.454031279,7.486761879,8.929153282,GSM710803,Response
9.554890113,7.390181774,6.408919213,11.09162231,9.486538167,7.230364568,8.916549158,8.495971199,8.397978609,10.15649965,9.679053637,11.36229861,9.850598613,8.171974563,10.34701378,7.648876801,9.902233381,GSM710804,Response
8.836358088,6.221465094,7.409892261,11.44590598,9.208857299,6.762719346,9.746781432,7.411574531,8.399163841,10.03954019,10.06280084,9.944070055,9.55335383,7.726054672,11.98014999,7.819976592,9.700732455,GSM710805,Response
9.186151056,8.259887579,6.948034812,12.15359282,9.262362491,6.980004881,8.789292791,7.608699631,6.774795454,9.746842817,10.66340429,11.12741259,9.521605425,8.183881603,11.00960824,7.037152131,8.786330088,GSM710806,Response
9.834857409,6.90223743,8.190428153,11.38292156,9.351142998,7.60276521,10.21135688,8.324375647,7.252683548,9.346573066,10.32718484,13.17362504,9.306947524,8.496330131,9.171737731,8.29457465,9.123765039,GSM710807,Response
9.29070902,6.378276881,7.576685429,12.26283643,9.133571451,6.382537281,9.929282814,6.971987046,5.507603437,9.309625182,9.59705559,10.2134893,10.01326507,9.226843238,10.33547167,7.680638891,8.760855467,GSM710808,Response
9.888419942,5.780733058,6.204462905,11.73875924,8.757610752,7.740818603,8.328795084,8.145100297,9.33910227,9.853302537,9.706820264,10.6673369,9.493916043,8.787721109,8.531915453,7.871835549,10.12181618,GSM710809,Response
9.204408631,6.39511568,7.579527111,11.40966486,9.027191368,6.797147604,10.10396921,7.404929274,7.454749404,9.270481517,9.413472164,11.49367113,9.914492737,8.96001481,10.13870927,7.925333757,9.654533292,GSM710810,Response
9.839373995,6.258920138,7.440496719,12.14032062,8.530059314,7.449624709,10.30411631,7.676115882,6.208043619,10.03555574,11.19986318,10.23461013,10.25548635,9.12210315,10.61142993,8.105842039,8.374216171,GSM710811,Response
10.13132361,6.290702606,8.722227583,12.07188003,8.980981014,6.402178487,10.04913333,7.033687976,6.793235352,9.659897895,9.950729265,10.51773357,10.87256705,9.024986845,9.815638358,7.246702104,8.459284899,GSM710812,Response
8.988252435,6.638424743,7.326037509,11.99266039,9.29773911,6.27548195,8.520538783,6.908035102,7.979362434,9.680733283,10.18020924,10.5497943,9.459020937,7.538736458,7.235474187,6.624594819,9.346646392,GSM710813,Response
9.03604542,6.166069209,7.64380381,10.36273082,9.454495016,6.079502587,9.580129096,6.944262419,5.770099356,9.853515414,10.32539333,6.884048992,8.858412258,7.680831732,8.685367729,6.97952247,9.511869292,GSM710814,Response
8.764708141,6.563193635,6.717669243,10.18873204,8.962321898,7.14538458,9.010734313,6.873443124,7.096310235,9.347473453,10.46686942,11.04721024,9.209795804,8.003667991,6.735556509,7.212885784,8.16439042,GSM710815,Response
9.188096863,6.700125621,6.94964209,9.439284155,9.502589303,7.36474688,8.984736769,7.169908197,8.127706858,9.944702987,10.55144272,10.31011833,9.460176292,8.644957078,8.567067453,6.768711591,8.613657482,GSM710816,Response
9.373700326,7.206193808,6.295549091,10.93707333,9.129626657,7.147750241,7.991303996,8.241021463,9.303405805,9.575858396,10.34311979,13.52527202,9.557465426,8.899299523,8.283989607,7.18342686,9.092627324,GSM710817,Response
10.16751371,6.17117909,8.097301216,10.79505735,8.794537236,7.184098222,9.882915088,7.187110113,7.183498833,9.68999856,9.743919216,9.634689923,9.999475163,9.420992949,10.52505339,7.968485673,10.14123443,GSM710818,Response
9.302000407,6.227635231,8.295802382,7.892665425,9.554940663,6.851315175,10.76148908,6.881852601,8.118502084,9.98868493,9.685075078,7.422086992,8.549213956,8.948472383,7.794859474,7.649063998,10.57299466,GSM710819,Response
9.032158315,6.191996589,6.691225681,11.08215667,9.106456326,7.872100236,8.113200463,7.308245929,7.546998324,9.975754333,10.2333448,10.72068977,10.35219614,8.854050064,8.387336011,7.822512778,9.886824305,GSM710820,Response
9.144816725,6.18048667,7.756445312,11.8765553,8.865207821,6.13324773,10.04874299,6.809916121,5.63460497,9.269442956,9.702860143,11.84701204,9.400159299,7.874692273,11.22773459,8.818794441,8.286047455,GSM710821,Response
9.40726441,6.243805322,8.055034604,11.58762982,8.902767812,6.676835037,10.83644759,7.242622231,6.931347591,9.64027212,9.396569024,9.625663553,9.407021782,8.602439052,7.929031985,7.028191961,8.127715626,GSM710822,Response
9.345270167,6.926163636,10.273403,10.39581336,9.989221251,7.653344154,10.34447465,7.052659406,6.087064601,9.828812149,9.917818068,7.582212883,8.477611074,8.794645608,8.294494653,8.429818663,8.660935011,GSM710823,Response
9.121976446,5.488585735,6.680411332,11.90864054,8.979064569,6.884245097,9.093746855,7.806355692,6.416560443,10.12340566,10.26511112,11.22738979,9.353641721,8.340179518,8.769948712,7.81029137,9.037868358,GSM710824,Response
9.482634653,5.918845281,8.082558622,12.22341237,9.211466002,6.483087055,10.18680718,7.230255621,5.4780727,9.99345627,10.6217532,11.0976776,9.916172962,7.8889115,10.89762451,8.53725763,9.500540191,GSM710825,Response
9.44407569,7.635759227,6.576295739,12.42915275,9.454377708,7.335394877,9.434780681,7.818636247,5.449165144,9.666870746,10.24729655,11.41776602,9.455379859,7.594214407,10.94405877,8.175059135,8.509636515,GSM710826,Response
10.1607545,6.277667877,7.976204464,11.93957171,9.23501828,7.312552966,9.285279252,7.24528473,4.690862767,9.596051398,9.514413092,10.65654582,10.33994883,8.037874286,10.08078553,8.193407083,9.638628051,GSM710827,Response
8.148670965,6.922294452,7.499497232,11.35234808,9.645960599,5.365523404,9.360148809,6.75291824,6.055211815,9.811878225,10.42957186,9.948424364,9.406855877,9.204783016,8.30413623,7.038433899,9.499421264,GSM710828,Non_response
9.354538144,6.45648543,7.202320704,11.86165336,9.404277873,6.639741429,9.358733337,7.039312608,8.269516043,9.178854238,9.907425974,8.226529384,10.03392332,8.42333124,10.89763953,6.99796428,9.30053766,GSM710829,Non_response
8.9336018,7.344824308,6.912283292,11.75060157,9.304525028,7.310005594,9.479800429,7.29746412,6.466747838,9.919107431,10.06280084,9.328333439,9.168268504,7.995746715,8.133030509,7.357271318,8.271218939,GSM710830,Non_response
8.858698468,6.464682439,7.255661951,10.89011175,9.395883558,7.35263908,9.35486751,8.051906064,9.362195911,10.08246493,10.02834832,11.20210217,8.860765601,8.506236805,7.879794987,7.683597285,9.313759821,GSM710831,Non_response
9.174831521,6.644418171,7.213899068,11.65489967,9.215930344,7.867716903,9.841658372,7.583653453,6.056314708,9.856723587,9.990865784,11.39696816,9.677495688,8.554934094,8.777485286,7.414124567,9.090573068,GSM710832,Non_response
9.669390328,5.986963396,6.852984427,9.993467546,9.145763271,7.29433149,9.007193611,8.031287544,8.545333697,10.01474337,9.509814707,10.68319936,9.725240359,9.00764771,8.8854379,7.682729728,8.971134965,GSM710833,Non_response
8.624118321,6.322064727,6.109370968,10.11724458,8.829932273,6.705472062,9.163402612,7.251877034,5.898349005,9.578943001,9.792538223,11.53386684,8.914813778,8.373138484,10.08742448,6.887432054,8.567226194,GSM710834,Non_response
9.40968528,7.323158837,7.441645138,11.39791852,9.464094056,6.696251706,9.61697467,7.521091943,8.4609201,9.875279586,10.39034255,9.920027401,9.043192639,8.867416167,10.58815744,7.382136707,8.792980316,GSM710835,Non_response
9.828677265,5.997595705,7.325473185,11.4701207,8.595991719,7.482005117,9.863633909,7.956374727,8.019151345,9.915330894,9.679525402,11.00421342,9.803368173,9.23368227,11.64774481,7.765275089,10.8829736,GSM710836,Non_response
9.58564605,6.544479654,7.541217393,11.75233592,9.43709182,7.951011438,10.33958642,8.150748613,7.957466232,9.832578065,10.06797481,11.34287548,9.050393496,8.833609084,9.187607311,7.731918537,9.045003154,GSM710837,Non_response
9.161997612,6.542372525,7.185746387,10.572523,9.586963336,8.359199237,9.186916321,6.936367681,6.875407106,9.587399113,10.51001649,8.253364181,9.565390711,8.085872285,6.812273796,7.360203599,8.839286086,GSM710839,Non_response
9.448692986,5.845211895,6.787776821,11.44358454,9.081496064,7.189982531,8.502782327,7.680280796,8.379815142,9.416135497,10.17221153,10.97367545,10.00827244,7.793606178,11.79301254,7.504387771,9.291455951,GSM710841,Non_response
8.240342649,5.82015564,6.454221338,7.458254548,9.634678946,6.757384547,8.0970961,7.214242572,6.958603331,9.450241841,10.65793577,11.70237544,9.790636418,10.35929959,12.84891808,7.553642237,9.453562421,GSM710843,Non_response
9.125777711,6.373195635,7.187590006,10.83069442,9.060601562,7.899717919,8.629331123,7.556947495,5.236885757,10.21080809,10.50681434,11.99977529,9.937232483,9.630812947,8.417898168,7.66327483,9.047013719,GSM710845,Non_response
9.4135333,5.676436972,7.32733046,10.99328263,9.418671924,6.242603108,9.35741205,7.506642989,7.670034983,10.07832244,10.27255066,11.23344862,9.747525433,8.722512024,8.523096323,7.120531558,8.507383167,GSM710846,Non_response
9.820433609,6.357277212,6.540327391,10.80811198,9.600346541,7.509547968,9.206527201,7.946029079,8.07276718,9.907803507,10.24516735,8.855591279,10.06848054,8.267935598,12.66006674,7.98894017,9.126285516,GSM710849,Non_response
8.696312106,5.433041272,6.703126581,11.44404165,8.681467946,6.927161355,9.462720766,7.878348577,9.313826814,9.947253721,10.632602,11.76512193,9.97653099,8.829946553,7.771364269,7.516879181,9.696061822,GSM710853,Non_response
10.18733654,6.522801652,8.311043511,10.99993713,9.184410689,6.838916234,9.884100672,8.188372629,8.037735519,9.79472332,9.751768857,7.676880413,9.721900959,8.771879753,7.461179846,7.880812971,8.919666349,GSM710855,Non_response
8.455367044,6.361962486,7.492471899,11.85647858,9.338229455,7.330436863,9.732892595,7.558495327,7.414893296,9.535747817,10.58136318,7.955457264,9.50289735,8.441715275,6.64610687,7.549086757,9.277241362,GSM710858,Non_response
8.915980543,5.792928381,6.666985987,10.95379501,9.612840405,9.103926993,9.648364576,8.123022469,5.884341601,10.16727454,10.84986327,11.74918537,9.598083203,8.816477454,6.722344445,7.604287313,10.51001418,GSM710860,Non_response
9.261102755,6.485443109,8.438851611,11.6045149,9.203417718,6.742944194,10.35329141,7.389114523,6.270607205,9.705341417,9.81870692,11.00310724,10.36873855,9.14281465,12.04808724,7.931831005,9.39173663,GSM710862,Non_response
9.824866695,6.157322813,8.313687854,11.39468488,9.403962254,7.37507669,10.66715013,7.394733724,5.745454297,9.827973942,9.275150647,12.25062079,10.12689993,7.98152264,9.323154269,8.812705527,9.15583532,GSM710863,Non_response
9.66938338,5.81917783,7.809529249,12.17566926,8.667451715,7.943864631,9.952071915,7.265929063,6.380502537,10.2608909,10.48408727,9.495165581,10.9095385,9.517334654,12.32692629,7.902906581,9.507229268,GSM710865,Non_response
9.772222132,6.490535465,7.575264751,10.57337438,9.414762922,6.853848233,10.14641162,6.763992014,6.865620809,9.480855945,9.667719787,8.714449635,9.394917691,8.987220528,11.75667372,7.858711474,9.452405443,GSM710867,Non_response
9.991706755,6.291160961,7.804396751,12.31444658,8.525521441,7.29433149,9.927230741,7.411574531,7.110650122,11.08252604,9.727039454,7.999441261,9.560678834,10.0498004,9.726741383,8.162304801,9.297660414,GSM710869,Non_response
9.23215882,6.947984488,9.845906033,10.85662183,9.360474826,7.632855049,10.7877596,7.521091943,6.013377575,9.670302679,10.56734897,9.848497002,9.881728904,9.583171993,10.23680999,8.881226023,9.251682326,GSM710871,Non_response
9.526239076,5.77961554,9.252359382,10.78375488,8.643911304,9.113418463,10.24376506,8.406314711,7.649654201,9.661598106,9.148297361,8.841420309,9.674876445,9.437125775,9.083388439,9.200633905,9.285189636,GSM710873,Non_response
9.153054713,6.369017278,7.636100284,11.36728888,9.427466568,7.470648199,9.961092682,7.317229015,7.158105943,9.692836928,9.830972211,11.44438553,9.371310685,8.769337837,9.49979277,7.752753094,8.572477381,GSM710875,Response
9.160566575,6.54300056,7.966782976,11.31151581,9.287792287,6.931624361,9.63971081,7.608085135,8.120249219,10.52151384,9.545284383,7.878097179,9.851596986,8.726167672,7.347930998,7.63376405,9.245883677,GSM710877,Response
9.065604823,6.482328309,7.915021651,11.92729955,9.08474017,7.329986047,10.45338578,7.441039114,7.82848875,10.09099857,10.08128215,11.07069722,9.825624937,8.64707015,10.53938049,7.610244678,9.212400195,GSM710879,Response
9.491392224,6.065113757,7.038463283,11.42089707,8.754930741,7.126857288,8.656489308,6.839433372,5.904838952,9.654356256,9.750127995,11.42022464,8.918905959,7.70267602,11.13228764,6.970894627,9.775922265,GSM710881,Response
9.310978684,5.783593818,7.038139816,11.87788911,8.935482019,7.569287802,8.929822947,7.464912139,7.648201566,9.89691926,10.84261641,11.50159499,9.142149172,8.853829128,7.20425247,6.701499291,9.214468918,GSM710883,Response
9.747662213,6.2397156,8.179391156,11.09921605,9.097060178,7.46263384,10.54666774,8.025021443,7.794933592,9.488526647,9.576496525,10.86987803,9.713684811,8.628722133,8.542344234,7.267211617,10.70468048,GSM710885,Response
9.536665466,6.674999399,7.346516815,10.7973383,9.113879747,7.582160687,9.626827486,7.740087402,7.623711626,9.887020648,9.393410059,10.71519689,8.841804288,8.111184706,10.56041894,8.048274775,9.697896402,GSM710886,Response
9.222587439,6.004892885,8.718095036,10.79529026,9.242849136,8.325166018,9.901429453,7.043360891,6.072856805,10.33493772,10.05757252,11.43329676,9.356544284,9.259861386,8.620014163,7.86749229,9.120124632,GSM710888,Response
9.99244134,6.060464861,7.269564579,11.06014417,9.071405093,7.069686836,9.519370921,7.58855949,8.220529841,9.440002789,9.111504395,10.35326918,9.500299489,8.41822559,10.49692686,7.775812577,8.617260075,GSM710890,Response
8.967671668,7.962747535,7.934032125,11.00822233,8.777032599,7.377568936,8.998222954,7.332651807,7.277288146,9.564094055,10.59153777,11.37819285,9.044221549,7.968425908,11.03626697,7.735220808,8.025289503,GSM710892,Response
9.972570389,5.84559801,7.95431297,11.13573459,9.552125088,7.966788342,10.50911058,7.900077484,5.912632134,9.800418663,9.62912762,9.469023811,8.150943592,9.428899161,8.743467835,7.656947712,9.654240509,GSM710894,Response
9.612650875,5.810161307,7.279622973,10.95853992,8.929517228,7.706467273,10.26383479,7.799993026,6.464406665,9.943355888,10.4065309,11.41661723,9.332737136,9.260276415,8.439528624,7.098149291,10.16912084,GSM710896,Response
9.487198733,6.434967252,7.506260147,11.83274855,9.254312003,7.13570486,9.470902305,7.670457289,8.212421469,9.696448687,9.845340806,11.09965633,9.663799243,7.893747319,11.87585646,7.748213271,9.615922072,GSM710898,Response
9.339905544,7.491202396,7.764286504,11.59539747,8.95378067,6.476485532,9.71362189,7.441783778,7.512460192,9.231279885,10.57302396,11.39408724,8.885112401,8.372594572,7.244892337,6.711318211,8.788466207,GSM710900,Response
9.275042088,5.85541031,7.099003878,12.21929774,9.29953051,6.518682728,10.12404991,7.754610441,8.702475564,8.931736786,10.49302793,12.41493293,9.695348672,8.758177056,7.611949299,6.611197867,9.225241488,GSM710902,Response
9.525663444,7.193896102,7.219373856,11.47524608,8.354015367,7.522966751,9.926253645,7.411574531,6.622756546,9.756148267,9.739784525,10.82669989,9.376413846,9.220008488,7.856435561,7.653596797,9.473213859,GSM710905,Non_response
9.630761306,6.777468728,7.086868162,11.98152563,9.655232629,7.237791938,9.207959031,7.489172211,7.571606494,10.0723035,10.30117015,11.23260476,10.45374286,8.694319473,10.74208917,7.957636617,8.832179659,GSM710906,Non_response
9.211701273,6.286947044,7.028585308,12.10847474,8.605439616,7.84187721,10.1843647,7.550842662,7.74157182,9.73282529,10.16360398,12.28417215,10.2965914,8.931747446,11.34244967,7.558840435,8.351836954,GSM710908,Non_response
9.956871461,6.907370323,8.034871077,11.34328902,9.006133796,8.068705056,9.867326739,6.964163227,7.985213129,9.724268486,10.21338154,9.409776854,10.56610131,9.623477793,11.99266292,7.061226258,8.888885301,GSM710911,Non_response
9.934759201,6.022410716,6.827897318,11.3875119,9.413025528,7.425775403,8.438834597,7.544357495,8.042604704,10.54498254,10.45599025,10.99087322,9.823670982,8.573878386,8.684094267,6.689821065,8.962804354,GSM710913,Non_response
9.006486486,5.619625304,6.544753797,10.97571294,9.18572734,7.914988932,8.153816711,7.358863163,7.855291541,10.01850081,10.18282529,10.43654379,10.40171318,9.194747884,9.001303569,7.50354714,10.10231915,GSM710915,Non_response
9.223919592,6.776022632,6.588644999,11.29653656,8.898816079,8.348134998,9.38294992,7.859132006,8.155002716,9.894637743,10.27349943,11.34189065,10.37674042,9.151696668,9.505860771,7.371514302,9.673269266,GSM710916,Non_response
8.894107188,5.868702225,7.282174436,12.16860426,9.10812787,6.937128473,9.393353401,7.089602389,6.689924047,10.4033833,10.12377656,7.081435551,8.844744498,8.178099384,10.76090259,7.945472391,10.00384606,GSM710918,Non_response
9.413127513,5.913930369,8.383653235,11.35383113,8.991859078,7.635523032,10.34385589,7.416783133,7.875855688,10.26085979,9.472886979,8.467925628,9.905057221,8.813831058,11.61874328,8.158169429,9.073814701,GSM710920,Non_response
9.653060448,6.164653021,7.657981632,11.55757471,8.922075914,8.158652671,9.135985817,7.642738654,7.987058477,10.13293949,9.950879059,11.00512057,10.65606248,9.12803107,12.01085407,8.619336454,8.858144651,GSM710922,Non_response
9.456980473,6.167699956,7.964993204,11.56122768,8.558789405,8.082583748,9.581164882,8.302156886,7.850854533,9.787554331,9.972479876,9.747512109,9.745658026,9.160117115,7.918779675,8.305214124,9.750720916,GSM710924,Non_response
8.727432973,7.258537177,7.654337462,10.67262922,9.442721781,6.963926284,9.082504428,7.398749391,8.23986064,10.14724739,10.19987034,9.690473569,9.285025477,8.360413804,12.19983148,7.667523607,9.367584684,GSM710926,Non_response
9.237763016,6.866923688,6.696598198,11.85283303,9.449729673,7.911225486,9.585583418,7.782377449,8.477898141,9.458180592,10.08894984,10.59722723,9.880549243,7.617639095,11.34297089,7.741739539,9.144396097,GSM710928,Non_response
9.070900982,6.967008208,6.488046298,10.4055717,9.206553491,7.368828883,9.043780651,7.245434158,8.540903837,9.843815633,10.0176057,10.98332992,9.224055997,9.28234728,8.741540988,6.88115693,8.791677433,GSM710930,Non_response
9.72918705726295,6.39542829947182,7.61026270187233,11.9669104380353,9.52439886537353,7.63777593920798,9.24895125750514,8.00211858812477,8.23045662875392,9.73023193690676,9.93578957288411,11.3163012710258,9.20200671933684,9.29145272195612,9.89919927822053,8.49320842250128,8.64619028003777,GSM1875995,Response
6.469960922,4.147510617,4.108559688,4.685376539,5.386180594,3.565150679,3.905213974,3.566229516,3.946908027,4.888360754,5.887807436,7.015562945,4.422049726,5.028089704,4.467104032,4.250282806,4.481893128,GSM590840,Non_response
7.050895414,3.94779056,4.697794441,6.276417329,4.863231353,3.640161509,6.674270887,3.614689817,4.035110255,5.014626056,6.135002784,7.634797278,3.891855015,6.859217941,5.483506208,6.396075001,6.468862998,GSM590842,Response
7.54558922,3.926880591,4.775451457,7.120199069,4.857353561,3.442929061,6.321484191,3.860944248,5.298381496,5.132223194,5.872686174,6.927726734,3.876069485,5.679723121,7.452677547,4.572732955,5.687994431,GSM590848,Response
7.592644685,3.691755332,4.873998136,5.000854306,4.918101221,3.560399349,5.459551422,3.563218611,4.546940193,4.954997678,5.895830748,6.903744156,3.626281425,5.820925443,4.501176086,5.435611536,7.11630243,GSM590850,Response
6.263917273,3.907640669,4.278179562,7.338372352,4.660648835,3.570970103,5.592186419,3.56039702,3.884781704,4.846259472,6.546390849,6.546740355,3.793725436,7.303791219,5.322438689,5.228068607,6.079121515,GSM590851,Non_response
6.368642069,3.848191555,4.514754608,5.968177511,4.847723815,3.491075548,5.263684036,3.645121673,3.903685939,4.791716172,5.993957323,7.25296948,3.820938482,5.037889802,4.470082892,4.522877905,6.780194398,GSM590852,Non_response
6.371095029,3.88889979,4.050751488,5.010760663,5.091485464,3.438358583,4.931300577,3.722398745,4.499853759,5.0880423,6.056056443,8.229731814,3.590114509,5.571769047,4.893711746,4.392069881,5.532993365,GSM590853,Non_response
5.990783599,4.148978166,4.282246022,7.276191316,4.998290271,3.679922797,5.709251342,3.887734588,3.638316826,5.179118803,5.565256092,6.68184212,4.053543068,5.960323283,9.073573618,5.810703155,5.361889495,GSM590855,Response
7.433697278,3.882648988,4.720356779,7.076787826,4.92383357,3.466570852,5.789185239,3.904034806,5.907347133,5.099358291,5.985561599,6.518210588,3.767344227,6.705500328,5.220730495,4.645985964,6.994597055,GSM590858,Non_response
6.999811654,4.497291553,4.33224591,4.468346787,4.990681018,3.380258007,4.603311077,3.531058844,4.231018188,4.821183422,6.227434452,7.009713754,4.169294784,5.289623653,4.908635733,4.403840621,5.732051261,GSM590860,Response
6.865728346,3.769244308,4.636368909,3.783526304,4.847723815,3.355709188,5.290837092,3.666955616,3.890447317,5.020610198,5.292763437,6.454114685,3.674099757,5.221488824,4.546149738,4.570131703,7.630642298,GSM590862,Non_response
6.462300034,3.960377674,4.419566106,9.847340088,4.853365422,3.678497102,5.913491422,3.91974402,3.276485697,5.320080995,6.333042112,6.636131496,3.844404387,5.951087021,7.504989241,5.227703509,6.220906658,GSM590864,Non_response
5.904627805,3.736368859,3.950362388,4.531653656,5.135072314,3.383335585,5.770115134,3.81254878,4.546202618,4.818374755,5.829586557,6.783152843,3.72298627,5.77355596,3.804378696,3.939919807,6.653307731,GSM590867,Non_response
6.707957229,3.992330384,4.167937155,4.873841727,5.186523087,3.394386762,5.059440029,3.783099037,3.883078786,5.102520563,6.267835993,9.130706796,3.613999358,5.657635468,4.476511353,4.261996879,5.608346794,GSM590869,Response
6.959615559,3.882310005,4.180767555,6.025428053,4.976848787,3.353258804,4.463029664,3.560013169,4.203212286,4.94693851,5.994109587,7.722084428,3.659597544,5.841578508,4.771032857,3.907645022,5.790732539,GSM590870,Response
6.490095635,4.279796555,4.410078195,4.043592299,5.091300497,3.361853318,5.343234352,3.716401887,4.05416371,5.218209704,6.122924789,8.602383873,3.907359768,5.557562263,5.179770955,4.099123864,5.572921507,GSM590871,Non_response
8.316287631,3.75548415,5.158633131,6.835522612,4.704382491,3.694986744,5.88449562,3.601113884,6.014944189,5.007014513,5.967967157,6.178242461,4.10248532,6.751906579,5.643970078,4.907382035,6.797569923,GSM590873,Non_response
7.487693541,3.770720042,4.571784363,8.169065087,4.663506822,3.552816063,6.197820066,3.588316738,4.214899054,5.422604566,7.253000056,7.494643426,3.736614112,6.827778822,5.544428108,4.695926529,6.965081338,GSM590874,Response
7.67731688,3.746568462,5.16873806,6.302839604,4.668266273,4.044147547,7.055449587,3.787016416,4.266937826,5.357277502,5.785174729,6.352895685,3.751352883,6.685963373,4.62223447,5.730051205,7.990391239,GSM590877,Non_response
7.572964779,3.830932847,4.363503204,4.17465266,4.796866048,3.438986336,6.508732986,3.524402193,4.301595413,5.025382681,5.870504518,6.645782178,3.810329306,5.811982713,4.820560755,4.897895523,7.116506881,GSM590879,Non_response
6.391490119,3.750150792,3.912865307,4.291185821,4.811090535,3.44839795,4.791793755,3.874868783,4.380188618,4.67011324,6.049140811,8.741888038,3.667288441,5.846726955,4.225554946,4.307131172,6.233599229,GSM590880,Non_response
6.484555701,3.51006395,4.48714416,5.247492228,4.925224803,3.361828213,6.152699166,3.408474753,4.991872671,5.31261206,5.667040148,7.313709685,3.692660259,4.595138784,4.665611488,4.351762146,6.056753582,GSM590884,Non_response
6.600663673,3.833439823,4.986303383,7.355833706,4.845742296,3.598623859,6.025955431,3.475263605,3.971035981,5.271751453,6.499394063,7.019615998,3.6505184,6.083668431,4.899368343,5.163275703,5.705106104,GSM590885,Response
8.655847772,3.574149393,5.170919209,6.607035956,4.733456763,3.37687446,6.73610829,3.728397152,6.475282198,4.64507172,5.352217826,8.002782235,3.533492906,6.800103116,4.790472808,4.918956421,8.588735236,GSM590886,Non_response
7.813866779,3.959976966,4.84997038,6.998031013,4.803353007,3.621953737,6.574977598,3.62189435,5.523836008,4.954390437,6.152761407,7.336887898,3.798222309,6.827279797,4.492445164,5.380005581,6.97433573,GSM590889,Response
8.32261592,3.83635415,4.909141542,7.401786617,5.049958988,3.36729619,5.768920886,3.484034829,4.125035522,5.163484292,6.364039488,6.421093122,3.658222343,6.996250538,4.98759521,4.753331302,5.503304588,GSM590890,Response
8.237792429,3.679774317,4.794030121,5.782114215,5.059079693,3.36637674,5.956357826,3.249603209,4.425210191,5.106905596,6.25921956,6.992158118,3.509100434,6.837259301,5.639230265,4.773852966,7.082019324,GSM590894,Response
8.02628747,3.549907169,4.759003363,6.106765635,4.746073465,3.395790421,6.397396059,3.752222745,4.664977342,4.759003363,5.760251165,6.691018478,3.539985493,5.796048017,4.858572555,5.093208819,6.724948579,GSM590896,Response
6.132381136,3.788315228,3.969057608,7.910155662,4.901758384,3.402170955,4.527172501,3.376311237,3.930661228,5.56303778,6.045744147,8.310904201,3.633386074,5.010561108,4.636849134,4.581519408,5.36010471,GSM590898,Non_response
7.070320753,3.951686437,4.244825452,5.672182003,4.812818666,3.472131548,4.003910397,4.01103441,5.356211021,5.575479539,5.510503135,8.148925361,4.036025829,6.033952292,5.750359187,4.965742896,5.270563701,GSM508020,Non_response
