RSU1,IKZF3,CHEK1,EHF,CCNK,MANEA,MAD2L1,AZI2,PLXDC2,DCTN4,EML4,CCND2,EEA1,HS2ST1,SLC26A2,LYRM2,IFRD1,Sample_id,Response
-0.6736725646286675,-1.0127295623396375,-0.8653413389414296,-1.701817178107726,-0.9678524053778759,-1.032900693395514,-0.5067715440387567,-1.334657538535912,-0.8312567820130915,-1.187251050734326,-0.8248599799908607,-1.149690719940815,-0.9989164554471707,-0.4467183453720562,-1.1501172515015285,-0.9588792430330044,-1.0780288327840728,GSM549280,Non_response
-0.6472143433034777,-0.6377650652019748,-0.8284816127214278,-1.439033667483451,-1.1607305744989318,-1.048423213389756,-1.0006258459604802,-1.4053246536411128,-1.2323011863033628,-1.32103762135959,-0.9036033885716493,-0.9781937479986934,-0.9870604578745115,-0.7363544387821214,-1.0276375013241226,-1.5058399586910012,-0.838020365422459,GSM1050598,Response
-1.01226627239314,-1.0232278630885638,-0.9976511952007948,-1.2553058354884665,-1.1178248089412295,-0.9837626565203368,-0.8101471896611075,-1.286662546326188,-1.1348090375001398,-1.2066733280953577,-0.9584533177137825,-0.2909206988570264,-1.2045810865720572,-0.6239910590048315,-1.0883526480225745,-1.5216911598251732,-0.9333256981920904,GSM1050591,Non_response
0.46198980083026925,0.05934922360896417,0.6953523539743456,0.9186525210956761,1.2779393890628963,0.9208118367971819,0.34861334473166655,0.8788212845786977,1.4239295571970039,0.9535724543429255,0.5502483434039743,0.3915471505240221,0.7838528792577548,-0.20986899680197885,0.6365148150255214,0.5260100740242849,0.8331592088173695,GSM809279,Non_response
1.0363955373763514,0.5897471969685952,1.2923773173944735,1.3851276673913817,1.1053108210552889,0.9581212826563832,1.7266121322691,0.509978924363827,-0.25297318069920954,0.9606608313529033,1.2040903478021507,1.2833381505810348,1.2131803001714905,0.7183113425452033,1.2808124476572555,0.7932053501421984,1.1235631245890474,GSM1875981,Response
-0.7712574123305171,-0.990470145823172,-0.7232506917421518,-1.4307433455017469,-0.8658474735988667,-0.9851954467570333,-1.2356803131113627,-1.2731555419827425,-0.8085606512004463,-1.081389181949955,-0.9434668854620492,-0.6818486717585885,-0.8463226963670852,-0.593039741183748,-1.0678565969841438,-1.5708879022930424,-0.9650577092674905,GSM549308,Response
-0.5611091665961563,-1.1358078743003843,-0.7567514518916778,-0.455372775064334,-1.213420802033847,-1.0262815262588993,-0.6722428975140836,-1.237582571221224,-1.3869415272453094,-1.0890715423027355,-0.8810435828825535,-1.2436557493947136,-1.0613656721707998,-0.5752024219295897,0.140959959159127,-1.146102910096799,-0.9520558704651266,GSM505359,Response
0.8925974680390732,0.9658634540619875,0.43483552789000324,1.0577237618197677,1.1600544441110106,0.6584934813147513,0.2370357642821857,0.48309070821348543,0.4673962442815294,0.7536232478985447,0.8774351763718591,1.314097392166158,0.584983316536136,0.2016045547902112,2.255381759943345,0.4628041181511525,-0.21980586428748078,GSM1705402,Non_response
-0.8596292940753004,-0.9231840003848292,-0.8755694978386249,-1.2766955550946257,-1.0657172175072362,-0.844344237392719,-0.7473758752193388,-1.2562906828366274,-0.7219595287557847,-0.7763739611938267,-0.8540694513360655,-1.1870396620968744,-0.9274471838591682,-0.35929204636349493,-1.0193788671320254,-1.0180983762714284,-0.9891460264855069,GSM549288,Non_response
-0.07250315913137746,-0.9710107131193259,-0.85769912431846,-0.540152481828386,-1.181444701147445,-0.93135513107702,-0.6840435449853296,-1.2234636326022195,-1.0862488467497835,-0.8720568617239388,-0.7695712061679252,-0.9410298272021959,-1.0964219125373078,-0.3887428522031468,-0.5812854397905785,-1.077220471943917,-0.811973152762393,GSM549284,Non_response
-0.7689062875006876,-1.085652196009773,-0.9572070797678872,-1.228014553750637,-1.3755805979104303,-1.006651912103805,-0.14416497124116595,-1.204895139818326,-1.340020015885094,-0.8110784532879667,-1.2823663154951779,-0.9788832830750728,-1.1171366082537106,-0.5310915679804797,-1.2948186668160648,-1.3459214806481306,-0.874443534703082,GSM590868,Non_response
0.6364843778102758,0.7538756487582576,0.5319286520926368,-0.19205032753890108,1.4917317504230485,0.5926426818253676,0.26141103470346033,0.9810652151413121,1.2973231767444946,0.42322358876898797,0.7718078826160555,0.5816469958399149,0.7210679599567748,-0.1451527169773157,0.7013226355315535,0.45763783626546534,0.7305053438614808,GSM809224,Non_response
-0.26935389610668126,1.054823449709928,0.5940073163627215,-0.753549925523878,0.7036143260550729,0.769847096833644,0.07166959827130598,0.483020643053931,0.9340606268677171,-0.27867149269796343,-0.502943925496438,-0.5012973541853124,0.47659931456114396,2.5269774583960243,-0.26900696797428425,1.2271252187528316,-0.43730259485401757,GSM2804997,Response
-0.6698609704059586,-1.210456403104467,-1.1817526856885965,-1.1108764682571004,-1.2461664616138064,-1.0675686411761656,-1.1708827021001391,-1.2319592729110547,-1.3185308290200781,-0.9095000877183781,-1.2863955525559896,-0.9631367791000026,-1.1204804772710968,-0.7693128692724746,-0.9649653841195829,-0.9925083988491805,-0.9713364730969992,GSM505440,Non_response
1.7082700790208325,1.5902989481720111,1.6494047477929312,-0.004318312602242553,0.5719259838366163,1.8855818431979363,1.7239278019791922,1.3076562521182882,0.9757419355413105,1.4050343056834553,1.1117222164274085,1.6321004840405162,1.3552685470811172,1.456731311515096,1.028377094209335,1.4598006253829205,1.2954696737090843,GSM139635,Response
-1.1347778976825522,-0.7663432635345406,-1.4669772757802633,-0.29832473829773815,-0.44310176915383215,-1.7946496166929495,-1.5057824788556975,0.6593847565245072,-0.14060819043571773,-1.4017271205329356,-0.8637230722169891,-1.3013778233911297,-0.5580097727816384,-2.0043053418697547,-1.1875142589709364,-0.3732053664670962,-0.6622263467088532,GSM1233047,Non_response
-0.9862958616041149,-1.1725996217369754,-0.8761793342295373,-1.257073162521939,-1.2228453842926157,-0.9044157157989694,-1.2474922414144312,-1.2441674327921135,-1.3914688109353435,-1.030859654500732,-1.1245214084622361,-1.1146961910963373,-1.1023597318428662,-0.8139131167779077,-1.3181316606971771,-1.5025532552258427,-1.2582578384892311,GSM505394,Non_response
-0.7481217564111299,-1.0108487425335144,-0.8501360864267812,-1.2439606794963864,-1.079320228802408,-0.9850549587407066,-1.1275762040372912,-1.2524239529452172,-0.5280748957123288,-0.8761620473539543,-0.6646563834621919,-0.5980350800988317,-1.0798383677634669,-0.45229587163128304,-0.9766481253915418,-1.2880942204968702,-1.2382353923417737,GSM750735,Non_response
-0.651994764713989,-1.1457459218274535,-0.9647760379547705,-0.506966319221109,-1.1845914482042155,-0.8542451601973947,-0.8357997549394378,-1.2544828501040535,-1.0744176413210624,-0.7652525623447136,-0.7787127009857526,-0.5807212750562933,-1.1843080517112854,-0.55377983302845,-0.9329847834310808,-0.8910029337555341,-0.8136922644359847,GSM508112,Non_response
-1.1369343079433671,-0.25961236943101373,-1.4456912184327761,-0.14259061016537333,-0.4737762292238596,-1.7087977911446308,-0.9093471985037718,-0.4283695373861674,-0.7949761075788028,-1.0402918627535078,-1.128438920264539,-0.8898372831968371,-1.3739575358011356,-1.7478932372148566,-0.9636653040848547,-0.5134947933230939,-1.3960562830989287,GSM1233032,Non_response
-0.9889164228605152,-1.039732687241962,-0.7516212132924609,-0.8994715133735972,-1.2402908492852402,-0.9842059253946274,-0.6510405891113004,-1.3487869290453467,-1.4075919228421514,-1.3319794253869701,-0.9595828693864792,-0.8398329349800636,-1.1342083922147939,-0.796213475236599,-1.268787295085028,-1.4242604299272006,-0.2126534468293144,GSM1050590,Non_response
1.087305609440273,0.26199132238442097,1.0515000054865227,0.8101469442109008,0.6253475974087416,0.8795615851110112,1.1408812472926386,0.3884332365743484,0.09553450781815596,0.7963710477333076,0.8818044154088724,0.47672994737813384,1.2976903914230067,0.8450328735345687,1.3759973816298003,0.4509425060804124,1.704165849138657,GSM710818,Response
0.8495243101857227,0.5047386045007691,1.121011983405015,0.6983212189605806,1.13644726139549,0.7252058922975623,0.8821829425251508,0.5901754507804606,1.0937758770887147,1.0989884047149892,1.0989357901464376,2.217628529324398,1.035962241498639,0.8774291171197525,0.5730860663584388,0.37686022791735013,1.0828404844824837,GSM1875984,Non_response
0.34125876098820723,1.5374277965207084,-0.22440822027484808,0.5980418205093787,0.4372292409015813,0.7964705772646268,0.4782043274643892,0.5057538118021099,0.1440835325710919,0.7341382590821888,0.37133433246110736,0.3191646139220473,0.25329433317349287,-0.05302068007807906,0.14179869453482943,0.44818209438381945,0.26846111398861966,GSM4171563,Response
-1.1492517050374118,-1.099199217165493,-1.0577966921071382,-0.23294343547963164,-1.2616808427075368,-1.0188139973091241,-1.0328696128932102,-1.4334941827243342,-1.3592647861900429,-1.0208633598901375,-1.0274666646143125,-0.26925129539115195,-1.1910088933501952,-0.8728564792082646,-1.2090789227829002,-1.4451061048253515,-1.0572665750088555,GSM590898,Non_response
0.7183194358101593,0.3928091631126327,0.45796346236238883,0.954121707659961,0.6508362520445249,0.9229606303424286,0.7171599625250961,0.8629458147008385,0.8350870265238564,0.9228052005895863,0.6721393139187631,0.17946676070802936,1.108582709767879,0.6975010001314305,0.8398885733322266,0.7093390737317262,1.003968081348204,GSM1619408,Response
0.6729588221647993,0.6595725082282764,0.8500594264691872,1.3007288724021517,1.0049960275041736,1.0438023970678523,1.4152952997430106,0.6977726950317081,-0.1393884522743102,0.9093499224929084,0.9270126904765683,1.4962856769514232,1.2648049116918252,0.6489866051624855,1.1425823319426127,0.6711131806469334,0.7243383461100656,GSM1519431,Response
0.48776422127356833,0.1905056077044133,0.07884538843173802,0.5517540088556726,0.9978693947192541,1.1458996487071444,0.41861928815049176,1.0360015115565333,0.8449466785206028,0.9595560908532412,0.37324372952047324,-0.09002028449373559,0.5615559699194264,-0.11480323414613301,1.4100051962904983,0.8078357987856174,0.8908044072392463,GSM809199,Non_response
0.6159959327417146,0.6430918845664029,0.6938805346615243,0.32010756765481113,0.24483200214434012,0.6486298104476376,0.3176676801572251,0.4881948123136023,1.5269204187081558,-0.12107733168699708,0.483530587062124,0.9728016706057232,0.2723987461220935,2.0024839725525925,0.01807995126886816,0.5611663078455643,1.2859252889921158,GSM2804849,Response
0.595267150325304,0.9658384966517873,0.5972848781535877,0.21844877638261292,1.4378880409640764,1.0707465673303873,-0.2568470552580844,1.1910369720820653,1.6506635022577931,0.5706956148676747,0.6263198556033622,0.9960842170467146,0.8881619764860926,-0.32312344813257887,0.5694455576784093,0.556787213503319,0.8515309880156839,GSM809258,Non_response
-0.37762012276733914,-1.0861514852474174,-0.7008370870674112,-0.09567038279316749,-1.3259900766849049,-0.9516028597617138,-0.2864795693180695,-1.3537275763602399,-1.2741724592201393,-1.070785971666823,-0.3557623188024073,-0.7046242404783093,-1.1707462211493254,-0.14944821427174831,-0.7799957652505437,-1.2853294190750815,-0.06968580542703902,GSM1050617,Response
0.936626587332275,1.1807865691219586,0.7496898122407433,1.2422012529972744,1.2584520616083992,1.3260249560385624,1.0653575682011536,0.6708007980830604,0.6262020862991012,1.080474494699697,1.0774307652376556,0.6989300345934206,1.05242187507526,0.6014922693286668,2.5168677090647202,0.7269544062079009,0.9949326326216074,GSM496043.2,Response
-0.9354407445111618,-1.1077152317216283,-1.1520633213591467,-1.6597924735775542,-1.2082883932098063,-1.0525449788326309,-0.7632006105954545,-1.0810825621953466,-1.422562043426828,-0.9814042672219033,-1.3991565771947243,-1.1711418138120266,-1.1672281618497875,-0.6731472779225135,-0.9297780842473494,-1.5307362866063652,-1.2464816525586173,GSM505374,Non_response
-1.0073040189060831,-0.9060395583869642,-1.0805678177355322,-1.1127440693452402,-1.1109498912376023,-0.9473321566976307,-1.3164241051984475,-1.2183340739953532,-1.3277204454566818,-1.2039433413812881,-0.9572394160838722,-0.7036740744054671,-0.9537365798282953,-0.7388197494611359,-1.0243481922208322,-1.5436706942185063,-1.3644131721878732,GSM505597,Non_response
-1.064143062718779,-0.836990277443929,-0.8726919221831866,-1.6254916305827531,-1.0135009498993897,-0.9656528548685271,-0.8321203830194357,-1.2606355363840938,-1.4045399769148335,-0.9741907556002457,-1.1545253529839092,-1.094421907443792,-0.930276468919867,-0.7482576202971888,-1.0628302564327439,-1.4151528758325365,-1.22652187958105,GSM508189,Non_response
-1.0172151965785041,-0.5556055815187556,-1.492537325952173,-0.05566477256084517,0.04765095869437634,-1.4088347506499472,-0.851454905399152,-0.12752215319050222,-0.06489003702330763,-0.8479608536592187,-0.68579550101511,-0.7287210218848459,-0.6002155411063281,-1.5457083765344013,-1.0204923398811052,-0.48603499078716655,-0.8290234658659855,GSM1233020,Response
-0.6636021839802295,-0.8761663900009241,-0.9190892251166863,-0.35064518753584956,-0.9060211904004213,-0.9806339871592629,-1.3814442956990902,-1.242077776375654,-0.7576922480769622,-0.6320413644875763,-0.903527372025766,-1.0635881397741451,-1.0259452548931445,-0.6143010687875782,-0.9661753624489717,-1.327771461592649,-1.1997769614427982,GSM549297,Non_response
-0.8202764066818621,-0.858544193096472,-0.9130821912263077,-0.951154563821633,-1.0469396841601735,-0.7691516707568304,-0.3587768295186925,-1.0029305374663438,-1.3285347774791787,-1.0381971091156448,-1.273732889903107,-0.516292771822923,-1.0510877510590775,-0.39774115624986783,-0.48298886197833496,-1.1297342069873977,-1.424149841967984,GSM505427,Non_response
-0.10538362296018994,0.6107896948330814,0.5529838046351421,0.15988462000754614,0.13705633124511468,0.6403109621373615,0.10593876967062626,0.30899466909383944,0.6093472376361779,-0.3775498957813491,0.5407135484726646,1.0607004817405672,0.33384498923991157,1.9701319450419206,0.8304336588768065,0.2664997133792379,0.4973325465213463,GSM2804933,Response
-2.0786540542979393,0.5025502890007918,0.35534821399185423,1.125082481908445,1.025365098737124,-0.19738000922124022,-0.5918894568071332,0.5613310066504598,-0.10787128023458803,0.38977442235702475,1.4205788632787393,-0.9341113275219668,0.3799480916757098,-1.4228337008034004,0.598476240165642,0.5223959403105634,-1.3460878641464389,GSM1525250--185,Non_response
0.6539535470559249,0.1822304556857103,1.076963495137499,0.900676402665969,0.8529865427450111,1.228493825285321,1.325009553799181,0.8262408396990043,0.4469207230557176,1.1775268547471127,0.5955040948126511,-0.6434032291749252,0.7628411602476243,0.13672314006765296,0.24639813345981737,1.0407301263073405,0.21954182199511796,GSM1619457,Non_response
0.5575264118457871,0.32812277298084175,0.5054472165857447,1.2850376656957738,0.5336823370729353,1.209740216610385,1.2632314802889446,0.5623322865840664,0.3451271054457424,0.8152290431131423,1.0984766842120437,1.9697691995363429,1.413842232243783,0.6544688492438203,1.73485581501209,0.22162009076723185,0.6706652960697637,GSM710908,Non_response
-0.7301071839890958,-1.2385397447303998,-0.893810238016641,-0.11076325058978471,-1.3209910524256845,-0.9222039264448442,-0.2618534761821647,-0.9166199797786595,-1.139489296671712,-0.7278738225850482,-1.06394217102364,-1.0006848352531075,-0.9704297012878645,-0.5248301518846987,-0.8217923588334246,-0.6224620708194882,-1.1674291230231566,GSM505344,Response
-0.6692202468871669,-0.9439734853371756,-0.9183245403313817,-1.2038938695407257,-1.240310667113681,-1.0121421153546823,-0.6285858173851158,-1.1752369825333888,-1.3467020507640097,-1.2293767935734299,-1.1836185465512978,-0.7748586123320685,-1.1072230606912477,-0.5121640586333374,-1.2591814128791428,-1.0328506261396528,-0.8412951053346185,GSM508171,Response
0.6612021333593954,1.1479337644073702,0.12701638407596672,0.5014355374452976,0.6324393644695249,1.0136491550554463,0.3576077043004716,1.1056172100999742,0.9203126378008988,1.0403885863614764,0.700545962122638,0.5863663560993387,0.9712976999380644,0.4320778490626207,0.6918194192955248,0.5392141098779711,0.8624695941180168,GSM1619435,Non_response
0.32066823931462785,0.09881429076086233,0.01847979152102884,0.24300275349588882,0.691814221242609,0.5398942331088915,1.0290839306167288,0.390453323801312,-0.08919801606973148,0.9040884782851663,0.2401900926151853,-0.6789015267927652,0.3977385881816083,-0.028594791331391024,0.02283097636738423,0.8397324680982954,0.8002078121940475,GSM4171518,Response
-0.1621535325403127,1.5813682494746255,1.0484426377160057,-0.6970340693455725,-0.3036410390686095,1.1339376457962596,-0.09146105768736268,0.6161103589776695,0.9126335916124767,-0.1581432531686904,-0.27501328575801837,-0.5426517623596943,0.7219208751147022,2.4686764757658324,-0.019329371588998553,1.354483465628436,-0.10001552005819977,GSM2804959,Non_response
0.1109458558585266,-1.2093425529153121,-0.7679627936414363,-0.8057337740980066,-1.344656448558038,-0.9882302668530534,-0.056692501579471755,-1.1528919660919872,-1.2406094329034054,-1.1081161219717297,-0.9584583371494975,-0.819253506808913,-1.1956425540928457,-0.4229391607075881,-0.4836127588357139,-1.1150526143812869,-0.45914463805101247,GSM1050626,Non_response
1.9115434571488905,0.8584330076857907,1.8952055741383216,1.2764197678658964,0.5176076953162824,0.7892614093729015,1.4371420583874568,0.6157296190487418,1.0430448563579873,1.0674755133548957,0.44399840027019494,1.1758286852082311,0.686537902346582,0.7804415146532482,0.7090425620173412,0.808149601584844,1.0085853639902693,GSM139600,Response
0.4510592603119548,0.21352254723727818,-0.2844017086043579,0.9024554613677127,0.9960355561899732,1.08471768689281,0.7804716960732122,1.0043251895389727,0.8056361658148274,1.1643803209857415,0.3247092042877464,-0.11527727942314875,0.7413851220536907,0.38144379611143514,0.8756806978470697,0.9171969822435114,0.7593571697755879,GSM1619395,Non_response
0.6393590440777197,0.6565263882426525,0.17742034751784377,0.8184753035301203,1.3268071614162642,1.0768943167738874,0.6061700320842806,1.1396381717052637,0.9896100952993412,0.5938984243692901,0.9438291132179777,0.5726222927933804,0.45053143342700486,-0.050672248145166264,0.6667020649073857,0.49276469898536623,0.8413285405048507,GSM809236,Response
0.5251944940370575,1.2792803337537866,0.7326366530329106,-0.7479827628171024,-0.07706935010720277,0.9742747407280508,0.2677403111566102,0.712336570721686,0.767438733251163,0.24227665423928207,-0.5833879980930962,-0.7546862454228316,0.5677525846315084,2.966458427886346,-0.10784812815321396,0.9994301611682084,-0.4147096956716107,GSM2804982,Non_response
-0.7747218710061504,-1.1398191469850276,-0.942081452081439,-0.23987034302225457,-1.1648865677741895,-1.0866012634577948,-0.6332460400577787,-1.1638104315625097,-1.506579871043608,-1.0196598069178286,-1.00163338934205,-1.2094486844315426,-1.054301958938151,-0.6250751685374557,-1.1966565820650281,-1.1987027395921286,-0.49252652956513887,GSM505331,Non_response
1.5906426691218953,0.7783758074411877,2.024493028840536,-0.9532092912154458,0.72566379388933,1.1041157151294454,1.8443218849999208,0.5710388295672584,0.39244071216881793,1.5155709397015071,0.9777310828254477,0.19518186688330325,0.6825625286637683,1.4035053262793544,1.3286776428122562,1.6334595831837,1.1456811904182176,GSM139552,Non_response
-1.0032699036875088,-1.165454612869324,-0.9598042126694013,-0.8562578126339763,-1.1174115115403696,-0.7101203921691058,-0.39868829642668513,-1.0942739808521738,-1.0152024657847012,-0.6280142431811953,-1.0876657567104713,-1.1724246155953844,-1.1406096566207542,-0.6260114574371691,-1.1456356674677812,-0.8274779319990018,-1.1248237165010502,GSM505368,Response
-0.08446845239271585,1.0736379462790735,0.7490497081042875,-0.34691828878657055,-0.06600736380287384,0.8168589788242873,-0.027863319036238024,0.5137770450097248,1.0901157302457005,-0.3694314870554432,0.9496690414693983,0.5947279194574617,0.39246969319674074,1.3146186242562212,0.8546529741829313,0.7379753452723534,0.9083492256376406,GSM2804949,Response
-0.7312015612094827,-0.9900819272969764,-0.8418859984554624,-1.1567189381094367,-1.3528836074467905,-0.9543996211500612,-0.32547441249979336,-1.4112684277392087,-1.238354666971884,-1.0346528919495321,-1.2026430453454469,-0.6499839280703185,-1.2509131918703011,-0.290248895290002,-1.346416655532163,-1.3075500008336385,-1.0085870333193236,GSM590878,Response
0.4739841313291299,0.06771316457353876,0.2604848706510548,0.6263051035420232,1.0979887383215858,0.8636519326394352,0.35066325097619544,1.0305571634099762,1.170731759174027,0.933507422417686,0.5063320035473532,1.0656531768380058,0.4494842214797395,-0.12757194088764223,0.834399380107429,0.6861822438650688,1.038651741445807,GSM809252,Non_response
-0.31184593604113386,1.0556184989503117,0.7150628711274821,-0.5716750115269034,0.15168107936840958,0.9125889986491387,-0.02624169641772152,0.19055128992372938,0.9040982730757395,-0.27808546315774124,0.4621144971560752,0.1708672020059558,0.4756693687536234,2.069695880974885,-0.19807750708371866,1.0048605186298354,0.8300575693619545,GSM2804991,Response
-0.6158387555323713,-1.0903811844136526,-0.9535635394152177,-0.674199807077329,-1.3085104898263327,-0.8931919516403863,-0.7646464707595196,-1.1425889304576682,-0.7077406374381112,-1.0219862272402338,-1.2285558717063998,-0.1464605714848763,-0.9981565242023932,-0.06874293207473951,-0.7370631746696866,-0.7390632846912152,-1.0771623412096565,GSM508076,Non_response
0.055882180310418424,-1.1538272513664514,-0.7827185313948485,-1.4356101100733913,-1.1032161073775089,-0.9237428886130374,-1.0375642588654825,-1.2075399478379427,-0.4542180116810556,-0.6733548094771598,-0.42550005550458436,-1.0438067567947091,-1.0641219309969303,-0.25082731763518024,0.20030912819012917,-0.5573188440315144,-0.7163253636601867,GSM549257,Response
-1.2167390730661451,-0.6054427956532847,-1.75156633350461,0.03615575472038969,-0.2762228467720157,-1.8164898565158165,-1.2304401640997291,-0.12822791763550775,-0.0011580964371962026,-1.1968024152052907,-0.5165535390484394,-0.5717087570295625,-0.9062663732411516,-1.9349949737726981,-1.2340561143295299,-0.2927514022978853,-1.495510583635473,GSM1233070,Non_response
1.7083948388835204,0.4276376445160851,1.4669693261855088,0.003529626714045736,0.9463738838858563,1.027258505179938,1.7876151643827216,1.5590636827969815,1.110020662812122,1.6550584648072013,0.9625045307432106,1.4041964434053127,1.32756679126662,1.371491559004532,1.098641891469188,1.097918472509988,0.039467037684335404,GSM158246,Non_response
-0.889428316068588,-0.8127116179001044,-0.9588461758558032,-1.3674919764059226,-1.102549351282711,-0.9989228279473468,-1.281215256012667,-1.1577488330745764,-1.2530644109668352,-1.1573023749719449,-0.985414815172844,-0.9696516154737298,-0.933202892817037,-0.6633030546362361,-0.8668158164463019,-1.4929792435024343,-1.0659742516532493,GSM508139,Non_response
-0.6003261367423961,-0.9702489192695305,-0.9853144678473245,-1.6507785328323201,-1.2031911656743195,-0.9730734064013756,-0.8808316690956933,-1.1848588098295045,-1.101430850758131,-1.238305974837538,-1.020476688921773,-0.6606104970253759,-1.0518052342730528,-0.6737245732294257,-0.9305955458788813,-1.5197767869584324,-1.1192888615739554,GSM508182,Non_response
0.7795982389385104,-0.08797603716812724,1.1938037961996135,0.8256876930697308,0.9670327952282732,1.1435270261238626,1.1614308833764224,0.434728384543108,-0.2623644744645946,0.8435885919734689,1.444995629982528,1.1456340286378366,1.0617765079885233,0.9811121307590941,1.584870470592913,0.7617428399677116,0.7146485846235768,GSM1705403,Non_response
0.5673850287915999,0.259439708058174,0.9713035093506035,0.9132316275687019,1.061289599195493,0.8132693370568829,1.3915831564020589,0.5743589550361817,0.6421789754375452,0.7656370202605881,1.538863884806118,1.0409006141406079,1.1197318455871421,0.5016958984589475,1.1429013984268597,0.6569179688670193,0.475607527966857,GSM496039,Response
-0.6965063672859022,-0.8868808774365918,-0.9930083561679897,-1.042690059195601,-0.9811536296059236,-1.0522046947397337,-1.0952553370900862,-1.2059144642384048,-0.42842186812871236,-1.2748199885744391,-0.989386320426678,-0.8341702590614292,-1.04838868186727,-0.3907748092072338,-1.0926036332718778,-1.198252133301716,-0.7178407852213596,GSM750749,Non_response
-0.16370416964494167,1.0021631776881899,0.8081170068561376,-0.42323870275802483,-0.17024583913560856,0.8666448374288291,0.07920340768196589,0.42668862955250025,0.8384702873136906,-0.3435844738238117,0.1690071951515065,-0.35244957549757416,0.5003177289809481,1.6577483221935538,0.31519623888128295,0.8685869780626134,0.5485448011531185,GSM2804941,Response
-0.555482422695468,-1.0111107452676502,-0.931134283627169,-0.6876311977428567,-1.1443658644999462,-1.0812340790171076,-1.009214196420885,-1.2448834990536342,-0.5724406465791154,-0.8649263118024982,-0.5644446869757419,-0.8884116479771121,-1.1139455665334599,-0.3052836488824369,-0.9794869846655501,-1.2562961900455887,-0.8332245312185159,GSM750736,Non_response
0.9854619521971424,0.009715607534277967,0.06393319929812592,0.8378283604119496,0.44314130165789695,0.5175910314416041,0.7018858556647046,0.2894435831942742,0.708688574023554,0.6231224866015483,0.590378983122395,-0.5677926100009492,0.3161833326902246,0.2388182943941921,-0.07001012431276901,0.5756010975733316,1.5899908231405042,GSM4171543,Response
-0.9360748591560492,-0.8448200253372355,-1.1104999400737288,-1.0223588998583253,-1.3075769312325651,-1.0626712258985875,-0.9932817861203929,-1.2742053303680139,-1.2900022592518474,-1.0849610897440545,-0.8467223039178453,-1.271093032043739,-1.163995938693091,-0.27175232554545603,-1.2286453063815284,-1.3222045648288225,-1.1206857386142444,GSM1050658,Response
-0.9034823257146872,-0.5309753490722167,-1.6316889459095327,0.028419357911681667,-0.14023588286290492,-1.484691727382,-1.6598399283449492,0.002159358338861712,0.3935159117186305,-0.9450663650067473,-0.7334604984212586,-0.40719994794206243,-0.5490264810471179,-1.7929003238850403,-1.3292832068410791,-0.30983115080427776,-1.007453603588563,GSM1233007,Non_response
-1.0533589621991468,-0.6036392983828851,-1.0884193310982564,0.2857141702400377,-0.09660102167925123,-1.7287088909108532,-1.5033455824091861,-0.3938214979240286,-0.7934146624520154,-0.5860992198201873,-0.8760462283943955,-1.1287389537491477,-0.9966953043917858,-1.6680908811477513,-1.1496943012517016,-0.5518954450822883,-1.7571342904344194,GSM1233071,Response
-0.3788839131495454,-1.1743284633341746,-1.0038817342508597,-1.7195973600366121,-1.2653342922282775,-0.8774378644525244,-1.3194691570084636,-1.0777003280225013,-0.8903447969131412,-0.8088481905461441,-1.073190107053624,0.18679368449062753,-0.9744515945441008,-0.32550538983509686,-0.9081466544622967,-0.7690307271926586,-1.0250110789022782,GSM508102,Non_response
0.5310264963599781,1.8504780855258487,0.30609785376383375,0.3366982961282534,1.4724599255694137,0.9008197775258031,-0.0606542036157712,1.0668332082406744,1.2809911840695536,0.4927910724120434,0.8933644474812731,1.1126485711678524,0.8141926996707236,-0.31721160217449484,0.5840215626076437,0.6463036067068961,0.7355023076102712,GSM809264,Non_response
1.51761191081314,0.671397712729904,1.1741113700942876,1.0193841388520444,0.8893564504718735,0.6624246926866026,1.0918793627026178,1.3288580216140633,1.1107462680704192,1.4342767781574184,0.6923132151668473,1.1072707029857038,1.0022757706266832,1.1112434473054364,0.6564213132801097,1.213630381284457,0.3735984710328269,GSM139545,Non_response
0.17713768800056132,1.5279613420654512,0.8244091902130654,-0.5591974772640248,-0.1548300122828759,1.0978619687283253,0.06281692308495887,0.8198013432497087,0.965706106021589,0.06257159224688455,-0.18184872525593343,-0.5976127801720875,0.8117998833066569,3.122352715206451,-0.27344895403433017,1.5152678172372873,-0.22962753398223776,GSM2805030,Response
1.985272151856865,1.1250491618294878,1.8011758133234077,1.0518897306936834,0.6652407067765079,0.9174135089501797,2.039088527658593,1.2693227459370455,0.7435602627268155,1.3381160168357373,0.8528085621398006,1.2410402137544887,1.0106967889731535,0.8733821718600828,1.2466009508175873,1.4725807020118438,0.420782929788335,GSM158262,Non_response
0.3968476519979698,0.3198363261786599,-0.01525259767854558,1.125556417852033,1.0680014925288508,0.8588520891850026,-0.01581235461501148,0.7405957549346367,0.9964508310913834,0.8064769261219286,1.029330963009026,1.27225691651479,0.799945630426926,0.5597369724447866,0.2766850953043732,0.4705862614491553,1.893209672921904,GSM1875909,Response
-0.3195363492552335,1.0363602317692209,0.7449716394410278,-0.6069688239885469,0.04593023036121445,0.9318958305448612,-0.03157155542039516,0.3363005929861442,0.685124977484608,-0.2661338343638051,0.32414225715549677,-0.010051648001246496,0.48091012979837816,1.8056587545739493,0.026194407376475652,0.562027769066241,0.41556201528031866,GSM2804980,Response
0.18669280196355648,0.793191682378731,-0.013977287249690233,0.206387473623147,0.7078035331552904,1.1495054216316145,0.8041560538996094,0.5074804023426709,0.4984474614227279,0.977497000879819,0.13987210267922454,-0.18042301381337017,0.6420804276775053,0.38780741138791114,0.7005830845353053,0.642459187343323,1.1065855476658504,GSM1619430,Non_response
-0.6974664640216074,-1.1918338956358836,-0.7760432930421871,-0.8533309665218777,-1.3185316716219657,-0.9051247521347782,-0.2740236230502641,-1.1500816240004823,-1.4177063951883708,-0.664836080506032,-1.0248760592262531,-1.545790271570926,-1.0737533122507932,-0.3709817327729451,-1.171482253370197,-0.6977775883218754,-0.7168459283538762,GSM505408,Non_response
0.8047950638123257,2.202994214775863,1.565692430386051,0.7656600076451834,1.2222685445326136,0.4657240803734686,1.4306896305115075,1.0609332902489503,1.1722426801900767,1.4874082692185473,2.053387963631404,-0.40815739817996183,1.2260754133475225,0.358399825883504,1.2867217726910365,1.327065485231873,1.7582991932973004,GSM7040767--RNA11,Response
0.6601004169514069,0.3954478909467547,-0.2500611307756065,0.26581857374180323,0.5267321983249975,0.7139764787515959,0.17785270962210592,0.6421046925802201,0.9354702822259271,0.6488401379759284,0.4189718706023832,-0.008170431780998862,0.6089956575538511,0.03798666287869313,0.22883236277869637,0.5613818362754656,0.4161168363929163,GSM4171548,Response
-0.8935871325563626,-0.5818258210875307,-1.1907887000542798,-0.006288977402222733,-0.48265642595151886,-1.7166626087368635,-1.25372050345549,-0.12365211926619027,-0.569472516379922,-1.0329270353258528,-1.0938894263427605,-0.6522499172162841,-0.765107661385411,-1.6867532720192802,-1.0497113074182216,-0.4847801681196582,-1.2020272365929314,GSM1233046,Non_response
0.06790851766355677,1.2483018783388449,0.918319351986514,-0.7535651660094647,-0.2922947875067918,1.017041304953654,-0.012753263360458693,0.6088771897685377,0.8148836492093705,-0.1423449433462727,-0.41167223608364123,-0.6131573238048208,0.7254129138815735,2.9423400220974725,-0.30284745205568253,1.3328321382171926,-0.37619116236246897,GSM2805032,Non_response
0.251744923531981,0.6978305916515858,0.5814414936234644,0.2938575051147835,0.28719556025799314,0.6838691611933465,0.0949066762529439,0.3356253369929092,0.6802881491079832,-0.3867191035395538,0.19704609762988304,1.0400614635365701,0.27364836881502774,2.1184887745876235,0.016870643771607782,0.4777665799263635,0.8913279759945463,GSM2804910,Non_response
1.150191150527083,0.45771857539671934,1.4747491415343286,0.9384180422617538,0.9840947316001551,0.8603524747557345,1.3096451993398168,1.3639403210581513,1.154699232460091,1.6044432212768707,0.6374756393911984,1.1723461245462612,1.129405242111588,0.9849535503499333,0.7784886141932543,1.0600634690990234,-0.06617182465049143,GSM139560,Non_response
0.37183614454397873,0.7949663233470848,0.2745052018230875,0.6281215801969097,1.413287495556126,1.0285819873762874,-0.05898837444900647,0.8673894163760544,1.3205966495966646,0.48905603299696887,1.0057297939717826,0.4380204623546551,0.3882344924201413,-0.14696759298465054,0.5572455971118481,0.6368206804351091,0.657722797995704,GSM809228,Non_response
-0.8933433885890009,-0.8973612416628616,-1.3723712901111529,0.4952722439187311,0.07082110082454961,-0.6184511862332084,-1.2870205660324285,-0.34875156772368476,-0.5144831219105904,-0.9027722793989945,-0.3758939638327767,-0.6920411174031786,-1.2175325889011601,-1.9765269537901546,-1.0430448635591731,-0.48415116851664,-1.3859831644012548,GSM1233012,Non_response
0.5231519676395975,0.2468659855667337,0.14056639271970042,1.1129143422997592,0.6919339299432228,0.8687986893427722,0.822831990556763,0.7098244443119919,1.015517609976799,0.9246544951315268,0.8562256418099926,-0.1700538112628178,0.9280554153786588,0.3764478854309202,0.7565137176853471,0.5577270614450579,0.6943063552738803,GSM1619442,Non_response
0.5715829511672214,0.3099339465041972,-0.0024035599352192345,0.9617200300377179,0.4075957944967429,0.915015383816036,0.2098343965115832,0.6760942686350269,0.6836451935305973,0.9021698977904763,0.26160101492630267,0.11763254806562586,0.4523703354184617,0.08700746443538962,0.5604904878369025,0.9156758409946874,0.8019044181455123,GSM4171524,Response
1.4339668612049556,0.5941498777957837,1.4099523867892698,1.1271822545017085,0.5041665195966133,1.2828560825512376,1.84991075505081,1.5665581151513108,0.7825807414751944,1.5933380389881588,0.36775094794427987,0.8518378394165185,1.3744710601403969,1.1499447564384278,0.5063511612714644,1.3010090311956473,-0.30984588543672326,GSM139620,Non_response
-0.7471469249328712,-1.1198529134620396,-0.8386570438016523,-1.2915610985580854,-1.133527693549191,-0.964972044738093,-1.1483628356540863,-1.13065342963968,-0.9099205718246026,-0.952167953676754,-0.9770034265729899,-0.9139445751248643,-1.0876095407484696,-0.6348053359185098,-1.1080002135970404,-1.2961802211775906,-1.16169277967676,GSM505390,Response
0.9254548328735123,0.7131890771761664,1.137639685084788,1.242738136702318,1.0511049277979967,1.5518643871021813,1.1852092182248388,0.6671664717594535,0.39675237467696756,0.7241597496361714,1.0409062959665043,1.7393665092305526,1.381175974652459,0.8435980785136297,1.5886265294439568,0.6744257799373886,2.0483245472314673,GSM1875941,Response
-1.2202521511752622,-1.1913564966127022,-1.0224980046755177,-1.2514080197381274,-1.227116082288555,-0.609016679492362,-0.6664273198403483,-1.0767610382948054,-1.111684431177799,-0.6157644468477925,-1.1943676809656147,-1.48615635329878,-1.094875654410909,-0.46440967585639176,-0.9553612350754089,-0.9844405370462294,-1.0708621397506985,GSM508023,Non_response
-1.2283408852084283,-1.1599813700122519,-1.2366751513813938,-1.4857088656249275,-1.0536393874926882,-1.1114078985862164,-1.254312271756755,-1.2069470782909524,-1.3371386087211024,-0.9797981742889114,-1.1442113785697356,-1.272473019769528,-1.0673796537565239,-0.733901733083338,-1.2028338141573194,-1.6123841405274686,-1.0517516843326309,GSM505375,Non_response
-0.5299641421661556,-1.2667335410263345,-0.944006702753787,-0.6176006320743905,-1.1832876182878338,-1.0004473331703663,-0.991060085353098,-1.069354011414388,-0.8328889398974548,-0.5405952363102886,-1.310855830050022,-1.0705807755813987,-1.019621849750845,-0.5941776231617244,-0.6425013950243945,-0.7236049598883889,-0.9633500242194618,GSM505465,Non_response
1.6335543366102365,0.8359318080965414,1.5227333206601052,0.6233542399715398,0.78861986047331,1.0202969562005577,1.235532804910444,1.3365381251506963,1.475941482886646,1.3124764421986355,0.7479861220314361,1.5036007578675514,1.1205350258796045,1.0295885928095339,0.8823139348939769,1.1022225606621374,0.08409199794680915,GSM139544,Non_response
-1.989064853715274,0.9107074868657218,0.32288712849220835,1.064402868382538,0.6926354598194585,0.14410729190103364,-0.7782341709771944,0.18709807559374675,-0.0768556234804479,0.2247851737296982,0.7908450295580196,-0.6158757395598558,0.6187472319227991,-1.3719081909997177,0.9946103872968471,0.7356660475114473,-1.5861202468442666,GSM1525228--141,Response
-0.39313765094066755,0.6608007445068966,0.7213462239517631,0.2493898188285025,0.5233781537656699,0.8013750378856639,0.2974449890691937,0.5805773426927283,1.3884814166704853,0.5058265104956516,-0.10661577427715428,2.183046156555781,0.5471035238240547,2.835698919231911,-0.07860428415707185,0.9383576709355802,1.2172699427416278,GSM2804906,Response
-0.8092743595245395,-1.2850080350824433,-0.9538987593339195,-1.7873431064260639,-1.0532252957377086,-1.028560590053096,-0.4235230351016356,-1.2098825064814063,-1.443321779960823,-0.6820793317428661,-1.085403843780433,-1.5362820909071069,-0.986333817209064,-0.37487827179874317,-1.4828043069137475,-0.6417603107314976,-1.0080881499892116,GSM505471,Non_response
0.23063809433698856,1.2206073738935672,0.8379155693879515,-0.7813006062425616,0.0714424864225122,0.7792727595500307,0.007100790810665224,0.6302846324192066,0.7675221529148745,-0.18933814174340075,-0.5970305588383331,-0.3698136804373112,0.6051814307484921,2.8417862074810203,-0.3151245962520807,1.4024703980250683,-0.3833068924379063,GSM2804983,Non_response
-0.3385589113147119,1.087370818546283,0.7221352444357204,-0.5033154442847855,-0.03614106893001389,1.15599710193847,-0.018801624574589778,0.4881778728968304,0.8883288872256883,-0.2803501347916963,0.6004893739693568,-0.21502985906856822,0.6989426061581008,2.77948615968482,0.3826962781751413,1.1465336121396124,0.3392902149118037,GSM2805016,Response
1.5439859377106129,1.3465293289978137,1.5185360090860818,1.2667787720253467,0.8189707455700564,0.8105312254106157,1.5185757819138404,1.6822142925626011,0.898458982796758,1.5724753589358813,0.6900263498915271,1.2692976315659745,1.166141388572533,0.9992584581607162,0.582687095112481,0.7720053344410154,0.15979396891494724,GSM158290,Non_response
0.9189903797531234,0.8123744516680801,0.8092141902783405,1.3688292342750026,1.2383751536913934,0.9651576723763329,0.9955069075745767,0.7064508890641934,0.8355163252888274,1.095192287018053,1.2704119064909316,0.6811946672733139,1.0714809341813705,0.6975090557809366,1.9041338576927118,0.6567676549953474,1.0933983642405194,GSM496019.2,Non_response
0.37991320242276083,0.3674925683159398,0.54395288060297,0.9516795729393138,1.260370986279743,0.7822559772163618,1.0445074130891456,0.09610225726139779,-0.2918606510498929,0.7341341432072,1.3289210617733098,1.0889968801573375,0.9798986712207463,0.5135040290286589,-0.6128429040569665,0.4701276881762674,0.5216033404853962,GSM1875952,Non_response
-0.4279697936099381,-1.0453118660163605,-0.6739257264441169,-0.5342632260606954,-1.2509798742254832,-0.986487835713703,-0.5206528231147365,-1.181191694071228,-0.47521165834569795,-1.225036446681638,-1.0585373403596814,-1.2794720487241455,-1.1386405468033818,-0.21266760325364742,-0.952739671410752,-1.4090172529177347,-0.11323442720427734,GSM590858,Non_response
0.5688654386410746,0.705734742095113,1.944937194790703,0.832406738049203,0.8996864099287977,1.1048194874124773,1.5081331277449808,0.5481085890199365,-0.4277905968307082,0.7876983138379168,1.3069196645276544,0.5972147568564545,1.2516597709806447,0.9082025727770905,1.2494509591812117,0.9619012630714983,1.1903881089784834,GSM710871,Non_response
-0.8914491230446371,-1.1527482088821732,-0.8922492615191872,-1.0226049920051947,-1.22502283439966,-1.072817239111995,-0.670899255632123,-1.140083234487879,-1.3718678148150334,-0.9108987070484801,-0.8704368481540296,-0.7911343060512747,-0.9642685339250774,-0.5698685740852721,-1.0966747044822618,-1.4911631859121848,-0.6029238663183667,GSM505537,Non_response
-0.133820173856263,-0.6721986238682466,0.9361530575685953,-0.5804091634637603,0.3972083680839057,0.4200387280037642,0.6523411186866612,0.032353166727461226,-0.6858847168737476,-0.18851429476868403,0.08475838920377511,-0.17456973181052923,0.8447227469767717,0.7817837420793133,0.035443081657226115,1.965834868979044,-0.060202234735522005,GSM2193357--23,Non_response
-0.3616441984034177,-1.1501835565417242,-0.7392016858346562,-0.6346761251314501,-1.3396843714358224,-0.9271585521059633,-0.06011198565632014,-1.2984202659150264,-1.3439013628282321,-1.0561621905962597,-1.1961210244005362,-0.5759646708565659,-1.1438098148435405,-0.20786598955429605,-1.1384997890444664,-0.8385986617619404,-0.7815443648179548,GSM590881,Response
-0.03813740588065818,2.0603287876962075,1.4917191069566516,1.5114372730459187,1.5067475595115636,0.7673732897829594,1.457536521558426,0.9702029464353522,0.039706651243137735,1.1281116490900476,1.6090369982612176,-0.9317925127268255,1.3966677308723339,0.25341612152119136,1.2832366140510987,0.9584352596918988,1.5784316790099413,GSM7040799--RNA41,Non_response
0.4728088492699399,-0.2934798646423026,0.22353378366558974,0.7883958763874824,0.5191224290809542,0.45005886235520604,-0.7025951762796938,0.8179884179961512,0.34150532418397916,1.1127357024797968,-0.211514815996847,-0.645487483668741,0.3604752129954401,0.10215186775004827,0.24463503691790017,0.8214394913833207,0.12218592954155165,GSM4171527,Non_response
-1.625033394309239,-0.47925597305800843,-1.3504891315571594,0.6732293807750803,-0.31437325876243744,-1.7106608001924384,-1.6677651301684426,-0.24282188681750688,-0.04503217874201737,-0.25304906420416123,-1.4225951896726072,-1.0544163674444824,-0.7439943656291623,-1.7164217192332725,-1.0359590231289488,-0.6478197046438113,-1.1857050192297491,GSM1233123,Non_response
0.8114313351520521,0.36438053032514495,0.39310507226765157,1.2125277017847143,0.6547097095370402,0.5961497359003599,0.9681432604864738,0.8907327390582837,0.8955830433956518,1.1716877581818763,0.48748058249670423,0.09734689548714827,1.3524241841221367,0.504890372668491,0.5394385292769821,0.48634187020279745,0.6854703681890799,GSM1619410,Non_response
-0.9835399864106192,-1.0915978321014508,-1.0939505727466496,-1.1394810601750862,-1.0639782629747492,-1.0277555172560031,-1.27115288106531,-1.2756504941808715,-1.235627752178908,-0.9970439305765796,-1.0692334999142727,-1.2752016917033948,-1.0845050483355017,-0.9190189718960681,-1.152513331717048,-1.5539983510659299,-1.1746567778894035,GSM505392,Non_response
0.46856053899586975,1.1879768227875567,-0.12157623743779442,1.141401637207117,0.9703884373573114,0.9775170063530565,0.5980768659441879,0.9610366401915252,0.6416941995703852,1.0863834127505014,0.5195669506914748,0.5441783444458664,0.9816269572589778,0.26002771160431287,0.8623180697079913,0.5664293892268294,1.149115285027936,GSM1619466,Non_response
0.8936001264639353,0.46284573969743137,0.6501515814991973,1.2142208421984164,1.0546670600499128,1.193752186973692,1.0611512984925806,0.7203595034482194,0.5494017575756844,1.0755250783348478,1.285273464059834,1.368049990788901,0.8505071446542215,0.8281362448857371,0.6151990444583817,0.6276856325168534,1.7781375081414783,GSM1875958,Response
-0.48849438929181455,-1.3036543810267835,-0.9598796661598915,-1.3212284618803274,-1.3728682260447194,-0.9500935014923116,-0.7856017125382436,-1.179176531693459,-1.1276985633379737,-0.9917103391751452,-1.4420097714176017,-0.6169961013961703,-1.1562288013060082,-0.9392168832654809,-1.2593929950007203,-0.9423144052604888,-0.5735314872896772,GSM508135,Non_response
-1.2400793424734968,-1.1551000069579016,-1.011030301405828,-0.6400380556143958,-1.3242417790566416,-0.8483902655586609,-1.0912696528805117,-1.1112171062138394,-1.419633710940991,-0.6058928561247828,-1.3469707155613635,-1.6717911094452609,-1.1772755812644913,-0.5527062767861761,-1.0128962834939865,-0.7301460053629254,-1.4274071302671414,GSM508084,Non_response
-0.7069166530150977,-1.0817750211063222,-0.8559076236759692,-1.2645571860856808,-1.2793935826731815,-0.9676693545167748,-0.6120896699849827,-1.200787829666225,-1.5028474031614607,-1.297419357735924,-1.2173708333413218,-1.4006644029517918,-1.032256567377943,-0.38744064351619734,-1.3404572871492058,-1.1183553629307312,-0.3703409241373228,GSM505524,Non_response
0.4218823061722569,1.208665410494368,-0.0493678465683201,1.0270887804738995,0.8952001271871158,0.4922650053435627,0.22702248997321836,0.8172412935684034,0.49438077479375453,0.9874704725756496,0.46923234365815636,0.26998898382066727,0.7466165601665957,-0.09838525713156668,1.0424197022476493,0.24622566544148222,0.4516304230506362,GSM1619419,Response
1.6009631967456728,1.2913174718628577,1.255498951246692,1.0087684795125595,0.7382464755885313,1.0062706925644394,0.7087669882526565,1.4235311909426505,0.7609665237310449,1.3008428610698584,0.6457210490459924,1.4643965919689714,1.186441240693078,0.9728882146846397,0.8112799247284052,0.9546399890531173,-0.0011115619856048584,GSM139633,Non_response
-0.8614306550159845,-1.0133982076864445,-0.9903237722491836,-0.35262589478871587,-0.5568654943381551,-0.6487418813335563,-1.136787890341294,-0.3222521569465778,-0.11706234869402621,-1.144412646252447,-1.0448815933694198,-0.6541989147605479,-0.9142861206198634,-1.658678989530735,-1.1167691623774307,-0.2300356782395517,-1.0487119113311305,GSM1233036,Non_response
0.3395479944403872,0.8110627221601663,0.8701854150297803,0.9659115642590209,1.286847690220841,1.219854741565602,1.364926022019803,0.39416236743516736,-0.2616147904596255,0.9303802439850601,1.1038699601552562,1.779468634855976,1.1874017822427094,0.6138110124108334,0.6875410396717221,0.708118203305066,1.0142783338876011,GSM1875985,Non_response
0.3886780900114765,0.22970881484758163,-0.47411566207834954,-0.44734805285676477,0.3644352643161084,0.8678468441310305,-0.03151024453665474,0.6679514004800402,0.9124885501461465,0.9036175424838516,0.21829120706640479,0.2394647402302607,0.4898516152320806,-0.07113651655353233,0.42822282905973297,0.727517198548442,0.6278056833434773,GSM4171512,Non_response
1.4811988708929127,-0.014629382196524297,1.2535077532995755,1.4087177095988854,0.6925303911878683,1.3801550036778563,1.2599976647209863,0.635131793044745,1.678627025757811,0.6780741019773131,0.5421197774049236,-1.356455286938013,0.6323256871947835,0.4319896108967141,0.46837773255707454,0.9800018153562354,1.6403229336574936,GSM1619445,Non_response
-0.22617933396229037,0.9688620140956633,0.7193310974041203,-0.2441505667440092,0.003238792488376399,0.9101092191879555,0.1366270448778914,0.38195497031503794,0.7730634644460259,-0.3081250908914652,0.5070526204705496,0.6742135932293455,0.46879415367532923,1.6792874275088716,-0.11856987825488456,0.9883668743571151,0.31619642072637527,GSM2804970,Response
0.32743850165697197,0.33615271672546254,0.6702132069804392,1.3645167763781665,1.1580260327976506,1.1605345991660445,1.3445545118052629,0.8444114893913898,0.7409000592246779,1.0578587748786386,1.0872747803271443,1.2485666022203654,1.2842424040240938,0.7456336930435552,1.0129325535657054,0.6057141259280789,1.5950671631310325,GSM1875976,Non_response
1.7033481517759803,1.903848223209903,1.2289002865577812,0.04966245976655138,0.9388151102202192,0.8692221050191352,1.4566198996178275,1.2402586242007814,0.9965247340091322,1.2422258164119169,0.8674931927778929,1.7879366208465133,0.8728605276870222,0.7434115754627858,0.8173292675925229,1.1791389710005888,0.7372399712827397,GSM139563,Non_response
-0.5580904821043581,-1.032459592104805,-1.039684029471074,-0.803687710978788,-1.090129314693182,-1.0126687324594474,-1.202541595192111,-1.1913789266938364,-0.8769090301008784,-0.9281676041230165,-0.9497364185505351,-1.2358843020097787,-1.0317814236317098,-0.41920365392852166,-1.2148877846217445,-1.1093984419645329,-0.7255632619523451,GSM549274,Non_response
-0.7458170695550498,-0.9786193234474855,-0.7098033740148275,-0.7374116638041014,-1.1440790854437826,-1.106833199175113,-0.9341142024420878,-1.4575562660161117,-1.3184536142332643,-1.1510221116318602,-1.02427611083338,-1.1329573620152062,-1.2458618148200886,-0.30102433480194274,-1.2620615800905608,-1.3405119844688453,-0.7833574476800826,GSM1050660,Non_response
0.7076969506478075,0.1178477986620429,1.0439673819809956,1.3265955241892275,0.8274542335307425,0.5276821362256069,1.2642228167683855,0.40906092819560813,-0.667200382622688,0.9299932993774381,1.3350071457939265,1.3011544348969764,1.2651250086345451,0.2482780650133337,1.5395658877730936,0.7693452283443146,1.3341207030849507,GSM710825,Response
-0.8842848182156724,-1.0353871274407636,-1.0866213454003637,-0.7738715037688724,-1.3431234249387254,-1.0491080765263356,-1.1549043028811234,-1.1983780569813849,-1.4285461727826834,-0.8524338927652234,-1.4146632428332953,-0.7835404274058866,-1.279206407561525,-0.8831328438509025,-1.3379641610484985,-0.8269893448075499,-1.3303354304511983,GSM1050585,Non_response
-1.1060993253761586,-0.8301312428854212,-1.1166444524969141,-1.1337895094923927,-1.1606607979551555,-1.0298557854671966,-0.7256165590129497,-1.2301112141434176,-1.2959595059137754,-1.0527295651005155,-0.866245027164994,-0.7109243639131126,-1.0278525773409313,-0.560967632109151,-1.4773312343113953,-1.3036052965061382,-1.406491359843569,GSM505342,Response
-0.8519174981912401,-1.032426448677535,-0.6586672209073166,-0.8652374726817431,-1.2830733183016316,-0.8387536722926698,-0.376051311697915,-1.1953197853586492,-1.1819145954507604,-0.9987201939948677,-0.7919455400922463,-0.886372911883904,-1.0074523368493773,-0.15693449805662313,-1.43628554034036,-0.5032108330748524,-0.9481451806398323,GSM505349,Response
2.094252042290396,0.716581867612674,1.5907500409618485,0.26470612548121786,0.7512456382012057,1.244931766175986,1.6474468864467797,1.256434766122668,0.6849118417376596,1.188720823146161,0.8773130982265093,0.9757057919429296,1.1313053837777713,1.1915047144077666,0.6761882540137083,1.6548672388907364,0.047588900668388334,GSM158259,Response
0.1908312068225257,0.781360108010838,0.5539782762749015,0.20182424198058363,0.21048650332804025,0.7197069103039745,0.11967419060271957,0.3775517938454987,0.7023824960544307,-0.38328932699422247,0.19574131150150692,0.6606117881725965,0.33147998396294764,2.1326066195373627,0.22178942450156702,0.544118510276623,0.35988051883731115,GSM2804844,Response
-0.9581284660320131,-0.9465273712461381,-0.952904774771449,-1.6333595679642436,-1.1880285567309972,-0.9951899211246151,-0.6086327184930956,-1.3701078288383348,-1.3846897354071879,-1.0492450461444784,-0.9675528031287332,-1.0317642368389157,-1.112893377115978,-0.7055670363807759,-1.066776080409281,-1.5269982440264893,-1.1776616586795612,GSM1050603,Non_response
0.9615151288215227,0.47530055704187646,0.7124792484320995,1.3477823444625945,0.8975466957282686,1.8933872597846273,1.490136416577358,0.8142728641921838,0.688749278854072,1.5582956622871353,1.516470926893438,1.6432957142752587,1.3015461769609797,0.9181631457542654,1.170912800000297,1.046252243937445,1.4659023403466316,GSM1876004,Response
0.8454829454875745,0.4653349117020957,0.9524787905157024,1.2063761060316056,1.0815343319321113,0.7893750739399934,1.1872698026946298,0.2739931096279149,0.41235867754002037,0.7674395003610676,1.246751021248007,1.109274019751545,0.9569225989351025,0.77127381982434,1.0316404224656788,0.5692458057935883,1.4036441036567393,GSM1875951,Non_response
-0.8004101736368626,-0.9485178113829642,-0.9487626086855333,-1.4875847097580817,-1.039304132666414,-0.8665345931145109,-1.2610120667123683,-1.1640914195347156,-1.188785906796559,-1.1283057708815887,-1.0360472722939083,-0.9592984072438758,-0.8650026477480972,-0.7267617041783209,-0.9732437195112434,-1.4446783571484803,-1.1091194276166487,GSM508049,Non_response
0.5836832353023944,0.541949712114796,0.7298906388160701,1.0008105636061215,0.820480114122584,0.38061527319232724,1.4357213877815678,0.37057481933627207,-0.38963649197400213,0.5682175237879813,0.8547037166546957,0.9769112362644398,1.099459916926991,0.5353375763793419,1.0091081177894863,0.7037275767664656,1.607377757247287,GSM1519436,Non_response
2.0651081101255953,1.6723974258667613,2.120205962976924,0.9249227885459327,1.1045639702155723,0.7252303202145571,1.6584808445595804,1.2911572011402475,1.01372918086282,1.2995475514068282,1.2606119918788505,1.478194722609533,1.0393353663898706,0.979731593751996,0.6918881562359814,1.4854915695969833,0.7441759317204585,GSM158241,Response
0.7137968912625581,2.531948038962447,0.9395299255524767,1.5256927187585556,1.6702208368637832,0.5040733062242032,0.9258883485188828,1.2708789854907763,1.2872423844397571,1.1637715659710242,2.0873758517502288,1.0768361282045213,1.5124854780216812,0.20732927962661696,0.9250391284227203,1.2605628829121236,1.3211554439167699,GSM7040766--RNA10,Response
-0.7343220065470684,-0.9530886818751226,-0.783606418816042,-1.16186741067884,-1.0528369801323874,-0.9489011285344879,-1.0656290949302314,-1.2439510924729917,-1.1515119897221853,-1.1288958439939343,-0.9840051955090796,-1.0098511535616146,-0.9856235642572836,-0.7714211597010515,-1.0030524638670182,-1.452693090994643,-1.000724658397008,GSM508161,Non_response
-1.0942900738366144,-0.651453340739015,-0.8695352547068103,-1.425219591657823,-1.0233048415746562,-0.9668196825884483,-1.3752671749552705,-1.1868571178915766,-1.3093986869566758,-0.7344270201558856,-0.6738573318602863,-0.5210526996703498,-0.7717741602931356,-0.695322965242239,-1.0408721507183456,-1.3920618778629326,-1.0678989495983655,GSM505491,Non_response
-1.393081594662712,-0.4675554857748494,-1.7456233196210904,0.1224066643863813,0.04519148908627166,-1.712423930827099,-1.1216509533305077,0.02848065165910747,-0.24641180725900977,-1.183295752180504,-0.9918439390508249,-0.9801258791625049,-1.1891817173743937,-1.856198823255802,-1.1866595528487944,-0.417627998389207,-0.8488447687317623,GSM1233074,Response
1.1484322389136825,1.0617521608562261,0.3744734527149915,0.9439134958535409,0.7199682705734834,0.9706104382765383,0.7272674876237133,0.7794977518868959,0.7898665835395262,0.712807347149622,0.673457079938663,0.4726377410871176,0.7713594053250268,-0.030623355813260682,0.4390086120764428,0.7637818032552405,0.7192838995199845,GSM1619438,Response
-0.7357236633435406,-1.1646222455693624,-0.5098132585099789,-1.8952649758600086,-1.0367990015480946,-0.8922016034607955,-0.15316943802755598,-1.1872716084141046,-0.937980351631462,-0.7679836036385664,-1.1283955331099775,-1.6685263181477659,-1.1161135435494942,-0.21731235863071374,-0.6488092975762292,-0.43173003063116977,-0.3179605713870047,GSM549304,Non_response
-1.0056350876034381,-1.1210003238333563,-1.0865077484749845,-1.5414499406542634,-1.3056321731508949,-0.9956099025814458,-0.9254670129433563,-1.1951358508595211,-1.1582181281570334,-1.4140469358918795,-1.0257130558146323,-0.026382791073852652,-1.177755419305855,-0.5471649239426012,-1.3896478727234614,-1.5987106562178004,-0.5527631985387154,GSM590880,Non_response
0.3494845370235851,0.2907167707862942,0.7002732910872089,1.0454734884088124,0.8261896621435734,0.6680463145435294,1.0856282833902038,0.4957487604627104,0.639228602066944,0.9502855409388343,1.0464346590546,0.651072192895634,1.1232878929914984,0.18484436488404277,2.014823002778817,0.3678060309266092,1.4497455535383073,GSM710805,Response
0.5663683035500366,0.331923434304722,-0.21325306004975478,0.52636173942427,0.7923093317255205,0.36888866252472796,0.7387970174698174,0.12213084993485049,0.9142904434603183,0.7421499542039942,0.38789519372028514,-0.2587753420871345,0.5775168554964225,0.1323877547902675,0.3495752799242434,0.6274435089467696,0.7639998938143603,GSM4171534,Non_response
-0.75120366494291,-1.0532822781798052,-0.9510625353080207,-1.3599003026081615,-1.1385812202973034,-1.0255693019761858,-1.1555221043204054,-1.2420526022346448,-0.5181388512646891,-0.7591332925063237,-0.7713709553941075,-1.0554951477886994,-0.9904865400952972,-0.401847472263009,-1.113682260065948,-1.082939875854422,-1.3257496575024241,GSM549283,Non_response
0.14282084784430077,0.14716142461882456,0.15764055624225493,0.5762682215773464,1.2490053993215913,1.27830553894382,0.4669303069954035,1.1926678048629777,1.2955899418639696,1.0637985162456645,0.2512376433876051,0.2426760390135878,0.6083125084947892,-0.3145831977836207,0.11458191117938547,0.7654682799120462,0.800244252267975,GSM809250,Non_response
0.3863040123442684,0.6650213865351441,0.35578977147463237,-0.21161490273128272,0.29874319464005467,0.5959137472786659,1.0469902596471532,0.42743366647522,0.08941735671341595,0.7867944505283325,0.27547955180034306,-0.5745032959581579,0.7321587099371294,0.44547794047263617,-0.3359348436500544,0.842856340568443,0.647841667643063,GSM4171516,Response
0.1963805138964031,0.6736725369029184,0.16526191557901235,0.7791302036154785,1.0868336101821272,-0.2254300943457383,1.136828785952398,-0.011699095526834223,-0.5873907050181435,0.8606930432963374,0.2275240684382683,1.2803621969158634,0.6084872921977414,-0.22954940451700953,1.109986799066493,0.24559081013642714,1.5117982855380574,GSM1875934,Non_response
-2.0240759219285867,0.9343755995303636,0.34432455935614964,0.1782062319985267,0.5995382767254895,0.07782760764680084,-0.819203755626512,-0.0017849573079504692,0.44519604535234086,0.4474267536092392,0.8750905133160313,-1.044765315070938,0.15678852399005863,-1.2320891975744142,0.4242126840497832,0.5151543145262025,-1.2205980482603573,GSM1525227--123,Response
-0.6932701973510563,-1.3747387272420677,-0.3813961766178154,-0.10394246999191725,-1.0246568378046212,-0.7612347286345292,-0.2571289185936148,-1.081984330954732,-1.3436985484046553,-0.24665272465182272,-1.1674144445706487,-1.9340392878778065,-1.0329112569668641,-0.3704561545052983,-1.1147988342410173,-0.15589999511762515,-0.1826562693489841,GSM505479,Non_response
-1.190354601953704,-1.1076956632754964,-1.1209421647764823,-0.8582377430176992,-1.1944044027841727,-0.9395970133840186,-1.1581207645155382,-1.2236826273099253,-1.1900382214595766,-1.0932036031784214,-1.0981393521572453,-0.8777033340815719,-1.0950685939282698,-1.0327284661256395,-1.0684558551000143,-1.0424098740638073,-1.1796499348722351,GSM505579,Non_response
0.46205591404120006,0.11200342674343564,0.12418044962010646,1.110363728416995,0.5367474423561426,0.8684543961139902,0.5792741900747084,0.932128410480484,1.0949440268489172,0.854444086650552,0.3826309720563811,0.28938633691618765,0.7885024183784268,0.17381078978978626,0.607630659034098,0.6199676603426263,0.31419512183155257,GSM1619413,Non_response
-1.38324592670461,-1.093316661550257,-1.1136215243205942,-1.403276001286601,-1.4393678389180369,-0.3819143955539829,-0.6862263555024951,-1.1143486230580648,-1.3176612726891344,-0.8625332956129502,-1.31533378549482,-1.363175327175568,-1.1273388831137126,-0.3984424094817372,-0.6760889951495913,-0.8757548250099156,-0.8476847156335698,GSM590854,Non_response
-0.29281452393522295,-0.9307209219969481,-0.7078799826369402,-0.549407584971685,-1.0964430500694666,-1.0382411133378624,-0.9340714319020105,-1.2881140505153832,-0.3149322079923457,-1.1308258894491228,-0.9621784877128849,-1.4697346540691028,-1.144954906983453,-0.499042329915038,-0.7691093061741597,-0.761351040844783,-0.5384201456992194,GSM508147,Non_response
-0.19384665901925707,-1.1444474695119027,-0.8048696176138669,-1.2621654545345244,-1.044027066503997,-1.044679267232928,-1.0591306324227665,-1.1923928165975186,-0.4172315769409845,-0.9193252119280569,-0.6179540744456777,-0.021890020147369377,-1.1248232651616914,-0.23382395745151352,-0.7713612738240456,-0.9939490994530659,-0.8091958318302555,GSM549251,Response
-1.1709410979453156,-0.9601775140779804,-1.0266421386408373,-0.8015341150186671,-1.1605673877663711,-1.025462400469482,-0.6709534775828059,-1.2846862740806877,-1.4109975960591417,-1.13764438219327,-1.0833494949052453,-1.0126196943208572,-1.2029936393285396,-0.6267060220212998,-1.2529847266809881,-1.3405877287233554,-0.8323230619253091,GSM1050620,Non_response
0.4415453458721209,0.06635246747625309,0.6573881342935102,1.1546700184800918,0.9191043783953124,0.5942225605876146,0.7045315584949299,0.24373486530658417,-0.17389611128335974,0.6338394253588757,1.1533865257046436,1.7846202803269118,1.038761838354585,0.07385399951381598,0.9686352498137768,0.4787868099120483,1.3679667341031772,GSM1875913,Non_response
0.8173734640501716,2.2815390928495343,0.9203042750509627,1.824026512448306,1.7199266445889678,1.1769095771533884,0.5052259231081742,1.4098769155654218,1.5361470388156395,1.2132261944885376,1.5093918723172886,0.9113726252217811,1.7532557623492615,0.21082461003528127,0.9392289787001943,1.3048878605373637,0.5818621393797786,GSM7040800--RNA42,Response
-0.6685969945472818,-1.1784705114599034,-0.6786678103489482,-1.8278051352818345,-1.1476919422805498,-0.958393985602068,-0.1014988241539605,-1.1866876357542104,-1.1299211841008314,-1.2175117794770252,-1.2631717013698847,0.9506754017666651,-1.1616601128909803,-0.6523345345597839,-1.0421594068893985,-1.1727388360511044,-0.5197489032227266,GSM505514,Non_response
-0.6412250984808829,-1.0774946183083283,-1.0064587497981767,-1.4546202564254431,-1.1146331064087287,-1.1268592507865496,-0.5465515219217016,-1.1876934482272148,-1.2531393281497172,-1.031720938445386,-1.067024537579089,-0.8853881986970132,-1.020140756618555,-0.3953589500610919,-1.2001105614737528,-1.244406596795813,-1.1472949750265324,GSM505542,Non_response
-1.0493817639287664,-1.2282848050234947,-1.2308160185950052,-0.820138315562869,-1.286577488267264,-0.8308929752717067,-1.1361051156163045,-1.1114969438872462,-1.1516477275284167,-0.7644097115935956,-1.2703713776910004,-0.5450262792880419,-1.124724986762403,-0.5523172183992116,-0.7602445063309295,-1.2544341644345633,-1.2869066274336078,GSM505406,Non_response
-0.11152490834982745,0.6279746304215857,0.6600006783949633,0.40574792345235416,0.3729719907977952,0.7963779494343635,0.10996952972035877,0.5779957666841576,0.9897862252330348,-0.24528843143136858,0.34013777159399017,1.742116001060626,0.3995767493004277,1.7497361808392289,0.2954139328334969,0.5997039519170494,0.9009092194338952,GSM2804860,Response
-0.8975363736546303,-1.133516724926367,-1.0546261034809272,-0.8184097459861801,-1.301453065463092,-0.866576582556569,-1.326944442385772,-1.1279069468717597,-0.8196536564935625,-0.807654278210672,-1.3017192651311857,-0.4584656201102355,-1.0386742614723452,-0.6376096975920732,0.1278835619454141,-0.9689391686562259,-1.255933085627202,GSM508016,Non_response
0.08336005645461597,1.515267878275601,0.08797193885330061,0.5574796108983251,1.0570157931825654,1.047206714776599,0.4698311028202031,0.7697977417890226,1.2372421189560705,0.8308267854346872,0.9975529771473923,0.6026722927923229,0.536570295052763,-0.03946055776143423,0.7052806134255839,0.9500511991057188,1.381887671404534,GSM809245,Non_response
1.7653692770877496,0.8241040766144427,1.2901366847731943,1.337072840715104,0.7338106986468795,0.674743576773987,0.9038142346106218,1.6640503967053057,1.0929846948716966,1.593811158176356,0.4026464637736281,1.4505423849322985,1.3096557571871454,1.2420829012721424,1.7475325780868691,0.9154960080084559,-0.0912600218251534,GSM158288,Response
-0.8743232262032337,-1.0546090515025464,-1.0507474088187998,-1.4485976681933899,-1.0647020238481077,-0.7020552539352699,-0.7952901364746067,-1.182027400013586,-0.5590848279531986,-0.9369996793306239,-0.9339256408348866,-0.8524106078209016,-0.9799443940457875,-0.15963043062761778,-0.9753203251451935,-1.2114736442714213,-1.353363308760473,GSM549279,Non_response
1.5655166312670485,0.6209396017868969,1.3889747189370638,1.1231993498964985,0.7830621277557652,0.995027110045342,0.7664417109138636,1.3976925737062094,1.3767755932664245,1.4293756314609085,0.4724254952472766,1.5519184821442622,1.2620753485106357,1.065891930051172,0.8119654921005246,0.6635731261324467,0.02605374194702651,GSM158208,Response
-0.6948126539687256,-1.1579743818271064,-0.9347896487310174,-1.0894585833424948,-1.113109360475815,-0.9842612518201308,-1.102983682201046,-1.1715065912573368,-0.568839015646594,-0.9394084400442764,-1.1506839064057632,-1.1287645110757296,-1.1614253156480843,-0.534052088423679,-0.8267877190576204,-1.0586434105688254,-1.0782613187553027,GSM549299,Non_response
0.7486390754262403,0.8527193707981999,0.36803029080903055,1.2552416056016784,1.0276235344608053,0.9815223193211033,1.0808177317764778,0.5365529042577293,0.5134028053407903,0.8589985618774207,1.0711416362778186,1.224956685128128,1.1477449020527992,0.6504980968546084,1.776415457087828,0.3615261492887177,1.3197754335814693,GSM1875940,Response
0.3360013058901372,-0.3970682690308315,0.7037825780977569,0.8003928774973843,0.42405590814357763,0.6298995061683555,0.5188029258821425,0.30024173079044936,0.6680021516422591,0.48052950149467316,0.4295018309687567,1.0149183498012977,0.1797642206670489,-0.008628159755316828,0.6730181441559496,0.40230594224602484,1.3850768500214008,GSM4171499,Non_response
-1.4149109659046402,-1.0112230597781542,-1.034421985446494,-0.8980159131246211,-1.288401317072392,-0.8320554437725106,-0.8149961850723081,-1.2635230968479676,-1.3461880776691428,-0.772987814429901,-1.05233595305937,-1.2233591594583317,-1.066825669274737,-0.6959058312095855,-1.0516838413097969,-1.1389965225520764,-1.2813936331367726,GSM1050597,Non_response
-0.3925431985264171,-1.4333121322898468,-0.7183491221253074,-0.8945101912750957,-1.0590790683414146,-0.94387102116532,-0.9422895751127092,-0.9312139392111576,-0.6785915284280383,-0.5786448145046712,-1.1992202782736117,-0.45879724384990517,-1.1061505201961055,-0.4796940548402643,-1.0737631465565458,-0.30995141328738574,-0.4603586333523726,GSM505451,Non_response
0.7086247454774212,2.2697079938339115,1.484742419875678,0.860255827048983,1.254984954861174,0.5244091994564003,1.630759975516766,0.7796251648213566,1.3495522028167668,1.1543650686985591,2.0829869291517653,1.4078827619788936,0.7391038015789048,0.3736383047139004,0.9904186337752977,1.3666191144899769,1.2604369861317501,GSM7040768--RNA12,Response
1.4593235042671817,0.7925859617310589,1.3898538143705785,0.9278406212501663,0.8035937648165232,0.8713746842341584,0.7801194514481037,1.209470809889617,1.3223462349011041,1.4805967175462746,0.502573797183587,1.1885235936788194,1.12652541631065,0.9133522337619964,0.7713805459334842,0.9064911297572251,-0.31123114470049845,GSM158196,Non_response
-1.2754887911809683,-1.1288731348300218,-1.0673488817430332,-1.4545042792624532,-1.1485816818962051,-1.0282685965040506,-0.528392862236147,-1.224930790432836,-1.0839700164086215,-1.3487625920982418,-1.139063175762203,-1.1301714864334478,-1.1559814313427847,-0.5756654603462197,-1.574555307404749,-1.804278277517111,-0.31035256883649925,GSM590867,Non_response
1.37624608383461,1.371157374101095,1.2056073794435724,1.3089687713345435,1.316881957119651,0.3474397206452346,0.8903956067701487,1.4130805735114074,1.6274129129920498,1.4442517328167466,1.6448966620197658,1.8636173970525154,1.6398451608510523,0.16875619218175367,0.43285448004028126,1.2001408608260076,1.3352553282623232,GSM7040761--RNA05,Non_response
-2.3342402684865844,-0.5757811846738188,-1.5088305166530829,-0.275648793503785,-0.6763344482273209,-1.804744185835338,-1.6581559717007728,0.7434122042618212,-0.12068124757853935,-1.7827570271027438,-0.3906979916798215,-0.7309669962346924,-0.9601870641498613,-1.865910319976144,-1.282162694171358,-0.5031517204889244,-1.4929315191916857,GSM1233105,Non_response
0.6836124957298179,1.8648877798838128,0.841279964013528,1.5628264388065412,0.9872912718972293,0.3046681681270174,0.7698860027469923,1.1440241567249163,1.664588789508591,1.333775895777558,1.8990261261473163,0.34652280025461624,1.640012389392794,0.30173239085836084,1.7827412327611614,1.140287299724097,0.9201639898896202,GSM7040789--RNA32,Response
0.8638262080951741,0.8003287726763886,0.9966447814539665,1.3979654144067883,1.0801686527278196,1.560368565935876,1.0999797641338653,0.8223338052468004,0.7151132172881888,1.0800101652042324,1.5045744267687449,1.694308327819972,1.361309542447787,0.7845495995750471,0.7702869760061906,0.7921965088366151,1.679254817700536,GSM1876019,Response
-1.2980811417133908,-0.9233530250090092,-1.0449357957644547,-1.4878517315551911,-1.0856545753064493,-0.9675801999248125,-1.2056533367926716,-1.3158949956992778,-1.3496179611571089,-1.279991594027463,-1.087488471368101,-0.8853390720508336,-1.0520616374705856,-0.7357262735060135,-0.8186493904579909,-1.6064466972520326,-1.326640160931428,GSM590861,Non_response
-0.21725283137639934,-1.0011389219490574,-0.6077005792597983,-0.5627392307429687,-1.3093829475840981,-0.9084918685823773,-0.20172098713557063,-1.3160818967836299,-0.6467331978891053,-1.288870484931968,-0.9722164518014906,-0.8181300754793127,-1.1265693584310184,-0.16523377801390812,-1.2724760579501695,-0.9981076759395803,-0.12493674090163301,GSM590889,Response
1.7556236309958408,0.9822175794212656,1.5104180435471581,1.0536304586863812,0.9100991351084257,0.8833075917231864,1.1134294033306864,1.662668253881467,0.8010618109106096,1.6104220452573663,0.400721954492345,1.3160104893366351,1.0778938226035486,0.8579289927207862,0.8952045604376165,0.7773310176283647,0.4814647966852849,GSM158286,Response
1.7317611468788945,2.0618048082639286,1.600266357442046,0.9015052891411353,0.9446491133017512,1.1577771388002622,1.509657408918157,1.480504657019653,1.0845375545341012,1.3342530235851766,1.1254207226230566,1.769144653433233,1.152784272519696,1.140212990212422,0.5953191006237075,0.939282784602148,0.4037631489867731,GSM158271,Non_response
-0.8789824168063477,-0.8649417334266029,-1.2065977118718536,-0.12663655212538782,-0.6566152028870944,-1.4633769442890925,-1.7503819933089089,0.08618176433856425,0.14887120408562884,-0.4905262639908977,-0.835257098959724,-0.39205164308520263,-0.822099242021906,-1.5170177939624268,-0.7334869639036528,-0.5407336752283618,-1.0403704280354609,GSM1233027,Non_response
0.9600965945361359,0.784856331721456,1.1597715950459118,1.2967139075021297,1.0374552394002627,0.9767148267114556,1.4811502417233684,0.6160380885631331,-0.37482946308678006,0.8560715931470957,1.1302243715401281,1.2389729085422865,1.2120525221183764,0.6750344300611033,0.18968051619286383,0.3686034277940997,1.4264652236180289,GSM496020.2,Response
-1.0091133842110076,-0.9747824808419738,-0.9381358101059651,-0.7594150400673596,-1.190363050181211,0.3515007449777766,-1.3027810227899417,-1.1197470107015342,-1.5356993155148104,-0.7182763576946145,-1.3422845391288425,-1.2090020189776298,-0.9740685149636953,-0.6362860964604758,-1.067737594964592,-0.9563201341130396,-1.1627025909614024,GSM508143,Non_response
0.9069263286867412,0.8123744516680801,1.1741884550254085,1.4290157887594865,1.1890978596515775,1.0857198273911233,1.4889197573652901,0.6858955395718594,0.21661421644288326,1.0844141307714577,1.3974291922791455,0.963482659481344,1.1997724767057647,0.8860744340041756,0.4971431789894903,0.27612275694905064,0.9450497437760174,GSM496033,Non_response
1.6906692269134187,1.0626083421596704,1.3704683089590368,1.3755392133448339,0.9137824592434615,0.9276444517370098,1.3636638962394436,1.6233828611941512,1.264365969818095,1.4828421501070848,0.7844884194524904,1.539534974608869,1.1868656002270381,1.1742158503662854,0.9331984648447134,0.7626475447720309,0.21307687515079982,GSM158251,Response
0.7315465653703249,0.8462096420171337,0.60292926765832,1.056081952529604,0.4118041810214763,1.04965997561087,1.1584711937898116,0.4957487604627104,-0.15525190770846328,0.8254989047745396,0.8796697825686622,1.1484527661078827,1.0541166317238126,0.766748234282469,0.20440407145350928,0.27466539871764445,1.3183378601927853,GSM710905,Non_response
0.05282143218589276,-1.172158481691776,-0.8358363693005624,-1.1035446785271905,-1.289822091523593,-1.0331283020625563,-0.487501132685349,-1.1159961253654969,-0.7335471363868629,-1.0306071983045875,-0.7017633382218963,-0.062053948207203884,-1.08903475892997,-0.5902320511820193,-1.340529136870166,-0.5884809865143721,-0.27425878291444444,GSM505475,Non_response
0.9898608975428591,0.330529936917616,0.9018425532136773,1.35951065230909,0.4949419218475218,0.9348942579964877,1.1588677705923716,0.4957487604627104,0.06295364575197021,1.4095459687261767,0.8730898356978072,-0.4447672472528649,1.1261514614965733,1.0899571040728047,1.0255174452857163,0.559443878594486,1.2169436283722361,GSM710869,Non_response
-0.9812191336504299,-1.0178498385498704,-1.1617158984983023,-1.0652195884046962,-0.9169777530573356,-1.0353988777159633,-1.333944634439082,-0.9917092287738444,-0.81950762366833,-1.392699436492639,-1.3825907097369634,-1.0925544226082486,-0.8826970274098276,-0.9268024638172392,-1.3144652456998214,-1.8461628675459267,-1.397613320552125,GSM505396,Non_response
1.4331964243952329,0.6479168341029407,1.6170564428230967,-0.4301646192406255,0.931297106965879,0.6948753920226713,1.6849883544350843,0.828842855911636,0.8431567245106728,1.3439469964482078,0.528064820050987,0.8304522120505401,1.100864568843697,0.8582192271291238,0.5186175550317853,0.5359108085975276,0.2913202982050128,GSM139590,Non_response
-0.6523092503684651,-1.2017120387888143,-0.5976735407665142,-1.1282872574205938,-1.2245155492649886,-0.885596005804368,-0.7217759528595176,-1.2248110364870721,-0.800989322839385,-1.1228651104635239,-1.0706757837082388,-1.0588934231568745,-1.0205915836970902,-0.06011474941571348,-0.9329290885594833,-1.0971177001228443,-0.6112973210958662,GSM508072,Non_response
-1.68988400724731,-0.7364198584252191,-1.4429811738790612,-0.4050510431503271,-0.24734593513130618,-1.648461039117034,-1.5418881889909,-0.030087839171093495,-0.0847415069612618,-1.6269494338680945,-0.846483197634403,-0.7967654010645631,-0.9482731711263139,-1.9788950553093188,-1.2558810807474903,-0.35936317752954944,-1.4781170603465192,GSM1233144,Non_response
1.155876518989043,0.8203851859092975,1.7915584580385548,1.1705580507530267,1.1609915200662053,1.4014154543201958,1.174539558525157,0.9823287387651388,1.4385559119089033,1.1535773825171245,1.343729733308435,0.7939257910010931,1.3035701376945914,0.855991175386112,0.717262056707294,0.9586666957924876,1.6041075467122647,GSM1876018,Non_response
-1.080578318387374,-1.0686794680407001,-0.9731856049958452,-0.3625311992542067,-1.0761377425086827,-1.0507138800568399,-0.15253870380478107,-1.2435733383633596,-1.531637004061353,-1.248798716891004,-0.979698903184428,-1.4183541898642695,-1.0152125528303892,-0.4063207496022406,-0.9584077243565841,-1.3547370261866216,-0.6942129014084156,GSM505564,Response
-0.7982720712592947,-1.0584033232809913,-0.8679000366753893,-1.8171632278568677,-1.057884492090096,-0.7248412136115866,-0.6108088698124519,-1.252364376933721,-0.9707837661669062,-0.5420514079613857,-0.7742058491773091,-1.1788226041696062,-1.0050779527554183,-0.20829617392480348,-0.9625424161796737,-1.1129932112770686,-1.0385639416559298,GSM549276,Non_response
-0.9992061909472064,-0.922672817572744,-0.9436654005709867,-1.5825828307300733,-1.0872916594163495,-0.9838449544437206,-1.2420020699157195,-1.1400614854260869,-1.1771971533364407,-1.109714073105514,-0.8693763509370696,-0.4905457393251658,-0.8768133160323536,-0.7208688245706091,-1.0398149342109777,-1.513969712738386,-1.2550269895672674,GSM508100,Non_response
-0.9904888009853359,-0.29466472605220706,-1.0375510401516297,-1.5526082735115758,-1.0976571593623183,-1.0120288034437583,-1.0514026603090163,-1.28063943138907,-1.51761523916814,-0.9178343962473432,-0.4811611546699547,0.7642921362649108,-0.970287304411147,-0.5214403456611711,-0.8822989490429131,-1.1526234727801896,-1.1925065404781974,GSM505594,Non_response
-1.2803058957865534,-0.8906653118665184,-0.9616364277956553,-1.2394831603470606,-1.2412388523311226,-0.9421078139629308,-1.0188107088119682,-1.1189735801002734,-1.3463051158164328,-0.8232899909033541,-1.126878270348535,-0.7813579163725393,-1.0114590678607234,-0.4320488665450382,-1.0757180339154608,-1.212341441951498,-1.2816685447979157,GSM508117,Non_response
0.8082046889365678,0.40341085381875186,0.16604735604545304,0.3792518348219297,0.5038816285813786,0.7579019401227778,0.7533305175400891,0.32781910257656477,0.7219526599121563,0.6952628466698024,0.2978436099751094,-0.3336269141080454,0.5571810943696853,-0.01723001039628715,0.2985469036504777,0.6238680683438274,0.9246995692095829,GSM4171517,Response
-0.05787582939703109,1.9989628706331806,1.7504634759384001,1.748767668180263,1.4570044305865433,1.0829630298484585,1.187717061070631,0.8591296923854823,-0.5631790180908578,0.990127786855876,1.7116369826898108,-0.23454338431321659,1.514093883715411,0.3885898823344516,1.4171032207370358,1.665356521192251,1.1663261963391565,GSM7040798--RNA39,Response
-1.5212601238702388,-1.0276444822017508,-1.0599559234531382,-0.9540641197147393,-1.3457527011337582,-0.8309466869817637,-0.9055272355712994,-1.243463025855952,-1.296264646627469,-0.8071942964524184,-1.114669101612749,-1.253336984020333,-1.0514113665706935,-0.7166015966469771,-1.0782825961663642,-1.1538425512521016,-1.327357201900432,GSM590859,Non_response
-0.722202240151109,-1.0930007776115298,-0.9186645293909687,-1.1043213015075184,-1.3152991449672926,-1.0132554125720465,-0.9559510029770103,-1.2970495668061552,-1.4126089837310072,-1.0618476075587044,-1.090202524028928,-1.0377855345118576,-1.1611319038286807,-0.49856206871473313,-1.121593260428087,-1.447915785194804,-0.9148046726066001,GSM590865,Non_response
0.27640459824135644,0.692240841821652,0.6693239855453091,0.03626757850844215,0.5376348881402617,0.7050991191729513,0.08448299770052316,0.4979764560817378,1.1899197876677685,-0.06669659306990385,0.6143376564206102,1.5994731395872772,0.33740710896990544,1.8513526104764018,-0.010087063160677012,0.46256942092713227,0.9010796109593968,GSM2804888,Non_response
0.3372100635050328,-0.06636238113631734,-0.3039722242853476,-0.02924363258210902,0.15976598471737355,0.7220061505435241,0.32085243934881785,0.6545996844250629,0.23767396469129132,1.0538186312944242,0.1372956345811469,-0.3238367759189964,0.48829394997345976,-0.13251353974869678,0.5358923429766397,0.7893022569450554,0.12711106166385644,GSM4171538,Response
0.9684860909962985,0.5470918555343086,0.8096447164995948,1.172217710145398,1.118475774416702,1.3124327551455646,1.015217341650016,0.729936163159507,0.6807150128891217,1.0476200867429595,1.2155618238229309,1.5993680695851713,1.3538169786986864,0.5629579016893701,1.9440227361589553,0.6121419637892748,1.6183751724315396,GSM1875943,Response
-0.006364077419071429,0.8838827547417106,-0.21613712413356395,0.03361871593222863,0.3012749622302032,0.36287074093720045,0.27470790667335804,0.5753420643370895,0.25381602069813225,0.8865861286652593,0.005675269409698856,0.11737147611914339,0.5729969940058083,-0.22539408829449037,0.15477416889353932,0.4789202250541716,0.4758289966102668,GSM4171509,Non_response
0.6084201845406867,0.20512265660142054,1.327980809058652,0.9802165762895224,1.5322368542392912,0.8493902443937368,1.168714017631593,1.3732625843210904,1.383837288256452,0.7727882660314226,1.0643292181224528,-0.46854514779139744,0.7312435325049748,0.2815645278266376,1.7254481694348653,0.5425273368365469,1.7073668358912788,GSM809239,Non_response
0.006383383262938674,0.4615522369416665,0.19344808739128602,1.043761478844998,0.715406753729032,0.23414688048500484,0.48777266986752515,0.2726415244022898,-0.13649406276568313,0.6189463858375521,1.2488960361201729,1.469214053095555,0.8140267441724897,-0.23872675268409535,0.9293694544742883,0.27294739505377735,1.4398700453775488,GSM1875922,Non_response
-0.8642329483888679,-1.008265180494989,-0.8454829890137373,-1.5274358453437886,-1.2333663063611109,-0.7978106070459557,-0.44541793046548267,-1.2984181568559567,-1.3744624492275672,-0.9162692208386986,-0.9527968522956772,-1.2512101255206227,-1.1546595549971366,-0.4754909951777904,-1.2179835194926718,-1.649453647805025,-1.4733039978116529,GSM1050635,Non_response
-0.4615286299879649,0.02077031611074552,0.9919971199783417,0.4832209946165145,1.2166624386584424,1.4151462923696345,-0.3481573749926684,1.1433729610818362,1.4968832616798669,0.6917089333727687,0.4774542956290553,0.14742637260919134,0.5043546569086779,-0.3901637168717256,0.04113895612573145,0.8204763650354268,0.3895103239916569,GSM809235,Non_response
-0.9664862767269313,-0.950726275274957,-0.9542653501238524,-1.3008753576076808,-1.0302928917680774,-0.8831609906192044,-1.0567543832797925,-1.229229390111798,-1.314937743503432,-0.866475086671314,-1.2214183015805908,-1.2242121624020235,-1.0023846779375638,-0.7318701772703581,-0.9327773711809396,-1.3641856908863808,-1.3747062965945693,GSM508095,Non_response
-0.07408106304781752,0.5920668710872433,0.8615389084053333,1.0419322404030213,0.8619088018067256,0.6863761905480272,0.24900420552101782,0.4978140067354506,1.2235012921272392,0.11680719511424455,0.7022141033855985,2.54183812960875,0.6605352653392195,1.412843427119153,0.8403938323169143,1.06818833216582,1.7312069666198402,GSM2804858,Response
-0.9245430693707137,-1.1360384244818573,-0.9719088823752926,-1.683959053881945,-1.1443547670953103,-1.1795987228726752,-0.6067810677645294,-1.2972537534487294,-1.3136167980638522,-0.8723928775916544,-1.1823147015901498,-1.167393231160695,-1.1165052599605392,-0.7910500928836602,-1.160134269623014,-1.2952379316128106,-1.161960834081171,GSM505379,Non_response
-1.0967880633218652,-1.0849367932470517,-1.195953715218532,-1.0004768836854687,-1.1234529923346852,-0.9148417889817756,-1.3654620763552872,-1.222555558713756,-1.2390606801346655,-0.8626497604416217,-1.1036428009357147,-0.8703344898688796,-1.0756220080147882,-0.6243005690020678,-0.7310350560911789,-1.2007229057413926,-1.221646652951736,GSM505529,Non_response
-1.0606480559465044,-1.0559052034288932,-0.883288055503647,-1.5288214955377135,-1.3285729739773433,-0.9675801999248125,-0.3823276805458412,-1.1962797766399627,-1.3450661007311562,-1.1466148259164501,-0.9722254370315724,-0.17502524463451172,-1.1929660668823223,-0.5606980122098462,-1.2418244718546572,-1.410618594719294,-1.0402742280748412,GSM590875,Response
-0.7718304615667759,-0.9396035027444425,-0.9383054502968683,-0.7126146501408706,-1.1357501421220353,-1.0137463348110698,-0.8371026102462147,-1.1149146915036077,-1.3600665087262156,-1.0401049164653173,-1.0585946947704747,-0.7295921502215869,-1.111166303002861,-0.6379279484751661,-1.1238399843482996,-1.281997551216743,-1.1763496090172836,GSM508151,Response
-0.8159245776017624,-0.49596072346941034,-0.6083078909075075,0.24274813427105915,-0.6460333741273209,-1.0581330743191453,-1.23668520367264,-0.13504201005422675,-0.12543047338061508,-0.8378729839718876,-0.47417797726928007,-0.5638551063804077,-0.6425529169535827,-1.7595580916478812,-1.197494374489518,-0.5139276723436476,-1.2926633341075684,GSM1233024,Response
-1.357693353844267,-0.5147746101654539,-1.3547350922259338,0.17783592257735312,-0.5385206549542021,-1.6548148071290567,-1.5877389535069382,0.289848453728067,0.3673615410948925,-1.6289105918850204,-0.668207463206373,-0.6235768553798245,-0.6397261779447045,-1.9280972452405734,-1.0632765701098175,-0.3694463705098116,-1.462311904012793,GSM1233101,Non_response
-0.5031720546719115,-0.9341120595644429,-0.8575690750479167,-1.490729125182304,-1.1213763311707468,-1.0164081093472368,-1.1273832410945397,-1.314236256703285,-1.3242422290777076,-1.175283500843006,-0.8855313650838083,-0.8639958716281694,-1.0249615713688562,-0.5355243203438174,-0.06283486473014076,-1.5894452578895903,-0.48732426313973937,GSM508158,Non_response
0.9594570703105879,0.9322051703262466,1.00235049510446,1.0782667418315832,1.037136961766711,1.042338276254592,1.424978382159642,0.6573300670117782,0.587514558739942,1.1773525790677903,1.104791035301014,0.8194089183042476,1.4435953623131776,0.8450165192339818,1.4901575381544794,0.49962466995360844,1.7080425891512663,GSM1875962,Response
1.0502778159195458,0.7203622125708153,0.5590174287982739,0.8065864481460666,0.800090362567414,0.8055411624568338,-0.1358170246658347,0.7407562248362468,1.035911964897975,0.8114558311834279,0.5857557753036616,1.516885511561199,0.748210729604638,0.3476876701076564,1.7283784933577782,0.6974535816433418,0.13872858419874873,GSM1705397,Response
-0.021388137120612605,0.7771857733199713,0.8144827757895979,-0.0444464536619721,0.41482120192421346,0.7585497262889508,0.16172566832303106,0.4482900811396603,1.0110824602123338,-0.09416991753547753,1.1472786056647155,0.3652902394293964,0.33087039526015477,2.294958085517255,-0.10144718013151563,0.827892612355445,0.7312657434274495,GSM2804913,Non_response
0.40949476304054816,0.7107186915401266,1.5616298205890473,0.605232289855083,0.3610811083995377,0.6914806005215949,0.19942211829211454,0.8849055349152966,1.5378114298159693,0.5747614178866188,1.2200047967100085,1.2771103852698242,0.30267057871791564,1.1404331423923144,0.5060839259857846,1.3717144164878412,1.2434717964073068,GSM2804922,Response
-0.8980053623743657,-0.8640962866919065,-0.9259940566764494,-1.4578270699432003,-1.2015891314854523,-0.9097479668469822,-1.0038958451329938,-1.1321351493160257,-1.1536407347959081,-1.0541074716364192,-1.0544375580912146,-1.1843403958232763,-0.9982254820217858,-0.6294693738360082,-1.0384413395742658,-1.5004594145106065,-1.3155418498591889,GSM508142,Non_response
1.860982783895652,1.2902777768860125,1.4502793179658549,1.2367863980905287,0.991901592538894,1.1213221520106837,1.3852309106945764,1.238042423348967,0.8279228850109052,1.3344800668291983,0.7608110002256468,1.544623583736451,1.055281111792322,0.9828610188644356,0.7562137204589262,1.3611598898716875,0.00910336942583197,GSM158211,Response
0.36186716371078687,0.4296525926551002,0.6214704115959349,0.8445156475187746,0.9168508281638906,0.964162326182677,0.926561037116235,0.8018886579948571,1.069935125315975,0.9691866932939315,1.0286477239196694,1.3599998879107442,0.8525339330551016,0.48872993160374245,0.21465947293278906,0.29145989241742043,1.2262421471539746,GSM710831,Non_response
-0.1233786750631127,-1.130218528909377,-1.023340080957674,-1.186230438170447,-1.10672009750052,-1.0106196310219537,-0.9095200939905339,-1.2057981760100123,-0.03217207264892858,-1.0102180726142038,-0.717948202290081,-0.225563734430861,-1.0791283349056375,-0.27594819678176424,-0.672566430180164,-0.6842373751089019,-0.9809492749077985,GSM750741,Non_response
1.5616044069194381,1.0364678228059778,1.3495037559925493,0.8091825137293209,0.8970184247731253,1.0661459674206497,1.3891110575289025,1.3679425997523373,0.9538826302428695,1.4210447905374426,0.9903973454558853,1.2728106738692286,1.101152684725714,1.184614679203399,0.9422344342632448,1.066723497147441,-0.13445434489811545,GSM107986,Non_response
-1.3095804792273642,-1.0326653123483553,-0.843624516658333,-1.2006895830181088,-1.265889352447142,-0.890101200261861,-0.6349630784264602,-1.2921522933202991,-1.4597493951217537,-0.9755939421437007,-1.0552457601673257,-1.1440675695925877,-1.0303848856654854,-0.6044148891701946,-1.1006773408161656,-1.2900579836801167,-1.289399829326119,GSM1050583,Non_response
1.7374191954405156,0.6968430906050885,1.46278234823303,1.0776111749566324,0.6387794484581805,1.098308541812112,1.7093894341343943,1.4484514786319846,1.5532469277028245,1.616622814540382,0.5885323621584582,1.5131355356022647,1.1925405405454979,1.116809487034809,1.1505559077930283,1.3102755222678055,-0.2341109920774208,GSM139583,Non_response
-1.74805835158567,-0.5123797053179364,-1.6021737001201526,-0.00919817339254763,-0.5759459251155699,-0.564760732159708,-1.5514459073427216,-0.22230297025352674,-0.8581524212757612,-1.0282047690119127,-0.5244800669434975,-1.2132093152747918,-1.0006195464142644,-1.922523208790253,-1.3398922695772224,-0.2817014524551057,-1.0299338216689684,GSM1233048,Response
0.19519023018002998,-0.5584707185796612,0.5356986018726846,-0.07722029590290766,0.7042171187152543,-0.5906289500319799,0.268696774900763,-0.4183258285528266,-0.13772493416299172,-0.4169902736382414,-0.2666847645203956,-0.8687043863302023,0.42994975800237395,-0.06613827740125498,0.18058617972671767,1.218797105649146,0.1200602793541069,GSM2193361--26,Response
0.15722922808590448,1.3709067916990774,0.23622526641620695,0.9792838775325866,1.0645964045041258,0.7749796866995737,0.8381875904535305,1.2226165326875327,0.7337269566317994,0.7171786557688308,0.8463142095333352,0.8313710343693326,0.6109350646148559,-0.21376864622120545,0.5888927018156722,0.7815284654286955,1.0021486978318308,GSM809246,Response
0.571905538203033,0.294873830675363,1.211043783015127,1.2625465411861831,1.1092924948655154,0.7300689876946914,1.3840350209860048,0.7539229547307156,0.7208786083821537,0.8071012365535241,1.3456235877921772,0.512911860119238,1.0922731827639038,0.6452588856074264,1.2321194325292641,0.6050303626300427,1.3754563384862832,GSM1519427,Non_response
-0.6303429983579552,-0.957704144043877,-0.7234263007678331,-0.4683598139715665,-1.1190456425471795,-1.06951985090883,-0.9672017182173093,-1.2234636326022195,-0.7243806360001335,-0.9263405915979848,-0.7381733909162754,-1.1254957210322065,-1.1106603891059175,-0.6209972346528633,-0.6239157463711562,-0.9883764591160161,-1.1204589650121524,GSM549232,Response
-0.8845103629474234,-1.1953649353686537,-0.8935964963015924,-0.848548257290468,-1.3583688301671881,-0.9258163908200123,-0.42749132400391054,-1.3748356851206804,-1.2053677552056454,-1.0214437148671498,-0.8202024913473501,0.060736273601733094,-1.2515880104778996,-0.5055824861914576,-1.195603411184664,-0.5893077973394777,-1.3182995588575606,GSM590899,Non_response
-0.2931663353539202,-1.137948836078626,-0.5261538789643323,-1.257553018431251,-1.2243520456388377,-0.950561301573619,-0.57753068124509,-1.3665198958772284,-1.1162855171005914,-1.2835422775181284,-1.0283621284918467,-1.042372079541839,-1.2021882723762478,-0.4832352835417702,-1.2733822603990306,-0.9109932403194968,-0.04252259452907876,GSM1050588,Response
0.473658928830095,2.7133003854568063,1.4473909769252569,1.5136549612834325,1.5680331877669922,0.7491242917540375,0.8740799441340598,0.9763545489635355,1.3382378668323631,0.9328280644658243,1.8367054198084873,3.0243907407452726,1.5377647906137233,0.2374555113282292,0.8794959824852538,1.3972987928380611,1.547483583018846,GSM2811167,Response
-1.4366478455545744,-0.42762842057997125,-1.2296828313526444,0.2486845383513822,-1.1061667782989442,-1.4953154395309076,-1.7257753212527411,-0.35760955416298373,-0.7594909217780473,-1.327292866953923,-0.486621525293261,-0.7443242803872081,-1.0733666942506441,-2.0105022279289524,-1.2573748082776683,-0.36089770780405106,-1.144301481174242,GSM1233095,Non_response
0.39361696163693277,0.04591884972679207,0.32069061642790586,0.8675415260537837,1.022020876638804,1.8432385159434457,1.045683547079301,0.8358891215321643,-0.485500653916961,1.0065311095859428,1.4527744098058033,1.6682928379341144,1.140773975425657,0.6095705038920751,-0.29349171197302176,0.2470615871270739,1.9171616092744044,GSM710860,Non_response
0.9323854927737244,0.7400654428500429,1.1570778332619276,1.507100742011963,1.1694449995479093,1.3248337903124507,1.258113612946504,0.9093167498506767,0.6870586442484384,1.294558313595711,1.5012426179877547,1.3019315480331477,1.1770317043620326,0.8709177998666411,1.5039134082071413,0.8012795812106204,1.2858414233482198,GSM1875982,Non_response
-1.1521254127211085,-1.097088362437659,-1.0070434779447943,-1.8298370737186702,-1.1445262487309558,-1.181301009719834,-0.040252672183952926,-1.2527404983457644,-1.3026747537342178,-1.0055477076218633,-1.4861288226554865,-1.2651729792342765,-1.119469988805584,-0.6128865406128385,-1.292550884123143,-1.2946492863464993,-1.0369224442852993,GSM505339,Response
0.4377489255137542,0.5469726893612935,0.4811003520655076,-0.20301119698438122,1.1906790554397801,1.1333789851140204,0.3392098034454878,1.15349193623833,1.7970347619906564,0.612987055919915,1.043745503137853,0.4332670808412389,0.6724143183530377,-0.09343052881754055,0.7418101786294226,0.6072028487115563,0.4513736516528685,GSM809216,Non_response
0.2098998285218448,1.837230609784834,0.46893986786059433,0.5458547123488161,1.2222233287415483,1.4604963241812328,-0.04529439812708547,1.0722013725436566,1.3146873003784685,0.5141258004647316,1.0274174063122585,0.9907594345664588,0.6117098471747857,-0.23444303762780325,0.5490019170391406,0.6901954029666295,0.24377171951413193,GSM809232,Response
1.4193562753745164,0.6877123677253076,1.0949939081783653,0.8365243447665104,0.6764232720908495,0.8998150510102775,0.5428964685055669,1.2371264419485268,1.396440089363222,1.1859205166792617,0.6380600613891464,1.5027836522106168,1.1305174397836903,0.9271867049906776,1.0262385972871262,1.3766961045924886,-0.14736532285196052,GSM139588,Non_response
-1.76657845887278,-0.32669405085229897,-1.5261744385094138,0.6322255945532759,-0.35664164290229594,-1.6307556658435127,-1.4642979525983475,-0.5777181837983589,-0.7979595705362851,-1.6988799867793691,-0.5581838462743726,-1.3559870644282104,-1.255446304466467,-1.6208782244904378,-1.2961363210647114,-0.42704378957708866,-0.626685871366963,GSM1233059,Response
0.21911348737075675,0.3664894063017887,-0.33488668328681626,0.6476951647830556,0.4954078480587618,0.8334245180426048,0.057510247586012225,0.48427291749563706,0.6316932635810124,0.9361620257799398,-0.06383798343495621,-0.18451208581703507,0.33510364223935757,-0.0844232614156675,0.3044012607141417,0.5821485274515372,0.2538096607053294,GSM4171573,Response
-0.9405669465622744,-1.2421392814824446,-0.7815122067434077,-1.1968836171990707,-1.2127080413952989,-1.0517759870953272,-0.3056408114382355,-1.4239418967179194,-0.8620020464371113,-1.1047273563161433,-1.1540329296969438,-0.7970524921714304,-1.185262444768178,-0.9962941433874968,-1.203896324599881,-1.5894734664275012,-0.5936725587114207,GSM1050629,Non_response
-1.2194175502817948,-1.2500385620611787,-1.061995578324901,-0.8077210002184964,-1.3275980015629125,-0.8774052069457365,-1.111792045805935,-1.1724854807144325,-1.1197907105335478,-0.769896553189617,-1.1304285240197387,-0.6788245372367794,-1.0577771892512051,-0.544499303112529,-0.6868328568089471,-1.2826181905927478,-1.1973362633319857,GSM505407,Non_response
-1.141216463152497,-1.3114718758604074,-1.2295386348143595,-1.3201799760585133,-1.2482423685051887,-1.1324966703233659,-0.9869712432656194,-1.1229138583566316,-1.1453352757365716,-0.8585817459086754,-1.3895190743408183,-1.3615428802463962,-1.1056662220270648,-0.7270586120840196,-1.3852879692084905,-1.1208663642462267,-0.9518425493892383,GSM505486,Non_response
-0.2721339668959,0.7217959052823183,0.6903541662858763,0.04095732117550014,-0.15048328642489534,0.8553089424708108,0.40266012476302965,0.30044376950162827,0.46663602588612246,-0.42487506779506573,-0.5551420925170083,-0.16549635175109229,0.3592361599046153,2.7265987096324507,0.3866939090724172,0.7133585766944666,-0.22208671830354249,GSM2804870,Non_response
-1.050454821111825,-0.8509663985894096,-0.8994674512844459,-1.237951629845679,-1.1707164857812,-1.0387135890549528,-1.4392022203811838,-1.3551462777913834,-0.8773723023779769,-1.1536578553766816,-1.0827596042509418,-0.5651527936089386,-1.0300778335144058,-0.9077341909223156,-0.4493546552641902,-1.2744984715956944,-0.8819558571691355,GSM505413,Non_response
0.7850859565173509,0.4236350034308674,1.0010862042353565,0.8316326280455022,1.033863369544845,0.6703197556435624,1.3879581668805367,0.6084614042967587,0.5176465474247077,0.8450348676760662,0.91464749903714,1.3346595558214553,1.0952128412172066,0.6260525981609664,1.891770648396986,0.6911616729484091,1.0295429948101131,GSM1519428,Response
-1.0536907654448644,-0.5036854452624309,-1.370021293256481,0.12462915431934131,-0.3558331228886242,-1.7234308342611726,-1.2450467919394086,-0.41309405059272997,-0.08654957841815455,-1.0738793385089684,-0.8324713823558513,-0.6755843458188083,-0.8800891216541283,-1.7516901106272253,-0.9247970854522383,-0.4523464427707735,-1.519938326523991,GSM1233044,Non_response
1.2296666926439161,-0.01668923905579188,0.47735529761664036,0.352042416122801,0.8978836916183169,0.33448891517161955,1.2786054263280857,0.4829781409869135,1.0231912417702176,0.8025249959181681,0.6697258904205043,-0.11430912162147372,0.742508404151151,0.20146849762849275,0.6689888953371841,0.5748501954613161,0.5083921526633194,GSM1619429,Non_response
0.16847729595156188,0.8057828763417654,0.5586311444426446,0.06494696201298622,0.38883324467962943,0.7177674695215739,0.0956364256087719,0.2574562939613067,0.8467410977909001,-0.341605904622475,1.2274070537270387,0.5171676328820561,0.30788133427229264,1.159322360969573,0.6100526910541695,0.6362508997776201,0.7631211545835246,GSM2804977,Non_response
0.7533153400184589,0.6237974805256702,1.0347187378810823,1.0569003441563343,1.2061040700326988,0.9869893888437545,1.4120070995876584,0.802509591578439,0.7316711399179617,1.0326493396929164,1.1503283643432654,1.0763336658717466,0.9598818683131349,0.7350013167400311,0.41781081720819674,0.4746260742431983,1.5947886677269119,GSM1876002,Non_response
1.720148108396642,0.673117149408341,1.2180667645746284,1.325361717736221,0.7111605287293192,0.7918690907095378,1.0670151820063536,1.6935335351244865,1.1494459506850787,1.5784548049929785,0.38457579643467327,1.4975147295262456,1.3695961550538898,1.3068689052256603,1.798729890749347,0.9558794025270351,0.13793875801824954,GSM139638,Response
1.5719360199649388,0.7171330146520684,1.2757721430236832,0.7939966250284224,0.5042925548565347,1.2677029190882187,1.8342887065207634,1.6450690663940553,0.5182381607697464,1.6443197204071531,-0.04674467508794979,0.6561010245795472,1.4017462909251268,1.0092743005740064,0.4381238459988676,1.4337124832368013,-0.06364091718901943,GSM139622,Response
0.26652066810297653,0.4515529138434216,-0.010081787706880993,1.0082280459695394,0.7715673492798778,0.39596426635547505,0.9144029525529875,0.23249642859695172,-0.3002962307356691,0.8048946849376241,1.0566151112504474,0.6025740821317866,0.7458157703316345,-0.3140881734115253,1.0840650425297758,0.1761843200780324,1.9635000297420633,GSM1875932,Response
-0.02423202412530415,1.0808707084230682,0.6094525845755179,0.5781017228652179,1.0563530158101442,0.8779440841329663,0.11823872502926083,1.0429844453453134,1.2305919367088356,0.4800420100616049,0.6179643728340004,0.523059307495963,0.5430895829836756,-0.003311454780739643,0.35510650840085267,0.6810066802361666,0.6643479826094746,GSM809186,Non_response
1.369510676598663,1.1008530146542608,1.638933995257877,0.6071089547493647,0.8058929928456045,0.9020934466959356,1.4204647402762685,1.0572441303369258,0.5392517351098577,1.4143033020029394,0.8440471321641055,0.8105148340213356,0.8536290857603487,1.1732605813649657,0.6067538332336241,0.6992967417100221,-0.09808828889534629,GSM139576,Non_response
0.0251237682770599,0.8674719634874294,0.6625649791285958,-0.20075961600978215,0.0008221138849722615,0.8976692299441664,0.05858856583552219,0.44905709808406735,0.6741829367328941,-0.2703497803166807,-0.002370675948745846,0.14538528479204196,0.4648244950075481,2.6968090936182407,0.026775337902012586,0.6515125625788086,0.5384891973868307,GSM2804851,Response
0.31413878952051305,-0.3903596256018981,-0.17850263802264946,0.4040382845365882,0.47437416976522034,0.5164878581104294,-0.2559568867102776,-0.6693125922892312,-0.6324506129881555,-0.36581960994495477,-0.32121172747783916,-1.3429662320707487,-0.7100901116403693,0.12864669904449005,-1.0463967313453244,1.015927954262632,-0.3440470026167578,GSM2193353--7,Non_response
0.5912666681652982,1.2566492592747447,0.33921619821546134,0.27242619285776004,1.2278669300695784,1.141773505865427,0.23078687626916558,1.222930358861986,1.4678633915414518,0.6654387674651507,0.9402554650265633,1.0118523718782095,0.5402518122765608,-0.1685091147773035,0.8820523055446374,0.7495268924563495,1.1247564201799038,GSM809295,Response
-1.3285752273665083,-0.8472770122596631,-1.3861209635218321,0.41763519447637976,-0.4621140677671219,-1.4801028668013936,-1.7755426304713495,0.5079575911882757,0.09292470343299336,-1.3485243320329776,-0.992635618274021,-0.6378934449486404,-1.0331082777837042,-1.8097853922582954,-0.8053241181505074,-0.22453165898889996,-1.140674284974442,GSM1233136,Non_response
1.2718509740560278,0.6830332443497126,0.8486516458102699,0.7024913455683424,1.0545230172088285,1.2214595777830337,0.32772171575185705,1.0431111448601906,1.333061415842116,0.35836000036718146,0.7351102084248743,0.5280102946890076,0.6893080786927313,-0.13250384899137374,0.6198819670525542,0.9369997872192246,0.5981199580921562,GSM809225,Response
-2.04225126965094,0.9916230883205583,0.49805484172388653,0.5710140773915237,0.8353298258127024,0.39284943129570654,-0.7171628188823507,0.12058044002811329,0.004663057403466144,0.057075866272043294,0.9575282318820046,-1.2820758046868046,0.11857723624346199,-1.3941347211064847,0.8787950855129164,0.40497703652048594,-1.4391826916449817,GSM1525243--77,Non_response
0.42582676460649554,0.4556229202695946,0.3204825954829798,0.9973655161253979,0.9123956016787752,0.71052800959916,0.7742441467835273,0.4014379714339254,-0.37623887773552234,0.4335971568325337,0.4537735326690882,0.6965871212744719,0.7745851167245716,0.005353174038559397,1.2715678698291324,0.2299512248038666,1.268519363594972,GSM1875935,Non_response
-1.0395112140807399,-1.0975023662303756,-0.9466300030841953,-1.485575168337667,-1.0792870732882818,-1.0889878013700485,-1.32581095947026,-1.2555333831919262,-1.3246067972619564,-1.1202660640805842,-1.2655182382954613,-1.4399606003057936,-1.0189216527079294,-0.7407518831066561,-1.1170109453307338,-1.3771813878866725,-0.8724016994067183,GSM508097,Non_response
-2.291986115989361,1.0319525284587545,0.45735284231279183,-0.11117211155986864,0.4274381844398616,-0.04978177736714292,-0.8448485002668523,0.06324185329264762,-0.14768845975502476,-0.16853215219838344,0.5380401571886481,-1.1229242940050472,0.0318763936822954,-1.3227428360124684,0.5591857022796376,0.5196597970692508,-1.347183612589893,GSM1525240--50,Non_response
0.3055678473586686,0.6513348910033505,0.43561993634151847,0.4487507057353112,0.6249465438872279,0.6383828603862942,0.8152081423818563,0.585624484604665,0.21728272341394528,0.6878286309794814,0.1809755671391628,-0.12118900633047489,0.4314900108689826,0.061562166776447755,0.03824485781749352,0.712980649926696,0.4121677316527197,GSM4171583,Non_response
-1.1016801303204948,-1.0028631067861893,-0.9271771551447052,-0.3762309560295631,-1.2127876634208785,-0.9371897033699221,-0.7890208204803386,-1.177225392097399,-1.3344950013345827,-1.3873654923849785,-1.063298754929152,-0.6843835639865469,-0.8677289253215498,-0.46318708062336283,-1.0664146266412828,-1.6016533428950703,-0.9254625532217619,GSM590849,Non_response
-0.804185419316014,-1.0166336027271372,-1.0258365621984562,-1.1125689840030317,-1.138990084982253,-1.051264732284341,-0.893015087602267,-1.2195713183634949,-1.3157863341147225,-0.9066284822054234,-0.6547845604286358,-0.6968534444106885,-1.0489223788139004,-0.5476388116573855,-0.5223126624618571,-1.496003221484487,0.34582466508265136,GSM505540,Response
-0.856494125634854,-0.8562619579448354,-0.8934366115431862,-1.4754891830337122,-0.9954616899011144,-0.9650046691155315,-1.2376385277624637,-1.3328052490974216,-0.8793389631806218,-0.822329688538731,-0.7373140185029732,-0.37413151016968704,-1.0533424767570214,-0.8256712662550407,-0.7091764789474553,-1.1522387474178157,-0.9578992252226493,GSM750750,Non_response
-1.2437003976962815,-1.208254604457379,-1.0410746852017025,-0.7682698330605771,-1.1593432713992773,-1.035724082433493,-0.9959383299682081,-1.1489970552636026,-1.2984352649992905,-1.170216299074796,-1.108239252070787,-1.0116824175121888,-1.0362726983165391,-0.47420144087362004,-1.1994849328064292,-1.0777618885032991,-0.8830010907619963,GSM505340,Non_response
1.6579090081348773,0.40547397747761404,1.4640760556169545,0.9217822627586978,0.6170979904946186,0.8250641964791451,1.4463716084932838,1.0133668173298653,0.5593766434456307,1.2114465839780968,1.2859439897732665,0.4056119319953876,0.6661121673133105,1.4240517640487311,2.0164517946011054,1.4400724545453734,0.1551104626592877,GSM139578,Response
0.07016400966872766,0.8974793821761211,0.6230390062517982,-0.5072480771153589,0.054750667933808575,0.6803929357445115,0.7634833037388065,0.6500383833325784,1.1924680452619079,0.7920572616898763,-0.3266976188390254,-0.7080513713969911,0.3299080299655516,2.8833925764764587,-0.33435433506598583,1.6251518125818656,-0.27917616688436075,GSM2805036,Response
-1.0291971658740307,-0.8556036941378992,-1.1633654156404885,0.5993304010618141,-0.3271951030336515,-0.417523062508501,-1.1538843853502163,-0.41309405059272997,-0.4453116830708494,-1.435370041038276,-0.28614400843105353,-0.9092842327029194,-0.6230205555915067,-1.9145215698470957,-1.1878554169719435,-0.2576066301599578,-1.6337858429937453,GSM1233120,Non_response
1.8862105986319024,0.8705971842440999,1.4824525693054849,1.1303797169996102,0.6692943455442754,1.1067994243582278,1.7220208845446865,1.4602505832964725,1.615404467244982,1.6827236078482333,0.6796000083331365,1.6062966557009517,1.244687051121469,1.1864051329961505,1.2079000530437336,1.2811005588585893,-0.17762216043342083,GSM158233,Non_response
-0.8144978739814225,-1.1123854719440063,-0.9093975005555951,-0.4474278420616495,-1.2329802086888633,-0.9141225523201838,-0.9909917826235857,-1.1948233611467185,-0.1360209539907675,-0.8220855136734072,-1.263817859911063,-1.3134474292952645,-1.0132532303525317,-0.6325299828913125,-1.0493795120620522,-1.1558054373534594,-1.3545679739290424,GSM508086,Non_response
-1.5258355313606533,-1.049303483919186,-1.6038829389882334,0.5757250919968737,-0.8545513225064084,-1.7842659990876735,-1.1717706378435333,-0.46028584201900924,0.01015087512942142,-1.2083806581529128,-1.221576588236233,-0.5241828117009578,-1.1799215540219734,-2.047072184399266,-1.1595136964252917,-0.32979929936244345,-1.182155192016302,GSM1233109,Non_response
1.0156567514426706,0.2364612373017521,1.0170909311976752,1.231512201465446,0.8686266295651613,1.4890424463721756,1.0963194384835666,0.8222748759279674,0.8275335817626254,0.9325683392135959,1.1800222571868761,1.4314969926895584,1.3709873496146592,0.7381475672448359,1.1021594979996039,0.5978508951190724,1.290969773371966,GSM1875999,Response
-0.2985104375418343,0.9108523614942572,0.7299585668516957,-0.7829015702427721,0.23738617685960164,0.7172219922799727,-0.12729158607116656,0.48867467815121457,0.6681712892150948,-0.4404059567258557,0.08188953083547765,-0.545999375486576,0.5541620552710638,2.643993678792432,-0.24178919812836147,1.0151405711395978,0.25017987125340213,GSM2804987,Non_response
0.5831982008560508,3.04358246148438,1.6564246803200569,1.8095510930356398,1.7518742091647177,0.5439304506064747,1.0806284173911869,0.8424497984886097,0.7164003088628322,0.9362144832745634,2.457398408985222,2.1406771871111414,1.4393349570133045,0.22429886033691432,1.066360627680447,1.3368277583404327,1.5295896229323795,GSM2811153,Non_response
0.4799344305216243,0.3659550923310042,-0.11615554043617518,0.9366681541772569,0.48254767016963657,0.6787365289221007,0.4100004938324668,0.6076483607342342,0.594288759045637,0.9067326722318643,0.16002406083324033,0.012427422064120798,0.46561281005286403,-0.071153500856453,0.6305112639618676,0.9115517283913408,0.6488095033301533,GSM4171571,Response
0.7758256641978293,0.5052419963206123,1.3978106043223384,1.4619461584762536,1.363240361568381,1.327587782369996,1.3893812922971427,0.8517316569473292,0.6426783762129893,1.1925144365745584,1.181720007372942,1.3889139599373668,1.11530618881461,0.7235545718095147,0.32036250061943045,1.039386682930562,2.0360370580584903,GSM1875978,Non_response
-1.2189030182154539,-1.42496929699675,-1.0286461190933192,-0.9486471740111491,-1.258889380322968,-0.9271797242697934,-0.9416837951744177,-0.7754949749422668,-1.26537350492514,-0.9964023500259691,-1.551958022542502,-1.411907977404739,-1.0765476488940962,-0.657975246860364,-1.1681277270196297,-1.0217985640257436,-1.2084528839198423,GSM505485,Non_response
-2.2138171025149935,0.727623838879457,0.2420239090935986,0.80817247325602,0.902800610338189,-0.21113721639894956,-0.8184365701087812,0.20667972870554296,0.3171825371218456,0.06287276114685736,0.8442927125128058,-1.1334347841017556,0.09335319314123953,-1.4212962545660668,-0.0033848851284035645,0.37560820702508235,-1.310898269228248,GSM1525242--56,Response
1.5638492048182726,0.24128205572239994,1.4091016668863334,-0.04739923257157717,0.9426252530778582,1.010528315874805,1.7860060644543987,1.528579159667517,1.028792210043831,1.5993749957359078,0.8655520031027303,1.3044918325125827,1.277046844301306,1.2975558184566403,1.046846490025474,1.0680261688519612,-0.012647925663251207,GSM139596,Non_response
1.8483011262212274,1.079697659853848,1.752865061562051,0.9866151604481771,0.589829777259519,0.8881866495002638,1.9986266501377032,1.1705245007099123,0.7022966778422629,1.2709310833984793,0.7478957741077248,1.1435051124621838,0.9775228243341857,0.8258298615800712,1.2318811325661767,1.4464889663963416,0.43099612546143984,GSM139612,Non_response
-1.0942011731885677,-1.181182534947213,-1.1617808025510532,-1.8783545743841168,-1.102467084190552,-1.1023771015691755,-0.974520551355882,-1.085980576076437,-1.3653431655030983,-0.6947029411936791,-1.1884250669344756,-1.364628929399676,-1.1274761509804272,-0.6107221157582517,-1.3037421811535228,-1.1193252465194303,-1.0083764649374019,GSM505330,Non_response
0.813358959851048,0.553394025162728,0.902078887935383,1.1961543773374603,1.0496582485003623,1.1820983912777279,1.3814611157486094,0.9939653904457083,0.8042277748508682,0.931130843843441,1.0676385196564167,0.9574560295376352,1.1747177745900397,0.6422427378456151,1.8571888447300968,0.7527443586257193,1.071116002937796,GSM1519426,Non_response
0.021900220757658698,-1.0953185502632334,-0.24968281108416038,-0.07959312787857972,-1.3150181677758346,-0.8092461562147981,-0.13395934588340658,-1.0024150596974544,-0.9685917147095657,-0.6814151506932011,-1.1887581033206684,-1.04467816053135,-1.0942434515433574,0.03882887222797974,0.3479586347077907,-0.39648918833340563,-0.38745804561778446,GSM508116,Response
-1.2031530089991858,-1.0862850052603383,-0.947389675519802,-1.2200202087586702,-1.1891252511070043,-1.0514735169556555,-0.6409381565463991,-1.1913681551926123,-1.1804829580956935,-1.0594057642340078,-1.099703794088176,-0.8576944277502013,-1.1598238925171491,-0.32921050539293994,-0.9962139897360557,-1.092941151581151,-1.3774798194328077,GSM505399,Non_response
-0.6700497024821418,-0.8993712550554088,-1.2319800164854042,-1.1861492276533625,-1.2300092667619047,-0.9442272028281136,-1.2319915160105093,-1.1922272567591334,-0.9918364601480503,-0.804492976272322,-1.0740098600954204,0.3296458653289159,-0.9622843740599085,-0.5434666340866628,-0.8055265890464367,-1.078962702140788,-1.1296730362718101,GSM508013,Non_response
-0.6394292873210987,-1.1345798326311947,-0.7590245795598655,-1.7350600770030336,-1.10672009750052,-1.0150000688448575,-0.6384275752386022,-1.125526197447592,-0.6948021081022587,-0.6552022190631627,-0.676217429751075,-0.8464263519614905,-1.1202368418682815,0.055858976667762635,-1.215963109206315,-1.0428000771411052,-0.5999580678643226,GSM549247,Non_response
1.6831227998430234,1.4813974835948478,1.3983902602526113,0.5770734363116585,0.5728266511940583,0.8789696630318675,1.174233006687787,1.2109132734486996,0.676139395542471,1.2943919918973905,0.6821405552308352,1.411684824279549,0.9017463927104378,0.9865929808062611,0.6727539682790877,1.1201106447387243,0.10529224652754786,GSM139550,Response
0.7232241917349287,0.7347634983335738,0.6906423767270156,0.8787000452989333,1.1776483777646152,0.5132557075092016,1.388827013779161,0.44734090271630245,-0.1712596203064421,0.8623462451774904,0.7224103632791188,1.637186798221313,1.0180833393914643,0.503786426711104,1.2619463172225935,0.2853078307036633,1.4260830632635109,GSM1875930,Non_response
-1.273946604493318,-1.1057480167916898,-0.7951411869159419,-1.2249200923072963,-1.2121056163405464,-0.9451037080232761,-0.5294970707558594,-1.2275475323091838,-1.3048325260297224,-1.018262107882373,-0.8627321537856094,-0.7572898669434402,-1.0943980614842135,-0.5594703027639658,-1.2569579942290223,-0.991145269070426,-1.2904718472352728,GSM505373,Response
-0.8239698713250679,-1.1016532645994463,-1.0236417549212844,-1.7972390923988315,-0.9084084441333927,-1.032564912886246,-1.363693515159182,-1.327013729388844,-1.1852878834969336,-1.1779571650681455,-1.2264984749829382,-0.38723042332346685,-1.0542827059950393,-0.8749728277355064,-1.3457042221532902,-1.200051289748248,-0.913296017844108,GSM505338,Non_response
1.0354240787389728,0.9612501473227794,1.050958051945379,1.4064212400832123,1.034290969564355,1.2038221965068714,1.274178335523829,0.5620989313090166,-0.12207954606131767,1.1633746804849288,0.8405799531506172,0.963125009517698,1.3153528594165567,0.7618251103134202,1.183140599398493,0.6067326875601227,1.13737994332005,GSM496027,Response
-0.04536888351377227,1.0758214160739141,0.6582890503879719,-0.5089665126423214,-0.0542644162604523,0.9440945472729723,-0.003899692818459464,0.26155450403554253,0.5752414873201577,-0.3361128305621347,0.19761530452120452,-0.23265579001923817,0.3843390590969065,1.4139782214836276,0.3440293474677468,0.6909577568101334,0.3850419991534625,GSM2804966,Non_response
-0.4735322941611579,-1.2397440199002516,-0.9098470935061959,-0.7795751718287521,-1.3504540368905495,-0.928529537431451,-1.0486738293640665,-1.104187258293655,-0.9222533797927452,-0.5155513805089091,-1.3585454229725855,-1.0233147995762837,-1.0100278070643136,-0.6081419470759798,-0.6295103765649313,-0.7141352134036183,-0.9783232799476925,GSM508124,Non_response
-0.29032142755512025,1.250531499870604,0.920678492290846,-0.5514119664440599,-0.27343830955092224,0.7447741142880058,0.026590073192659883,0.6431762916234656,0.816735714585262,-0.1971689394579995,0.10598695144947996,-0.6965691654633449,0.5502358614446808,2.6880079344920698,0.1331004025772906,0.9612694174719525,-0.06781603370768738,GSM2804958,Response
-0.5386504253261302,-1.095661914341779,-0.8519908136965328,-1.405878922630352,-1.2201289036774314,-0.970349523371052,-0.36964948671996223,-1.134304471334812,-1.0336864928186906,-1.063732249903228,-0.9296571717650173,-0.29235021242943493,-1.2003716083032647,-0.23922582354774294,-1.033099293481755,-1.1467733073893418,-0.4234978825500509,GSM505513,Non_response
-0.15460025732504398,2.3932963931560005,0.4505655685532924,0.46548238725899477,1.3773159387665184,1.0811535733017432,-0.05798751268515616,0.8093085858738673,1.0826602409289678,0.38477148140019013,0.9079724591947054,0.8122006140827556,0.37813808969939017,-0.2865162277373389,0.44249459673020025,0.7091383136213834,0.41019872923204614,GSM809226,Response
0.7330503146387016,0.5363191547321574,0.97860576931784,1.0580930715285093,1.0340826722933902,1.0313678914517002,1.181220523269291,0.8473497791443183,0.570512207364238,0.8426458738139169,1.2388710381871963,1.3165378078431664,1.126216632757076,0.8345557974219379,0.4255447908330766,0.6854928356106923,1.499354941328387,GSM1875956,Response
0.30549266075320386,0.8961242562851122,0.0834582266459752,0.5594252177869137,0.4766695149400684,1.036316083943295,0.3970814644240536,0.4475335259241561,0.050494390292354994,0.8941694914458,0.28208674432724445,-0.11223982352181763,0.41351253828709617,0.03629351058436123,-0.5929502033269509,1.1243556004780018,0.4845535540132714,GSM4171539,Response
-1.244088646855442,-1.1590944554402016,-1.2063452997083244,-0.882717002939854,-1.259163160901084,-0.9975443348086248,-0.8878990810095763,-1.26557767373824,-1.2822452373476656,-0.8592575398438478,-0.9932685397321098,-1.1947558635595408,-1.1316799606827552,-0.8332090044737113,-1.1807705037017053,-0.949831402075596,-1.0950066278665374,GSM505393,Non_response
-0.8389661899239379,-1.0782737950345769,-1.0132664454951963,-1.0999804788584715,-1.09169879348966,-1.0930547933864894,-0.8099672588755186,-1.231024673782493,-1.09684619913803,-1.1069402394315984,-1.1445325716338144,-0.7747944582675765,-1.131231893183611,-0.7225287621246077,-1.0463104844896645,-1.193812142219933,-1.1872981489333023,GSM505559,Response
-0.9366035054810715,-0.9255625262754235,-1.0182726582585877,-0.7898617309043933,-1.1247620493210968,-0.9690635524728171,-1.3996714858088628,-1.146431214348165,-1.0478210717814878,-0.9814245978076074,-0.9876974337819014,-0.597079492502202,-1.1019319872639965,-0.7185356143326767,-1.0688333970511013,-1.033940970753446,-1.287709528658524,GSM505581,Non_response
-0.962140990394976,-0.8940119325900425,-0.9865190969377967,-1.3989228842143757,-1.02685669213337,-0.9370047221358867,-1.2853057337679967,-1.3426950271679239,-1.351998566788631,-1.3179454915212163,-1.1090052584234524,-0.9992034801762414,-0.8826961067681691,-0.8660289871343585,-1.2836014804070148,-1.630534789366219,-1.5644943809502263,GSM590840,Non_response
-1.1237793943818863,-0.422288907549544,-1.6497561202348563,0.26679080535195976,-0.24506870805596137,-1.0615287565356588,-1.5691377528309736,0.38416781664534255,-0.019689125312035594,-1.0909565094675489,-0.4986043607974464,0.10782511377921672,-0.8692828499908888,-1.8169323415176892,-1.2705488895097896,-0.3201557929440783,-1.381828421171351,GSM1233138,Non_response
-2.1625389830244135,0.8241541148118454,0.4428965356252112,0.7239982990342095,0.4982237784370769,-0.025206545825294777,-0.6369794178092456,-0.018953142885496488,-0.1380722330897684,0.19873322191913995,1.1908461074699923,-0.867924521304474,0.028678457537068363,-1.4070032066335632,0.04795022899945573,0.46561114838178114,-1.5048337718456029,GSM1525254--261,Response
-1.1997357332040306,-1.0620481771545625,-1.0486643738742445,-1.4711018713173891,-1.0331156957285315,-1.0504795130025952,-1.2268426531935366,-1.243977907439221,-1.3271199214657394,-1.0790268829059775,-1.1615493712578293,-0.6244033619722039,-0.832556005450507,-0.6051864789141892,-1.2346450209528907,-1.6132595135206116,-0.26912903374537345,GSM505510,Non_response
0.008216845650841076,0.7700551186067572,0.6411983813301484,0.7797430558858767,0.22412645701214784,0.6643805766692394,0.3194218900928998,0.33861240049961594,0.9399050066021127,-0.26780036511579125,0.5473569371392756,0.9605906633417275,0.36478802628956086,1.8036925987540249,0.04815060639981772,0.6377384226682983,1.12572034142956,GSM2804886,Non_response
0.21543875610634688,2.750815993187435,1.3403191750104193,0.18696561311229212,1.2645646655780887,0.3564685366673405,1.172776506244984,1.0946170310421504,1.672912873883062,1.2658002955850507,2.231814862952559,1.125046824242591,1.2587156680746379,0.5152803240790008,1.3485078703390538,1.0770761600783183,1.5416740366202046,GSM7040762--RNA06,Response
0.5154152444290567,1.2365351687076862,1.1348274525617776,0.919008743773773,1.4642815697152978,0.4491034178814764,1.3430106458894504,1.0374890162690042,0.9743337554179173,1.2682246197126517,1.9544695168585693,-0.3643225685912433,1.183944683191137,0.2770117870474368,0.8929653948181243,1.2969465976054722,1.5679154011585983,GSM2811141,Non_response
1.1247926867784601,0.8618102275272939,1.2339609459059042,1.1374464581413384,1.3370934683601783,1.0010700528750518,1.368666179430562,0.7959130813945943,0.15990573156200497,1.148338334119192,1.3950905440179933,1.45868060542124,1.2291133591932506,0.7205259469814388,1.880072887305581,1.0768028889516608,1.0875674699571125,GSM496029,Non_response
-0.09951418425891444,-1.2353877756637033,-0.6541795293334364,-0.8849929648684991,-1.3371492628309305,-1.0220167690953752,-0.27379652416592737,-1.253772422027794,-1.0308492014144714,-1.3749057376531408,-1.1748592255158634,-1.1820911490814325,-1.2275220422996413,-0.566904670783077,-1.1117365180630967,-1.1586586113951982,-0.26897503420633145,GSM590896,Response
-1.456479002323715,-1.001318957738973,-1.2123714552481202,-0.313433549935435,-0.15340008965024837,-1.7582093285152343,-1.1775369246786564,-0.10718317380780548,-0.5981182178522675,-0.9949971235536671,-0.7502023838345723,-1.3967676015417667,-1.0858171779043209,-2.0203560672787804,-1.282150826725016,-0.3196633986391713,-1.340849886884565,GSM1233085,Response
0.03589878322614753,0.8383661054295911,0.9324180963713152,-0.07979116343744017,0.3858773048266096,0.777818415260822,0.4477491529501269,0.4199031814013631,0.8413819426648343,-0.1812868018015997,0.7110158192807559,0.8890089111955706,0.40931983468456434,2.319695704462138,-0.15394952914231463,0.7952951518163766,1.1639881162162715,GSM2804866,Non_response
0.027415961896470362,1.1139499095659813,0.8567329489757783,0.027854529277919975,-0.24300422243885683,0.9253308248743145,0.12223107064577048,0.35592991082891995,0.6385019349108323,-0.2307878308512362,-0.216537458982293,0.05751085890760706,0.525409789230302,2.6275264509290723,0.07536563540478695,0.9021267600754819,-0.19608407281466025,GSM2804882,Response
1.5245125858354833,0.8067630786366217,1.5182124980167557,0.7738283185585153,1.0778819312670267,1.3218643851561842,1.6424163442943565,1.2306792930058537,0.48470454811789704,0.9141385732915316,0.9830807124568408,0.47525300185420954,0.9641748885464001,1.1477362578194255,0.0009138356433190725,1.4382637169960377,0.11237382032606719,GSM139586,Non_response
-1.4227680581252486,-1.0119068175712582,-1.145396914158867,-1.0446772351639302,-1.279094287494181,-0.9527551268327994,-0.5957267777293129,-1.2987315323654383,-1.3048403178808652,-1.1283182113500225,-0.9060424511705015,-0.8169379826977949,-1.193304902518956,-0.6445317528027565,-1.1560840611141694,-1.2646731990860312,-0.920583528310007,GSM1050599,Non_response
-2.058929996046804,0.6492103740880224,0.39747745139073976,0.8777000150042092,0.7142686641103266,-0.4122518043817426,-0.7692739995181233,-0.009779886623353384,-0.1493332100841169,-0.07513877896820381,0.8832195385386634,-1.1247461570333241,0.07402548870784285,-1.3928431763353257,0.964528479772989,0.5755257196495411,-1.4158117653544555,GSM1525233--238,Non_response
0.019957560105242828,0.39012206434507907,-0.10708241098413528,0.4576242011889795,0.6426819537756305,0.6108910874951944,0.3232486826737417,1.0769970752730729,0.7508110908552228,1.1407718745147462,0.5699476689191679,0.198791375942811,0.5240663562545179,-0.13343187241774043,1.155429270510072,0.8373056996835538,1.2254282201142366,GSM809290,Non_response
0.22484513617726204,1.1040291072461832,0.9695222439159781,-0.5151350307565524,-0.28408028092780624,0.5920697739882425,0.017193922401710388,0.6194580249026459,1.4324920795006302,0.24898672814174613,-0.5561424546722198,0.5084888899718594,0.262371670737919,3.1838755623466684,-0.34752092671301743,1.9591658225286488,-0.3563065663465844,GSM2804973,Response
-0.8853269328481875,-1.0100237231119564,-0.9304245190706489,-1.879648603732886,-1.1976452574610208,-0.7486148389941419,-0.6232704975620328,-1.2142683514955144,-1.4401043863832619,-0.623128665304287,-1.0292582567136686,-0.9609930618355123,-0.9949570469807826,-0.24211676771531346,-0.9660160652820148,-1.2507231169774569,-1.248051800517484,GSM508028,Non_response
0.1687212736873105,1.8137163728077055,0.8273121270658289,0.9935268568883532,1.7161356109242816,0.43419000356312587,0.9537100788516427,0.7774848653185082,1.1736306246849038,0.7235533136432687,2.0912049668809005,-0.17496323888937448,1.1534839121116367,-0.045029951701649314,0.7788043727011277,1.1317443159893719,1.9330481129387629,GSM2811139,Non_response
-0.29133538139702253,0.19044372979536353,0.5387443917826945,0.7735417304707841,1.0771219056596577,0.8386220201179709,-0.207083748863577,0.7907241494411955,0.6916454761984655,1.014686953137446,-0.16678081160992944,-0.9795435557545664,0.45638414403138333,-0.11445031320733252,0.4924351993257472,0.7208536258810864,0.25613810400246684,GSM809197,Non_response
0.897386276276328,0.2540760430155225,1.1620612185051304,1.0269535378436319,0.9207669841261595,0.9754251051693427,1.4591810104801524,0.4876972392371599,-0.5476166204488659,0.8571260742386454,0.639791461636631,1.9508622988095496,1.3475046371964834,0.2843506531604624,0.8483321032343435,0.9235429857535595,1.1350298473068339,GSM710863,Non_response
-1.059211514705678,-0.684330479406449,-1.5846450330333741,-0.07890735255180181,-0.24401329522205498,-1.6713776245308325,-1.3828365751892402,0.22010676232695497,-0.3782274442666356,-1.0192577623047794,-0.6120235977408045,0.039840742942063856,-1.321407459820207,-1.4665690451860203,-1.1251962151570172,-0.5223136388881789,-1.8884049079385155,GSM1233016,Response
0.004386625148283417,0.6180987716630993,1.305621834077135,1.0282419484135816,0.5954112332331278,0.6472826787554121,0.7458996149902491,0.48258573496676604,0.678717780568946,0.2840008593141702,0.35258594466206516,1.3516226840369703,0.5775738623986265,1.3975051432412096,1.0353642142911121,0.9862294699936733,1.6649226503718295,GSM2804856,Non_response
0.6857420218536047,1.2928424813367778,1.649541878113972,0.920963150061608,1.5609801857230376,0.38344417694781985,1.1906831063863637,0.861082020512607,1.0537814227844455,0.9827009034321159,1.8091932926960952,1.7754343601462128,1.1764136485439407,0.4238568468326377,0.9254818488976764,0.8640983529015195,1.2274937442658576,GSM2811128,Non_response
2.0812386818688253,1.584334589340137,1.7016716106087695,1.0582951469707922,0.6707236426457246,1.3455408687276074,1.5558101893898302,1.4567124462319734,1.0557377355526734,1.3060015868713446,0.9173261413067767,1.8888097189298318,1.2433221472059621,1.3472897364438285,0.9495545048477267,1.4321283139933083,0.8718559948375648,GSM158267,Response
0.5472559082409639,0.09972953176110441,0.7969920266347019,1.2167012463838902,1.0043379757560595,0.7775712423413056,1.4659415071845492,0.6377133121849237,-0.15406361287256048,1.0852464329859641,1.3052252874376953,1.3787413583983077,0.6167683180274149,0.4759071833570087,1.7787962975648033,1.0437916516153627,1.703912271667758,GSM1519418,Response
-0.0975489684557202,0.7995371642752146,0.49892277076285746,0.29072240623327916,0.05609413933269272,0.7008486352373018,0.12172872620245748,0.3572714752501263,0.7446945742226779,-0.4231376668696528,0.41292198923862805,0.7834112308779918,0.5061499762942591,1.9857692565168288,0.5396546363316556,0.41943951369608057,0.4968756715190285,GSM2804928,Response
0.5249372819590518,1.2449517974159334,1.1428556094986804,0.9258079867461748,1.4733395871878865,0.4522718873772456,1.350545278170553,1.0453499552655563,0.9819872551030835,1.2764547671189947,1.9638395756732019,-0.3556376460618457,1.1908622625915262,0.2829140740901669,0.9006799134316271,1.3067948853015365,1.5783439227201705,GSM7040776--RNA21,Non_response
0.7886813970176787,0.9748889703523048,0.10707065910548136,1.0616411546864624,0.8101145346515849,1.1621349284146856,0.7450681569827188,0.8009333064525184,0.8313958901241387,1.3157724242601483,0.9359787350756851,0.5349664704162789,0.7492540955119507,0.42059182240822485,1.020312486239044,0.6201892972127708,1.5838960969074032,GSM1619444,Non_response
-1.3372687578690092,-0.4063112147701829,-1.391342679162066,-0.10432179842180049,-0.3419312797958142,-1.4796986614764467,-1.2911269555967924,-0.23881148688420634,-0.2640412298928103,-1.350308624375815,-0.7386901198353847,-0.5186518420492217,-0.9375950556706609,-1.781781487330955,-1.1889239320017189,-0.41102577119086986,-1.809310482234989,GSM1233042,Non_response
-1.00561024129346,-1.126915742967566,-1.0599270342314973,-0.5901460707618427,-1.2453953429915325,-0.8676854499783997,-0.4893307274270441,-1.0968543883942998,-1.1906365011998847,-0.5213403640843393,-1.0322478865463032,-1.0946606893846367,-1.175894173898006,-0.7031056867206816,-0.798149321691538,-0.6582128136424188,-1.0893998580876052,GSM505388,Non_response
-1.1316026728494173,-0.4587794843332549,-1.5131613641641792,-0.8468239076838934,-0.21585596005430616,-1.6338322649059072,-1.6523833508942178,-0.05338778762758056,-0.37143035133219615,-0.9520342005289957,-0.2888880344788761,-0.1211111203349788,-0.6036144273206238,-1.8351685187240596,-1.1809962388702384,-0.3042669077673994,-1.5888714668939612,GSM1233126,Non_response
-1.4390685111997115,-0.6362499646963025,-1.3924351193793398,-0.32247657083281456,-0.9543339645989909,-1.5738461158131503,-1.7262572313773847,0.40029134025402957,0.34820638986272623,-1.093558437730651,-1.2422244349837903,-0.8065682875977842,-1.0231151834434924,-1.8686419522580693,-1.0423006034338849,-0.3478404530743238,-1.2085706320198024,GSM1233135,Non_response
0.8358744977393091,1.3086602037541626,0.11107251549163669,0.9811134973719183,1.0023990442347974,0.9465983816533109,0.5623804948333015,0.3226234929328549,0.5359653811398074,0.6259168932067696,1.0169367795835988,0.39163651749270945,1.017173842572821,0.3728022575852967,2.397802741927424,0.40288478268547007,0.8968091100716169,GSM496037.2,Non_response
0.6922506723236495,0.30462794402311794,0.15734673025621118,0.22485699329709938,0.14270238081389508,1.1196325289609672,1.1708431562918398,0.6037435124979558,0.3553320721318926,1.068263659777796,-0.1931986656557602,-0.3389252073043516,0.4934074728473236,-0.2012650131426052,0.03868491107629256,0.8962763779862037,-0.14611582282392344,GSM4171500,Response
1.509113691346372,1.1950011435843224,1.6278887876741182,0.6656162899168895,0.8711243850092034,0.9670831460460241,1.4825309237987716,1.158106029059671,0.6866219402008734,1.4978680169931826,0.9216834553427026,0.9062706975517224,0.8764618817785951,1.1914294700902706,0.6675499418492968,0.7382605838168852,-0.10055406883925563,GSM158226,Non_response
0.7318108163277233,0.9995105318904285,1.1114576155726115,0.9423227464351625,0.9326331762169979,0.8392234553771504,1.565345781646566,0.3823041806635708,0.13888515254803405,1.156031640694276,1.2310280487899607,1.6691958580244677,1.3794062389130493,0.9307026675106271,1.1130594966126472,0.7155634272072979,1.3731426166766225,GSM496032.2,Non_response
0.751896018213839,0.3055453836970078,1.2119808914963501,1.0759996324614358,1.1906196952221793,1.158482080104172,1.1709859594501204,0.8053073330922297,0.8156466654408823,0.9038176080053772,1.0692580846420665,1.4742794372053387,1.0678168603938092,0.5298917369211421,0.32099491152652077,0.42190656993938824,0.8998680680346279,GSM1519429,Response
-0.6536606282604168,0.04911556605072525,0.2643286494152388,0.979604985966258,0.4734599324654399,0.7239803800653299,-0.21303122755540918,0.5569683176710025,-0.24893868582359527,1.290963707729863,-0.330861655507668,-1.1260449992306085,0.429834823413727,-0.1437630885295457,-0.22776903195324644,1.0531742441714695,0.2634914637046805,GSM4171507,Non_response
-0.6310516999466923,-1.0150682611828659,-1.6805285854963514,-0.2876664751935105,-0.1221056087386039,-1.7755177915320586,-1.0153197739578665,-0.2938619630803932,0.05172342063991356,-1.1758951231532846,-0.6227741017364682,-0.402889133208092,-0.9011250585854929,-1.721253422170189,-0.9640497486425418,-0.5318959837378681,-0.3182987762692794,GSM1233127,Non_response
-1.400548291820145,-1.03518245261312,-0.9053671493592754,-1.3780477986435322,-1.0298630223375596,-1.0082579757606218,-0.7467631430838723,-1.2481811159846414,-1.2674045772415972,-1.2412327037981532,-1.0346260478265485,-0.917062750054969,-1.1367545468855176,-0.5151805569211628,-1.2140064271080413,-1.5970561047275802,-1.3035022139044201,GSM590845,Response
-0.818986259805311,-1.0253325299288898,-0.9629210695199774,-1.7004056201043374,-1.1875756344979878,-0.9352627157090384,-1.000562784278418,-1.2512133691183205,-1.4710827045658281,-1.2126976173453459,-0.6941275726077074,0.8412633764439219,-0.9295896374046179,-0.4891886163167937,-0.8604398639458043,-1.1978801491546383,-1.1614581919318532,GSM508090,Non_response
1.6306942978057952,1.5849892591600256,1.5231517828826304,0.8097393296483539,0.7690262250654544,0.8721957150746185,1.7567142161194151,1.1937977471382226,0.6962025847496095,1.1586331199135425,1.4572075139599014,0.8421621813961272,0.8322596441610125,1.090120540760729,1.051128313158774,1.3291080013446182,0.4761741520574726,GSM139608,Response
-1.0705161396926375,-1.0869200818854672,-0.8370050179072572,-0.9547132305326124,-1.2610548541397473,-0.9308961249501653,-0.48180507025843206,-1.2692441484932186,-1.3520231150371467,-0.9665559914025411,-1.2068827851446358,-0.5634632244161739,-1.095894926562635,-0.5135413400842241,-0.6788894383557555,-1.1866575112744269,-1.1429589148169166,GSM1050584,Response
0.7145903857812244,0.8797862062400938,1.071480329911463,1.0991049744904227,1.1197785515259662,0.721108746080848,1.4957776215573357,0.4487457916586826,0.391891722308566,0.8601862881949024,1.0430988175271263,-0.025964521450321836,1.2675096480119956,0.657081866908638,1.5822780284098819,0.4852875687276869,1.1474526136734169,GSM496016.2,Non_response
-0.8282784377518377,-0.9724644916897714,-1.009822226516542,-1.5622993664120277,-1.0417119834693624,-0.986657688882267,-0.4325470381749559,-1.2456037314430584,-1.2968339800964472,-1.081901503374647,-0.9362690413968263,0.06120993566302977,-1.036584935400934,-0.6465916875724526,-0.9482640388170124,-1.6278968752459158,-1.10873915155095,GSM505571,Non_response
0.6345620385148605,0.6528239162509256,0.9988855856858834,0.7789130431341978,0.9039091081443437,0.7785231024001305,1.393601867222319,0.32970188714768445,-0.6667080704340063,0.7808223533931185,1.0661436177900319,1.5303510936291114,0.4609224734016371,0.32287010357663276,0.2919910516223446,0.5510698214789027,0.7666598255031325,GSM1519435,Non_response
-0.3061929180281491,1.0122886083962401,0.738459757703674,-0.4663518884020239,0.017266967251360652,0.8743302857149747,-0.0457924969575675,0.3885738665787425,0.7787763949591499,-0.39099595098140605,0.08298435974717354,-0.35060784864994227,0.5121140262639308,1.9681692519297076,0.022843831384213545,0.9112616298032067,0.48563482045474515,GSM2804988,Response
1.0493318865241275,0.6380167517337609,0.035269172438882536,0.4040033502864914,0.8183135567510998,1.1916350467094157,1.062723709201272,0.7775743915262097,0.9015299416226232,1.1592633082021133,0.5498318635679426,0.179397302402909,0.4149639090734193,0.48145592516103786,0.5655281951671322,0.9983203088313507,1.3697414368102054,GSM1619456,Response
0.38735323067112265,0.49098972033145055,0.3325713740200438,0.7160994903022262,1.2221894697745617,1.0439436038637409,-0.59849242398561,1.0591901833433512,1.581916924493535,0.8414812515977564,0.6437010181519758,0.9910492696242734,0.8762433719426083,-0.31619005216205254,0.7050557872577036,0.532338365046763,0.9584940693557187,GSM809281,Non_response
-1.1056512887861805,-0.8856845373694602,-1.6747254119184485,0.5705494814072937,-0.3994650041369206,-1.7403903235463387,-1.6041807556622987,0.30113534771817396,0.04455321882242206,-0.62562279027604,-0.9679114708678085,-1.1097900621825594,-1.1265384411054766,-2.0031692916213313,-1.008859049690044,-0.3226226909967055,-1.20281310559556,GSM1233130,Non_response
0.5209621557009838,2.022227675949412,0.3591965483844633,0.49782103969482683,1.4406945189886315,1.1846976647296588,0.19832443012342094,0.9620406025547305,1.5512639739238139,0.600380415626369,1.2923756904911643,1.1826428526240929,0.770140071161019,-0.21924132069279878,0.6634172628060935,0.5382894504759276,0.6754571726063812,GSM809266,Response
-1.7439845238422444,-0.7262227471783919,-1.163492091968376,-0.7967364414914128,-0.21566306023866,-0.8736840057470399,-0.7297900969260738,0.6681969427775851,-0.0005037197113138101,-1.5835242372525538,-1.3402198312960425,-1.4294197706721514,-0.9444865520362086,-1.3629042692815687,-1.3288784547218682,-0.39110585105562984,-0.7513245622902983,GSM1233057,Non_response
0.47589327728631436,-0.01675179186538188,0.7985263257603531,-0.2188104795932076,1.1099251618118446,1.0657209388210171,-0.5423098746540179,1.353363995127024,1.0854620229857235,0.6340316315005724,0.27173634266395535,0.7914602475419278,0.7984604065043924,-0.12750420192647755,0.4584510772937419,0.6445498896074244,0.8446551490238537,GSM809214,Non_response
0.6954622712627595,1.3015345880968539,1.6583977049344187,0.9277660734432939,1.5700609162333357,0.38581390881126504,1.1980794055460045,0.8684581140489751,1.0615800272804254,0.9908360301106665,1.8188296737646767,1.7855710219390284,1.183297952623683,0.43006677286637907,0.9332237022035486,0.8735328825748813,1.2375401893874232,GSM7040764--RNA08,Non_response
-0.8706336442289859,-1.0900865952126326,-1.1907168362679812,-0.8859867529270566,-1.2240930378698958,-1.001174072625594,-1.2081816137537258,-1.2122536982899075,-1.3328625406686971,-0.9453571079508362,-1.249528272768306,-1.0313899718961548,-1.0254894082651858,-0.5013729452644694,-1.0629837602091476,-1.3580335995589434,-1.0351431106447533,GSM508180,Non_response
0.7513846516662883,0.15467012842468544,0.2112914429132392,-0.3391048837930108,0.38986341305367056,0.806804632871881,0.9917623384257539,0.31170020421534417,0.7793493434473756,0.5204301490646068,0.6949040355717986,-0.13834655575085433,0.2087163669941227,0.13718089582348103,0.5385737608047719,0.3355958348810792,1.192744003750083,GSM4171574,Response
0.93497109700507,0.5289154256728016,0.4334711445606518,0.9889645102788265,1.2127959329989817,0.8066656282298023,0.8022457729226121,0.5655425404723184,0.5325536281165042,0.8822497062636823,1.2332954740392916,1.5529791761668637,0.9127090794317184,0.7977407868077978,2.0599069143041087,0.5726415603766398,1.2018577202998464,GSM1875969,Response
1.8115838080006945,1.5644108483498553,1.4451637667576203,0.6391212591678068,0.6031089259324457,0.9341262734462586,1.2142902486065439,1.3259074835550744,0.8273449336695425,1.3702175140888064,0.7646336079102181,1.513845796826165,0.9402728163469758,1.0338071305886862,0.7248314965887694,1.1530404703185806,0.16208692123397647,GSM158200,Response
0.16752699812700433,0.9778742441557334,0.46794842602680337,0.6545336614762689,0.484904861236026,0.7009389628662873,0.6296258981144699,0.35440371315150504,-0.15355117879212374,0.7305641781304846,0.2571616897895915,-0.7732044504362559,0.07545628849642917,0.3611686718155627,-0.14653931383523444,0.27013968681592493,0.7037270176657485,GSM4171506,Response
-0.6571143732959814,-0.9350340215114207,-1.0272962376267711,-1.6474817967977584,-1.1991008212268226,-0.9698856969238576,-1.386025345147936,-1.0304672554738201,-0.9646797930940297,-0.8445329562794,-1.2786592968183108,-0.3403273261946812,-0.8813852948295295,-0.5071612518783127,-0.6629803883351402,-1.293715230988037,-1.3534436058715495,GSM508074,Non_response
1.373597589602552,1.1665901361742916,0.374397313629832,1.345198195522334,0.8042420179967446,0.9307568043185855,1.0631922441684418,0.5223096425058946,0.7045740794798083,0.5837317678175695,0.9128911601051092,-0.01267091302256682,0.537937166422379,0.37560628748579916,0.4510031042501389,0.9074501566107885,0.8817336069330839,GSM1619433,Non_response
-0.8835015486752175,-0.9518599138198084,-0.7828095596673974,-1.6079276405475216,-1.1792784804148944,-1.0051331719751109,-0.9393887036352678,-1.4079397131420142,-1.3706876040798521,-0.9757449126855651,-1.0684300603653225,-1.2503734637031076,-1.1526612330655257,-0.5002314962445392,-1.4331717081768576,-1.2900579836801167,-1.0097887781356432,GSM1050657,Response
0.28314428066953334,0.2912080208751348,-0.20951047430480024,0.2685207562357977,0.5386392448768235,0.8785170829347054,-0.02587130212297559,0.6867764926118868,0.9262116224425557,0.836109499763921,-0.034271792638848296,-0.24115635754743323,0.47206199260247356,-0.1936319964479424,0.19229656286335672,0.7972620764594156,0.424935568953109,GSM4171532,Response
-1.0459675332989584,-0.9663951504120806,-0.9249147240658078,-1.8172679193735715,-1.095496873803422,-1.0374239608773692,-1.4572853625402744,-1.1479233976319576,-0.9170564748638212,-0.648246124422093,-0.8944094766018854,-1.6574296356240477,-1.1184279256541025,-0.2126201848018172,-0.8514276171324806,-1.171304930948646,-1.3040644328760924,GSM549269,Non_response
0.38038593595215725,0.15362357588545122,0.2868340908017539,0.09820584417645593,1.234256748496612,1.4224365154911756,-0.14022349653543476,0.9727938124033171,1.562550670774828,0.8068717629949332,0.6623003831431458,0.4672824549428103,0.4600345328163554,-0.4002458264224236,0.6819067059262142,0.8519458745152705,0.3731212161933424,GSM809195,Non_response
-0.2863280163422984,-1.1571982452477025,-1.1346084154252598,-1.1188691464169982,-1.1973913095005553,-0.9237333890231826,-1.2840343603998086,-1.130899238357423,0.1947353600451066,-0.6752320573202493,-0.9979560254351139,0.048490989600710584,-1.0229548387775766,-0.3190486135349339,-0.46449947905259226,-1.2148188973713243,-0.7167753032136691,GSM549241,Response
2.0151046280380975,0.512869457916934,1.0563013851855159,1.1069884839524975,0.873412614785655,1.0519580171746132,1.1782005118588985,1.7957437420302669,1.3479773979940148,1.3799169877851711,0.7290109056835526,1.3806191802228722,1.4406528200243567,1.246078139460833,0.9246558739425695,1.1140375831421472,0.33064321536486563,GSM158199,Non_response
-0.11187341737434772,0.10531836782159006,-0.057832204548824415,-0.5199527233164615,0.1265492555359706,0.9403029883041795,0.555074224650981,0.5222537888050833,0.2575878576039911,1.0702638620467095,-0.18434483392346412,-0.7573361972520389,0.40700786811519546,0.028323406841056838,0.2144320078558743,0.7802208120696819,0.17270109649975576,GSM4171561,Response
-0.3023615285678701,1.0866932782362142,0.7724532548209808,-0.6093880984029815,-0.07905371807405502,0.9450831411029438,-0.03259257622728045,0.38125418925838317,1.0890989138627933,-0.3800732846973711,0.2039470227948965,0.22966172623293002,0.564692433135504,2.0138765224163637,0.01960740353715107,0.9989966872219489,0.4439919627440793,GSM2804946,Non_response
-1.343456097416037,-0.5076224897822763,-1.3891563368586684,0.6507527270551381,-1.2922534631773652,-1.7064026410706346,-1.6399980016525841,0.04855061403711613,-0.10695209029269832,-1.2091967908788295,-0.6398508600393092,-0.3509013275654877,-0.9719116282764707,-1.6734340574277395,-1.176298764748135,-0.4569397060502881,-0.8140733638992628,GSM1233111,Response
0.4010177046813352,0.27695632797184006,-0.277010646616598,0.7978155157485607,0.48577944255431377,0.6314406071625985,0.45018350006867275,0.48807165080121234,0.5637008736039816,0.8283929600989475,0.2594862696553807,-0.14937538599262631,0.25384777741654674,0.19459596659406156,1.077384508776972,0.5302515502161448,0.5727791615835626,GSM4171542,Response
-0.8363322826372169,-1.0673121045875191,-1.085864404449697,-0.45062504146558374,-1.0576691913878324,-1.127369348393184,-0.5068546964406403,-1.2491035346632835,-0.6316918750314012,-1.045002215109163,-1.142367660881137,-1.3615525525232899,-1.0918348946383936,-0.579397555811266,-0.5558922622114811,-1.095673001934669,-1.0258474999230487,GSM505577,Non_response
0.6695910157851775,0.5584135068826238,0.5902170306588674,1.5992069359806858,1.3782916947655732,1.2222079848133374,1.0378900885882014,1.0041774782308146,0.501800448440787,1.3227885286516738,1.014683073858951,0.02377233190798101,0.7158002519504987,0.9011546959113633,0.7830670202007708,0.7549949050389224,1.1352008579863286,GSM496038,Non_response
-0.024772769674420856,1.1940540875625985,0.8430415103756165,-0.7715972315738385,-0.2919120974368221,0.6876748314144268,-0.1096505393621451,0.43488882235592835,0.9938577073439759,0.15265554344107246,-0.5666930642379869,-0.33156525428606937,0.520847747108146,2.541298843564166,-0.32764939867508397,1.0326826298957554,-0.3943369978065778,GSM2804995,Response
1.241645419693865,0.6903977279480317,1.1089967674886054,1.2618274738601893,1.4467810582808445,1.1047003141165737,1.4153802931438932,0.6332173273352487,0.6100159187764564,0.9678007559763231,1.0334665982197988,0.884369272571267,1.2066382222711554,0.599375668401583,1.4759076812488625,0.6598041950543441,0.7974533694227856,GSM496030,Response
0.33176942269449716,2.7301366831759357,1.1539014637961893,0.4739900394356786,1.7613541267404003,0.3389342305871934,1.1210837426897327,1.3152970554404624,1.650939869753125,1.5512514560105608,1.7812921501515602,3.3281969664738362,1.4036892627419262,0.41433065629161203,1.1935390806100215,1.0137648638382544,1.7959137036671007,GSM2811143,Response
0.6863248323456731,1.0986201616097806,0.2743530795055084,1.4009848220930508,0.9452059258529669,0.9555064289106322,0.9589956288427077,0.6903633087134515,-0.6801289997770332,0.7861871226575978,1.1416849695237028,1.4815310271047422,1.0849868657602897,0.13349179994905416,1.5599517473696969,0.5665838485179031,0.7618054344430948,GSM710826,Response
-0.8883981810841683,-1.0120245333211293,-0.8180469751181847,-1.3735986778292149,-1.2247021551318251,-1.0040178256720707,-1.1036482759659507,-1.3063943829319813,-1.2023454938091065,-0.8559397323337232,-1.0273207718196515,-0.30633766092611536,-1.0605962389658754,-0.5075217719448509,-1.1021884967704147,-1.5701563740378297,-0.8207977490145125,GSM508169,Non_response
-0.7130557970401957,-0.5270063803640143,-0.813425920003755,0.414403524803379,-0.35360763345413915,-1.5978115103730164,-1.5011264031207976,-0.2710046069605932,-0.11230878063671576,-1.834676067335319,-0.6890118885148506,-0.7872070870604182,-1.0692731713108583,-1.8872694465638036,-1.0508781597902717,-0.40594990264468683,-1.209159507474878,GSM1233132,Response
-0.6471903163343846,-1.1792321579294118,-0.7712991628111031,-0.31386794153645864,-1.233177470836926,-1.020744705998256,-0.5798182639289186,-1.1229382125631269,-1.0940083442113322,-1.234807477381062,-0.5902305218439484,-0.7049035535642166,-1.0673058851446697,-0.5596231125616221,0.30167477791641295,-1.1346469592952948,0.10934118847245536,GSM505370,Response
1.775568279089191,2.411471070512903,1.62811180308853,1.2569227394175833,0.6742866695511432,0.893975402439053,1.5876228233416811,1.2622076292274576,0.7853617060391747,1.367847576832287,1.0711027215644635,1.3701605650341775,1.1170233184653895,1.2503222887251026,0.45072522411024946,0.9424726098574026,0.08535628717705795,GSM158260,Response
0.5965991628013427,0.8051235509441642,0.48925995814467377,0.7034838818161655,0.8752608651838145,1.167396225820506,1.0103529831263238,0.7841377563250644,0.6158430670689578,0.8439131133572639,1.0393701023532849,0.0669803458625601,0.7875530600203091,0.6609528150059376,0.607337891561273,0.9909544261590186,0.7360954799372275,GSM1619409,Response
-0.3073572902641061,-0.9771019032389028,-0.9504285154794354,-1.2700724003981925,-1.29475755765048,-0.9754678070124664,-0.847922292914511,-1.1533596643375874,-1.1960471367878327,-1.2074552011637645,-1.0525184205372713,-0.8356769579381674,-1.06851419428752,-0.713819402534861,-0.6490950514286671,-0.9908436980516965,-0.31123085032739434,GSM508068,Non_response
-1.0118518729692456,-1.0600145778501018,-0.9533216758296696,-1.0229905851675192,-1.3165112442756364,-0.9470964074314329,-0.8172280587466604,-1.2193441991159053,-1.5223618818661446,-0.790356408925701,-0.9649512353559958,-0.6599080066061584,-1.181806037994481,-0.6061935641004516,-1.1679418976634233,-1.0531800348704918,-0.6439897555018771,GSM1050615,Non_response
0.7934945105406106,1.764029302460561,0.8846654879517288,1.7397863745697437,1.9975483847190867,0.7056851970699414,0.5379444758608116,1.0259040838625448,1.2701034723197775,1.0943943644665923,1.6990356096693011,0.15626875441937277,1.5450359778437952,0.32214205628392245,0.8605417084155789,1.521733711180306,1.3898727764358154,GSM7040797--RNA38,Non_response
0.6594359691674859,0.343760085698132,0.9839567057741435,1.0511832363191937,1.4394574574814425,0.9465663492623981,0.9971588509451718,0.7805302293478861,0.8445535548549382,0.9005133397902066,0.8003892108263604,0.037175270644626994,0.6041268425159287,-0.08758416064086556,0.8426623053989556,0.7685743095661717,1.6505767030276135,GSM809237,Response
0.22291419549722546,0.8127556883956686,0.7055356733081951,0.7440642487140307,0.641957677725309,0.5056931143079334,0.6909539947891361,0.43330703761877076,0.35906936179755605,0.907243995366348,0.24642994691094997,-0.3116244884098326,0.4616777649132,0.07918785826581469,-0.2977144740763293,0.9897931948632045,1.4905070120634811,GSM4171525,Response
-0.9540515263867895,-1.2581478727187212,-0.7930840547318669,-1.1956794011147829,-1.2503054726379184,-1.039064433378834,-0.3731123656207914,-1.4181169367430502,-0.8846485140168667,-1.131133909865627,-1.2229816361041137,-0.8311914885551298,-1.1678367982455402,-1.034665937560414,-1.196451494019918,-1.573725908914428,-0.6549037662067154,GSM590884,Non_response
0.5250203193366804,0.37500469010626436,0.8158526708889376,1.017047999585303,0.9321607238349118,1.023398163943835,1.1726114153214853,0.4506425535802552,0.08417779010558271,0.7976208730323741,0.9267476002721696,1.496531683798416,1.0521216497257238,0.5912093435667152,0.9258810440539131,0.3301738226226018,0.7981003720617105,GSM710875,Response
1.7179163394974213,0.6548121984499002,1.3822384006899409,0.9497804333562619,0.7909829580293142,1.001822837854647,1.2548808578790172,1.5427813764297083,1.6531154466930071,1.403840242288178,0.504572649446811,1.8012684578761462,1.1590107193699721,1.1011015714752668,0.8992731078098868,1.0113490605183513,-0.08021314077482916,GSM158191,Response
0.8705513649356895,1.3831350216940679,0.280977700835435,0.9498638319005549,1.0825363593980581,1.0080812179537801,-0.021337710684041437,0.613938298830894,0.6158775258971005,0.5634574161830248,0.8683719568254789,1.3430215145400668,0.5042953458518808,0.23801403303283417,1.052806697836404,0.5420555946007805,-0.08245030144882214,GSM1705404,Non_response
-0.1714099721957475,0.9411132548539047,0.7490759838530732,-0.7385672854804901,-0.21987156540749472,0.9462906496556363,0.06918004889213394,0.4649991446004969,0.5160772390097219,-0.303595976156054,-0.08070549779274486,-0.5370733673882518,0.4880513059374335,2.46584100503271,0.19360694142070597,0.6778712400241476,-0.055018953520436745,GSM2804885,Response
0.5303425161776874,-0.2729828002231313,0.4934793329623176,-0.1701108518886148,0.17537765690438942,-0.20416784788985046,0.2407308654366087,-0.40108699585390867,-0.5638022457320641,-0.4822065464494014,-0.508606328751921,-1.175378540159785,0.5824983900430912,-0.12938018354529762,0.1899955546069464,0.3415348819059757,-0.5439332673379184,GSM2193375--20,Response
-1.1358541847121169,-1.0983559442955555,-0.9428007257959852,-1.6145119528362,-0.9161886477492177,-1.099845545955055,-1.052629399832651,-1.293362720985184,-1.1331727571056947,-1.053442781122206,-1.05807831663338,-0.9377241451200222,-1.1024695653700252,-0.6669867193235418,-1.1338393707360768,-1.1641067349029002,-1.1890496495226004,GSM505355,Non_response
0.30096433598803435,0.5752733356400718,0.6965502039772979,0.7154171645529291,1.2597127543541957,0.791315370565989,0.17281261821871235,0.6862542068488222,0.9641755875456031,0.45231977121021805,0.659294082318954,0.11110805673667057,0.4752092413306868,-0.20255430520532638,0.15393465923835,0.7776929656324063,0.26522180662102607,GSM809190,Non_response
1.6070407682562615,0.6536792949496165,1.5925882547037995,0.6884901325681861,1.1872867391455724,0.6122326957047788,1.7660574482340685,1.534605066736107,0.9157852367490208,1.6758755236425935,0.7502956555695758,0.9890688247352817,1.2671314979117942,1.0188086715749711,1.169148427966036,0.9594333585085539,0.20066019795685663,GSM158205,Non_response
-0.9220752157197156,0.9179234237872103,-1.2676355665197343,0.4206730715128174,-0.45509912888948956,-1.3632453403551628,-1.4428146674815645,-0.2696828351436165,-0.4168210416446895,-0.7677331529095194,-0.818045484612865,-0.6523817540231652,-1.1617515791491477,-1.6953678953978297,-1.2378018676477567,-0.6580519152825441,-0.7526179446623009,GSM1233034,Response
-0.6411418114903963,-1.180963344472646,-0.7685538447213554,-1.2613845925218363,-1.1842551337776361,-1.0841981779376597,-0.9671853911675242,-1.2720938864712361,-0.9691580221522803,-0.8293057826355649,-1.2057071290950536,-1.0149171900384113,-1.1200020313337438,-0.5185665724729868,-1.2142620804419033,-0.9517167100743271,-1.0563242988701442,GSM505391,Response
-0.9527084299933801,-0.961545098813762,-1.074330358823036,-1.0969019419888462,-1.2516456995983616,-1.0301342195752514,-1.0366845613843958,-0.9437236781778806,-1.1339683166738053,-1.0735022528669085,-1.2258641990006867,-0.9764413171741113,-1.1397930611524343,-0.5604854366224015,-0.7788979507366247,-0.8577468257204013,-1.4208263070793874,GSM505429,Non_response
-1.0490970853104888,-0.9479738924387421,-1.1128189418796497,-1.403011266412016,-1.0255456854784373,-0.9870438094373885,-1.5167851545626725,-1.1582679677992076,-1.1231567492655463,-1.252078682677865,-1.2866445545313805,-0.9280391208147182,-1.0800204921846595,-0.956951329719152,-1.1543645316095081,-1.2568148879432675,-1.0465319141004017,GSM505402,Non_response
-0.800724411532163,-1.3006163763373821,-0.7496415283689609,-0.8404838793186377,-1.2304861492833772,-0.9323841080775814,-0.8079426308333287,-0.9428596369242469,-1.2502029386341527,-0.6134520656422358,-1.2351690970733382,-1.8284545448786225,-0.911037418701069,-0.6406147323308939,-0.20868331473985693,-0.34485423886867606,-0.8639239945755943,GSM505456,Non_response
-0.9350331673649569,-1.0121724534309957,-1.0846768577126875,-1.3587807779221421,-1.08262510115053,-1.0319778387351772,-1.301071250256329,-1.1262031817576017,-1.286733940320942,-0.9977513412563477,-0.8222405887217596,-1.127964043944055,-1.2443526595384884,-0.7136641411868857,-1.28206173496437,-1.5842402021736506,-0.9107029483613315,GSM505376,Non_response
-1.0936662178955163,-0.9380980473900504,-1.0638169364257994,-1.5381615666208441,-1.142952448864066,-0.9908961960562821,-1.1451853300591015,-1.2258618253562654,-1.2396855876538193,-1.0082985458185914,-1.2120753019815518,-0.8819434164924511,-1.0722651225707973,-0.7114952206548635,-1.1587527501232469,-1.2934409136303573,-1.1939117624472337,GSM505362,Non_response
-0.16375953966363307,0.7479926895532909,0.3993278513016349,-0.17512647405155965,0.3848242375718743,0.7981747723848626,-0.033229268664459834,0.3972370044487528,0.9036182158790921,-0.3153297557955433,1.2877179015583637,0.8914705011568065,0.4172190065707962,1.9715246702327627,1.0166822402028075,0.7796086344227037,0.5662436721017859,GSM2805012,Non_response
1.1795070537217767,0.18750485028139413,0.8131811999094537,0.8906139831299511,0.8349027892021964,1.7828759780120793,0.5590933203953145,0.6286499729063284,0.6002540575803545,0.942924480016618,0.468502156093298,0.11450074324480237,0.8385295224265723,0.5798009469730686,1.1715494560304454,0.7174913105719559,1.0223209963793478,GSM1619399,Non_response
-0.8120370101277918,-0.9767426986357415,-1.0644652948445565,-1.068137555472299,-1.232906907551195,-0.9706152604051104,-1.3596335521472829,-1.2331991372448732,-1.2478890281242025,-1.079424687972721,-1.2953277742199885,-0.9223955196848099,-1.072499134824967,-0.8743543149111582,-1.2511533250909803,-1.5151463141481605,-1.0552801684341184,GSM508175,Non_response
-1.1087870108124456,-1.0849914896237136,-1.5785237615650185,-0.43244006951372277,-0.5970437612675814,-1.6083933562054282,-1.6561151133087506,-0.266214839266729,0.4547560666633143,-1.501889146987457,-1.4124983832078883,-0.3455485807703929,-0.8434998744486425,-1.9277721727233963,-0.7096490918025785,-0.31588481905828913,-0.9366569396199206,GSM1233004,Non_response
1.6287765198477782,1.1097272501358293,1.5607142599902786,-0.9786282994880785,0.850352900285048,1.6842432440580744,1.8095426348430035,1.1285506832497403,0.47630448526260377,1.1772591790258535,1.0662230020465315,1.3261986669299075,0.9361283516080473,1.1700159969740862,0.3633897224971468,1.4695950147865617,-0.12253332025074293,GSM139606,Non_response
0.19503306799032225,-0.397899235166642,-0.5709218821718964,-0.24108785183663003,0.28117856390928636,-0.16991691200756773,-0.06521193693090381,-0.2655160283719119,-0.42178877039858786,-0.7112603114684316,-1.2292341110082732,-0.9943676003346007,-0.20376892721951256,-0.3324830313551315,-0.6362983138916308,-0.052762108956543916,-0.5148806823628193,GSM2193351--11,Non_response
1.6433669730503504,0.8236491837571375,1.6011646990721746,0.829935000292297,1.0973598867218777,1.3250914367100506,1.6895764408029772,1.27765730560192,0.547584964256505,0.9709178219159544,1.045017323819094,0.5764379332405246,1.01542967957551,1.1988993937803154,0.034848919750276236,1.4806787104674213,0.15793735869429804,GSM158236,Non_response
-0.8387698720936694,-0.9209085772871428,-0.9685520979868304,-1.5234674512313977,-1.2471927565555794,-0.8928174419181809,-1.0612490800188135,-1.1810991600389429,-1.209912681174428,-0.9724783998991873,-0.7899013780489242,-0.9757077963541906,-1.0201021717643417,-0.6863833908995342,-0.835560743533963,-1.2125743341250508,-0.6657985240503932,GSM508054,Non_response
0.712551019037856,0.2014024107994202,0.5104942976267072,1.036431047366175,0.6061483093628967,0.8508289353933131,0.6431082399229132,0.22221040296597977,-0.4763334173730885,0.7806765876575872,0.8850098456456189,1.4829165114566407,0.8752627804444781,0.17573824131153254,1.6425891645665534,-0.10751629422308824,1.4931728586856543,GSM710881,Response
0.8032357254414635,0.7847690774298871,0.5842830231514372,0.819663285500526,0.7233659145092877,0.9223864562952635,0.9247424933734448,0.4772266951407058,0.3642398508504994,0.7294777623601084,0.2308469336748472,0.07093773171569587,0.570614813179178,0.30302409557349247,0.6566975216422901,0.6494884741583997,0.614470220956717,GSM1619428,Response
1.0257997772228475,1.2588616406287627,0.7951124297565454,0.9758900296526983,0.9085633575757787,1.2544931514746411,0.9669897439005449,0.7414629759661396,1.4666339278950553,0.816625532834766,1.1622922731374754,0.42340676303732944,0.7119886226128929,0.4875343410792004,1.67595469811179,0.6970437278588554,1.483486537041547,GSM1619440,Non_response
-0.9984568302955329,-0.8354245858241321,-0.9870347154607801,-1.2569817387715654,-1.0224901399595012,-1.0256133936260277,-1.2280070108617556,-1.2679394948665819,-1.1395868759558048,-1.1355825534206883,-1.065783358454101,-0.9206531466863295,-0.9976792060999378,-0.7426811686848208,-0.6925686102385376,-1.5346806673652171,-1.1869764054451637,GSM508170,Response
-0.7000048392198063,-1.1023679547647314,-0.9466911094335371,-1.5063492089292045,-1.2488539236784506,-0.9786866561159628,-0.4082232268009075,-1.2701013603415434,-1.2520378891958541,-1.234975848738219,-1.139482041458945,-1.0249421870428468,-1.1657250251476021,-0.5122613754571175,-1.2831401102456736,-1.2634876939532629,-1.3786851914104685,GSM1050666,Non_response
1.601644950181616,0.8703056893883282,1.4851376322649545,0.9973826786746716,0.8215877759628762,0.8489609982872783,1.093679003211379,1.558084798706881,0.6402716370040399,1.5266981386085552,0.28988342827776364,1.2546652930738533,1.022297674308362,0.8162398360953352,0.8287241942227704,0.725746519404539,0.4428062568562785,GSM139636,Response
0.7809130684864448,0.4441423851814302,0.6100918870791917,1.2527122500910732,0.6618086457884078,0.7193370741711923,1.1641679402970815,0.7006962004291624,0.5884144085852997,0.8887141811958829,0.8560588704363394,0.7827202749343426,1.2241590879726687,0.8486771061952281,0.25906981290205777,0.708744127106228,1.1684576663719772,GSM1519423,Response
0.6048360764177854,0.7678076739928791,0.4388074162501913,1.1630620916375454,0.7797101098426652,0.9759167664185654,0.8179664822229312,0.9673597436439548,0.8056618617111035,1.1686383405539857,0.8493334857142777,0.4269627198573732,0.8433038932062819,0.5836572687070121,0.9872671168448567,0.773436185336353,1.3923022582622826,GSM1619412,Non_response
-0.1591455853879948,1.268965561649162,0.9111354296276998,-0.7660354045375286,0.19398843108839867,0.8114613219079688,-0.08046797433911204,0.4758962798719417,0.9356692424824266,0.004635130578936017,-0.4845249988910409,-0.9530873882225523,0.5973846369511749,2.46584100503271,-0.21646784831891153,1.18871286572426,-0.18304704561953247,GSM2804998,Response
-0.7695670346167367,-1.1847970301954434,-0.7885295410256468,-1.8521960437035279,-1.2881946481415747,-1.0844434144301458,-0.6607906038666497,-1.2478097645356567,-1.1321147454406228,-0.7352240428756048,-1.0760531315663522,-0.9129499225520583,-1.1196281640338808,-0.5575039097349302,-1.1244770127715424,-0.8131871307699541,-0.7499896880767842,GSM505444,Non_response
-0.31496630599785147,-1.1296475782498527,-0.7578968345999608,-1.6751930491642737,-1.2206305118931455,-0.8617040800340601,-0.6982393248369583,-1.0588108239440113,-1.6191127652730293,-0.7496749792487595,-1.1976629299453763,-1.2767122670420736,-1.0436272115609821,-0.5986328130141183,-0.5828281679776475,-0.7690664703321781,-1.1657274995620301,GSM508145,Non_response
-0.7827306691718168,-0.8994214243332438,-0.9308366527546049,-1.3846905398822706,-1.055761481944073,-1.0574237307550705,-0.9706351242504828,-1.269014865037836,-1.2575589522118884,-1.1614861101718625,-0.8888755062296915,-0.4830034286531966,-0.9303545381596969,-0.6607459505475664,-1.1299608560051806,-1.722848985821003,-0.9948025561460992,GSM505568,Non_response
-0.3584646816248274,-1.1010113052037926,-0.8375615102140239,-0.8697213908753123,-1.3363756147779404,-0.9741757357963714,-1.25112418992533,-1.1774470459746476,-0.5499581882842861,-0.8753516684728877,-0.5037124982464105,0.20394312506738577,-1.023183843601173,-0.3293330731712354,-0.2427267303693665,-0.9539531533149823,-0.653046646147638,GSM549230,Response
-1.3049766089863934,-1.0581635709696098,-1.0565846844394515,-1.3876249039355648,-1.3436308648037105,-0.3518430601766584,-0.6337772435034265,-1.1493760832878237,-1.3508544462496999,-0.8465866985215315,-1.3336409746256157,-1.3623569180639243,-1.1431686748018763,-0.3370487222305155,-0.6218837805095123,-0.837076304717797,-0.8312789055961597,GSM1050592,Non_response
-0.9034657850416968,-0.7896855279896222,-0.7502000262407097,-0.9849579167410238,-1.3167263188060456,-1.0182549867284438,-0.9687272443349106,-1.0879150262998951,-1.2185168402433175,-1.015351883019195,-1.0954329837163983,-0.7535205529127892,-0.9096177376611599,-0.7368797610390462,-1.1124489799786765,-1.2395026709704104,-1.0785115384058335,GSM508040,Non_response
-0.9037982499168137,-0.7451821401665281,-1.4253404402243874,0.15705520804224019,-0.6341088421804567,-1.4846337640065244,-1.529707506700466,0.03434423250333635,0.2722379018915859,-1.8551865200958422,-0.4304732636074106,-0.7948985611857579,-1.193463171622053,-1.7914680737776794,-1.0130524601559354,-0.27795313354849005,-0.21807159373239673,GSM1233099,Non_response
1.5921704398444223,0.5787605350150636,1.4622636918374552,1.1731754082056176,0.6065343499342293,1.3352482275397437,1.8880178769775615,1.6357753808680642,0.8532412254660332,1.6436440130627679,0.4526327962423382,0.9547651648254367,1.4099549921359,1.2240797182986713,0.5725798141487944,1.3423905228820647,-0.34147927305556397,GSM158270,Non_response
-0.23608463716168795,1.1428024586128764,0.8134350276243134,-0.5701877764550177,-0.07919550628721425,1.0932489412909487,-0.022353360015261736,0.4143735774622921,0.8232262063846579,-0.3331023151587798,0.017421761611087556,-0.4715533941415881,0.6587488471833992,2.6721915048205243,0.24631886312988124,1.17064284089993,-0.0780314392714283,GSM2805013,Response
-1.039067691346057,-0.9867159563415435,-1.0055663032336228,-1.279690731920778,-1.0380871269863394,-0.8463226669012912,-0.9410021421649878,-1.2678398319459372,-1.3244767662389227,-1.141155803638693,-1.21661343430628,-0.9378906768881168,-1.0976441810314677,-0.6840040425157611,-1.198083361221171,-1.0309907305955959,-1.223314791271149,GSM505567,Non_response
-0.24889974661207925,-1.0567750847242403,-0.6276705448286954,-0.9069107088571522,-1.1485683371859345,-0.9676281064693913,-0.3795013922080897,-1.2445639282620642,-0.24354706683082558,-0.8890984218025226,-0.5570827086119237,-0.1387281654082292,-1.1227368546509966,-0.20437915234020818,-0.5951546907748116,-1.0947549559468148,-0.8302633238606408,GSM549236,Response
1.0377602569629436,0.24049507366931405,0.3120494817140879,0.81325340368738,0.40213123863425204,0.7031732399031192,1.1547030212378249,0.5526366984412093,0.265492364206924,0.5615697325373001,0.16040637517453477,-0.5797547568898059,0.1731581781486838,-0.10632042878285512,0.5121169933072369,0.4210569989837859,0.7156052895273353,GSM4171572,Response
0.8949291448841911,0.36829827811700383,0.2559753080224309,0.8148670908349818,1.0159644635746938,1.042924285526274,0.8663537233682443,0.7512693027570245,0.49325093897686356,0.8922776155294287,1.1405857192427564,0.037691389224698196,1.324666707648638,0.39591019852330833,2.3133243120034908,0.4623930838509668,1.1179627958625982,GSM710849,Non_response
0.490402291305448,0.8075297723656736,0.010263388299574652,0.9689972848646028,0.2628864908099187,0.6453411022959064,0.5304252521553732,0.5357730072848723,0.33140778218460143,0.9692840705410088,0.12209826971338454,-0.9305473631907191,0.46892917669013956,0.3116985175242505,0.23444249065819162,0.8072796850736138,0.8178886492482276,GSM4171511,Response
0.2915223742633308,-1.142949718490561,-0.7610627644489498,-1.100575766780253,-1.1749855773123263,-1.0204736020096543,-1.1323760100585614,-1.122641731414327,-0.5119230064570399,-1.1712528432273874,-0.6416894244647235,-1.3164630512666915,-1.079061590535531,-0.13137412846386956,-1.0666629657976205,-0.5700108998454949,0.7270795687722547,GSM549245,Non_response
1.766407573245221,0.3936355702603612,1.391966175363955,0.22752175764414706,0.7272411736423524,0.7045305894259829,1.4453325738287752,1.4922249687981473,0.8490759467388597,1.244110438941484,0.23671031939379755,1.2201552582940765,1.1471359013095448,1.222225371734413,0.7061972328133103,1.1629415051223893,0.048998904072082974,GSM139599,Non_response
-0.8696977868764195,-1.0691413212998395,-0.8792797198143409,-1.5698070163260383,-1.2625633183294616,-0.8054434917292024,-0.5428243552188776,-1.287401960577683,-1.3496176096264199,-0.8982393514161366,-0.9683379661885402,-1.282742031741928,-1.1383350239527368,-0.5320662426895237,-1.2313016480645096,-1.667958345154949,-1.461034877237473,GSM590891,Non_response
-1.2046918340326984,-0.8235323499564985,-1.2369207432320994,-0.9952363755913185,-1.0559357208434048,-1.0009866137178187,-1.3617133208661978,-1.2297084895616404,-1.1013110159140442,-0.8585363894732414,-1.1230196932877792,-0.7953515297905215,-1.0875034022977241,-0.8303307063951467,-1.1984200188516094,-1.0347716028235256,-0.9835254603153075,GSM505415,Non_response
2.0349812549243795,0.961024290464652,1.9186309049620456,1.3233265541106893,0.6058669639625093,0.8424346954495917,1.4596139147693619,0.748917850433327,1.1105980792237915,1.1231699299834923,0.5388037440288674,1.250977887297184,0.7533101867251993,0.8355038759961217,0.7688514987237896,0.8896548789085268,0.9717595021535488,GSM158250,Response
0.8550155051691044,1.0994822747795938,0.313876946750003,1.2054380329101262,0.7888057782069788,1.070367251746861,1.0292603101678788,0.9342335898355338,0.7396578260970306,1.0010680418648703,0.8322561045658391,0.3194027091437598,0.8540372805274944,0.2502091916556745,0.4896596619204767,0.6811810459675929,0.8429369971832852,GSM1619451,Non_response
1.6993629426666912,1.1734994999389419,1.431139144444008,1.160873233290988,0.9650512885769584,1.1066250123386556,1.3341680409138736,1.1479661475811276,0.7826871846100871,1.2746342786026053,0.6908810715075656,1.4450452759281898,1.0030224481499574,0.9208833305371833,0.7129318956724126,1.3215416451958053,0.00338827827736411,GSM139561,Response
-0.025843025017139153,0.6270029162030102,0.41783572774802974,-0.5600917370080365,0.6747958781534324,0.8384017451213661,0.43338006373995,0.506169455453856,0.5260661754088817,-0.3770636728560328,-0.5113497744778841,-0.5136701833076931,0.48018189325527566,1.913372108836922,-0.08926844542785034,0.5186620900126258,0.6088040351708788,GSM2804862,Response
-0.6626692049302264,-0.716799149588353,-1.2602733788482565,-0.46363267690844673,-0.19034954737515908,-1.1976764825080204,-1.5644410763641474,0.6035776123343766,0.3233184544564236,-1.0334369017750686,-0.8900845222510521,-0.17714450385569844,-0.9239971554871855,-1.2827374020019326,-1.0485381346223364,-0.5718530342528091,-1.2445305153616448,GSM1233022,Response
-0.11934883438315493,0.8621219951003383,0.6351180766972833,-0.3305359274168987,0.20975582360366274,0.8792646447478035,-0.0392687631788718,0.39511681204546845,0.9078848176483334,-0.3798372824007737,0.9793301744758068,-0.13889729162766531,0.37835348683175524,1.6649859266184195,0.1611125794686484,0.754295542754259,0.6403389607841484,GSM2805022,Non_response
-1.4688629969479614,-0.43737487622655236,-1.430080489981248,-0.1586665518004268,-0.5910033807345693,-0.9039970412575771,-1.7915223674940128,-0.16791624632334734,0.05216543041371455,-1.3112622419435769,-0.8307005089297709,-0.3531239095628568,-0.688258833202855,-2.003673463774919,-0.9973790314445267,-0.46211758768851074,-0.8351563092264522,GSM1233087,Non_response
-0.2074968598930272,1.072497201152662,0.6491196106216799,-0.49499258802451485,-0.007133189547960166,1.0031022924778084,0.23910060278198284,0.4273455802089018,0.7605119006295159,-0.23206813111307073,-0.2486996135383472,-0.7714561860671566,0.5514135427355744,2.9463301675777003,-0.3191091564594849,0.8492891725611081,-0.3202345022179384,GSM2804894,Response
