RSU1,IKZF3,CHEK1,EHF,CCNK,MANEA,MAD2L1,AZI2,PLXDC2,DCTN4,EML4,CCND2,EEA1,HS2ST1,SLC26A2,LYRM2,IFRD1,Sample_id,Response
0.8112102214713769,0.15675968749825578,0.4157251959011945,0.5203170978461605,0.7956047689955017,0.9348942579964877,0.7854496179733759,0.7920310275725476,0.7046016176110386,0.9393666985010716,0.7609423792972102,1.067587183462286,1.1904836038595101,0.6840324521055321,0.6561631219354266,0.2909742276318776,1.0283526436085084,GSM710833,Non_response
-2.187515699781938,-0.8997475384815746,-1.3210660874289304,0.17081066741455264,-0.5083176521149083,-1.8251130104407567,-1.5769924762142427,-0.22418717541375374,-0.26841432123434034,-0.9134903094234043,-1.1285001072632965,-0.7532690945633154,-1.3383294338595746,-2.00982425640233,-1.0898710708453305,-0.3354886516891746,-0.8033954807385674,GSM1233118,Non_response
-0.7729832983128885,-1.2905237474542317,-0.7102478018171104,-1.7344791404692121,-1.4843365797868457,-1.04434741255152,-0.4067445758950618,-1.1792335350707748,-1.291728544705121,-1.2017055568819774,-1.3925186770354094,-1.2364839854312626,-1.0676703665907858,-0.5234815639477383,-1.3637753403689614,-0.9677006777448218,-0.8304182290279118,GSM505457,Non_response
1.7456168648044081,1.2259943016006232,2.0045672782251045,0.9475946578624397,1.0775905959162067,1.2120747263858647,1.449521182320074,0.9827742426713465,0.9540427421852716,1.0241380018221835,1.1997933724609233,1.2008490239447112,1.0839079523138464,1.259142743711314,0.7186120174501873,1.4493635771409512,-0.028464075805869477,GSM139539,Non_response
-1.193893020345986,-1.1644160708305822,-0.7289940264769356,-0.35372636132657703,-1.366618372609428,-0.9840629992700491,-0.5387771516338333,-1.252289554443129,-1.0993749691409227,-1.3082196710668803,-1.2748217321032413,-1.2577897793204738,-1.1904094324875045,-0.49426937684097466,-1.2317935870886862,-1.1352079506383008,-1.3897002240957248,GSM590892,Non_response
1.6797216895159097,0.9122573582462687,1.7261360476153633,1.1827810624587551,0.9303546253461806,1.383283729253744,1.499864525035814,1.0692879623509377,0.7080892996589423,1.2296155333137115,0.6246733219757684,1.1602598543312779,0.8338053227389567,1.1265148588921488,0.1499193158975459,0.9860179851139208,-0.44085726785605933,GSM158257,Response
2.328577349979331,0.9015896742234973,1.8888168915022914,1.0759340627346645,1.1520622607522608,1.2003539450147744,1.62733182904289,1.5332222128724484,1.3315346381294833,1.3535984115617496,0.6576958852999985,1.429781364213984,1.3059503784583564,1.267960478108412,1.351529976716187,1.7533542528164456,0.5562615487158851,GSM158192,Non_response
0.1840073465671963,-1.0249034282254053,-0.7976248961174364,-1.127324728067652,-1.049691901588558,-1.0527267881824764,-0.9494699548528719,-1.0784598838018795,-0.9975197055492607,-1.1142799811328241,-0.5090088406723987,-0.6460084639176344,-1.0353521563455743,-0.5476800821476279,-0.5619949019857537,-1.3319963170302285,-0.4040127263400685,GSM505566,Response
0.6417227873544408,0.71590148611588,0.7306712208985843,1.3188350018497443,0.8396442120465195,0.6511471254149672,1.2207275925515986,0.5811748704506513,-0.4192368985872106,0.8619303798534992,0.7548016145574,0.8842462261974859,1.3949339968758696,0.6942214318530107,0.8232690867008362,0.8592279966992202,0.9128631345983725,GSM1519432,Non_response
1.418364348806634,1.37093556907649,1.3702312200042355,0.3158910700980201,0.7782989864430054,1.0074274740253908,1.4727120182537539,1.3870688289551756,0.9669315839612103,1.5339118245903374,0.4855853761367475,1.429696766600092,1.041789542666697,0.7874262702550089,0.7124109479880395,1.314809627054245,-0.2970357045131223,GSM158221,Non_response
1.4278366229923363,0.4280203051391547,1.5718972669065294,0.6282860381115462,1.1421371305302015,0.554144427136546,1.744018511312456,1.4236609046601356,0.8561647017306818,1.614227406465418,0.6427865484838577,0.9160848848972875,1.2834115860585968,0.9579413141545535,1.1440372458548311,0.9289761808786471,0.18379023009581483,GSM139555,Non_response
-1.3983742211048131,-0.5905719705706585,-1.1247608941582798,0.1107704770652399,-0.5239346221330642,-1.3132569055589143,-1.4666713985208237,-0.7602587075996818,-0.1059007667324208,-1.5883958493692736,-0.8037613211747943,-1.648687955520583,-1.3776006701685621,-1.9720702733751851,-0.9156211809437698,-0.2285104324221037,-1.9235797396786976,GSM1233049,Response
-0.5627127648573369,0.8147088234530068,0.5709733111311198,-0.7366134712096453,0.3066499528801894,0.6310103305881385,0.23297425146358477,0.278293911288642,0.45469466165206873,-0.2229146405783635,-0.2886176365593596,0.04865680738751738,0.5155754168504514,3.7226566748793513,-0.031195929205621205,0.7035452730798746,0.06630926455348193,GSM2804900,Response
1.8016149571595637,0.871878063356695,1.7151032175037,1.1034315917871145,1.0166712489109546,0.9713769862217936,1.5914723817095362,1.2665202169796033,0.7349835760619735,1.1474193030988526,0.37560884929864286,0.9971292041215379,1.0012957024811744,1.206652393077438,0.5302314619984755,1.1321740666289977,0.2585293342354479,GSM158209,Response
-0.9842366016303928,-1.055064172000695,-1.0162243270585576,-0.4198646883602677,-1.1819568133301486,-1.0253556080098374,-0.9621272210465422,-1.4344690708124583,-1.479935090907699,-0.9172146228060956,-1.0095400040352163,-0.8951084084168376,-1.2122226409689127,-0.599448334153231,-0.9894768520689068,-1.1790927334182273,-0.8953460908159532,GSM1050652,Non_response
-1.0376919722193316,-1.2223362218973237,-1.0963347921715316,-1.5105602297167458,-0.9974917155951265,-1.0513970704808058,-1.4017859189158994,-1.1635361087256149,-1.2447478272581818,-1.0747323288189947,-1.1626151096869122,-0.31109349873708836,-1.054031574497193,-0.8203841018648649,-1.179529855436679,-1.7258569298009236,-1.236526813794465,GSM505508,Non_response
-1.274122650967153,-0.9948415228162151,-0.9029531486064764,-1.093814334804841,-1.1414691849718888,-0.9154748863241267,-0.9705915416167815,-1.0258082637387964,-1.1310202121520416,-0.7550723633614903,-1.2036168627643982,-1.1883347993580462,-1.0058816080286086,-0.6778632564062776,-0.7112703168012144,-1.5416806860108265,-1.201601214936587,GSM505532,Non_response
0.82819519224569,0.3231022656088845,0.4474619894416079,0.6891373506638054,0.701902085359769,0.6454585507285311,0.7519795873214972,0.1926606104919765,0.17402812792885392,0.689642017975754,0.40598657039645614,-0.37116125450028525,0.2673862203090435,0.04988418446551209,-0.05034455377614646,0.9477669320516108,0.995435743128196,GSM4171565,Response
1.3945655618119588,-0.13560458221137622,0.9478259361056278,0.6045423673158624,0.3600715277873343,0.6604210519758901,1.1597123465870827,0.38833662320562434,0.9990347385089248,0.5801029435019501,0.5246128861685421,-0.40659134867194435,0.6497242228730334,0.42598317171509886,0.6704955416755857,0.8165139174690254,1.250436044202394,GSM4171521,Response
-1.1199393524572365,-0.873692254862387,-1.0716091894268451,-1.3468671926071607,-1.1306608087565784,-0.984789861705436,-1.3805504478646657,-1.2974878990163454,-1.3016843839979304,-0.971886344850859,-1.0698933138987776,-1.0536129257482316,-0.8820271869130045,-0.7319280897909348,-1.0728119553304774,-1.4392509151635335,-1.3904088804952128,GSM505550,Non_response
1.3882505820207873,0.625749810745215,1.3699179680057028,0.8559152783624435,0.7515795518352674,0.73049697162891,0.7347481312132673,1.1811756988683382,1.2693241770578203,1.3897283526162232,0.41535759217994733,1.095960833651443,1.0743719812011632,0.8531077408192186,0.7194347526651776,0.8758666977331918,-0.34080127482628564,GSM139546,Non_response
0.7377218537397368,0.7781773190295742,0.5241125808327479,1.1155455192889436,0.9062330859766515,1.2982375227609748,0.8729920399800771,0.5659757065940316,0.40933822474393033,0.6652405975833976,0.9463747467881559,0.3408442597562598,0.881257398034282,0.787647630717575,0.10057189968551228,0.3042902153088426,0.9033121572447461,GSM1875970,Non_response
0.319601087467576,0.10285437616209396,-0.19126645098271364,0.7341729480829511,0.27807129882721693,0.5821254084532729,-0.23478314382401677,0.5516930455577749,0.5257036609199001,1.0420393685946194,-0.06969995323555706,-0.2173044195352069,0.542554495080987,-0.020451116287936083,0.7598023124480892,0.7411355845362391,0.36242374851380776,GSM4171503,Response
0.6608648086599376,2.6546972823882875,1.2395623403396947,-0.30360074443258417,2.1417706296905337,0.3503770112931171,0.999372531865921,0.9531537916693485,1.2649888803268958,1.1607321899663514,2.1403901312765155,1.158880909152935,0.7819565927769329,0.05148157514594775,0.9940883150606782,0.9741732022140632,2.5639752172271555,GSM2811137,Response
0.9271015774454797,0.6064380455348999,0.6782230922122316,1.3044085920164727,1.174767617963514,1.5337334914248564,1.046164662649193,0.9966595540809409,1.447870624010583,1.1467259552620532,1.3033652797974864,1.5529823708788408,1.1170315998419493,0.7713492696969141,0.7797414273906923,0.9554618796586394,1.3921906105872999,GSM1876006,Response
-0.9743229471153417,-0.9768982699532064,-0.9815761629178397,-1.6966011044700646,-1.2259099927162425,-0.9936540185988091,-0.6624174658986367,-1.3255768422018135,-1.3901233764188974,-1.0606141489733774,-0.9985051260413553,-1.0535836857631786,-1.0950583695282994,-0.7439125449395194,-1.067146549713005,-1.5246399520910334,-1.1686929641811785,GSM590863,Non_response
0.08950230449262589,1.3911341745025245,0.9549258825479053,-0.5887033740936733,-0.21168005347693047,1.1122668290436162,-0.07917862364186369,0.6471300545754304,0.9832797920088482,-0.4862554697392537,0.2698676800781257,-0.7516975524362517,0.6786811085145674,2.870467908934935,-0.1724715268900354,1.4622928753914053,-0.2817516008745706,GSM2804965,Response
-1.5824067844958365,-0.755761364820635,-1.6053797472069076,0.31133114359247305,-0.37150833462822347,-1.3750341297677937,-1.5325754950453265,-0.16392543785001643,-0.4627532661468482,0.08212737330810718,-1.115514418487786,-0.8290638561048482,-1.5348111665828248,-1.9133620297676626,-1.0521957608538546,-0.32783981383940314,-1.1470754306267754,GSM1233088,Response
0.544443169877582,0.5641474906015314,0.4651117410575727,0.31994168604586165,0.9685765447263267,0.9702399554584666,0.7763349940306478,0.3802090706068781,0.5178221640034625,0.9085256508886141,1.2987076836046345,0.8573481351119482,1.0868619383848914,0.5427623004482057,0.5163901346572866,-0.2206998439141302,0.8218847227885654,GSM710816,Response
-0.5394517588690078,-0.8881925014368376,-0.860590668641422,-1.1260617860408975,-1.164003209420694,-0.9761248518545687,-1.0554700775828876,-1.285284146701633,-1.1787232424258431,-1.1146541870267053,-1.1448223184577035,-0.2481110189319783,-1.0853018701410968,-0.6309259507338371,-0.9653641428928336,-1.1499360481781966,-0.7903177075949189,GSM508146,Non_response
-0.9513805045538696,-1.1155950678452944,-1.1216438947561413,-0.8038715444775941,-1.170402557640538,-0.9511884847051394,-1.0873461983240102,-1.218905790666172,-1.2903755871635822,-1.016182530839434,-1.2026365542343334,-0.8529210537247883,-1.0984704446054567,-1.1034062302461274,-1.7443138687193942,-0.8626047952809829,-1.1110647274488377,GSM505487,Non_response
0.9308230595191327,0.48361059570187565,0.5946330338176511,0.8413634060825688,1.0145893725647148,0.808597872872842,1.389046888090731,0.8719933647682907,0.633726027912654,1.030921856827382,0.9307250355133238,1.288701338427235,1.5158142574093483,0.6903209137331293,0.8205887558653676,0.4801453776423555,1.3085828870250051,GSM1875963,Response
-1.0066354898239847,-1.1600552515214897,-0.9965586565974117,-1.05616657581411,-1.1530492110965684,-0.9848700181654175,-0.9927306091640049,-1.2220819277251207,-0.8312493721397349,-1.0876024416126866,-1.0740128978507526,-0.7207997997584552,-1.0811887637750368,-0.422181792114408,-1.0322264372725896,-1.3231227978425237,-0.2194549309036991,GSM505372,Non_response
1.8083459957215997,1.5685854616912367,1.8397789864567387,0.6356669687581054,1.0223077391789055,1.0208676028073067,1.4015588260303924,1.1586993875047447,0.9324876485828753,1.0872463073363696,0.9437201840042697,1.3004988320541675,0.8774622626775593,0.9790391237425127,0.46922419094282686,1.4480842451482194,0.0074267391934764605,GSM158222,Response
2.127774177567932,1.2193995823845492,1.5835673689764371,1.3263389127656129,0.7701700980865896,0.9010837931754204,1.5356357419385847,0.9241434962788044,1.3910754011783677,1.2399020466017214,1.1477015646761728,1.2770430815220746,0.8254036282274214,1.0763666953922268,0.631272691018128,1.034504188060651,0.5787838262899262,GSM158214,Non_response
1.5343541210801468,0.828822926647854,1.3560447345944404,0.8215718370360533,0.9371281964317583,0.893321308070533,1.506915660407387,1.5098337514531976,1.281462297582557,1.5788337888721653,0.6802722780340331,1.2640399523196282,1.048651938763004,1.1645793635574977,0.49589143677854874,1.006724528956863,-0.007475726015229118,GSM158212,Non_response
-0.407261422138971,0.8342817258390771,0.6194543188552968,0.03216044752335658,0.08989383663888897,0.7003446730857159,-0.012753263360458693,0.5588105263303212,0.7979823269370647,-0.25697697044283657,0.8578059753336233,0.5485499647162464,0.5417500883591763,1.4693778133972264,0.5257894889258932,0.6151430182274057,0.6688907210204035,GSM2804883,Non_response
-0.6962807601086294,-0.9306092888558938,-1.0504171757026524,-1.6216911464403612,-1.1602496753000493,-0.9271466621833798,-1.195718533384979,-0.8226987339954067,-1.1458702092888964,-0.9910030288911572,-0.9649389807553213,0.09106578846485094,-1.0132812628159669,-0.2705117203571768,-0.6296985375134837,-1.205044889993506,-1.3191684519639768,GSM508106,Non_response
-1.0287461804453721,-0.6204458799696597,-1.0743629426726757,-0.6880624722815681,-1.1544761469225808,-1.1200550195925265,-1.1613095383602845,-1.1610916506287623,-1.0659943286911162,-1.1310549609142684,-1.168223094110758,-0.8675061896510657,-1.151697078982464,-0.4858586569002875,-1.2913323245864368,-1.3222517454425116,-1.147698041965903,GSM505341,Response
-0.08037420652109184,1.0636355055627762,0.7270865395250415,-0.6058458296885282,-0.303303099271928,0.9741789632780412,0.17086202757214725,0.37248315948064126,0.7116590841353224,-0.1972641415173465,-0.09275840747124045,-1.04844504803996,0.6123952554831165,2.5095280562764577,-0.16147575415667395,1.0526632279441572,-0.021313513697756033,GSM2804967,Response
0.5222187353828155,0.23837573854371188,-0.5827044366555408,0.847008908704112,0.605993427130147,0.4087862852988576,-0.16703333751049956,0.3874516793506555,0.4079218570979623,0.8569747704502171,0.09665155696951291,-0.3229305534647529,0.5035945873386368,-0.236047339747721,-0.00924616057141521,0.7804442625580116,0.9221596177140088,GSM4171520,Response
-0.07510722862610587,0.15445302343895673,0.1385116876824428,-1.6846933438375449,0.45787385882939347,0.578363342368765,0.6958348886027178,0.6878659040480435,-0.15862424658179664,0.8259765498278058,-0.14145527819126388,-1.0985801375513626,0.4697625008935363,-0.07969353725789388,0.13113085240758773,0.42856689084020594,-0.24986665496098567,GSM4171577,Non_response
-1.2472291113097962,-0.38536737332338833,-1.7294838020666043,0.5071356043730364,-0.07030601484546271,-1.4416342982772141,-1.3438418787417936,0.008033185948839287,0.12356608833383215,-1.034039377494319,-0.6400444773330919,-0.4853368722596942,-0.5694374714549706,-2.0082520025831045,-0.8275277970022563,-0.6753366369613681,-0.853532698941636,GSM1233089,Non_response
-0.03168055156063083,0.6910595294144579,0.7460563134485859,1.0116458727781035,1.0380759237905473,-0.03328992830106346,0.9287045733407009,0.18084787077679845,-0.4090806487153089,0.8500386090779586,1.2357889455367594,0.6535259380790418,1.066017354399474,0.760817822662424,0.40095642266012693,-0.06970731331279648,1.3334744455100664,GSM710828,Non_response
-1.1722189390360245,-0.9635548363838685,-1.1075460056897293,-1.2064882914871986,-1.083642752981978,-1.015060716635898,-1.367246310334037,-1.2100114527775487,-1.37537220681315,-1.2051477019231576,-1.0660287088245526,-1.0697570812352635,-1.1334125609810264,-0.6569551970475946,-0.9052313036426599,-1.4179263271496891,-1.199587154356999,GSM505595,Non_response
1.7858422304992667,0.5577700345260287,1.5342610266233148,0.9739939684092079,0.6302877602670073,0.8887796075160561,1.513086838346011,1.0689552870735777,0.6327794253091023,1.2864487916479874,1.3650792298060639,0.5014077018897787,0.7183406878335757,1.4633270253613468,2.0675512475360875,1.4778828203589434,0.1709128480896991,GSM158228,Response
0.6268473043041473,0.16978484856998263,1.0113008245144035,0.6353216029735171,1.4418429041833416,1.4424595350099598,0.7520754868578344,1.1653396133398914,0.9923919750332099,0.5932822301108966,0.5930795303756746,0.08437349158147657,0.5028943895372219,-0.3968525296249997,-0.06320848195476382,0.7438997400195135,0.7218206604129562,GSM809229,Response
-0.9729250937270627,-1.239682795387188,-1.050021277228856,-1.712666639751219,-1.2051514390927314,-1.0488409439328203,-1.0837775566529027,-1.2956630723640647,-1.131681837185853,-1.289863274137943,-1.2341390233580716,-0.7575121540569162,-1.2070386547701684,-0.890342661983227,-0.8139429156605598,-1.5335761568264203,-1.0446267645564589,GSM590841,Non_response
1.6156957222150625,1.5782023398322815,1.4861569633198242,0.7764388451399549,0.8422376837990779,1.011253647834659,1.4901855897564313,1.2519498407736331,0.6969418725730465,1.2403632105006852,0.9994280076361899,1.4772899557142571,1.0256416950068368,1.059647544383721,0.4919467096151971,1.1033796824555375,-0.38630100736847117,GSM139605,Non_response
-0.12609051064745974,0.7820590138925508,0.6129768358367091,0.030711198505781453,0.33596353563269354,0.7978453471890506,0.14714462212938825,0.31405720630134587,0.8580885562924573,-0.1827956253147828,0.942877214778046,1.0507965356700508,0.3403121849266616,2.583532967580643,0.33711995083928964,0.7316972054826575,0.6996403375836469,GSM2804912,Response
0.6734963837261214,0.9382322589791581,0.39851158381864515,1.2333403367435791,0.9615385124528284,0.9521870722314346,1.0451271635273238,0.4993432729020705,0.4803165853630548,0.8312811930250568,1.017438056408826,1.235844295178592,1.1836238732247168,0.5944805972854172,1.7697702844398613,0.3120258598335213,1.2493943610604434,GSM1875939,Non_response
-0.8300551648038561,-0.8831511964969073,-0.6265399753765245,-0.6327420084045251,-1.217729294126229,-0.9441616644424122,-0.6997465148338416,-1.1229553130982257,-1.4798379435640558,-0.9524005394345181,-1.0097412223413549,-1.280548831685896,-0.9170988178278968,-0.27746741636017497,-1.0902153159187236,-1.0788603088979298,-1.0977553140816219,GSM508148,Non_response
0.9442593864261322,1.0621374940405912,0.0798028086843698,1.229444949813862,0.6649386031304163,1.2999904211042874,0.6564991193984642,0.9977634206524182,1.4257284736516358,0.9757911451424374,0.7909211485698008,0.5048867577786771,0.9746664470518466,0.5866420958638725,1.2980745394254165,0.6715465432409554,0.866599199648408,GSM1619434,Non_response
0.28721455505961074,0.4360942852994805,-0.06714541068755668,0.3785377237210336,0.751136307643684,0.5113425415486995,1.2435238386093892,0.49387015764831105,0.3184208429893279,0.9222885993470452,0.4755454984806357,-0.1390694615314109,0.7849207920545795,0.39605005215583966,0.4609611097172852,0.5412258822368256,1.816819555835709,GSM1619425,Response
-0.9136182942540512,-1.0855800722103885,-0.9685701112782282,-1.2529457214954225,-1.287466304432265,-0.9760195798343028,-1.2863494509883349,-1.1957761513471867,-1.3492848992463087,-1.1550229253434303,-1.142091892171731,-0.607332154472167,-1.0943397858445711,-0.8283678866935063,-1.0124276501789282,-1.3853172629238604,-1.218052703711698,GSM508064,Non_response
-0.32208616585839284,-1.0217045710915984,-0.871566770769364,-0.29853906286912124,-1.017490890296074,-1.0696270143137496,-0.9960915015361647,-1.2484949936099188,-0.24746937604405486,-1.0160061882945393,-0.8189797576544672,-1.213706424777429,-1.0022104980088467,-0.49368164394367514,-0.36316167632308094,-1.1036903310477084,-0.595721816819643,GSM549291,Non_response
-0.6875704387659203,-1.3862069700182487,-1.1249841445219133,-0.754354570084547,-1.171941366241265,-1.1076531130374085,-1.4724879901165675,-1.127247465653619,-0.6493945280575848,-0.8516312307190246,-1.2450468742932042,-0.6538744047818642,-1.1522323032951067,-0.47866797469669814,-1.078489342413666,-0.8430014267745323,-0.568643850434753,GSM505458,Non_response
0.0884180987009404,-1.483769647121392,-0.9481942332659385,-1.3470379687726657,-1.2288088856173647,-1.060047417582968,-1.093362912003403,-1.2604695754232265,-0.8481388975609101,-1.5001964980147882,-0.9670272909243594,-0.8142983125991474,-1.182799910495123,-0.6626855159662168,-0.20086794307810701,-0.8632653248493595,-0.20964667973530898,GSM505467,Response
-0.22253382540772734,-1.1889143115781058,-0.7493285252687696,-0.8127543651978218,-1.0399415656884892,-0.9741757357963714,-0.910401060230356,-1.2575165097959482,-0.4536094472082683,-0.7457032565977677,-0.6966395154143715,-0.3261969574657855,-1.0648938309741962,-0.28493760490256664,-0.6772126200864285,-0.9175750371934285,-1.014192813722518,GSM549258,Response
0.611419276312178,0.7117337928704066,1.0296218254002552,1.520273384761572,1.0419637906091064,1.1454524280914125,0.960535857794431,0.8838233995022146,0.6581187286835081,0.7636428463301402,1.1321302757060105,0.24019950244641408,1.340630617733658,0.8657784541420587,0.931316087358006,0.8934003838167607,1.750835921257614,GSM1519421,Non_response
0.8682069171633717,0.4444209119750304,0.7847691881689296,0.7299933035131716,0.9260026187365824,0.7137893555172266,1.2478273530448618,0.1861421970170999,-0.046633279526985975,0.7042787850880731,0.8424646428482074,-0.041844911286647614,1.0613503517005916,0.6760759435981056,1.916711051314691,0.3894901025893952,1.3063195636807323,GSM710867,Non_response
0.5455030332974278,0.8272893234888468,0.13958926400817367,0.6407791812108077,0.7443648654227639,1.2039190287759278,0.86607872117974,0.6472931187131581,0.8199014329342119,1.0127263826764648,0.6599475456928764,0.17186824773592468,0.9162619768849138,0.4462671065603569,0.49434152667907155,1.0424578064362355,1.4551499201962201,GSM1619391,Non_response
0.5077945345314895,-0.1279342759692276,0.32755020092957593,1.2127838580807,0.714797406552384,0.729047360318974,0.8205792354896394,0.6844920253928819,-0.24747106571701125,0.9872142218301295,1.1508821661597308,1.3742499964296497,1.0452143103129812,0.4240496337175422,0.6054603354262041,0.36238417246017607,1.0668957842459024,GSM710824,Response
-0.34442933772706336,-1.2855396272080326,-0.9620756240804395,-1.6873152383319454,-1.330998525947797,-0.8687026434718625,-1.021003147446443,-1.0197902035345054,-1.4265081847212717,-0.8559064445277964,-1.144229451252121,-1.509908247643577,-1.1211015980368526,-0.5230306450080979,-1.140567141321892,0.13379693198728965,-0.41392020790969863,GSM508121,Non_response
1.0188094584407688,4.028763802586218,0.4746135960694832,1.0158872722681225,1.5729256555594697,-0.13859563481893672,0.39186195327318607,1.3602863852771132,1.4277202110979226,0.8561224809747576,2.266142360861863,1.3917592493668607,1.2033994299560584,0.08265930421455148,1.0046810272668991,0.6215616998315293,1.894916675271218,GSM2811148,Non_response
-0.8183458588722915,-0.9382006023624355,-0.9875442200412061,-0.8755783035926202,-1.0284962581683887,-0.9163968570331963,-1.0067818101831776,-1.2252335437220956,-1.280598829947669,-0.9111646655963178,-0.973494754630195,-0.21133140444048748,-1.0541130456154564,-0.6372395115463938,-0.9265878643533888,-1.235413093538877,-1.3683349270805218,GSM505582,Non_response
-0.8394116686812836,0.9467074512270628,0.8929129607672389,-0.5660313643685481,-0.19736957718275738,1.029146671709512,0.05376403809494857,0.6455729429962441,0.7988804364153239,-0.21238235843969566,-0.05554601926593478,-0.6892963615954847,0.7447535098979533,-1.0966815965609893,-0.20750452615319911,1.0845747996418742,-0.33200388092003996,GSM2804872,Non_response
0.027480476183063873,1.39602826463779,0.5125718352095572,0.793035687174587,0.676886658707143,0.061534957813963946,-0.3606071815069072,-0.034068536565139376,0.4819068343857329,0.20512107990298378,1.0632560968630664,0.8212584304987378,0.6916617391897061,-0.21118873284557657,2.22793363009625,0.4790254397390861,0.7600522063460883,GSM1875903,Non_response
-0.6458811824587658,-0.8203305554958352,-1.184811493395326,0.2329422276420756,0.0585101359745269,-1.650589766340274,-1.0443023933118984,0.438748624728436,-0.5102854116346417,-1.3187129558553643,-1.1456156625063902,-1.026454294382023,-0.9863341245280727,-1.7403145732984733,-1.4058560663883672,-0.7531743137755739,-1.0109721852283127,GSM1233015,Response
-0.9646118034146028,-1.0811808214921883,-1.0252519893784753,-1.6122965985124975,-1.0400043816620341,-1.0414753037940314,-1.1368277743722928,-1.217843948697254,-1.4450150688531394,-1.0183970812014147,-1.3920158128826063,-1.2046064396696727,-1.0293166450366884,-1.063098900527892,-0.9343157196420191,-1.3976856789937413,-1.4025897297659788,GSM508107,Non_response
-0.8510712061740726,-0.9464138152721338,-1.1409989367910807,-1.2201659823948476,-1.2388690139745675,-1.0357138701952144,-1.1033489888416625,-1.3949231582497075,-1.3438075914396392,-1.3285852461344798,-0.8744728196629658,0.08885484465614188,-1.1787823859106743,-0.7718023337837769,-1.1533871958850588,-1.4460064910272825,-0.9913366700267571,GSM1050648,Response
1.0312555970739248,0.46115492657873686,1.222541512688584,1.3683143950870482,0.8331166838806127,1.1660232616940396,1.5068876285991903,0.594375785545378,0.3247608304467198,1.2462746643364229,1.3001482816200267,1.0617239008279054,1.211681609734437,0.8536736352018349,1.771746095928804,0.9589216468129155,1.3324023804157001,GSM1876003,Non_response
-1.0737723383630113,-0.7061363237947809,-0.8516239628366716,-1.060343590089584,-1.1211591811434194,-0.9639342488052114,-1.0188081091959424,-1.2321191711374782,-1.3449156357569039,-1.1400636265738933,-0.5847819581384488,0.20941254857433508,-1.0796252026675608,-0.39644824351142666,-0.5632773508192377,-1.0200043881852086,-1.0778186421322926,GSM505563,Non_response
-0.3380614624375168,-1.2920984801120046,-0.8483234726024109,-0.6583497483482076,-1.3903353281362865,-0.8081164885813739,-0.4108566858650589,-1.0518707691321654,-0.7007580558954244,-0.6656554839989547,-0.9487162175400979,0.19482051853039783,-1.0733845407318285,-0.5118026092056518,-0.8681599023718395,-0.9627958164813368,-0.874952953469754,GSM505482,Non_response
-0.7737195310538868,-1.074396252251651,-0.8854910210058577,-0.8116682411508624,-1.0940849904654522,-1.0822758695463466,-1.1451343621618244,-1.1311149547613604,-1.0468362187513722,-1.388873462534035,-1.0126671857991094,-1.0507651744711344,-0.9675083493248234,-0.6174806461968855,-1.169668265343704,-1.3350392472901305,-0.8469319988035465,GSM505410,Non_response
0.6124224581143357,0.6876533658936094,0.860114659456589,1.0733926679187846,1.0564634919258096,0.6078832758803507,1.4519740027647092,0.5739235774146412,-0.4568356954078306,0.5993017091225109,0.6784274844883889,0.7257296016291153,1.099459916926991,0.4830476078961181,1.3144914172849267,0.7379145927030873,0.859464739886042,GSM1519434,Non_response
0.022403536594301037,1.231742393840157,0.7472497641306274,-0.5120820817478191,0.08093818019868375,1.0683418604860628,0.018300653421594894,0.6433901477561532,0.7715862707709452,0.0987035656964356,0.15155737961264668,-0.578999770936291,0.681925081852606,3.1112696005380753,-0.18883799920392252,1.4254208462828066,-0.3758441300146308,GSM2805003,Response
-1.367712199997771,-0.6556507369326703,-1.543326948920094,0.5922075449825414,-0.6163277061365028,-1.5893716853781612,-1.6858512299310282,-0.29979487775314856,0.0758061838168463,-0.8061949207986311,-0.7693963459544715,-0.8057066362075954,-1.1134336003463392,-1.806943972195717,-0.7202477397408602,-0.42602422083130026,-1.3824328863066782,GSM1233064,Response
0.6995704849230951,0.697842510779746,0.5388554677968859,1.333319377550218,1.0383282998492218,1.1454093939355368,1.0833226671994698,0.5916669530017946,0.08082707664830328,0.8022536516749724,1.0916814746281862,1.4490612073594082,1.0569457921301662,0.48912787726681267,1.8275217618272275,0.5760700135008543,1.431685925840268,GSM1875938,Non_response
-1.2695266792026743,-0.9860723384313036,-0.8770837342877993,-1.3238434370944314,-0.9954578428266003,-1.0269180180632098,-0.7066265421745198,-1.2574200333817562,-1.2994247506072178,-1.2081616407984759,-0.9414723933911663,-0.8932646133557559,-1.152823164224626,-0.48805944612975377,-1.2221998248664308,-1.5966620238498073,-1.296509124570243,GSM1050582,Response
-0.7994902587835463,-1.0335117679625512,-0.9952832189982137,-0.8980050218042288,-1.1579474076275944,-1.0411880030674723,-0.6231480684322124,-1.2283735458128242,-1.343476497738747,-1.219794635076396,-0.9237649951076321,-1.089347503241547,-1.073949157164674,-0.9256821462196375,-1.3117088478505523,-1.3451551071843881,-0.4430582642375134,GSM505387,Response
0.007779460359895651,0.7894897034512548,0.6607315852571071,0.06869981344605497,0.35757173996418506,0.759571687898875,0.17942502111164793,0.45033995949693917,0.9447182506685167,-0.14320474249018605,1.2697846492516678,1.1321144792777489,0.3972237111922297,1.6572931728300149,0.7377769577439262,0.9223478625577882,1.3335001790979126,GSM2805017,Response
0.554072704703231,0.27828957875374555,0.08221886636136885,1.1986351251645182,0.6855538790662072,1.2478843759228242,0.21679136617401173,1.0663595259987217,1.07360157989327,1.2517158080319417,0.4254471744081396,0.5510852141185179,1.0095628062449231,0.4589228562510072,0.9663176256896165,0.6856651339108405,1.4851087748582692,GSM1619467,Response
1.5344728926855946,0.8174266476588058,1.6082257311341843,-0.34969828785325985,1.0411284959838707,0.8393643800802658,1.6990118970786499,0.9074644383658635,0.8944534703276422,1.4098021109253651,0.6209702867732727,0.92782918683437,1.1147209039561459,0.9345663881825539,0.5771258471293811,0.5445672331990102,0.3112434126018151,GSM158240,Non_response
0.42302051883839914,0.18189289837931677,-0.2203417104766183,0.6959857755734129,0.3896903782440264,0.8764292978284853,-0.09042476547519906,0.8135582142409264,1.0181142190100065,0.9127806343580921,0.008956781277161029,0.13862651873301443,0.6954960647149252,0.05727510217150801,0.3991120021738919,0.6072947444706804,0.6893293220811315,GSM4171528,Response
1.6571350617345115,0.7532205479211209,1.2251963160109176,1.09993583549305,0.9077638526970053,0.7770037722870832,1.1326369839061605,1.4447490368264064,1.1727227188514182,1.495258721615889,0.7892767868802678,1.2111577064025039,1.0146942538636095,1.1724460277962274,0.7188049840110317,1.2645769352190337,0.4189972740934397,GSM158195,Non_response
1.7296966807331768,1.0577221873903755,1.237204324649821,1.0659584532010236,0.8288233631700609,0.7628310697467318,1.2052881169146754,1.470679999327858,1.0827757323337612,1.3874677448410317,0.7444083463984386,1.2087209244358268,1.1940710401387808,0.974598831065161,0.3941555408584693,0.8338491146382081,-0.16131657284716133,GSM158198,Non_response
-0.6540761424343307,-1.115765228668662,-0.8475082933755881,-0.7075974895894953,-1.1808642767819386,-0.9900507390846799,-0.6430944749266028,-1.2513851293827762,-1.487316394028562,-1.0411968795285869,-0.8169446763518882,-0.9906261423321545,-1.0998009399018436,-0.3104564734175673,-1.1671971656376128,-1.0154344680566136,-0.7746494012606885,GSM505526,Non_response
0.32561999799780134,1.1891819192101667,0.7410406916719735,-0.4379496679756914,-0.26105657071412414,0.737278893720079,-0.033553858223177184,0.41186937793275274,0.980955625837023,-0.27470787216251935,-0.528815813406199,-0.28489835140904063,0.6041756678525612,2.890196181709746,-0.05851552680275254,1.3996248244877272,-0.4001639651981934,GSM2804984,Response
0.18598157979682509,0.1405108439703496,-0.5371382821519229,0.4028471001087699,0.2874767887953016,0.2742574516195157,0.7974588273014309,0.4887244456520793,0.39590486800632185,0.8704281303216158,0.19583845994193902,-0.35170463876769475,0.6017567818573192,-0.20091628657587135,0.27007175558586555,0.4962901714659293,0.42699209009815126,GSM4171526,Response
0.2128655286527823,-0.23973744222074672,0.4077870571984369,0.21420578651085512,1.4866967469870682,0.4343481468015831,0.34775422561318936,0.8272364320727583,1.3642092701233204,0.7951878805361869,0.6303737717037236,0.7147770186691939,0.8720069335376227,-0.3441078694187208,0.5789040272054453,0.7076352480676055,1.0218110814825883,GSM809194,Response
0.8204028947131289,0.6145916360476721,0.6586799482696627,1.2483297116814216,1.095707507809727,1.3748382820768899,0.9702308179120945,0.6383526931103906,0.4780830614449159,1.0794392042645458,1.3147905838369511,1.2470904177916469,1.1523500428499305,0.8386218515333197,0.46282115351021297,0.38558854544286625,1.330456170424092,GSM1875944,Non_response
0.7490023514879016,0.8237819341673326,0.9504335192637603,1.3290758634894848,1.2147061881136345,1.2575263988442553,1.1052766505472342,0.6934215080769077,0.4284737144071149,1.0842592051168385,1.3688513075166922,1.1443121042965296,0.8419565852356261,0.6387996945142415,0.3226649147384076,0.6235820151507263,0.8550066174082178,GSM1875945,Response
1.4183659017154744,0.8247892099245456,1.3480781777138418,1.0089639476132481,0.7837971872501034,0.9652739301841253,1.1844586211563983,1.2464223476928213,0.8986542747722935,1.4677841779994494,0.5222382301736335,1.1073522693863473,0.9550611448937232,1.1961786972094506,0.9322297235364813,1.3456399098312912,-0.11120054921156042,GSM158230,Response
-1.0523270647945533,-0.7497024646665792,-1.596238547186988,0.30479535929401474,-0.10446998110266603,-1.477759306700406,-1.286106308535993,0.02945279804963064,-0.0681811626386506,-0.8751235630632388,-0.7575397636705345,-0.5675778248679284,-0.7804170941142434,-1.8673052128260375,-0.5053678574007742,-0.45127380087017355,-0.7072383042977042,GSM1233107,Non_response
-0.6575639808403756,-0.8459362535969793,-1.0973414314808474,0.18525148995102975,-0.41716280012147694,-1.4941903005128603,-1.4428962279990811,-0.4641331476131142,0.02918964873729651,-0.976499837003342,-0.7613179567486635,-1.0064999291679495,-1.0131635539846597,-1.746996395739963,-1.3564700883427183,-0.39406653270258957,-1.4979338807640974,GSM1233068,Response
-2.0795981882611696,0.9832426908566593,0.29629950800478194,1.1790276560495376,0.8145717952711007,0.21003092729606615,-0.7331478774142527,0.3656534357042267,0.2219935609023987,-0.22296361123890462,0.8749272635658044,-1.1905162453200577,0.5332795174953245,-1.4255362392450075,2.200651973707386,0.6140950547456958,-1.2905299761165514,GSM1525220--51,Non_response
-0.9588351114484409,-1.1125549895495332,-0.5159022609235697,-0.8952117229283477,-1.2164517095984724,-0.9800803224508128,-0.5911932075336739,-1.2070937872850518,-0.8517526679304499,-0.9502207409835842,-1.1631093913032369,-1.4012705747557128,-1.0150570566497714,-0.3122445997099269,-1.05928733118139,-0.9411812426618811,-1.1115811486623515,GSM505346,Non_response
-2.0495782711046635,0.8270875599134875,0.31615307704991696,0.8836638171558178,0.5125426887705428,-0.049762838844103645,-0.7327743530736508,-0.08176711728325316,0.21840127574250695,0.0010075394071614046,0.6148209213400925,-1.226801558781075,0.20011962264171182,-1.3755331666182053,0.08277640632415229,0.49633807103621824,-1.448347864549574,GSM1525221--56,Response
0.570478929236553,0.017017149064632784,0.3346233489352815,1.2755146829407416,0.8385128982416743,1.228082577676044,1.2746783035167262,1.1075776999684774,-0.39407491184999305,1.2354582179259177,1.1003730844053807,1.2915196420020605,1.49602703474454,0.7915950846471341,2.1410194729014966,0.5288601984517531,1.9691495878410865,GSM1876011,Response
2.111447891898223,0.3573343909624712,1.539091333845086,1.2851538382632592,0.46228435903350135,0.9454622994650356,1.5816648331598548,1.776867063030626,1.1453226255375362,1.2977618517031435,0.5828737879927807,0.8002290771987323,1.1732604502299804,1.0751851285653118,1.5411920949817475,1.497120832949576,-0.026748229023579605,GSM158254,Non_response
0.3814931934037313,0.08920400807887689,0.6350167771609732,1.3067786227995466,0.7773609707366584,0.75559269094718,0.9421814179144712,0.3418151909283709,-0.12521191035818205,1.110497438680378,1.0779148287619449,-0.9620828739696037,0.8462707929984737,0.3609184605064853,1.4795413743018326,0.43805950165861235,1.6248145824219749,GSM710918,Non_response
0.32131397992546756,-0.35463050822375847,0.6418833645373317,-0.6315376281204546,1.520141853552541,0.9605796925237428,0.2101090095983927,1.073837435378858,1.4588011098208564,0.8461760763379992,0.34046229783109033,0.949345307687653,0.705388651408726,-0.36495861725143147,0.7639266864250883,0.708248491673899,0.9771080644148811,GSM809285,Non_response
1.4931519277821335,0.6340727982551251,1.4187722828640323,0.6013708582330961,0.7178951743681449,1.103986209492323,1.5638921112699817,1.242726081630379,0.8861758516496866,1.4505910923444427,0.15403525763815504,1.0241851457040223,0.9236721286111454,0.8440384847619261,0.5746671598489862,1.3447686119737259,-0.32896688553245534,GSM139629,Response
0.6705406628512607,2.665337129660925,1.2478283404023898,-0.29845596330013563,2.1505135562362288,0.3524956587751103,1.006542243525404,0.9607904479683562,1.272972781734847,1.1689678136874406,2.1494350341383734,1.1694111351755805,0.7885237991978824,0.056541578792977804,1.0018170194521905,0.9837389257573663,2.5746114468797208,GSM7040772--RNA17,Response
0.6076096097435345,0.6441648643601844,0.9458244780208632,1.3266163418271237,0.93503251278275,0.479109548353935,0.9729548869150778,1.523746121656969,1.4086218542266107,0.8699120075278397,0.9642801975719559,0.26910093888068376,0.47129504674082473,-0.13078119087281187,1.8510310921688646,0.9196649392634995,1.6837364311292027,GSM809282,Non_response
-1.1170785565734198,-1.0441305464666606,-0.6211265058393618,-0.5081283780230685,-1.3422070283875833,-1.0484326600640141,-0.6545633732493709,-1.3113599289019353,-1.0754383760664106,-1.2181384723405901,-1.0518009089740952,-0.2929304310665257,-1.1855955836392966,-0.560397706194842,-1.1166747066352234,-1.206226736437951,-1.1203843675881837,GSM1050614,Response
0.1080999900564343,-0.0030119347768758457,-0.4555355441083401,1.0844746070929248,0.6184110657357573,0.9993623691603185,0.11275864476779758,0.5982104348880815,0.36073019882090573,1.0471171783793607,-0.16311532825951056,-0.42333091637584674,0.31978646950671,-0.11872527602001669,0.7985149056892041,0.7205992557561138,0.19408480965111763,GSM4171556,Response
0.5719716824448915,0.6594294554826677,0.33582076493699703,1.192605604853693,0.9429527862400781,1.244550265706269,1.0202023754230645,0.6730281250901289,0.6744417353257839,0.6942940932353416,1.0599347039524278,1.0191400705231706,1.2511986053503925,0.1426158548165248,1.7350846442803702,0.3240083535789106,1.1284229064478324,GSM710928,Non_response
1.8547140010613508,1.0892107690278132,1.6090276796597884,0.6331649102115395,0.7759477597833492,0.8614591615534504,1.409590915708433,1.3055319981733768,0.8635459293412683,1.464328104439701,0.76970113876039,1.3698391123781142,1.178781252190472,1.0052569963922449,1.0080191681882538,1.3269796133036924,0.43940835357601266,GSM158264,Non_response
-0.3286487571347684,-1.2580499436593666,-0.9976198706624207,-1.6564079432200183,-1.4300209816345602,-0.7451351570498915,-0.7986238134442689,-0.769338393614713,-1.3598773132097846,-0.755861910998952,-1.4605228199085514,-1.4353757522786752,-1.0878864861783666,-0.8450846935970985,-0.9082576416184092,-0.12366669653752622,-1.2193124828267774,GSM508055,Non_response
-1.1010878744825587,-0.9850004172433247,-0.9450326653363559,-1.2108091768722251,-1.078969005374082,-1.0379293676693566,-0.924363835746723,-1.1357970457010726,-1.0916220241935306,-1.2561197589976119,-0.8530961806511204,-0.7517188586071366,-1.106706215200805,-0.5574505380744771,-1.0072643518728868,-1.1266027801423049,-0.572619904324019,GSM505535,Response
0.39568040191608095,0.3030623491289577,0.5397050967234666,1.0320481399363544,0.7131140941734265,0.765034596397098,1.1422803966552904,0.6242846931770574,0.9309335742897525,0.8228584635923737,0.6706036844259857,-0.09654012905248145,0.7540019690269822,0.4434981521331275,0.6924926016281616,0.5559658375416602,1.7916454806370437,GSM1619472,Response
0.8177855853774507,0.638570221344035,0.6893131489124614,1.4542305823143564,1.0193829095505367,0.9711341432790368,0.7582287529517096,0.7220603551190985,0.6467105160848623,0.8077802097142889,0.9853282846146847,0.5411347262878143,1.0898309615947772,0.5035445787480789,1.208476784932482,0.4609306550805243,0.8448941617611088,GSM1875908,Non_response
1.5418668135422768,0.40328383786793726,1.3735758081168854,1.2192195870925115,0.9162678869711943,0.5781837855374812,0.9637846528499701,1.110096333881393,1.2544910131424407,1.2424371759479431,0.8738810491211879,1.176335854236673,0.9567526794066712,1.1068731907789453,0.8289779514022076,1.0559897510097287,-0.05661132460262536,GSM139585,Non_response
0.6064474687266495,0.6215873478545623,0.21265670537323206,0.3668479579274664,0.7965082575555874,0.4807079779689801,0.7519627482162886,0.3468954657540024,0.22200103921156214,0.8025451879908397,0.9798267153252692,0.7160617763153657,0.7259009549339989,0.6334656892093122,0.3315241075710747,0.33354738761882247,1.5366679409448156,GSM1519430,Response
-0.8243171954376451,-0.921580038044297,-0.9338403780006116,-1.3149267044236497,-1.072619833807913,-1.0325757656809849,-0.7357477871052985,-1.23303570689408,-1.4470217171326787,-1.2396322400571802,-0.8363377166276984,0.2080789005200938,-1.2215910099512683,-0.6481071689053215,-1.2561248262413633,-1.594052256535236,-0.8538928685276845,GSM1050610,Response
-1.1140342729978847,1.7568618293235132,-1.548159799220111,0.36935938678017916,-0.06594858488193837,-1.8845905472635487,-0.9978442786504116,0.14846142411235694,0.009938617583485323,-1.1011196485448926,-0.9557351172456802,-0.9770919209584071,-0.7314352606343634,-1.8045716903313116,-1.1770216632989756,-0.4657480231349167,-1.3785313370300298,GSM1233129,Response
1.6620224375759425,0.5148696034922028,1.4230065892831658,1.2959454038196125,0.9291626215951427,0.6962063904847062,1.0003141028089446,1.2086466168415886,1.3042234073949261,1.3019659657163432,0.97040136443879,1.2939525777774619,0.9877361757858749,1.1461871905595207,0.9091872975563536,1.0893606300540495,-0.0661305626863774,GSM158235,Non_response
1.634712763180252,2.3635536146049043,1.5586991012532339,1.1771040557620198,0.6138230127406488,0.8852110316054456,1.5267466220138135,1.226263770242841,0.7040999497745676,1.2930753981208944,0.9860962680133902,1.269232314612997,1.0829118610419606,1.2003351385090302,0.41003626283480116,0.9300610875238373,0.07644151866003099,GSM139610,Response
-0.5441164403296371,-0.7035845020031551,-1.5555053538851806,0.305620283992496,-0.6307556224910023,-1.0067178267849755,-0.8091812069701735,-0.16791624632334734,-0.18408240241975912,-0.8792775304760007,-0.6980750234943357,-0.3202485130178855,-1.1728029063884362,-1.9027084543441994,-1.0852602414671857,-0.34407066889745325,-0.7007074496151677,GSM1233031,Non_response
0.19197975410876175,0.013921231176834853,-0.21613712413356395,0.8077494844417931,0.4060384003542937,0.7249157910664245,-0.5400483572511288,0.6852821698132284,0.46300427584237314,0.8585074749909097,-0.07933367054768663,0.19094791750214782,0.5855976110575414,-0.09096445458631744,0.1623135657589575,0.6836338627500289,0.5095096453292622,GSM4171564,Non_response
-0.6808956741071338,-0.9154545098621047,-0.8147201457782205,-0.9199269719224834,-1.1623858973345693,-0.889084541818127,-0.9370051288247142,-1.2148826220504623,-1.185893396450774,-0.9671544235953123,-1.0106369409499554,0.059394645846287335,-0.9821854109789626,-0.49042428648485664,-1.0590456630291036,-1.068702476327957,-0.6142530969946433,GSM508071,Response
0.7102266882266008,0.4126780469958248,0.7495117767473026,1.185343683951421,0.848223875348621,0.8552700611640439,0.9736564176998682,0.6195195525017139,0.5557099319281635,0.799211247420871,0.9341657301287103,1.3022694910876975,1.1664643890311972,0.2501616451867455,1.9690354041519813,0.3276323963374162,1.400761703436752,GSM710898,Response
0.9582965149347177,0.17700866496014944,0.40290711606130136,1.0243600122261611,0.9251604152582108,1.0008738227211407,0.5547680877266196,0.5592317546587413,0.47976107132319135,1.1728481671555173,1.2494280694469784,1.2409679086325662,1.2289631503495448,0.5150767284689323,0.5677679793616457,-0.26486334025055563,1.0235411407471389,GSM710913,Non_response
-0.7035647274438106,-0.97943408488422,-0.989358943037804,-1.5062488875780617,-1.1364203283149066,-1.0159131398060737,-0.8183348631639777,-1.1691058818063338,-1.1351969763626726,-1.233017288530862,-0.8627128363669724,-0.6331408322382889,-1.0732035081799147,-0.6874573798828956,-1.0204506255062697,-1.5951318061468898,-1.1066147718224382,GSM505588,Non_response
-0.8456983587763023,-0.5259089464300486,-0.7537952503013784,-0.8173616792225803,-1.3080660036989216,-0.9875526365836836,-0.23992619312241822,-1.2528032771218722,-1.379152320520884,-0.9956050622261654,-1.0546391392809558,-0.5794402173708721,-1.0025411979655292,-0.3393970576503404,-1.225404174042996,-1.0578891574940277,-1.0722155399166602,GSM508138,Response
-1.1769641929264436,-1.045242533873803,-0.8951120039917415,-0.6224307292330603,-1.2059133828328343,-1.0383409426076504,-0.7164805638318392,-1.2545686257723214,-1.2617291518328808,-1.0145756439871851,-1.1534985958118538,-0.793542549720014,-1.105656257986901,-0.6599691779585991,-1.1130807216476728,-0.9677802526802677,-1.0212616573221878,GSM505381,Non_response
0.5968297710249868,0.8829732938604781,0.4647385401680872,1.182626344254497,0.9705500631259745,0.809929167388448,0.8851681651765388,0.6120312766120568,0.36927453620565476,0.8922928491545539,0.9942749530597316,1.2062124194930839,1.0749176044603468,0.6175727812850043,1.7189629326438176,0.23205771861866206,1.3070247946428544,GSM1875937,Non_response
0.9689796509359953,0.2864494106938167,0.2829257573948584,0.6858584563718363,0.9542402137030835,0.47879635134352744,0.357377003456194,0.5076048617486699,-0.19405860300868252,0.6453115202562766,0.5033166822736264,1.178691526227389,0.6314955755904533,0.12205239155025929,1.3380827357285292,0.33931749620988166,0.23335185740641884,GSM1705401,Response
-0.6283193995184451,-0.8825250319265554,-0.7760093470188169,-0.7759735685930252,-1.1399992124673717,-0.9784106494399359,-1.1162403407179817,-1.3996548829333677,-1.3227862998786415,-0.9802993398930925,-0.6728554090092262,0.2681199608854626,-1.0669153505169509,-0.7496891410575991,-0.7957434397756932,-1.0493587638246769,-0.8398608818921995,GSM505438,Response
0.817370353725492,0.40434305138204224,0.9360940990749829,1.299854919720461,1.253034080783794,0.3404878320132601,0.9469608469955779,0.45093042596588623,-0.1928939407059526,0.8396440122486687,1.1902823682091963,1.3477060287105114,0.8355193969829219,0.40098791146465773,0.5056571071965619,0.39907321861351186,1.475859450665946,GSM1875902,Response
-1.136330162235977,-1.1000270568059487,-1.0353773051809063,-0.7027259288080029,-1.1586996107811092,-1.0406390818794515,-1.3788607380351552,-1.2288748575994115,-1.394571130092044,-1.1277071562019931,-1.192792736475758,-0.941213719366134,-1.1049460496012138,-0.9052881252364342,-1.1112271259889006,-1.2320040979750138,-1.082430426245849,GSM505371,Non_response
-0.7232387431560374,-1.0682096853793903,-0.9290716552304833,-1.4833023086691421,-1.1796710016023033,-1.1060160739412073,-0.4948998144202709,-1.341605575637347,-0.46133017342879246,-1.291229225209758,-1.0545772540508564,-0.8166100391841683,-1.1935238518022258,-0.3769277476110112,-1.4043950844752087,-1.133654645905485,-0.713130545804193,GSM549246,Non_response
0.27305493297301525,1.205402497094727,0.1987016341498934,0.6848116298924832,1.1304766863161442,1.0651960316473155,0.29895081396036094,0.932469406578065,1.626614874757078,0.7108887981229017,0.8269761270412699,0.7384569392505593,0.5922965012938335,-0.1520308571099195,0.47108062283996466,0.7554755250301567,0.8507010407130375,GSM809271,Response
-0.22986254056278072,-0.9879483997284431,-0.5892736441593684,-0.5613884189306906,-1.270448210314401,-0.9227349762280738,-0.14065613201258495,-1.3500901752475822,-0.6808869587144943,-1.271587738183126,-0.8805783734410645,-0.7874442398784547,-1.142215732654888,-0.14304319961694928,-1.2729304796001977,-0.9722925307140671,-0.1090085641903889,GSM1050633,Response
-0.7167244751362514,-0.9313867770029087,-0.8138704640740553,-1.1558502753351354,-1.29733068744534,-0.9565026958076219,-0.26529723379218295,-1.447334422545494,-1.275213542111643,-1.022421712289007,-1.1922011124696503,-0.6257028311121913,-1.2729859339094416,-0.27118475548671045,-1.3231695648752198,-1.241073954671791,-0.9629368723545658,GSM1050622,Response
0.9413098436548938,0.1476059860332069,1.2522602183764053,1.378861387746061,1.8794213817807974,0.7581735114390868,0.8435220095466761,1.1011256977894275,1.5257547828378413,1.025060548885199,1.564901011055828,1.9164568379442133,1.7281965735694642,0.3274663965658309,0.9324138283665047,1.1863816252580255,1.6044742713071223,GSM2811160,Non_response
-0.26519014353231407,-1.2498706964858426,-0.9984968336137982,-0.13933974427484871,-1.2746105891562378,-0.9497087914443231,-0.6797509887874325,-1.2662392662279922,-0.7234458635705051,-0.7595381521379142,-0.29658278024324164,0.5662238428633453,-1.0810888809963999,-0.33066429187029156,-0.027599825142177674,-0.8418094530549147,-0.1910691720907967,GSM505460,Non_response
1.0810440537974362,0.7592811569199767,0.29386485989799876,0.5612825850786606,1.2066110668693286,1.120596114353235,0.618845505924598,1.043667234136064,1.1527217162960581,0.44875794659026436,0.9510429378478299,0.5883762629348153,0.6568184203500697,-0.0189841907235152,0.3839912255643588,0.527696110553425,1.3471394023096168,GSM809256,Response
2.2832067837050056,0.7500095910835483,1.4542869668059932,1.2457080928442519,0.9020680401162327,1.1577075406559114,1.9204367275443444,1.3071319262605603,1.380481657754091,1.1673350269247003,0.7240441068313912,1.1445849971923405,0.9816381865296702,1.1469262031240968,1.2186047651512508,1.3190632538312095,0.7443109964328535,GSM158274,Response
1.708153885026521,1.2268778963878726,1.3679336031988452,0.8766963567607569,0.9190635929400601,1.0964302826999603,1.4411549722854033,1.417298545323563,1.022666517506572,1.4979089680614115,1.087359621618526,1.3594408728952536,1.1327345652547145,1.239159052886035,1.0199454091754845,1.0972511068894533,-0.13316679065112602,GSM158188,Non_response
0.8523815680954502,1.0140510841170907,0.8673861300911953,1.454723401231192,1.1721606359692756,1.1796784796525672,1.287156880989638,0.8171316192608828,-0.2895852656502524,0.9677879114811861,0.9854983449379967,-0.37869027618423573,1.2721660776007764,0.6062857166467056,1.6852207746161036,0.802166785923654,1.0214204100997184,GSM496028,Non_response
-0.34089935256935644,0.9658783893046141,0.6764145877628432,-0.5455720015401111,0.09215875812482514,0.9219790086644095,0.02335234133331486,0.3731113187222539,0.6027196636269223,-0.33109098478902704,0.33251719527273543,-0.23815764923964097,0.513873121886359,2.363020184111619,0.04815060639981772,0.9545033311219528,0.4132906332614857,GSM2805009,Response
0.25504603075873655,0.5676302307296385,0.5398851604369181,1.1296565564301262,0.5283161662895584,0.664301186199964,0.277164898215788,0.6350032962630077,1.0853394103188625,0.2709858115623047,0.6136951525820143,2.3475451461027936,0.35597671783206475,1.540749719150327,0.57424959099554,0.9350692970615208,1.2262335113419343,GSM2804897,Non_response
0.8417597062487244,0.7476229386328672,-0.010655998531514464,0.3824005246305415,0.6375906731256582,0.6649251863334472,0.336115820306206,0.7335913027420609,1.1776498959705448,0.8790050191476231,0.2484883144320111,0.2894437088336291,0.6086657851268298,0.37409323102754605,0.8125572016607268,0.42616697849681745,0.6519278804492588,GSM1619432,Non_response
0.41785255559975043,0.29774846877613936,0.11720934946051743,1.2651868818423584,0.6613020510219074,1.1231583395789873,0.684664767011144,1.055379315136658,0.5804123368257195,1.3428353072358996,0.5889472761717074,-0.15002330244854528,0.8737822212733324,0.2658651138129677,0.8287122845285188,0.8614573904111902,0.9493035867998834,GSM1619406,Non_response
-0.7049457636930655,-0.9358278425827486,-0.9817657309031295,-0.5790981328071478,-1.2062389168819314,-0.9487983507526362,-1.4208785445383698,-1.1929195965541102,-0.8204094277967459,-0.7714942987419332,-1.0261533584185933,-0.1160220840302225,-1.041149926703842,-0.5821468666643148,0.02575420057285573,-1.2544522165421936,-1.1922712076692499,GSM508104,Response
0.3529519110704224,1.5441786935132507,0.1283699860797168,0.45214114939628297,1.1470992534449296,1.0478687539350549,0.4925491359491173,0.7643841916892914,1.1153157998296501,0.6717851802379697,1.0499406440507117,0.9022764831015132,0.81397054930683,-0.101884776679013,0.7233359897943632,0.5185600170427467,0.8240855665476468,GSM809238,Response
0.9925822607835154,-0.1632403160725717,0.3094252812301904,0.5270591563501218,0.8989352774737988,0.9881127442156933,0.8085361295774146,0.5188388299922979,0.6597095647552236,0.8981225261009377,0.6354070453624263,-0.3817692312211365,0.8231644103222608,0.32503701451067396,1.550330867740193,1.046520719898534,1.6635843370474181,GSM1619441,Response
0.521901306432996,-0.4184788963119326,1.0709324552628898,-0.018675688770129182,0.7214643068429338,0.4119071999521767,0.7024621668602103,-0.07896329212886827,-0.20562077399723858,-0.492426249078038,-0.11007444080122915,-1.4843798873868508,0.4115255152039659,0.27664815214590266,-0.9415104268263624,1.9920013562051737,0.3633904220406101,GSM2193355--4,Non_response
0.29673410684546986,1.0087946317371697,0.0049893550519293116,0.7301200982106314,0.34791783970534884,0.7622650646544038,-0.198980277657805,0.6318267605777156,0.695074551991979,0.9183907169282909,-0.012835136118539345,-0.27099651289787297,0.4482692753613268,-0.07294941824870724,0.3817297735002052,0.6387127032373591,0.4857436579539789,GSM4171501,Non_response
-2.0404952871662347,-0.6926325238855513,-0.9858492438525227,0.8016138798107252,-0.5996265773647074,-1.6498000557774328,-1.6668146405300106,0.3083941179150839,0.09472419480354963,-1.8027767718386312,-0.9442077162830242,-0.4888218593567305,-1.3221385317943903,-1.8061783462063665,-1.198663392952116,-0.36736402947860824,-1.5738905143010955,GSM1233051,Non_response
-0.9705362962000511,-1.0607230638593914,-0.9250765284366317,-1.455814791447132,-1.290096597289205,-0.9873771298415112,-0.8196392344060951,-1.2332421682687373,-1.422519124034223,-0.8914720963928624,-1.343140807187486,-1.22961370866029,-1.0338781840311109,-0.4522386352929994,-0.8009700232783757,-1.5190686804829554,-1.4841805457847572,GSM508027,Non_response
-0.7436272449858229,-0.7030895803650269,-0.8325156984962072,-1.201673372897899,-1.370755999365385,-0.6791366643782322,-0.7316966293852889,-1.2175435634705982,-1.388471025744862,-0.9352084439006034,-1.1547562201881025,-0.816894811218457,-0.8675258072724427,-0.6510542221620549,-0.46133598598411113,-1.5924713069310874,-1.1060579827604655,GSM1050649,Non_response
-0.7762369150387122,-0.8429231531447356,-0.893664280539384,-1.3677261066528126,-1.0678229729414253,-1.0516794198755643,-1.1363576935788045,-1.1983042418082688,0.21797052068181028,-1.1130459650867204,-1.0381470602631746,-0.5441823770737291,-1.0070513878293965,-0.3178421543640369,-0.8898980524167647,-1.4409306165587803,-1.0266937777367764,GSM549281,Non_response
-1.3598890248755862,-0.505679373838889,-1.5566219817542977,0.22676477103128165,-0.6541838761368736,-1.538978822007112,-1.575964352872959,-0.3793571080030348,-0.34194583143135104,-1.084304467195527,-1.2295513599398393,-0.35000900820396313,-0.7817328941082227,-1.8402777429979862,-1.1335784770216397,-0.3310098603532751,-1.033335438732536,GSM1233115,Response
1.2464876882050984,0.4731136457779237,0.4430154905755192,1.1616336326159333,0.9308065717637887,1.4556192765283713,0.7400617747185488,0.6739953849631658,1.4090327897451789,1.1027385093822806,1.0526027604864339,1.1147975442295486,1.0798199113001121,0.7486565769599199,0.6804970230398621,0.6019613769718374,1.0072547544804789,GSM1875993,Non_response
0.02872499445173877,1.019979986833811,0.7382788093248484,-0.7693244680826086,-0.20217211779901267,0.9590314122279241,0.17687009088208483,0.371142186464096,0.6230232913279009,-0.3216570205903452,-0.18149808754537983,-0.5678475736907194,0.5192625440804141,2.79362409535039,-0.3096416802419082,0.7853489549750522,0.07876126919674668,GSM2804850,Non_response
-0.3992398286252809,-1.1332449025521971,-0.3633377296202979,-1.4887148168391127,-1.1404663626430231,-0.9143861073348447,-0.41802406590160085,-1.3197288603205088,-0.3513949657652264,-0.8934657460970944,-0.37084384776491014,-0.5078134111458346,-0.9969397174002108,-0.2829071587919791,-1.0501293021855589,-0.9639014393573389,-0.1892465259716009,GSM549252,Response
-0.7748367071068594,-1.017478760122524,-1.0804739222725637,-1.0177120353912288,-1.220258716117143,-0.9679445073133961,-1.145633544043377,-1.1209116786737465,-1.3700514190703328,-1.0541338660391453,-1.2959021433335336,-1.023733271503905,-1.1573113261697077,-0.5687730563301877,-1.033206245547494,-1.4109363139408544,-1.0345262316958244,GSM505432,Non_response
0.63226386677171,0.26348798351004,0.8062980863149148,1.5123386791023976,1.0623816771676866,1.2626285732961786,1.4000189104791603,0.7969808512321624,0.34824632148096923,0.9859597487551216,1.42083374452265,1.9038411478590624,1.315391052654124,0.9486355316421702,1.170295712228197,0.2565003681030085,1.071234844314383,GSM1876012,Response
-1.0967195170358108,-0.9793386011471292,-0.9298342775294338,-0.3159904148060083,-1.1682241893741774,-0.9385097106351111,-0.7393935553837352,-1.1997375885379666,-1.3680751895365346,-1.363332288665602,-1.0291576569666132,-0.6530379757219786,-0.8692748312812165,-0.42251811589145655,-0.9311671662709455,-1.5797329876942836,-0.919013102022926,GSM1050587,Non_response
1.5565586043661412,0.7245843581539028,1.7490909472373906,0.7950685377404738,1.0686749005122766,1.102805540805381,1.477907553366055,1.2267835945642624,0.5439417972933415,1.0171604914910963,0.21879688110984882,1.2743290215421053,0.7968900593206034,0.8062215383968818,0.29873203225359,1.111027960230919,0.5796433393683978,GSM158207,Response
0.3470016565835107,-0.14004001140817277,0.39466033791660465,0.5155248697025296,1.3878628021442863,1.1793480188585126,-0.286942969646486,1.0767156604360937,1.888798674567467,0.7610925514665727,0.529154655614694,0.33539473686480986,0.7520411740915298,-0.3779126982869043,0.7370740251241983,0.7024221439252877,0.6023229655753395,GSM809263,Non_response
-0.22527838903689706,-1.0003380814631435,-0.3828728332329015,-1.1542067390726287,-1.2078847226318183,-0.923829000324487,-0.10792191281397347,-1.1828516388251473,-1.3311052655878683,-0.8652702461671646,-0.7490543765090868,-0.05906451193623728,-1.1026255595962788,-0.6049540209965846,-1.0170952755424347,-0.6942617277740385,-0.8426274121022691,GSM508012,Response
-0.38073829358073047,-1.0093796392694563,-0.8291042890629271,-1.2010952950147962,-1.1847706049024396,-0.8997952312463011,-0.7160565731549263,-1.2281752999902324,-0.4866734157538478,-0.8099643423873154,-0.7821380138039412,-0.3051655825944839,-1.1363443984857056,-0.23068558470594702,-0.991521192362791,-0.9606135379606825,-0.7499719359152743,GSM750744,Non_response
1.220949377446342,0.6788037347003595,1.2283130443923498,1.436228655777715,1.1569112445390972,1.0453673894288786,1.1115448710742146,0.20756041605186762,-0.21771365475657234,0.9968034510614118,0.9875702410149615,1.4553236600253279,1.336013169577623,0.44948398850394405,1.744586442791312,0.8163145601958145,1.316907908972809,GSM1875967,Non_response
-0.5166594578136184,-0.8474791622200745,-1.0721331465377062,-1.1681577919342079,-1.1895535097099503,-0.9208954687499747,-1.244489034696164,-1.1535434577984172,-0.8614670557306772,-0.9113196097495198,-0.962994884974658,-0.016141448553081493,-1.0335439473249242,-0.2999670841952131,-0.8631628712136904,-1.2725513362339493,-1.0973392847606545,GSM508032,Non_response
-1.1969112129865633,-0.7507066710931256,-1.4984214720111737,0.18440685646011093,-0.521370442415073,-1.0798796831710331,-0.204535449067293,0.08037231872144011,-0.1399238387251164,-1.4287749209489993,-0.7039175116511215,-1.3532756931599497,-1.1051577997387803,-2.005758111752538,-1.3422550286675876,-0.2586502942551359,-1.0925394038200233,GSM1233052,Non_response
0.8574303451314901,0.30327185669620876,-0.09501209456026437,1.4193419939745089,0.7399541970840275,0.8222626587387613,0.22854827277824993,0.7528886554708495,1.3698807580218049,0.8949647951980908,0.5057079671443613,0.5351482570684124,0.8150914075515829,0.4263108955638117,0.9080259710685475,0.5392607396316599,1.098195975079515,GSM1619437,Non_response
0.8078814031972331,0.3519927743285349,0.4453945024185993,1.2334892481122872,1.0238091199883175,0.5583565394424482,0.7592211241773816,0.5120543566594586,0.8838459291672718,1.1343086775135462,1.1512893985996986,1.8259464572051107,1.1299139568502066,0.5146595753408841,1.0779738280679316,0.4042187189810015,1.9103882588581549,GSM1875948,Response
-0.3498617913211168,-1.0036116118467984,-0.38170672923593213,-1.6524795711159317,-1.07476115825376,-0.9741757357963714,-0.658780337637586,-1.2479195946442743,-0.8100885793409862,-1.0117289978337736,-0.8004961548425392,-0.9086738232508637,-0.9870134086888515,-0.38108586869175776,-0.6813692197590179,-1.033046856529824,-0.7412495791990074,GSM549287,Non_response
-0.1334162639255533,-1.1220252406217144,-0.5509416223597453,-1.0326074824005218,-1.3721469538829933,-0.9242383149376493,0.08976183685418603,-1.2007499295678443,-0.24713908836336274,-1.000085538288681,-0.8814433321756147,-1.0126485057617918,-1.1087073785941806,0.12919400710564585,-0.4653557106542947,-1.3907403910333644,-0.29569847024231954,GSM505516,Non_response
-0.8288506156739495,-1.0984713436313012,-0.6398199164166217,-1.6836923860606694,-1.3667191232572056,-1.1584428611919781,-0.46762216278766827,-1.1787453427145065,-1.033507872740779,-0.8221256156227092,-1.2574489477204118,-0.9112608502008616,-1.1982024549769332,-0.46471770454587713,-1.1599328755448723,-0.9815796690122661,-0.6704242986184089,GSM505430,Non_response
-0.16227022489488918,1.2402276590418193,0.8755134931582224,-0.7152035339383618,-0.2880265336253933,0.984724203733233,0.42516690708389504,0.5290883792522945,1.0348840213176853,0.1514540085119998,-0.48216801722920916,-0.9183555503939621,0.5497877110682411,2.6234705724282192,-0.363743837000204,1.686712752081797,-0.3629005685043189,GSM2804940,Non_response
0.9054272532041712,0.3121126433597418,0.7159104211407618,1.2965521416305876,0.4971416603207815,1.012845216397355,1.3118354154142045,0.6222249027646944,-0.3407281431308196,0.9485310586402512,1.633470210763223,0.8147976679637071,1.3977730087212392,0.7286135246235722,1.413918951110619,0.5278356093996345,0.6835908385816778,GSM710811,Response
-0.6382083062705728,-1.0000526224137618,-0.6377788743349269,-1.659146600014235,-1.1928489105082885,-0.8836509064287608,-0.7417354990836852,-1.2385988726407597,-0.6854408203565957,-0.690507253171667,-0.6969172681641822,-0.864655814056007,-1.1262137413371742,-0.026867359172328742,-0.9814935489277129,-0.8351978925670921,-0.5005237050545828,GSM549240,Response
0.5339654525185298,0.5946320071184599,0.029276445501583138,1.3235932748542447,0.8879178433608041,0.7719981221759028,0.95364858243256,0.42723751000557836,0.3008074449263511,0.8063803775126285,0.9708977367762769,1.021666509084649,1.1695638056772817,0.44039130943211635,2.0303526374186576,0.3489023938054685,1.475595367761327,GSM1875929,Response
-1.3467161980260831,-1.2247577302774306,-0.9148075533780389,-0.7107032464414795,-1.1886862290928617,-0.8187908602116523,-1.1247210755877597,-1.1031438808675145,-1.2235290381570785,-0.6847700196576354,-1.2041463160530128,-1.2407181694663412,-1.1030598909655096,-0.8027431913650505,-0.9461559220731075,-0.8024452097655026,-0.9859660602393855,GSM505347,Non_response
-1.195576290607059,-0.971548681471428,-1.412199908525535,0.31940668437999853,-0.08456295995160051,-1.3363414430298464,-1.7629032807034142,0.09167230499020039,0.0705037334700006,-0.9967194479188145,-0.8471178351977959,-0.8677385789091633,-0.9513546951520903,-2.0470888375669425,-1.1342132570270234,-0.2997252020794579,-1.2061426412467628,GSM1233121,Non_response
-1.5640839387259589,-0.6907052432747097,-1.46991449590063,-0.08258760214168906,-0.6726622000694918,-0.9468038141806485,-1.6035373648251978,-0.1916128139260491,-0.6146387495353414,-1.4345783142806203,-0.9486089006063593,-0.0743589191385564,-1.3792621133587293,-2.0220628898476973,-0.7843762473591064,-0.4564094532166893,-1.6005309763885749,GSM1233128,Non_response
0.4309977597401269,1.0636828502149518,0.3523976471675487,1.232214673731957,0.46898470928871183,0.9611241058177948,0.5606210422918082,0.8607687078170939,0.5327058927624336,1.0605375488727844,0.7544691452183605,0.12260468582917367,0.8027853387627181,0.17587404238220158,0.7478746445625284,0.9139058460299406,0.9858591516568512,GSM1619416,Non_response
1.2116001076568401,0.8870280185601738,0.9767435819456547,1.0782873544553175,0.7567962219752076,0.9801441444516753,0.7893184806841569,0.6522955569744563,1.1886346234475103,1.0318052080050355,1.202356644641797,1.3262976798247046,1.1622797634086888,0.8216599027922995,1.6725677426873924,0.04405800704149974,1.4012946189935482,GSM1875942,Response
-0.8232931617560094,-0.9758781664450648,-0.9120005103221681,-1.6277736809680612,-1.1057064686176183,-1.028469686131113,-0.48003080017523236,-1.3106287571165622,-1.2545117714935425,-1.2198010630482854,-1.0687439313619231,-1.049181832210818,-1.0361022298833225,-0.4764262710867307,-1.0732926328920074,-1.1969770158747937,-1.2150630880438273,GSM508031,Non_response
-1.3398502331219664,-1.0146944980163048,-1.0438948773727093,-0.30457614060840754,-1.069291524640762,-1.1347740681128742,-1.3838670388021905,-1.2047438913034045,-1.3057984684082722,-0.9422533182632357,-1.1006477166698563,-1.2914072980439975,-1.0991105305893731,-0.6075661112477847,-0.45558210713156605,-1.4992285683283806,-1.339202219041866,GSM505530,Non_response
0.22000591769409664,0.6617814456250599,0.6111959547266075,0.9377890460385672,1.2590240496309695,0.8190641352165587,-0.5979186378842822,1.0855987566779,1.3453382527071043,0.6497631286939922,0.7103075672792808,0.6075595414988124,0.5438375014244974,-0.3449839570169913,1.017540018987852,0.6430092380572495,0.7724833091267167,GSM809255,Non_response
1.9630749388587956,1.2510340300563754,1.5209589201502995,-0.8615087168434242,0.5538719602824229,1.4018458503183795,1.8167708544060706,1.4128693876016922,1.0310840518102502,1.484242546784404,1.0215643347811756,1.6495307170813418,0.971308146332886,1.2244398840331845,1.7927854308490827,1.1577149767492236,1.7924713868416815,GSM158278,Non_response
0.6312616132316672,0.5228103226205889,0.8603828766254487,1.017047999585303,0.8230953729009864,0.6596309754983196,0.6663623856724079,0.3299245914455107,-0.584664314107548,0.733966581096134,0.7779945674285312,0.9416086396113988,1.0184804649077874,0.5729391741634693,0.46676428571512146,0.18126998530791696,1.0041053239485682,GSM710803,Response
0.9830088266922175,0.9839320362590943,0.17220433463095652,1.0169682438096104,0.8490114784630965,0.7660266778933278,0.5344910919862581,0.6499038657971261,0.6244373666660283,0.8939428174422017,0.7407081152811662,-0.03527070943515172,0.9079068312311964,0.6428980369566687,0.5599139624427069,0.19146992638265767,1.0035870149126682,GSM1619431,Non_response
-0.03254975670654809,0.8768922737783441,0.5374919949130686,-0.18506612234689224,0.20862421941571116,0.7522692414914037,0.10133554454327838,0.33746418046156257,0.7873238735059487,-0.34310458067626703,0.5212841350655877,0.6325722057143051,0.29500099375100325,2.0184522744810227,-0.10298515542027241,0.5133068060755389,0.9196782016059778,GSM2804936,Non_response
-1.133261041292425,-0.9183537862873514,-0.9144893320181664,-1.0290252917925176,-1.1812128161439794,-0.9852854943355397,-1.1682142715390305,-1.2526715994637017,-1.2280235100799217,-1.3003590492007508,-1.2016225588355705,-0.9741052814140357,-1.0446679873778646,-0.887761623144709,-0.5909510854384022,-1.568358023154075,-0.9430262857254225,GSM505419,Response
0.7904903795565379,0.9912385261770019,1.2002956735874355,0.9076788869563244,1.33202742975908,0.830136219772696,1.5658962785372077,0.6572244936343683,-0.21890264821573352,1.0577488575424157,1.2041889920442486,1.7073125401920473,1.1501165517321978,0.5007001093702358,0.9567458968215793,0.8472950257415641,1.5641088862199402,GSM1875960,Non_response
-1.0206741348941135,-0.5392151997117635,-1.2595583778844734,-2.1378904369007996,-0.926094159264228,-1.7636541925861835,-1.6260755050237183,-0.5245486465561887,-0.5485814048250822,-0.8884582642614148,-0.2998182419797181,-0.1895717487327601,-0.9983177792175727,-1.6677280497030589,-0.8121531453951716,-0.3411356374523991,-1.372388668152702,GSM1233145,Response
-0.9912749795288917,0.10174653752309838,0.32312036572046493,-0.5757249265521582,-0.28786887609513045,-0.27228322072514377,-0.5064297462965717,-0.7606471921084161,-0.5976032961338835,-1.2386442035962055,-0.5626922810124004,-1.4974176140311712,-0.949791666804934,-0.9247611000167524,-0.384913388154881,0.19192635971505903,-1.4836321445778136,GSM1619458,Non_response
-1.502973914881495,0.9648305300932256,-1.3699512005270802,0.3046019449691863,0.041730305556113435,-1.1704883415953937,-1.1496396577738413,-0.14418869899498601,-1.3309916655295277,-1.1296675548457964,-0.7146239211519271,-1.0449464426836075,-0.8678536676457552,-1.5199747219652298,-1.274878688659797,-0.475223909333237,-1.2996055713131884,GSM1233037,Non_response
-1.4464103554465693,-1.1251180967419336,-1.007591070223491,-1.5749169503695586,-1.263121226290709,-0.9482702408003513,-0.6252506418221943,-1.1380984565203558,-1.4889348658243025,-0.9422920610480535,-1.1682228063201117,-0.9823349255670467,-1.0961776307772695,-0.6143075413150854,-1.3436179471522558,-1.329290320746055,-0.9156415766963643,GSM1050579,Non_response
0.44867520825247664,0.6344084591635588,1.2971050490727116,1.3089955662663366,1.0767043352929626,0.813410926164902,1.0605793213380665,0.26802613811972326,-0.16444073032834383,1.0889928559176936,1.1763417364014392,-0.7338498804149355,1.0707236939947835,0.5258916936508247,0.24094397638230797,0.4237489333913249,0.9868041334358362,GSM1875954,Response
-0.2522778116077885,0.7644338282529817,0.6807933504012602,0.05736792251305517,0.09340582272964003,0.8298479494912774,-0.029294273111596845,0.4344015924067599,0.9536929168224457,-0.41002072180480414,0.9873550701462408,1.032282071067044,0.45007749586183105,1.6397788634423938,0.808798897760477,0.8826421619759266,0.7664100491923614,GSM2804969,Response
-0.9586045029391363,-0.849706937409309,-0.7578705648067969,-1.0317892527520922,-1.1857509354889617,-1.0000279985993032,-0.35586909384498727,-1.3625965550473143,-1.3862653956328315,-1.222648402366674,-1.1775722010266012,-1.1050536188120463,-1.1664362796793242,-0.5006822563446005,-1.2333307352210667,-1.2878408880467291,-0.7915224709269754,GSM1050644,Response
-0.6888872119517739,-1.0142841648012568,-0.9249169376604801,-0.8948632222797205,-1.1669083705887022,-1.0439719001979066,-0.9994682148067565,-1.371079056006021,-1.2969279439633654,-1.262142981053321,-1.0473613825187134,-0.5768715378285474,-1.2038789221288404,-0.5221118833192131,-1.1197615824205902,-1.8049953351355754,-0.7788124701246012,GSM1050611,Response
-0.15258433988181652,-1.0929515480258327,-0.6954578360149591,-0.5756629101452847,-1.1282872865651759,-0.8904640589549101,-1.0331654690847247,-1.2741592900375363,-0.49461775395533863,-1.0170884451114495,-0.401843916866036,-0.3184079056803525,-1.052415917581639,-0.30612941894122225,-0.6335305049239779,-0.7623921963063055,-0.6470685341406643,GSM549233,Non_response
-0.5051859515503301,-1.0013031801348176,-0.810870113990036,-1.5621760913448104,-1.1654855527707235,-0.990943921393361,-0.8620697438545608,-1.290506187228328,-0.12288567927898791,-1.2060643950911776,-1.3155179439909523,-0.31948618873538526,-1.1011206306571892,-0.6203975661253733,0.1405851558538625,-1.2292359250813687,-0.9841225505943497,GSM508085,Non_response
-0.29145912992922557,0.9179325253207159,0.5585037725128169,-0.16519444328725466,0.24800765587272466,0.9158165260904736,-0.006587704718392064,0.3622888849831315,0.7571582254018078,-0.33362859467916456,0.7916476916530086,0.8746022565032197,0.4471834683868358,1.9636722891244218,0.9037634998061009,0.9453190360032555,0.4945148367649564,GSM2805028,Non_response
0.6458609041155828,1.1323439215311952,1.959659421414988,0.7764222782992887,1.3966402609068356,0.7086289944573876,1.4021285694136887,1.1884432396814053,1.5963226738997272,1.4829547390970632,1.8787333099735888,1.2823125145899683,1.7084405648465149,0.27097152999879415,1.4261906791653205,1.5172693181219745,1.6387609663447493,GSM7040771--RNA16,Response
2.115919834738352,0.9824158170295386,2.417842408585395,0.957085838300501,0.7934150173623383,1.423484647631266,1.696044332662117,1.4791724053829003,0.8987084126831778,1.369600760133391,0.978623204037863,0.9560216282813944,0.9591397018973059,0.9498871105489577,1.4921315104180157,1.9833447752944666,0.8553632328540229,GSM139547,Non_response
0.6990537309669904,-0.07478497137703177,0.7296205878689724,0.9549609382330645,0.7912263592054128,0.965061737807655,1.2779894176082094,0.8596709019933372,0.6955941598410844,1.0890445597986624,0.32654567129496076,-0.5286945421785575,1.0197504514973375,0.4473000778858214,0.33723424549746545,0.9166465175047114,1.2428411342970973,GSM1619446,Non_response
-1.1352440331236229,-0.9192501606173407,-0.8921872458265633,-1.3752954434545699,-1.0782544814310226,-1.0479724575460028,-0.48497737836619603,-1.231292147895241,-1.2961880227765081,-1.1783061685390173,-0.8932125514387528,-0.7641793293552375,-0.9958694099008872,-0.7032123599305209,-1.2361913500333608,-1.5914075964993593,-1.1728779617507024,GSM505602,Non_response
0.7842150924809352,0.581120624839554,0.5746192577222569,1.2532768897758428,1.0158092555483644,1.087422273049002,0.9296529583417401,0.8424034984883904,0.7091265169407263,1.0342957436403506,0.8850259106595676,0.6406328855871768,1.0972872763354957,0.8843351818183385,0.9247035013128314,0.6527165779959513,1.7479521161738776,GSM1875964,Non_response
0.05147106661625524,-1.010680458887695,-0.5307564283793409,-0.3659410516956284,-1.1491140619359113,-1.0279190016103497,-0.44164788052339876,-1.4168661313477444,-1.3175380352382866,-1.1853686076640961,-0.814042187495022,-1.2917671764304473,-1.1801459595498802,-0.07454749146164867,-1.024886727662991,-1.2847475617744852,-0.9640481535355286,GSM1050634,Response
0.8116337588911148,0.5811254333489562,0.9544634655594362,0.5337600912768977,1.1004344123019552,1.2631856395665286,0.6639046194401041,1.0678223674889922,1.272682059045089,0.558314055769409,0.9788900559684152,0.05002877130948796,0.42666581315207286,-0.11067694651500515,1.0824168265858496,0.9131960560029818,1.01263605571196,GSM809231,Response
-0.9882166868108562,-0.7149700178684846,-1.3062043489129125,0.22128459889643173,-0.11076105347285764,-1.5397559849631564,-1.4656215036866551,0.01917996260104046,-0.25114952221287307,-0.8328109999643557,-0.3318081340766747,-0.6009313560091971,-1.1066234087234037,-1.7867058090651455,-1.0834930807590366,-0.742813948015202,-0.8517990955212147,GSM1233019,Non_response
-0.09445877745109993,1.4953120437660674,1.111238102757681,-0.7656957381492677,-0.17456383040858034,1.057485606219803,0.01890366774183802,0.6989730193636762,0.9359570356485729,-0.04981917832965689,-0.35477728475175857,-0.42449906597077497,0.6885439382994604,2.591338958532807,-0.22600828279875976,1.3396325166860596,-0.2227086839028627,GSM2804955,Non_response
0.6049111438560466,0.8569063959427025,-0.11159395033191899,0.8759120463207346,0.895168250744151,0.4751418177111487,-0.0007679673930386916,0.7565921636849485,0.9905226835296519,0.9190831628179125,0.9138924118085691,1.273869568878983,0.8732693073519496,0.3954546169548105,1.2425241015199644,0.26970077875822507,0.6289793953799766,GSM1875911,Response
-0.9608642164169203,-1.0956414044897846,-1.022193167464509,-1.0129678126253185,-1.284116696353385,-0.8902631696098214,-1.170928668425475,-1.2302836690812546,-1.1643245919098184,-1.1863017210119489,-1.2063117601165771,-0.8256117247908321,-1.0823290642780894,-0.9665736101898915,-1.0072536879249827,-1.112248959160587,-1.2700159424664224,GSM508184,Non_response
-1.1404482805632807,-0.9523477617581069,-1.0335610151224808,-1.4868543509492498,-1.1213412502256497,-1.017959135116116,-1.1344684959935483,-1.215748743021376,-1.2842701252285373,-0.6902919416526491,-1.2776438393320053,-1.5834523331228918,-0.9798112262596304,-0.483537603531914,-0.8371561921897048,-1.0481574368438482,-1.375517343852995,GSM508082,Non_response
-1.0260211160730122,-0.9269789833588431,-0.9477233677192781,-1.3085009519804058,-1.0822629112003372,-1.0013498308496431,-1.385987895659866,-1.1796720312678681,-1.3133610576985102,-0.7481335020082573,-0.9973842758950828,-1.112468763893139,-0.9562307743902885,-0.7010018117313189,-1.0001982628202846,-1.5373081164469111,-1.2550835277989891,GSM505556,Non_response
-0.5736109255392567,-1.2335674257607259,-0.3345881757498654,-1.766763631534085,-1.1563273518508117,-0.9551215804417914,-0.8205489904294551,-0.8944108132878957,-1.4901491159810618,-0.8056920510644616,-1.483262521352634,-1.7028361000542676,-1.172788551695487,-0.8780193538144316,-1.316132174855437,-0.8735039902418944,-0.553017274040048,GSM508120,Non_response
-0.4793298721703875,-0.9600640171883387,-0.9272662124894993,-1.0280376706510477,-1.2147142447058075,-0.9556933930060729,-0.9271870276799997,-1.2027219791673456,-0.5830645243282335,-0.9916978407812481,-0.7313178524179443,-0.6765078381411952,-1.0245900035230202,-0.2548467231903213,-0.5838313407911895,-1.3499450478361272,-0.328977266758086,GSM505541,Non_response
1.3493848868405325,0.0859523551878187,1.1463099496145805,1.0169456168730489,1.7842223802449542,0.6418594763098946,0.9511556799682209,0.8129415625469922,0.7812353398095548,0.6732992964443119,1.25470505765655,-0.07404419912583525,0.7011895726589306,0.05927721282175548,1.6044396366051474,1.1325242413449332,1.1811556495018862,GSM809274,Response
0.5839690828815798,-0.6911254179314831,1.3612772493813914,-0.26804941466388676,0.4946999668862173,0.4168439311587498,0.23574225823732134,-0.020891205217190217,-0.23289700962679266,-0.23449791076073992,-0.4683195436415747,-1.843485395970185,0.5034683615364861,0.33582855755978286,-0.9009267216457734,1.9517505142443716,-0.0017829058062369663,GSM2193369--5,Non_response
0.21112015471136447,0.7540511623916984,0.5911741896725897,0.2577470259305832,0.36003974739669486,0.7613192133740961,0.15263022106383,0.37027266049399377,1.130323166001677,-0.2926096127128459,0.37154637232263477,1.1984469249105119,0.3539985994090135,2.205762988279557,0.017831822845136604,0.6063770212375036,1.0817884309757837,GSM2804890,Response
0.0222057039411544,0.9260019519022157,0.667670823199779,-0.37170239096164476,0.3244647242057523,0.9009065722061317,0.12631700221856967,0.46151826346085073,0.9381403261203277,-0.2639741908059604,1.113651268504363,0.7054052306358837,0.5991177833795511,2.094676290650664,1.5613995901278388,1.130107099964358,0.9115833828749713,GSM2805019,Non_response
0.22517018302493738,2.426624935398687,1.0264803565606648,1.295477946963605,1.4657284524138021,-0.05260078617742942,1.1073549344316849,1.1458024095574988,0.929985234270743,0.8129971354763962,2.1648455891163123,0.07064153088680751,1.160040501847006,-0.4187531614296282,0.9359106186499044,1.0336183887550783,1.4038636483852882,GSM7040777--RNA22,Non_response
-0.7946257883880248,-1.0572620234791594,-0.8680078190550193,-0.683463767209428,-1.3600121268459004,-0.982909144200073,-0.8812070150918992,-1.1926881742208915,-0.9403103404216621,-0.8709350881594419,-1.331933563367855,-1.0043489951114857,-1.1064405664936254,-0.3120445884152429,-0.9544051302674161,-1.1854141452281959,-1.2328757903386518,GSM508048,Non_response
-0.999287437111554,-1.1151579099240438,-0.9874229610320502,-1.8929353339842179,-1.3496889825032818,-0.7410115208740445,-0.3471718460744528,-1.1082021878822632,-1.193052216518039,-0.6584750052307838,-1.3220434967652694,-1.2282748579370357,-1.0518056259855546,-0.299636271356395,-0.8066512566706459,-0.5270076523863291,-0.79177950129468,GSM508077,Non_response
-0.7835961535606488,-0.8321245486704951,-0.8141090569908674,-0.5793826597840279,-1.0898684769754827,-0.9173222144889823,-0.6245250799849105,-1.2104662132729063,-1.4817094855832402,-1.0770808933929565,-0.9090206045094321,-1.4018881327291954,-1.1810004250020312,-0.8052830025099783,-1.3229493645560353,-1.1069627640899748,-0.8299436272728876,GSM1050604,Response
-1.22504992114255,-1.060393274190743,-1.0940541842995126,-1.0573422199518236,-1.1465957016475283,-0.9815748832599465,-0.8773281477045655,-1.1606984540207042,-1.0058390227891765,-1.0281900382510398,-1.118940323971059,-0.8261717498483759,-0.9764180956813094,-0.385119054966677,-1.0176990582629615,-1.3756605855686246,-0.8089085905828801,GSM505433,Non_response
0.1042128085648479,0.09546508987563342,0.11372645329410652,-1.3395788480238655,1.1321244236822745,0.5744617016182326,0.7036197779749289,0.9073023929721712,0.7117873173690187,1.1255227708908746,0.33425668965446,0.20285263899548084,0.457574351710701,-0.3909420515229514,1.102540470433146,0.7395902456133764,0.8145500858558159,GSM809241,Non_response
0.9068414094528486,0.8229514865922426,0.32504769717298665,1.111509907666106,0.6801802672165638,1.216368193453981,0.6809719862068216,1.0536900550806447,0.9454771293520718,0.8706018616648757,0.6473621337515868,0.685430128686059,1.0119369854837839,0.40144306245908035,0.7351541695681433,0.7392402995553826,1.1358448609152498,GSM1619450,Non_response
-0.8215793555576894,-0.9799969587612869,-0.9251407769496616,-1.2034835327268452,-1.144159307251464,-1.1103899807647135,-0.7307215960783446,-1.1998851816884313,-1.344181218824988,-1.1098062135339153,-1.0516441902788465,-0.9154314741227325,-1.1063487892708876,-0.27388533520873043,-1.2791740902140756,-1.259333547983125,-1.0923284021844883,GSM505447,Response
1.2259741912649387,0.4941459645897213,0.12316234940413957,0.9290031421708531,0.7351202903553911,1.1701327523010845,0.7502939041904294,0.997403359796234,1.2966030337494212,1.1750253432713305,0.5337793653208521,0.7656075650060334,0.8152074968115078,0.4049565199365492,0.9753368355381853,0.7072616190764051,1.2543235318178363,GSM1619394,Non_response
-2.0981003662622975,0.7785748160264789,0.2385263421476579,0.7909691155126053,0.92473846750901,-0.37500361991030634,-0.8936869275599523,0.0027738147104574393,-0.0483503387696928,-0.03607952923004912,0.7644393568972753,-1.262983907688845,-0.07443135630402178,-1.2889776690060757,2.049060921066824,0.6023805577401664,-1.4576969889119062,GSM1525251--202,Non_response
-0.9678484999069809,-0.7571514702208683,-0.6907072060794397,-1.4137797695518628,-1.1565625467341027,-0.9727709720877871,-0.44585942791370936,-1.2154457836727721,-1.437994933456878,-1.08463947505962,-0.8583783405181813,-0.1965094166332792,-0.8822475263680245,-0.440785454936277,-1.1206599669856416,-1.0541317837394413,-1.3902814826302603,GSM505605,Non_response
1.7850643380044244,1.4418344452309928,1.844660549274698,1.0689696811482643,0.7787769914244104,0.9792190732008175,1.7171903115765217,1.171373343125203,1.1833261743854244,1.2447180976075591,0.9694665710382125,1.3833453460124856,0.9825498014398308,1.0978210729825415,1.1621198595341469,1.062072057872473,1.465565483870185,GSM139631,Non_response
0.42347134810620085,1.4917300744331299,0.9818269406080078,-0.5249511353390649,-0.09717363142841116,0.8386238949752158,0.5832148246351646,0.5244042138543573,1.1816772843558405,-0.06022886048878817,0.06846463527549754,-0.3494903811522511,0.5914779044501454,3.2207269403339724,-0.3192135432947747,1.2270464006769235,-0.20564312720726013,GSM2804938,Non_response
-0.33933431661045144,-1.1659294207414181,-0.9859946656719384,-1.4942398495518068,-1.1305602360124178,-0.8937006457673256,-0.6511187338630312,-1.275777724112638,-1.3083441083063245,-1.1972075978631733,-0.690443227129501,-1.2126645187027214,-1.1203592731353293,-0.49863052827686266,-1.2333798974127843,-0.36648986144450946,-0.6222126738957884,GSM505574,Non_response
0.9464954378807964,1.8092311050790524,1.1191940414108952,1.4947863084701145,1.3807025407879423,0.28636939183524257,1.0931723368122725,1.311151072104273,1.561011882715981,1.2390169878176145,1.822545219871158,0.940949916056802,1.5990052774696302,0.21039965984259665,1.1335409238019736,1.3573664665127103,1.0944418210792843,GSM2811133,Non_response
0.3435199162119912,0.5148420260500167,-0.002705141543629221,1.2808072947516547,0.5560978624473414,0.213707101559381,0.8449119404600457,0.26724499139438546,-0.15522622771231875,0.6646353576683051,0.9484340000759076,0.8685564445544675,0.9333588796329816,-0.008780722773588436,1.8985377775004282,0.17326120637817327,1.5106735844485355,GSM1875923,Response
0.2891104952254797,0.8831353015814553,0.8251708272240632,0.7658807547813972,0.9395557035872912,0.7690441157031788,0.8160162388622169,0.48961711327201124,0.5679818284832235,0.9977125072277605,1.1172000575066547,0.5081652113167805,1.0183901181002628,0.4319310080892349,2.1112689461644263,0.282461729324099,1.2573297207229888,GSM710926,Non_response
0.9604516977051663,0.8206384526845297,1.069316602982959,1.2264431116300907,1.243707211496175,1.3407836433058693,1.300894096664937,0.8856856766677416,0.0882586352047831,0.9383329790456062,1.1533970218282672,2.110782916398945,1.2050784832306818,0.710264214838332,0.5311787804463763,0.9766130066575625,1.6961352425540988,GSM1875979,Non_response
-0.6511593601312659,-0.7006494163613752,-0.8145794833619109,0.1661956383906279,-0.016884058586945912,-1.1606964027505617,-0.6730030447106915,-0.03957212449349764,-0.16391913804706607,-1.1565392628290168,-0.5778807794583547,-0.5523920926212192,-1.0404302882866383,-1.7146676386473376,-1.1572940536451184,-0.5011341277403218,-0.6125896260529845,GSM1232994,Non_response
1.7436834330361324,1.1844112044069117,1.590672477722736,0.5800254951206313,0.9498778619783653,1.086018286989583,1.5606958105038526,1.3874115025345863,0.9244440906731184,1.265045949862506,0.8986243195764146,1.3799544532067132,1.0068316130104578,1.0755224232121456,0.7200554511557706,1.1323317840953673,0.5899037211201759,GSM158284,Response
-0.41845160275970344,-0.4450486955664719,-1.0442827673277315,-1.5882658165715395,-1.1657130270248424,-0.9249608384322329,-1.1474732811433654,-1.260824035743128,-1.33139717112639,-0.6794230553622236,-0.6738151930723933,0.6266980545604058,-1.1569020902020104,-0.8701293522759119,-1.1772510242088479,-0.46723929103675405,-1.0134730564463963,GSM505453,Non_response
-0.00190824129551278,0.6804009710160309,0.4529761342719398,-0.23921067609406754,1.5040115424264928,0.9208363342369295,-0.19500798542492395,0.9605019875370658,1.3277250617088476,0.7295982847885931,0.7806652261293942,0.44432824190901865,0.44645206501131546,-0.23304213207847246,0.5079535930321994,0.6241377024085383,0.14876963240920096,GSM809207,Non_response
-0.9775953009752323,-1.1255779561102197,-0.6696250072656728,-1.1232077598808077,-1.0520476755916086,-1.0114733773582514,-1.0277456369858173,-1.269251566028179,-0.8837452268404037,-1.1253235164498625,-0.796317940767088,-1.4449751895563452,-0.9856445877252664,-0.32734450284310457,-1.0374549612713502,-1.3337559863456812,-1.1418374409973355,GSM549307,Non_response
0.48811043497550294,0.025407334233570764,0.2571111329342971,0.3671740334547246,1.032735146603603,0.9663314327738947,0.1438826310303866,0.9788739899403496,1.3626864968382886,0.9006140566311804,0.4203450698898651,0.7248614290752026,0.6820463217158685,0.1004237603234863,0.6536890218124009,0.7750017505605843,1.0394337246122318,GSM809243,Non_response
1.4069043286129665,-0.13070614659983726,1.1878584058027966,0.1035907599548031,0.7747743203901039,1.5809838269013101,1.2909346787384763,0.9184126016118781,1.0179066143906117,0.7129428096387247,0.44245734756518934,-0.21647192268285212,0.7502266088006165,0.9653167639737184,0.6349482710312662,1.2163191545642142,2.148608005783013,GSM1619418,Response
-1.0857302260083685,-1.0914709085412695,-0.9768073796925716,-1.374443043974331,-1.227906315612249,-1.0399410761109906,-0.762396832860891,-1.224069171691262,-1.3800875849145813,-0.8271855664378365,-1.181813128638245,-1.2108268649859104,-1.0538495356898108,-0.43356745629236143,-0.8297048483726447,-1.5564983504875662,-1.402881512438587,GSM505590,Non_response
-1.0076937208097605,-1.09492149920218,-0.8101699025326304,-1.7380718979247707,-0.9617810682847375,-0.8398259147171868,-0.8744026822904677,-1.291621869491912,-0.7404177665860461,-0.8697659977998144,-0.9443287607709754,-0.9571899709110886,-1.0623944917649744,-0.5924596324755087,-0.8775724085501772,-1.1014616696890318,-1.245031390601981,GSM549294,Non_response
-0.9123059482662299,-0.8311717065803048,-0.889329939786301,-1.400800845694297,-1.006646938204896,-0.9163953486438957,-1.2935634995103567,-1.206255743931709,-1.276420546462545,-1.0780092188842743,-1.1206420265978825,-0.6690115378434863,-0.9418069103024306,-0.5867576403755931,-0.7319277760435691,-1.6182716590637756,-1.2725033953672653,GSM508063,Non_response
-1.1701477765318005,-1.1462158084547023,-0.9166155191549874,-0.5757326701407199,-1.1794644884661625,-0.8980340097970148,-1.0552293052458899,-1.1457390361496114,-0.999142388205658,-0.5692496642831189,-1.0760417745742048,-1.7261404830999165,-1.1476707103522559,-0.5454039380338881,-0.8982202886785204,-0.6587195876435321,-1.3678463273668755,GSM549292,Non_response
-1.882629889676469,0.8768481036734664,0.9296935106680613,0.8538856425427125,0.6683323133737945,0.08021696495567482,-0.7990863262767418,-0.01819641047564194,-0.0812338730360129,-0.004931923000890684,0.9891764197196193,-1.1339456725041281,0.0862153512113599,-1.3409361832896796,1.0892708274187264,0.39988944646973207,-1.438268940312261,GSM1525234--211,Non_response
-1.1011443896253144,-0.9956424358497897,-0.9168084711150026,-1.8995841333078418,-1.0183720619378098,-0.9540809002477048,-1.1240291637345097,-1.1509458249381554,-0.8526085919370466,-0.7839915178321963,-1.063124097420677,-1.4858936403055683,-1.1012702531049343,-0.6807492113924,-1.3541139923492165,-1.016510665219046,-1.263586620831684,GSM549305,Non_response
-1.237040023577704,-1.1052874014127105,-1.0629753414518404,-1.2872703596931117,-1.11591643959859,-1.0265956125661102,-0.6456284199029263,-1.2363018664990766,-1.3874625171942037,-0.34710958408786796,-1.2191263952049753,-1.188394189978319,-0.9497816459540179,-0.44413543184150084,-1.261706660328284,-1.0131134642362496,-0.948956424849295,GSM505441,Non_response
1.0967297639303637,2.028573079079827,0.9947662609957093,1.6029019796982549,1.5284631661973682,0.47046851189612077,0.8895626755183593,1.3639257159122113,1.4619657271171314,1.2107774819554065,1.9050799189122853,0.6353824226997143,1.6293198226858128,0.08945627438371792,0.554353088768363,1.1383185534209486,0.9551358899546124,GSM7040779--RNA25,Non_response
-0.5289803835977834,-1.2377585349559324,-1.1455135205065516,-0.7707709030103802,-1.356664854297337,-0.8352688808992711,-1.2881903022094774,-1.0844843237182138,-1.0352500413940142,-0.797516145499439,-1.1117571116230127,0.4685660576706812,-1.052412195921942,-0.2846000057019423,-0.42576035091543807,-0.9196319832454254,-0.8936974940758952,GSM508179,Response
-1.050256119837324,-0.7034962577717216,-1.7215195256527087,0.7287515064483339,-0.3765087921526196,-1.615528035306721,-1.528648456733104,-0.06011134076968073,-0.32298200917668407,-1.1370104465317055,-0.8012249086069593,-0.3476330937740397,-0.48662223512209446,-1.5705951116853947,-1.2436247713336739,-0.5080403023503172,-1.308546300751511,GSM1233072,Non_response
-1.4270795203174136,-1.2871141092855354,-1.342202516155752,-0.5596943787285062,0.021244319345938817,-1.8780943836259139,-1.6358006663448024,0.19918059758859538,-0.6537947404227773,-1.6385596807501193,-0.5936457258013508,-0.40982407325636344,-1.3646683880662815,-2.058202616421514,-1.0105975990391023,-0.3061975392556126,-1.3736666561447917,GSM1233083,Non_response
-0.1892456430935822,1.1806961490310883,0.8936477073651607,-0.743603984485523,-0.17354964987904054,0.9738254821591532,0.042695412867859155,0.42589695815735584,0.6157409431081121,-0.1924555878990224,-0.2533580578047534,-0.9426097562149508,0.5740987919762048,2.844733427465253,-0.24885273863351282,0.8144252311983805,-0.17547160929842376,GSM2804934,Response
1.0946066186815473,0.4492301208578899,1.258263765809542,0.8025661486932972,1.0446341260920715,1.01703523516474,1.2575458725789237,0.6059823884014356,0.6143445430904482,0.9542220456446528,1.4874805575955825,1.5079262592341938,1.031327563897562,0.7179016050954918,0.12437335976326658,0.7454335613156006,0.9337826098990982,GSM1876016,Response
0.030045324714556218,0.6143078713515242,0.4238005357855926,-0.27318211245380214,0.5243494580692855,1.1276655743474864,0.18198454014039778,0.257398294710176,0.8672199250777913,-0.4347223794720389,0.24550024565932074,1.0547222268178056,0.2196455928633053,2.0351572178130213,-0.11496564210798976,0.5049875633416712,1.0055969802771265,GSM2804893,Non_response
1.4122726908937484,0.5218906941948174,1.3246009107377796,1.0694397205604351,0.6975661716937444,0.9516574626460464,0.7281896307664751,1.2904229603859287,1.3210577768161187,1.366245427498975,0.3649542925000363,1.4498690169098172,1.2312160906672536,1.015132859256266,0.7743547429102488,0.6974365018844448,-0.043631038365946784,GSM139558,Response
-0.0653636509151036,0.7330089231038284,0.7315150986569958,0.5582818391231208,0.30645696332743805,0.7061444881738452,0.2395668866343434,0.4561238373202278,0.8592101856202301,-0.1071461772898236,0.7518011751415594,1.006029508823849,0.34343263004627467,1.8203495121098838,0.49562439002643593,0.6649538757467915,0.8812773433648456,GSM2804925,Non_response
-0.49749655209804666,-1.2620052832402326,-0.7753776325645269,-1.0550639580841776,-1.0673363987932158,-0.8660231879025094,-1.0443545241116516,-1.2661426793765385,-1.29500803219849,-0.9067313359203069,-1.2685058154232702,-0.8293017750645908,-1.2402574757785712,-0.7155189462202662,-1.0674029990014802,-0.6028708702856073,-1.4469381275529587,GSM505476,Non_response
1.518724889090217,1.0633789315465192,1.5505721827652492,0.57205184751363,0.907502462051132,1.0653755044868194,0.8882406008983545,1.2963359885803527,1.050552800071099,1.3741141766368845,0.6599539365924582,1.5788492406431982,1.140600933436648,1.1027319517991878,0.812328663068183,0.670178287225283,0.1025223469669853,GSM158289,Non_response
0.9326120035182347,0.03895237608174594,0.08436773869538534,1.151360083933939,0.6074474473743519,1.1590128550357204,0.5101060297295102,0.8464444411647717,1.0596067238700382,0.8682790744207208,0.8626511966371274,1.058648351876839,1.1000518408522033,0.598369737010232,0.5009574834954116,0.39683705624237875,1.6929504694458832,GSM710809,Response
-0.6635004574992494,-1.0581860013371136,-0.20831279628615784,-0.8985875528563643,-1.259386204046315,-0.898963900930302,-0.3914775391281378,-1.266177576076309,-1.386491644441204,-1.05448679199074,-0.8121149520405325,1.0514185052256875,-1.1020988247334245,-0.5191967295770912,-0.5403218994868728,-1.099661993741279,0.2506551343207246,GSM508160,Non_response
1.1232496293309335,1.0590523225330206,1.2488502405376585,1.3201200660000236,1.1958221466462902,1.0418169049094708,1.4217918107729492,0.5022242518532632,0.6146423260705196,0.954871505665116,1.3127328564487626,1.0076490911288534,1.3144392896935648,0.9100555771245596,0.548327579942286,0.5131490271728487,1.2154922730774396,GSM496017,Non_response
-1.0838111862070232,-1.0448767520526745,-1.0527137480485815,-0.556678216357876,-1.258563253232319,-0.9757530700787231,-0.7882092873147759,-1.2714893789809951,-1.4416787679067522,-0.8950000832261396,-1.0703450308465143,-0.8354951238599365,-1.1576208620780641,-0.6070321051109367,-1.0001199066109827,-1.5319259523915143,-1.0924361980337132,GSM1050636,Non_response
-0.8580581312038099,-1.0048157304965009,-0.8350400418224115,-1.441207396159818,-1.0010743851681476,-0.9663843649500153,-1.234815691373861,-1.233548536919393,-1.2562248212407834,-1.1261294479740251,-1.1810376946088088,-0.5229998607602616,-0.8870259634550389,-0.6407770920349243,-1.0193936614390022,-1.5917491142510025,-1.0231284429988754,GSM508038,Response
0.2828021386366845,-0.4931007429104582,1.4735739702933635,0.7788508637946556,1.2067530223269052,1.3603556198904592,1.4472542891523157,0.4206992675504621,-0.20422757430257626,0.7639622098891719,1.2165501048450633,-0.43779628944858606,0.8307900478121479,1.2653216094896858,0.8636326866270913,0.719871933317677,0.83960595399271,GSM1875899,Non_response
-0.49916316433046737,-1.0842180218736681,-0.796744623278053,-1.0211880701289757,-1.0373579907091453,-1.1843387004696608,-0.9538383609871511,-1.2960217604862445,-0.6750705500849611,-1.3843909023784275,-1.270482323392496,-0.8577366974711167,-1.1029139639851089,-0.9202750182878093,-1.4100082490406867,-1.2436181238172968,-0.2968474629551341,GSM505462,Non_response
-1.1231583931984366,-0.8435979863417085,-1.0626467316012373,-1.2417328120003943,-1.1351018148059933,-1.0504043701174337,-1.213591133839461,-1.220110869218475,-1.384971302833846,-1.2100962050566,-1.053761473736334,-0.6552350750437641,-1.0292040167463807,-0.9848125123941701,-1.1417156744137036,-1.4129100188790669,-1.1858407482235347,GSM505585,Non_response
0.925945923633732,1.8111116303760397,0.0819834825173138,1.6340904121749602,0.00130883517625978,0.6838206715561467,0.8043640736838474,1.31502859100871,1.6573949018781773,1.3930546013365663,2.0579065513582084,0.379505423136924,1.73070613681943,0.15752880286963417,1.515535575969171,1.2826941477340759,-0.21931349799480945,GSM2811146,Non_response
0.10552050799012763,0.34291846996139297,0.7721292924586544,0.9858220634963769,1.351938720327584,0.9769271918163653,-0.42266989016474493,1.0437085374904045,1.5046744448195348,0.7701406793063885,0.5218543489375289,0.6065126309025152,0.7098943058116286,-0.48081442005466185,0.6662592539164619,0.7745034356667012,0.5600266473797538,GSM809262,Non_response
-0.7097886052544548,-0.8762830740969227,-1.662296539837999,0.2517997535538045,-0.17304275033957586,-1.128495838476336,-1.1381050633056171,-0.13450952027201837,0.47907441015174745,-1.0731941328494072,-0.8126915936257112,-0.4862434387163596,-0.6999892364739474,-1.5857675615849836,-0.9863998644066504,-0.39554984714987546,-0.5830726392819767,GSM1233005,Non_response
-1.3248528374853712,-0.760151665720259,-1.7601152903479582,0.18969317576285527,-0.20403508460209194,-1.4246306631189887,-1.2616593345204234,-0.38720090715115685,0.11467062927251977,-1.4110822246713552,-0.9177681816164659,-0.6077678648918307,-0.8862174972030383,-1.9767524664034393,-1.1508774393815615,-0.3572542911672913,-1.0422168879609415,GSM1233091,Non_response
0.10961823165947625,0.07855650944016757,0.030409061654456747,0.9211761157133233,0.6154488735956631,0.5038014593375574,-0.40405876227869497,0.6078024516518119,0.8497404480516957,1.0395929270731596,0.15598664500166798,-0.29971139995201906,0.6602799224051731,0.10807261853371243,0.2673417370794585,0.39440760620295773,0.3583829158777694,GSM4171581,Response
0.2062537673902921,2.7400794873566876,1.3317708853024721,0.1807637007250663,1.2556250237679998,0.3544123081060829,1.1654175120260437,1.0866120021537067,1.6645709091186516,1.2575554321898146,2.2227673110591684,1.1144948324161401,1.2516571375452288,0.5088384380714892,1.3402683121276047,1.0674595257487451,1.5313184506722546,GSM2811126,Non_response
0.9277027417918673,1.1781758585164308,0.37639536895800985,1.1011846965654775,1.0461762334304048,1.1667514669313535,0.212920756219304,0.6182369148134006,0.4829860255161749,0.7186609577855675,0.936343925479788,1.2037054024735943,0.5216663948038529,0.2548639480578943,1.8522714729985854,0.6951746925329129,-0.09312727433937772,GSM1705400,Response
-1.0033075231746666,-1.0035648311730752,-1.116932670779657,-0.9990068538639123,-1.125142362172164,-1.0267569253900617,-1.2851943740102092,-1.2222381871634478,-1.2730238422684155,-1.106406156341011,-1.18375681966021,-0.9746360067532855,-1.102755399389894,-0.8953944370341747,-1.3710886582804844,-1.4840168285868989,-1.1120803871974132,GSM505515,Non_response
-1.0216362736307243,-1.098352418022261,-0.9104982615998759,-1.4030948828077532,-1.100343780770174,-0.8592937497276436,-0.2832291515675675,-1.0609923364527318,-1.3957484680892511,-0.6437906790529635,-1.162036977453276,-1.4054828288020011,-1.0781114183676035,-0.3151676138481842,-1.1030172238158291,-0.892216115776624,-1.1691057302371628,GSM505591,Non_response
0.7376446680539142,0.549794351831646,0.6678920578922308,0.810971664516432,0.7801491988625573,1.0793729538879162,1.0369422255626473,0.6528094258882428,0.2924153049060199,0.8831262500387231,0.700845703542275,1.0856184681318963,0.8451213748200938,0.33485479666980505,1.3915237868499257,0.49560903186658445,1.448107537176182,GSM710886,Response
-0.9453143622496498,-1.091391176948635,-1.0408637700226921,-1.0824617292349468,-1.1457875344758492,-0.8418437982686964,-0.8648883632235681,-1.1125339506851666,-1.3058706578740122,-0.7473323273946524,-0.9688085348306703,-1.0879669829473948,-0.9987721926585064,-0.648734236605533,-1.1324447173266556,-0.5908798656950666,-1.2192423584389132,GSM505519,Non_response
-1.2279156356829133,-1.1215978737784267,-0.8738176279700387,-1.5461696523111041,-1.2510622077285294,-1.09108671579557,-0.28431404824807216,-1.160872769707887,-1.3847238059973372,-0.5994252468367303,-1.2048020509578306,-1.2551961495932469,-1.017206607150068,-0.5929054714788194,-1.3435687027071896,-1.3889743583877594,-1.1222058358081572,GSM505363,Non_response
2.149388751085314,0.9874849175061737,1.7762126081427216,-0.5415100404226285,0.9401290805878276,0.7981979565180232,1.4519577515785795,0.9391039309843747,0.7111708512409806,1.2357239476678983,0.7660791506682084,1.1690349431496159,0.9081412373877638,0.8625695740925364,0.4069341624859201,0.9128831699027736,0.9410487449747609,GSM158216,Response
0.21952532709604294,0.3517012384935486,-0.04226570289962452,0.9304316026095619,0.719261800868032,1.085320190061597,0.4247636695009138,0.481250919347658,0.340416192589096,0.9233534443968303,1.0618852743234413,0.9230272963191747,0.9936591342911467,0.5250807056645729,0.07773368598860862,0.07929849626961878,1.4172637705088305,GSM710801,Response
-0.1427154555197048,0.41099797567193397,0.4810940617872869,-0.004031758878677645,1.2397420836514652,0.8068390427957326,0.6929240848183161,1.0363580261293417,0.7041299401920385,1.0057726987773397,0.7767482304245761,0.48848296538165925,0.6208236032216482,-0.3205887191606482,0.4343676637729577,0.7547825485807133,0.9613867663849275,GSM809249,Non_response
-0.12901034144531767,1.0510636197905041,0.7357333690259167,-0.7565067825677374,-0.1150092354129378,0.9292971573794023,0.22600057589961156,0.35149053150153886,0.6050105403791698,-0.179881332661201,0.05094090945602951,-0.6243221287089185,0.5602810263623815,3.0731774592031775,-0.3277683427431692,0.8356913949180941,-0.1955454816141745,GSM2804907,Response
-0.6135149884148111,-1.072621922700065,-0.8471667009772289,-0.7689475257611189,-1.1199747609102957,-0.7801498586837381,-1.0476425233316213,-1.2371137900376674,-0.5324594114295875,-0.5704832104945872,-0.8443131048233099,-0.06113216849801015,-1.0580645885573585,-0.2862447252592842,-0.5741959932237589,-0.8522725105061937,-0.8884885497974446,GSM549261,Non_response
0.3644084251667198,0.19311570549387183,-0.10276493623720036,1.0646015482821993,0.42126490261309285,0.8894158439955206,-0.021601913610172024,0.6440888343222965,0.698068376916663,1.0488744652731925,0.28434508384931784,0.48264549832463405,0.49234022994675813,0.18916775187723375,0.4498167752939626,0.6487223783748051,1.0722008385711694,GSM4171584,Response
0.9805743175796778,0.2287233482301248,1.4329152528516516,1.1789195943531048,1.024432767924397,1.0252072195053732,1.4057715698147806,0.3830069194185329,-0.10437792951204695,0.7901047757688745,1.2289541907404173,0.38048260753948093,0.9981757182137898,0.699366546982208,1.1264987736488532,0.9575760704863067,1.3867712500695357,GSM1519419,Non_response
0.5433646653182886,1.4551481285471044,0.46429051379982444,1.3013509547738271,0.8521263574546896,0.7771149255811768,0.6970095767996415,0.5899934677821829,-0.08725401698062953,0.8214014139526322,1.3565105143756488,1.3179107304403515,1.1108764686913397,0.3631706690913652,1.5887296861599731,-0.07042485646078048,0.9216150712406976,GSM710806,Response
1.6735480956227586,1.3635299759287831,1.3920592382916361,1.0797049874236109,0.9229708809733563,0.8508282620592266,1.2993930070021062,1.3951100140177177,0.7217047807020764,1.2671563218798931,0.7304103874550846,1.5491512661791413,0.8987299823371478,1.1667579492734852,1.003844558290215,1.2658874382334644,0.04785458337293817,GSM158239,Response
2.1072011505534953,0.8644019092980794,1.7162294348471505,-0.6354123905278486,0.8477318516296726,0.790180497828605,1.4180457376979605,0.8568885818489488,0.5842096479201361,1.1802974723562307,0.7118779289780091,1.083726789643133,0.908365239384026,0.8209006640450677,0.3594815107128103,0.8704645568012571,0.9124403364745315,GSM139566,Response
-1.073672665456406,-1.2507535798071818,-1.1169539515508025,-1.2145542278204646,-1.2264789561138627,-0.9581585528870961,-1.1696677028564673,-1.1784840465573205,-0.5852077944174688,-0.9842304991264617,-1.3871417189640527,-0.7958881236389516,-1.132931504799787,-0.765697199077219,-1.2780828785861618,-0.8028531872859855,-0.729728569038716,GSM505452,Non_response
-0.6907395829154045,-1.0455055071471138,-0.949625001078669,-0.914402095045933,-1.2252806947854447,-1.043365932496313,-1.0589034531755928,-1.3456670373462893,-1.2373690339550991,-1.2921518095845124,-1.0541242376870712,-0.601063686724429,-1.1807620265957588,-0.5491702745756712,-1.1501687444527726,-1.8223459393946146,-0.8085492802727379,GSM590870,Response
0.7072152489627852,0.5085875804978437,1.3703106542985743,0.7722129981481185,0.8749642262088241,0.6349577183988974,1.4654821622686027,0.4822432763720049,0.38542868340995057,1.066875984185027,1.0789962479458977,1.2426240781706217,0.992107336468984,0.7431331567806954,0.7234829533252614,0.697230449586504,1.9569882801744303,GSM1876015,Response
0.4628048592910109,0.6640158894473525,0.17428079223847565,1.3557858177559678,1.170580594933265,0.9354126595246528,0.6714245118237769,0.6033808574811831,0.5282495638262102,1.240733917513581,1.2298251255572412,1.0733371446997118,1.1346801865224754,0.2349929147978408,0.5766748128962783,0.1629704506660453,1.9278590077397302,GSM496023.2,Non_response
-0.7385641197505086,-1.0239166360895118,-1.0160922171625035,-1.0158997127458043,-1.3440755184211628,-0.8681881652617585,-1.0027741995010717,-1.0789116070008755,-1.288076444520498,-0.9994742151766499,-0.8780604384820192,-0.5450775354806199,-1.0047004599647957,-0.22060315595257285,-0.47323160472041925,-1.2081468099529626,-0.2430412990552253,GSM508159,Non_response
-0.14386934326249548,0.7351899394167645,0.8807219509108143,0.41772545039798603,0.5207368085859369,0.7728459559707272,0.4193701513607581,0.45873429892848505,0.8667578956808266,0.2104137634106282,1.5354591568588676,0.8838921617605778,0.4396705199452197,1.792203778604774,0.23186741546837167,1.2501094379487936,0.6604354818915912,GSM2805010,Response
-1.2722287581615148,-0.5267445880314272,-1.802909308876747,0.40992394230150553,0.4336480057574093,-1.7453627879692588,-1.3396488500598471,0.31723658001754707,-0.1332093460119553,-1.1731961327732556,-0.7909119016625966,-0.4272029326103344,-1.0959435034057852,-1.9521193784647024,-1.3280721056019884,-0.4223894669960611,-1.3486167856854487,GSM1232993,Non_response
-0.9666395105114035,-1.0461539855498685,-0.8669223975380212,-0.6152924243573639,-1.0963651253767628,-1.0494769727206008,-0.35450079884243607,-1.2755593313277038,-1.227738367258386,-0.8001349306613817,-1.2524316461474896,-1.2180405915512535,-1.0753537865930638,-0.2388719071647298,-0.8657327535848373,-1.485213323310679,-0.8416799557469847,GSM508153,Non_response
-0.4522684920689464,-1.1352785237261327,-0.5243843552852344,-0.30647020310760853,-1.1885333846789015,-0.8440312915382507,-0.5922990277747352,-1.2084658231501335,-1.2653434682825373,-0.8971986994028961,-1.2372661926744781,-0.7669842006180219,-1.019365297999669,-0.49086683922664237,-0.8670513492065768,-0.4615922332693778,-1.1873674225619948,GSM508105,Response
-0.4068052448411207,-1.0360464775414147,-0.9942937714598387,-1.4824094575970919,-1.2503437112510274,-0.7967136838833885,-1.0957503636447263,-1.1387421596369014,-0.3084733633470172,-0.9252504087984736,-0.826560899430254,0.1090495001160729,-1.1010192169941644,-0.3000652922726915,-0.7269632855119593,-0.26541969750831446,-0.8773866705037779,GSM750746,Response
1.6077419321290678,0.5189790766699023,1.3381383424664806,0.8671745301278242,0.7421007307871426,0.9846035963380841,1.2150930448695714,1.432630437024018,1.5705908973295026,1.3121505962472615,0.41155833291943633,1.6886949124032349,1.132050669755565,1.0438959246037474,0.8474881766607124,0.9958860348276317,-0.146191702595979,GSM139541,Response
-0.8459740038844178,-0.8976246706996608,-0.9408624517004508,-1.3744056382379106,-1.0316430299474604,-1.049106348669469,-0.849518310228387,-1.175269650828046,-1.4204447186281028,-1.04033634855228,-1.0923346963079694,-1.079798395164175,-0.9658031423183904,-0.47575808262369207,-1.1774130051433445,-1.5257015668317937,-1.0703318551479108,GSM508052,Non_response
0.9025248116986778,2.576229045399746,0.9295864115136991,1.371299519057648,1.0440529544459123,0.4840455636706134,0.8692491968971787,1.3755313765399586,1.470206740974343,1.3077539222270078,1.834493641884187,1.0816750461888955,1.725201715279787,0.27884514607884714,1.6266246995303661,1.2098715848900623,0.8683216414273424,GSM2811155,Non_response
1.024121153876019,0.4194157776230151,1.4275863398747304,1.5326052963269852,1.2945312178439823,1.1865817964352168,1.4632202299084125,0.8259551807282287,-0.5452433492111894,1.2016727493934156,1.1206319142221692,1.3151897251888645,1.4651204210078228,0.7716057519438753,1.6837412269816585,1.1289058333561763,1.3929531510959836,GSM1875977,Non_response
-0.49652939010947944,-0.8691419912019477,-1.445447849802437,-1.985127988184373,-0.4826120882073471,-1.6642144262023713,-1.5372116861860872,0.25945440312135987,0.06951010700863265,-0.9016459271737227,-0.7659738292570586,-0.3718126866335884,-1.2045241066395949,-1.969736359996491,-1.232175006633405,-0.34610285663749657,-0.18321596304571766,GSM1233104,Response
-1.792306800791003,0.8580095161230555,0.2557935307034295,0.673944931589254,0.5384584937203907,-0.4810524446416934,-0.7376357359817314,0.22074073701273142,0.6865181740219923,0.0023473598872620644,0.6647902462353233,-1.2632756692025349,0.03918432089170219,-1.4005822702492414,0.6047443633797389,0.33331760920315595,-1.5309865107568124,GSM1525222--64,Response
-0.22595118268073197,1.1166976156486792,0.7672417007545077,-0.5141139236457906,-0.08827803757607296,0.9701339912355895,-0.05299236306229168,0.4219782759720932,0.8279068254356661,-0.3297716239639375,0.585782652527922,0.14796681459329283,0.47202990691479024,2.525509858480397,0.1476996242834587,0.7865803200986918,0.27093530620574335,GSM2804986,Non_response
-0.634903203303558,-1.1319889511696404,-1.0131211072807158,-1.4954023362016673,-1.108569260172789,-1.0612691070029252,-1.30860244990414,-1.3570457835054786,-0.822657166455998,-1.0673986989310191,-1.3640168947813474,-0.38387014844003,-1.1185829640549405,-0.7419913003217586,-0.8652364304444081,-1.5842691794815325,-0.7911589732646596,GSM508017,Non_response
0.665921404198163,0.30347843438358624,1.0299041808270217,1.0967164041350974,0.6778124773228003,0.6249358410711092,1.5278942642118671,0.4149733540611324,-0.01723762943241871,0.7744748867194826,0.7024765945641364,0.47164339704117936,1.066082211747379,0.52620127722004,0.2362758081169017,-0.0754408254881482,0.5412197594859547,GSM710822,Response
0.8000627959532618,0.3570846518252348,0.828116560363426,1.27266353039744,1.0205441500820196,1.256307456648802,1.3043973386087069,0.5715838899976781,-0.09648506813228518,0.878117281697869,1.0469323293706858,1.5171549054308808,1.4451978749441565,0.7883810902247164,0.7358174639564713,0.6195053289357706,1.205763693182752,GSM1875983,Non_response
-0.9104068963568579,-1.0524280374745765,-0.7667233254145353,-0.7991560606444817,-1.257453308879615,-0.9994571817590302,-0.17006686102099508,-1.2005549414908958,-1.4732885283336554,-1.1474211951309856,-0.46583277136523965,-0.711570433013938,-1.1794622783851747,-0.4015324110439705,-1.2485701020288105,-0.789542273962797,0.43296860338160365,GSM505401,Non_response
-0.28280990273071377,-0.7785826747795372,-0.8906948664817619,-0.12683588012131353,-1.2960582068789892,-0.9036657170071497,-0.13247386445538745,-1.3002744649251723,-1.4000836790832267,-1.1021146662194752,-0.949128740151481,-1.0089220972079533,-1.1828747745028534,-0.5222228775730862,-1.0123358116749626,-0.2940409823152495,-0.9077970806322195,GSM1050654,Response
1.8411732000535697,1.2613792802083017,1.4631645335107453,-0.930490840150123,0.4511139159364948,1.3958397117440826,1.7643405682077393,1.3232118225318479,0.9666616205508396,1.4116348878606084,0.9297098706884094,1.569031197748019,0.9474598671523525,1.1744018337377484,1.736383771282521,1.1076319790896285,1.7666447074823362,GSM139628,Non_response
-1.0065431576836434,-1.0010693298916529,-1.035521175967422,-1.3760705778562363,-0.9183692099576803,-0.982438857027858,-1.249108071820566,-1.3062406779601894,-1.034542145797809,-0.836225979180437,-0.7544078596084943,-1.171669777897677,-0.8943502182769802,-0.845645486316799,-0.906642851221669,-1.606640365963768,-0.8229202348941962,GSM505489,Non_response
1.0276035757253525,1.7716135651210776,0.1270084315067261,0.9040814914989161,0.9839965772521342,1.5732643157367905,0.9514581142834805,0.8555972275976005,0.5983605447035564,1.0366288650433535,0.637853048851198,0.4125339343237162,0.9899815111471686,0.5719902284864733,1.0486429089551543,0.9384128033726592,0.6548088041777312,GSM1619473,Non_response
0.2621382424689591,-0.9044442364746389,-0.8538174881581455,-0.8919668846684212,-1.1194954565728288,-0.9216574648600093,-1.2557546328904128,-1.207776239578173,-1.271615451110081,-0.9848412533290751,-0.876092087123346,-1.100538154042855,-0.8782262769745528,-0.4000942904950947,-0.32773503118651337,-1.3939199859421194,-1.2980907825898265,GSM508131,Non_response
0.8606627501528731,0.5738384331251644,0.19074605957243443,0.6839806320340485,0.4671646166789611,0.8923262370448176,0.7626328777572379,0.7178240513348737,1.0263082125044714,0.6199622408328365,0.48397059297009076,0.347972257397892,0.749232441108009,0.36919665783034755,0.6742631214952892,0.43685860548761185,1.2569731377430373,GSM1619402,Non_response
1.3925406402274483,0.7127898661251054,1.7556517440549113,0.8969569504205147,0.744672819591548,1.0283102429874804,1.4874459475746227,1.2872556990674395,0.5895268850240964,1.1866470650843526,0.7747802185610302,1.1550798367335189,0.8896451347350711,1.314729134878476,0.7942729253909929,1.2797061222812576,0.1368904702403916,GSM139626,Response
-0.9275099539038865,-0.7308829528796438,-1.185956043167543,-0.8440034975569564,-1.0934357799330885,-0.9797294670838157,-1.1114209415875724,-0.9994323707684751,-1.2423931646809698,-0.7901118202499864,-0.9011533419688668,0.140496360756315,-1.0888758534432368,-0.3914516996222388,-1.090387354505856,-1.1700239428220394,-1.0344781346353826,GSM505603,Non_response
-1.0663686152169607,-0.6519360140342404,-0.9528053328747474,-1.4103834628992085,-1.2265834892736909,-1.0042568910703598,-1.2279189323802926,-1.2043715764911278,-1.285740917556603,-1.2937080925605131,-1.0050215500614603,-0.1483641814067943,-0.820346479234266,-0.55699258309973,-0.9487070483642892,-1.5612783511999906,-1.2595379330171463,GSM508188,Non_response
1.030517762067023,0.7213064087108648,1.1784195318550872,1.4513880616634764,0.977411802844677,1.039157167104408,1.2117998865231925,0.4765099568369142,0.19971204840788287,0.9275448338242176,0.9835779922502939,0.6490333739266283,1.3619664412831387,0.7051198296981466,1.5928860724986822,0.20188765630636782,1.5174554189512217,GSM1875905,Non_response
0.6938707413979035,0.8426515812671161,0.6032274940138369,0.27337634472566164,0.3202795747244862,1.3355319398533327,1.0228275534244164,0.3370255083185757,0.5915466897723788,0.8492456604466251,0.2894861347833843,-0.3265696542573121,0.21962348331441336,0.03276661647503219,0.0724017459542465,1.3722888457755307,0.49840304568310606,GSM4171514,Response
-1.300922401866705,-0.6169424784596254,-1.2796553289205266,0.42737161433630244,-0.5479841324591634,-1.746358753111375,-1.4405019234089218,0.11035403032711791,-1.0656888231154595,-1.6553299570627578,-1.1787795370249852,-0.462376120598145,-0.26332583231874745,-1.6690791207859996,-1.1125120231806838,-0.5475308003172309,-0.7720950254307035,GSM1233096,Non_response
-0.5468664948272692,-0.9024905136958328,-0.9947802069690228,-1.026537321117994,-1.1482426693455612,-0.9742691736115955,-0.8788548658709209,-1.3137844144584037,-1.2489372143723392,-1.0439421818668009,-0.9219352813472088,-0.8315530927466342,-1.063129697819535,-0.6595967187563165,-0.3548354212149224,-1.2251966345843197,-0.7110584066162979,GSM505584,Response
1.1349047611853829,0.4720935179652191,0.8905005387515316,1.0811564879961009,0.3110649077760888,1.0395487301537265,0.7921727796847717,0.17327659626717942,1.28471409662003,0.6295819350583792,0.5755670584147846,-0.43551713882840803,0.14531609603049633,0.1175777421432877,0.32872873098516864,1.004636406877868,1.3541473248804345,GSM4171522,Response
0.47948488162551234,0.7166018789483749,0.22926265555255612,0.6693210934609689,0.8250728889124572,0.9722889570059534,0.8002993065795275,0.4163177249054272,0.7026204067474376,0.8641016835295433,1.0231015901355753,1.2367170995967354,0.9945552802354934,0.7910295633904525,0.5929885985465158,-0.15775211661700608,0.9247035320712699,GSM710930,Non_response
-0.8728786404225751,-0.7751732371529335,-0.831379359555085,-1.6190174679759264,-1.0961090321833913,-1.0527726184607615,-0.6725275010434748,-1.2810107540233424,-1.3542306707791925,-1.1612017378981512,-0.9620167359380171,-0.0800280936482078,-1.0684969362383492,-0.6225826984405634,-0.9177221953016826,-1.7464049893852571,-0.9083006280919994,GSM1050612,Non_response
0.7574179038332685,-0.8914845200490962,-0.40437038364891265,-1.6207408164180093,-1.2939359992324342,-0.7581102374843603,-0.48436968960758137,-1.306076406590326,-0.283306908757337,-1.018973986614666,-0.78765894981025,-0.33615888422667517,-0.9141689478771308,0.1403191891933951,-0.925821324060908,-1.0034764758653365,-0.3989438102059791,GSM549290,Response
0.8492549279081162,2.1618174651498854,0.8357893020998372,1.323873637647764,1.52298208431507,0.3856958058707732,0.6881440869321798,1.0546795036461687,1.4758553579744624,1.3350538417218576,1.9958966284254822,0.9080335466495416,1.6194876807685494,0.10529405212226271,2.2043693295862994,1.2343733654456737,1.209458357139139,GSM2811123,Non_response
1.188280659566076,1.30412127708229,1.719547497940043,0.8009929808941939,0.7470325874580854,0.8492094684050135,1.685106057580673,1.366812842865692,0.7196473560698803,1.4207277512334033,0.5723977718052168,0.25855883571972305,0.9242440601381348,1.156075579765252,-0.007935177693582153,0.8728756470596861,-0.1339570579687844,GSM139625,Response
2.0003265997255184,1.53589734264567,1.6817096226175705,1.011961131827534,0.644998319033326,1.334286887123283,1.5175901290328349,1.353107404312161,0.9956749778902384,1.223643790536277,0.8580159537175305,1.792067230822604,1.2163474346880876,1.3006407054165163,0.8884598635357353,1.3936773007613317,0.8450957883212552,GSM139617,Response
-0.6311891436096045,-0.8385016028751674,-0.9507681601635178,-1.6793820407671076,-1.2311798143909192,-0.8840544088490073,-1.1348235256150792,-1.171416403241763,-0.4407072740171029,-1.008394782659,-0.7062747265286581,0.21150847586479637,-1.0922301865010762,-0.3561676358474691,-0.6865558202619678,-1.1773916625286875,-1.0037196841539227,GSM549231,Response
-1.0008739874716397,-1.098792147560399,-1.0546749951380971,-1.5272108412201029,-1.2529412889796145,-1.003721724481895,-0.8781697235041434,-1.2095896218124358,-1.1953418539927654,-1.4275369466499106,-0.931014471457442,-0.0058186920463284,-1.1979334735082916,-0.5349885379454328,-1.3661061280067643,-1.5670601143260632,-0.535483393009017,GSM1050624,Non_response
0.747746062940977,0.9583361482923788,0.18883323448901262,0.9173755745715301,0.9607957405040134,0.9027854324601096,0.7486594895310388,1.0141943901358017,0.6386985188330978,1.0017865767710814,0.8483160132205071,1.4502739688381825,1.2394899863823825,0.35853280641122315,1.2978333171633043,0.27202311026270476,1.5661262466252432,GSM710804,Response
-1.1655181818346534,-0.4979124346426527,-1.0262258112615517,-1.3288174033028288,-1.1512190366057087,-1.0733237361607415,-1.1527407761490311,-1.2043924984469672,-1.3238949221236744,-1.3260078428545117,-0.8242432712588954,-0.1164800565358629,-0.8267383977078201,-0.5999342812502965,-0.9717642905696563,-1.6341138320108581,-1.2367201492494293,GSM505533,Non_response
-0.7723551565760389,-0.3818417692655152,-1.4037720275283638,0.2758302758989371,-0.08938256105675133,-1.6114054664776742,-1.7011809402152571,-0.14940550799702698,0.13685388716547078,-1.056036777614032,-0.8585996169208217,-0.576659326379322,-1.0570229578687427,-1.8551602247946668,-0.8383704468988766,-0.35802161067681054,-0.5409320476117514,GSM1233045,Non_response
-0.5416153255688148,-1.0134879081762131,-0.7861324836498451,-0.35028249789404303,-1.2287558252576887,-0.9800341145383115,-0.8508026561067108,-1.201923582396803,-1.2139905588182638,-0.9230383551210123,-1.3755174626863722,-0.9724899486219684,-1.0776778954429374,-0.5586520661003093,-1.0241682638927447,-0.8557306907438683,-1.3698077055655433,GSM508149,Response
0.6888840660145857,0.07578535858034127,0.3824078335906829,1.0446341281834362,0.7644511761543534,0.8825152718787306,0.5807227393620145,0.6242161311822868,0.6305750887154291,0.6757802770449696,1.102920537187695,1.2312766016300423,1.3011295165549006,0.2111560770026529,1.9326647476248342,0.1911370892079243,1.2133601227352833,GSM710841,Non_response
-1.0544394632017933,-0.2581380591985306,-0.8887284767273826,-1.1108060805782651,-1.1243078284241093,-1.0157550028819906,-0.7183901309611221,-1.0674351930153423,-1.328605563952843,-1.0270271869607164,-0.5570117240552226,0.2607297271007565,-0.9619820998428859,-0.3277271811229477,-0.9299104475921591,-1.1344502508296461,-0.705128485813516,GSM505552,Non_response
1.0606799665848508,0.6091995361779539,0.8611831741983917,1.034639935045806,0.9269016612691123,1.5267997105756241,0.713410741031123,0.7657519186346639,1.0459542363782552,0.7900456239916144,1.1194944160399964,1.4380263304727614,1.180913082245662,0.632967441868356,0.2884979437769337,0.47698380294881004,1.0685656907902357,GSM1875997,Non_response
0.32312514841816314,0.39108032476316346,0.23369751569665487,0.9939747617355981,1.0286597497582894,0.5514444255399327,0.6916408884016293,0.35795461312102095,0.023215893478236067,0.645910121541115,1.27718564391553,1.3599041390470548,0.6857443687951402,0.18544842532337358,1.5991957910124932,0.1136231195673634,0.8332141286141382,GSM1875936,Response
1.2638532995331213,0.8108905761008642,0.12213100256124174,0.6500036451035974,1.0942635222041988,1.3215626284883712,-0.057610773113039006,0.9241303548759668,1.722249376412774,1.065910554510273,1.1260293986992393,1.0730313048699271,1.2010261083924165,0.8352781575423214,0.9112310766191984,0.3016610848657231,0.31074544903642476,GSM496018,Non_response
1.5852606968755534,2.005841665277983,1.5582760405447467,0.8537964853198895,0.9141020195045362,1.1515945899299147,1.4715519641909742,1.3655919595137658,0.9609490232315628,1.2508167008866493,1.0358660996796245,1.692459233636562,1.1250197821869343,1.0840831988569315,0.5567632298583047,0.897379534404005,0.34606748838426604,GSM139621,Non_response
-0.39453159406873384,-0.6637394669055846,-1.345222863510966,-0.5153153505413719,-0.7980049079380889,-1.298676829428667,-1.1465276719993145,0.06885889049118954,-0.5451483248000645,-1.0272291218604874,-0.38579736882511967,-0.004140020780805739,-1.4240520166987995,-1.8567444409087128,-0.9039612728599573,-0.360670106316104,-1.7590309530283028,GSM1233038,Non_response
-0.6951303837718685,-1.018924626428042,-0.9765187511226923,-0.6268322907365167,-1.0582469980979403,-1.0450524472635339,-0.9180382251790302,-1.2357975608757976,-1.2578498510130292,-1.1626269166625784,-1.303481061001576,-1.4273442821504643,-1.1363249821335861,-0.47313199859297084,-1.2871918556167656,-1.4471968083801956,-1.0076674157909775,GSM505357,Response
-0.31892575036997306,-1.0327632748980122,-0.6729287491404513,-0.3403369650668388,-1.1709933154431045,-0.9070938873550675,-0.8113244138903388,-1.1601333020850524,-1.3845326242877882,-0.8286656970133391,-1.0807263510740652,-1.3593473179097342,-1.1273039331325942,-0.2330535618536205,-1.2231430022075271,-0.9729639965303757,-1.0320911752792346,GSM508137,Response
-0.9473854078026752,-1.2505057724223683,-1.1192342354850326,-0.7675346068128478,-1.38472544878781,-0.9875204659779346,-0.8694505529756343,-1.153913859748892,-1.120550994936203,-0.6194561608257887,-1.1272067439064435,-1.0869811218679366,-1.0647644845350492,-0.175028397720092,-1.0348159511420676,-1.2783627092146397,-1.1486264547153406,GSM505327,Non_response
0.41112875636391794,1.0421997635409161,0.5449485882901576,0.6510782644887917,1.0568804295776375,1.164614069685933,0.4982966059942924,0.8816602367454962,1.4413436959622723,0.709749346501377,1.0210028123650294,0.7359879107117359,0.5837248446449097,-0.18441619538308743,0.4672746610262074,0.6220948002643009,0.9264673542523668,GSM809192,Response
-0.806048216907913,-1.1353776061219172,-1.123230883866795,-0.965324734594415,-1.2108546960262798,-0.9817189407126512,-1.4807209809702728,-1.2294522430536303,-0.8261823618256249,-0.9064444778773473,-1.1221746516039992,-0.24675923258089316,-1.1392061210162963,-0.7155289206881029,-1.0939807941189157,-1.207623082746048,-1.014882921492813,GSM508125,Non_response
-1.2154779522781858,-0.9120756016940051,-0.8132757369687608,-1.0570877785208006,-1.2837556382037145,-1.0039317917373045,-0.4719352387182619,-1.3819360671797498,-1.476318597548385,-1.0635594230742251,-0.8047000648061776,-1.3815079015541125,-1.1734750484808278,-0.3453030021514755,-1.3245378430812214,-0.7000752532471155,-0.8067327275364167,GSM1050663,Response
1.3729305292000973,0.983703966434813,1.4891245195938483,0.5044610247819765,0.8123775069685855,0.9529018210740585,0.8565936157809803,1.1815444389121919,0.923979712419008,1.3063073857408696,0.5689790063719913,1.4758191655317745,1.140683982019432,1.0465130149425617,0.7449654468793482,0.6170196161835709,0.12656180339112058,GSM139639,Non_response
0.1797769566247703,1.9637736444615839,1.2666465554531654,1.7856543637895885,2.0436108421784014,0.7981724298326867,1.2208787110807746,1.0149292832637589,1.1066789924805471,1.0515845711663416,2.1728947359291895,-0.19668536872412723,1.3615696214743809,0.3249989552204485,1.778256659331391,1.2294692935536689,1.1733864855725602,GSM2811166,Non_response
-2.1041255303236777,1.0888265552467096,0.8556986858215059,0.6306134771086178,1.1951055795323413,0.09875727156411689,-0.6487374137476093,-0.13998927075038914,0.35641117024390234,0.1789268684314804,0.8699530799403175,-0.8841814138512071,0.27604855692580077,-1.3053453290812853,-0.22745854367515095,0.41472905818379396,-1.4218822156558721,GSM1525244--94,Non_response
-0.5404573867573547,-1.204985674852132,-0.9840129225995501,-0.6348844147808714,-1.2564490284197427,-0.985444096576389,-0.9247493719942261,-1.0999050549144915,-1.157297292174995,-0.7309656625328805,-1.3266226274289556,-0.9870405418292395,-1.1257247410543902,-0.37155669143378756,-1.173539773654485,-0.9935152112493671,-1.0050754725677968,GSM505361,Non_response
0.3972211817662346,1.6032672425025927,0.16460005365730504,0.8035220545983099,0.7667338040202063,0.8144536739139605,0.5237787602848456,0.8390631404428042,0.5250467127034111,0.8713979435644937,0.7566344650528997,-0.4279063291768861,0.8661933639355822,0.4118757601779763,0.4841347082882773,0.37297733041062664,0.7191293436083324,GSM1619422,Response
-1.186645749222348,0.6858022067020977,-1.484189928882967,0.5075265865915697,-0.23491352526262596,-0.9088530578643933,-1.4561811293388618,0.11950540838418326,-0.3587374283131721,-0.7746605275814019,-0.8569582856949957,-0.9658937338840378,-0.8728372595551772,-1.81942205622522,-1.2836782182949809,-0.30789937422640085,-0.8895135235412956,GSM1233001,Response
0.07806299518911511,-0.02062991077380947,-0.0032920146993242493,0.8090431221824328,0.4720246745367215,0.5802645546578651,0.5891763312842628,0.5309831946601026,1.4068434288402258,0.8330487041845384,-0.2670418279811783,-0.911569159634684,0.6397018338332106,-0.17347460275165094,0.35017957173925035,0.7848386181396753,0.13887582396452122,GSM4171495,Response
0.054892488824339766,0.6414258783830754,0.7668115731949827,0.16388160954972808,0.4054109736272963,0.6594435040415488,0.20750664732717836,0.3898639620610783,1.7177467647207916,0.3083740506121173,0.7562360284314614,1.760968758676027,0.5259852152862866,1.4655767574654257,0.9124521350933885,0.89396008891633,1.233821376948431,GSM2804854,Response
0.8129731994923055,2.511260058109802,1.1919488273529237,1.173267876211892,1.6262614082339693,0.8154385461750583,1.089651432830948,1.6421489461870509,1.088811845882293,1.3922992675675037,2.1069180209895197,0.10933825105629776,1.3846315595328857,0.21133612827016607,0.8778516166357156,1.413206612666826,1.6426797773152952,GSM2811138,Non_response
0.08353657393836995,0.7238157064125458,0.9421576594928102,0.6569061340987576,0.3360210498845553,0.6270849118251848,0.32172630581786665,0.47723772620345467,1.1848625303177034,0.3112164598874967,0.38891898117235607,2.135667693841284,0.40899044590925004,2.07326576513766,0.23212117616001848,0.8577609863098845,1.0425543358519065,GSM2804904,Response
-0.9884129920265965,-1.1634766157575565,-1.2230843092601327,-0.5287834397033858,-1.1816334059861098,-0.9875723776600276,-1.3119898547069073,-1.1752992172363323,-1.1544916407690027,-0.6878770079195476,-1.1912317489331559,-0.988439289778274,-1.0465092233918125,-0.5372962529271669,-1.2169844945853099,-0.9324004925090653,-1.106174272057078,GSM505354,Non_response
-0.5085103703104251,-0.5197274875985781,-0.4474415643874008,-1.253388295058465,-0.7500963898562379,-0.9746264505507466,-1.2702937394239178,-1.1649815208411105,-0.7250314324575495,-0.7880857629642284,-0.4768814282487914,-1.1250862874201928,-0.7647667176168741,-0.39072015178770786,-1.0444133773770916,-1.5957753881075385,-1.3340340563346036,GSM549273,Non_response
-0.627630486008612,-1.2464847132296935,-1.2015302449844798,-0.6788241043491865,-1.2717946705989833,-0.7871448411400862,-1.2398976679577975,-0.9614939185762017,-0.7514528990150646,-0.7155848824655736,-0.8136216766201533,0.3036259843466748,-1.074850176841315,-0.1881654659608984,-0.5944597473241644,-0.9834772373517793,-0.8144892265186312,GSM505536,Non_response
0.6301319256215853,1.7338492657486726,1.4726808714751676,1.2616049590171088,1.598256905475467,0.4135856611886685,1.118809299840607,1.215591888144836,1.097976465232956,1.069696033291191,2.2840657691542035,0.9030881829173695,1.3349930442573974,0.250887729150732,1.0673150011364299,1.190805499686471,0.9605260246521657,GSM7040787--RNA30,Response
-0.36595132538817693,-1.0200449422474995,-0.6457754927381447,-0.5185670759519894,-1.2832061250482685,-0.9983550651950043,-0.30460709537669706,-1.2017931143213265,-0.7475654879439182,-1.2105649661615814,-1.1168119705696842,-1.0487010421705873,-1.096136512059519,-0.6122139074976406,0.027143699813961083,-1.4500248257992194,-0.8678876289981454,GSM590848,Response
-2.068809338553963,0.5489455892362798,0.4233319029608032,0.6741749154621828,0.8085037794578528,-0.22249381389796982,-0.7601422923661936,-0.169041732129582,-0.4190773111622652,0.13916650789663212,1.0307032041374895,-0.8072556819288705,-0.4355184582127266,-1.3930019270731617,0.44340259173692903,0.5158048378470462,-1.5677693479190011,GSM1525232--209,Non_response
-0.9053251300790001,-1.2695207644480824,-1.055910377326372,-0.9931891380947544,-1.3028271857286833,-0.9650436367593899,-1.5546079397825185,-1.1709730166014378,-0.7398947868661132,-0.9200428488867095,-1.3315122591252921,-0.6212933800759929,-1.122741571229174,-0.80429807371684,-1.1380798279369186,-1.0113653286316386,-0.5664145287249266,GSM508133,Non_response
0.45362866616665326,0.20044417261702793,0.7306713451531491,0.7455973592901383,1.3489674414500603,0.4528548945573353,-0.5053988086676827,1.1741088412656855,1.4389694076518682,0.5420572240838524,0.6856411735849817,0.6583137119851894,0.49500019613224255,-0.01320718650395568,0.801149643856546,0.6479092933020519,0.9758725605218215,GSM809208,Non_response
-1.246688112291142,-0.920754334105983,-1.1486660534331052,-1.2326921137192692,-1.0008890726169786,-0.993009123694484,-1.2211114013002844,-1.1076894615554307,-1.2459205457127827,-0.8271632574388086,-1.1415394120368683,-1.0443972666555106,-1.0897641780382599,-0.6542250113251792,-0.889032826045006,-0.927663281231281,-1.336922204676406,GSM505569,Non_response
-1.9949597249209627,0.8078714113048946,0.4760774938855899,1.2008136435297427,0.8712461633316592,-0.08753107099352281,-0.6599941632311536,0.3083895918091313,-0.04552466182897602,0.4243683271291938,0.9419080012598551,-0.9642520620829751,0.1109591652250813,-1.3641808900359007,0.5597150940468265,0.48539905110969994,-1.5281916208884767,GSM1525230--185,Non_response
0.6366967594746568,0.42497012158264863,0.5942160809831304,1.1957947607985788,0.9209199807519337,0.6063163397640619,0.9281300715927945,0.3177718514880593,0.5812449127766455,0.5712976586908856,0.9662186788261434,-0.31679828868323656,1.3111572315016022,0.45643772246615877,1.5395724819475485,-0.09236250349929702,1.2186054365351509,GSM710829,Non_response
0.8227152221763767,2.521827857466422,1.2001274511566997,1.1798826098960493,1.6353182614922985,0.8213092635050551,1.0968774519852664,1.6506877033748735,1.096625632234572,1.4005888634753914,2.1159974770431873,0.11898800789827468,1.3918880287297788,0.2169964268196178,0.8855094575831245,1.4230749813791692,1.653253752170315,GSM7040773--RNA18,Response
-0.8843346102372639,-0.6955197414263283,-0.7286854139089521,-0.8136294661353934,-1.2298116822544272,-0.9446633145670035,-0.912791856670379,-1.1276635348488964,-0.9747634446519221,-0.8849364148032411,-0.8535927173516208,-0.12696004800648955,-0.9677311289689012,-0.4842142859507525,-0.8038034689195475,-1.2927304699591922,-0.825040677334674,GSM508164,Response
0.25554332882328035,0.8712050253850678,0.5005874287471579,-0.40546115336190597,1.207523973996931,0.7946978042430797,0.4684554131941669,0.9484362635263236,1.5043656056408155,0.6348320192073539,0.8516071624841602,0.7352304381836375,0.7356279157056552,-0.21556902809371836,0.5078075537480852,0.49037765382155835,0.3220450175619249,GSM809219,Non_response
-0.057724890223520293,1.482888006127242,1.270827328733911,-0.668003430811845,-0.21690384852893704,0.8200049126946363,0.16655873157102413,0.6669416010710681,0.9416953179646435,-0.23380204240447733,-0.36611486190476594,-0.1892090160080179,0.8029925193393233,2.9920290208412252,-0.2819219198655403,1.469970241897621,-0.22750670919106644,GSM2804942,Response
0.9117153456817815,0.4729385705891429,0.7454064182055447,1.2448113743871692,0.9224785421527051,1.1084426204229538,1.0015368944717193,0.5726295026332603,0.9043209391019693,0.48685269604333736,1.1149175408282275,1.8065533750061313,0.9716386517140451,0.5188556672383734,0.6698141110158375,0.8154155189837425,1.305513666839685,GSM1875966,Response
1.5297726184428762,0.9516596076595266,1.3718534196527425,1.3215760926243543,0.8968783317342119,0.9343127425486186,1.3406133028171507,1.5333950686402165,1.174426991620297,1.4072051442513915,0.7036098032738253,1.4301176008577081,1.1320526244087672,1.119014090594518,0.8456736811198606,0.7503147845941602,0.2231226806038605,GSM139601,Response
0.29338992834007144,0.1507970822386366,-0.40656621984457875,0.8912547026741999,0.396273185129317,0.8331858088593139,0.18252541723574084,0.5393830507116596,0.8197834227666139,0.9365006435300866,0.03778027023227793,-0.12693565206569046,0.41732991288984617,0.07149635671351473,0.1807345738120909,0.6514052437706207,0.2481608967915589,GSM4171550,Response
-1.0710834906176907,-1.0093409896461254,-1.0169413020482085,-1.3105690852598224,-1.2117328593033114,-1.1119885476514124,-0.9919812224588909,-1.1951981271568102,-1.1720630583546647,-1.344172707973564,-1.285863804430113,-0.7876525438987646,-0.9550664492447267,-0.9487311919136132,-0.8036059769068225,-1.17924432256274,-1.3322095770113265,GSM505414,Non_response
0.7647931895469743,0.4752360671760759,0.7673729328578288,1.1562689875388847,0.9368265743642715,1.2645212155601124,1.3262317723844854,0.8491448780359147,0.44168373577832704,0.8591534186159114,1.0491058444651333,1.4393286244255092,0.9266652874960866,0.6162433753552603,0.7888234289379366,0.31851048447043206,1.0710166214052996,GSM710837,Non_response
1.6077751883942355,1.3540820517986072,1.4480886527563754,0.2224286998288883,0.7860569819378989,0.910888284944099,1.2905975834002197,1.054241355284334,0.334036526877206,1.1607907485104765,0.621082912113069,1.223525114727504,0.9562249230420532,0.5630578660176657,0.5205562950047833,1.5700317309545735,-0.16071698597082235,GSM139602,Response
-1.0104997719534634,-0.9459859635586478,-1.6134534572215384,-0.16455571352953,-0.4051089335578108,-1.5594067858267082,-1.5053988657194164,-0.1625193225447175,0.23138646705261684,-1.5597954161300118,-0.45970366807490715,-0.12439345595299078,-1.188409152006008,-1.8301397110453836,-1.3291197039616656,-0.366110952500671,-1.110567104284916,GSM1233058,Response
1.449122989037278,0.4501795083070495,1.6626658800371428,1.2836879898529443,0.9113966912361517,0.7926110898691884,1.5868350819421064,1.3386403218285456,0.9303620253486745,1.4996610346459478,0.819082801993168,0.7896247344263907,1.0519624572864794,1.2712036842594758,0.4061137210550847,0.6880811702799828,0.20293572995852963,GSM158224,Non_response
-0.9456252939179216,-0.8973281472751881,-0.9916097200204461,-1.4607191913513715,-1.106289153377036,-0.974463324647875,-1.2600442607152225,-1.3090854448201024,-1.3605237285035476,-0.8835869409685887,-0.9630709971632352,-0.22625146408624605,-1.0573763977762727,-0.8572937740885559,-0.7192842051629851,-1.215568201189337,-1.040248447703903,GSM508029,Non_response
0.08627640132110866,0.8152607226398857,0.5942933907291206,-0.7392064024080439,0.04657290451109828,0.8298824933631204,0.2145409651752509,0.3250713067850156,0.43278329626862344,-0.3408982279819577,0.07025253343545806,0.0070266063306805735,0.42364793014784574,2.382096061720305,0.04457595930590324,0.5193839464762449,0.4711476676092713,GSM2804891,Response
-1.159036421019311,-0.8498606551386119,-0.9848397605211147,-1.4966657851478493,-0.8690768188327295,-1.0211034516718807,-0.7813067190734868,-1.2524931659363034,-1.3654483586020163,-0.9941805244926257,-1.1049140736634062,-1.1571248091949315,-0.9220395685349679,-0.7292119535473885,-1.1397802240644863,-1.4437916049513244,-1.224662376472181,GSM505596,Non_response
1.5160045246633571,1.2522268501545073,1.2312628864563857,0.7029138340131049,0.8789643585403146,1.0297985538947236,0.8286468302890364,1.5796039116406981,1.4237083159784512,1.620343623039177,0.5832240344350476,1.6849756728613263,1.4339003361027676,1.2545154132715002,0.8455007047726321,1.0024145081486915,-0.04298358349047691,GSM139573,Non_response
0.12611774709027848,0.7861111136903989,0.6238397309912596,0.7834328970264474,1.482782766170061,0.9101303862163854,0.6955585955490499,0.9037492782782275,1.1589858725835167,0.885350799395115,0.6694713757086566,0.6158484834346476,0.5147736062939808,-0.21617879827486422,0.535922390446227,0.7209958726274657,0.6129102333586368,GSM809253,Response
-0.16160031179788847,1.4847413115190624,1.0008337037307429,-0.5804871003548187,-0.25840026563378976,1.103454747471242,-0.11658656980730296,0.6833619567447736,0.9751794166691661,-0.1654846540422737,0.24109685100018133,-0.542225240532549,0.6791533222356506,2.7337089183530283,0.017595908571040084,1.2269540542965847,-0.13326275127168763,GSM2804957,Response
0.6448189283485429,0.20651044279009653,0.30009532322837673,1.0671338282061376,0.4185689278405199,0.6603652757354306,0.9218863569591338,0.41091254910399705,-0.37717180546976814,0.661472337429186,0.8031088783657302,0.19984509012864007,1.0616436390975856,0.391092061239657,1.9699609032842598,0.15554736668773708,0.055780505518968265,GSM1875924,Response
-1.066100206672146,-1.0211452149192044,-0.9972756980024944,-1.3636760044649,-0.9248021456047912,-1.171807377124311,-1.1959199137261316,-1.2647280145662672,-1.233990192529069,-1.0210267245191886,-0.9688270669967819,-1.309148772806248,-1.0313428686478396,-0.6301746744239888,-0.8119707851061785,-1.644411665681493,-1.1948319153820646,GSM505558,Non_response
-0.5229250639907914,-1.0322777208322984,-0.8278738645099807,-0.7639910740539443,-1.2861478098286403,-0.9480296645219365,-0.7013934355112017,-1.314253349110753,-1.405220258120615,-1.0329545427807265,-0.9462409678647594,-0.9892667974719819,-1.0925711515145156,-0.33094657889192264,-1.1045480385862525,-1.052311045599934,-0.7871233275362444,GSM508119,Non_response
0.6145874988726723,0.7131564585935698,1.6026138083297852,1.0334804653484682,0.8944349675882738,1.5093659063095317,1.308555946019434,0.5050659187391888,0.9030666387350782,1.2208838665214938,1.5242630975959188,2.679768522985311,1.2783858157558392,0.8240764959653587,0.9609741223049267,0.8049853375601882,1.05725234817409,GSM496036.2,Response
2.103348966504877,0.4161430535052458,1.8106552565299563,0.7355345692177488,1.0910564939368608,1.1754040507269656,1.400264445255733,1.138247421332107,1.2663070955956859,1.250666987881964,0.618330656219906,0.6574686903929124,0.9543613566789919,0.8950181893035246,0.8023927161067096,1.433022240773685,0.28391759602936495,GSM139611,Non_response
-1.4495763004501578,-0.5032153210925542,-1.5591262471058738,-0.6668973997537009,-0.19684441041561207,-0.69321673807145,-1.772067017498356,0.2326580634161526,0.23644826839116898,-1.1617043844222739,-0.8331424744613576,-0.05447818234317797,-1.0466693239717701,-1.8083321764883031,-1.3378601306396911,-0.3243047579801848,-0.9303478739286205,GSM1233092,Response
-0.015700018782556172,-1.061588640850628,-1.0536469984484234,-1.5178685829199956,-1.146484627742461,-1.043722599554266,-0.1946655837836483,-1.264014134637418,-1.241261086036375,-1.2840517323353655,-0.8543613009433446,-1.0703952971054438,-1.0705016317151783,0.011097741298182062,-1.0623047393629705,-1.2024051005185785,-0.6088046296439795,GSM505592,Non_response
-1.0598139078925144,-1.1644388462260538,-1.0793937343435331,-1.476305555800852,-1.0777809524169664,-1.037594349637076,-0.4059493766904471,-1.0567900501543537,-1.3124026007768879,-0.4509914380597417,-1.243368997704548,-1.3154769428014512,-1.0783975815510716,-0.367914507959432,-1.3199326469609212,-0.9784530839409479,-0.9830194006900774,GSM505431,Non_response
-1.047177806496416,-0.7020893401202636,-1.4415301621003795,0.4326297941778541,-1.3604235866046854,-1.669033405819219,-1.0064256200695525,1.1092253812744608,0.30176596144823964,-1.745578728918375,-0.8354340592303786,-0.5312142610053127,-1.1000887902676322,-1.7693066238554933,-1.1099335856090733,-0.42737751119212136,-0.9505858268140093,GSM1233063,Non_response
-0.31178140392138876,-1.1174074277945105,-0.8999980813093807,-1.374173550493051,-1.193342318191341,-0.9800765472109026,-1.283536344997016,-1.134456685603505,-0.837695823762929,-1.0423176165506924,-0.6807413407963373,-0.2086769341530872,-1.0383791881977196,-0.574914643653368,-0.5830077946946929,-1.3020148200054444,-0.9092160587099255,GSM508165,Response
-0.17150356197718347,1.2269360347844378,0.7663920548535152,-0.5186623467941672,-0.12382724486777458,1.1062532352857852,-0.049357934667877294,0.5181351475515062,0.6934493185721465,-0.21901610953303594,-0.15846335160063896,-0.6375608368066562,0.6387372351417613,2.788062792013118,0.2704109464301473,1.014836557681399,-0.023450651925999433,GSM2804915,Response
0.42464613840832344,0.3581938297048912,0.8398542647946494,1.1620625860026934,1.1438373782547988,0.6039873442218304,1.1422502143534976,0.48231537462337587,-0.8092546168460554,0.6074261874093144,1.397196382040047,1.584525318461985,0.7680874830393013,0.47102031681907475,0.11559655135989168,0.4300292580598023,1.0288305987113278,GSM1875907,Non_response
-1.1554263586549773,-1.0682165065732032,-1.20040946366515,-0.3006042359849472,-1.308468542383325,-1.0119405448500993,-1.4099776373645403,-1.1325546861410576,-1.5021312166289753,-0.8506454361926947,-0.6971798558859301,-0.8173200121460985,-1.0856574074850898,-0.49425921346276175,-0.9458827792500459,-1.2213642348888174,-0.885908736101329,GSM505382,Non_response
-0.55124723566352,-1.1790648978699825,-0.7728318979624939,-0.3550743703630089,-1.190820412749428,-0.9282232505761379,-0.4612958236780919,-1.2780847913049982,-0.5974879823560493,-0.8775494095871008,-0.6527555887107952,-0.6826177225865566,-1.0726716517347399,-0.48240506985985254,-0.022602499397406935,-0.740423506270784,-0.7808349206143178,GSM549238,Response
-0.7149719459282073,-1.057175044691804,-0.9210144419351848,-1.085039147184456,-1.2617574732242807,-1.0144677140253064,-0.893978590005006,-1.2947784529751403,-1.4663528617168444,-1.0179818423895277,-1.0159248884476462,-1.0052595128274304,-1.1794293031436816,-0.47044448016808105,-1.105275021128706,-1.4197305118570054,-0.9087974168488028,GSM1050606,Non_response
-0.7691836946365855,-1.2235530198216158,-1.0531619031424257,-1.0168992934977634,-1.4222454723474163,-0.927676079220098,-1.3396366209688386,-1.0706904874606487,-1.1915490113609182,-0.7088261505155893,-1.155270329437578,-1.3297567353600703,-1.2048453818051819,-0.7772599665376375,-1.0821570033675534,-0.48182405046437243,-0.3727855941903104,GSM508024,Non_response
-0.7964486973341096,-0.17409412279677391,-1.3715432727770722,0.053425032990953684,-0.11242119586092895,-1.2957203228568466,-0.39405138366840703,-0.020001730961012324,0.11985830061795019,-1.2877689994094283,-0.4820764873040878,-0.6721704356771616,-0.6674300830636777,-1.6290928491191823,-1.217712574854914,-0.4645294416104494,-1.0284946754189521,GSM1233013,Non_response
0.9125406527811696,1.1218362547019087,1.7039675970402761,0.6312260613864431,1.2077246936529202,1.2783720601676791,0.6080703975474018,0.8525466685021501,0.8628652732247729,0.8051776428881242,0.6433444693876558,0.5326167762570232,0.6210533368043019,0.055889689280704584,1.2882042423508175,0.8049677317143293,1.5142686607262128,GSM809273,Non_response
-0.320451698926898,-0.7897405929497403,-1.6261440218548344,0.15216966704599352,-0.5451018992100533,-1.3678541958589232,-0.6840303081068789,0.3842002192463929,-0.3298845672596558,-0.9190542717600144,-0.9175523200701197,-0.6209767610286229,-1.2992331535059845,-1.03295063960378,-0.8230377875538626,-0.47164908650746046,-0.28482141692985863,GSM1233009,Response
-1.1225167620653809,-0.9253668750245974,-1.6041452872653945,-0.43765397610801504,-0.2871097048839155,-1.6607371266235973,-1.5469894034668767,0.18702782711486873,-0.0038244463530957744,-0.953446733581331,-1.220206486388231,-0.7390206685737738,-1.1503516797568292,-2.1487763531852897,-1.3499496946878515,-0.3104428514943803,-1.3398094780796121,GSM1233077,Non_response
0.41636688421523954,0.12704768830490548,-0.11282772131767839,-0.33004794581624924,0.2998246975213996,0.3574393595642195,0.48174617265789904,0.1729825757629254,0.5067714146678659,0.7770222356227445,0.0007839804191404536,-0.3006929081489327,0.4571160772483398,-0.0316157874586207,0.16831685377600974,0.4673587145967637,0.34384325968523444,GSM4171557,Response
0.7471055207226888,0.5989814686860365,0.7944804034882215,1.3467636331398605,0.7366920289671918,0.8650213017011862,1.1765317706032026,0.575998659670581,0.12387227763112887,0.8915733239931174,1.3222993122691389,1.361596919144329,1.149818701110329,0.5156383199435887,1.5210894052505266,0.5521971131453445,1.044782095990542,GSM1875974,Non_response
-1.1177990304522565,-1.0243473499288744,-0.9118495527187552,-1.3504183675417532,-1.242048752823306,-1.0558441330046708,-0.40139394453890154,-1.2425530955312083,-1.400565313141775,-1.1059697618973363,-1.270486882771854,-1.0246043855237321,-1.162488854037094,-0.2747744737294775,-1.1719363032976418,-1.5467773689356576,-1.2004323749181478,GSM1050580,Response
1.8943832243222438,0.5872607062536068,1.7278876186461223,1.0141486229380205,0.6385351339543321,1.2747885841022635,1.7073235409928522,1.4537245942552781,0.9712458311922392,1.107620615228878,0.7567467729883075,0.7438728236840348,0.8836693689650357,1.2164178383288893,1.10791372599109,1.2951831160994147,2.1239982137721745,GSM139613,Non_response
1.617539037649082,0.44755704120198425,1.7177090581611332,1.3606481625699431,0.6436384536557267,1.6460396023377888,1.9311851965534848,1.5274595936682172,0.47551732205442426,1.4864624808712554,0.6904876650199961,0.4963333176058926,1.048480301973994,1.3835466531419611,1.4822132258507028,1.2376331880820048,0.6732996759805289,GSM158242,Non_response
0.06971704967364999,-1.0917301176496126,-0.4140701143989961,-0.5673585936568772,-1.2774240212894388,-0.8652262138584399,-0.3937865296705087,-1.3767588630381726,-0.4492794581985837,-1.2805659646897085,-0.9908338399942346,-1.479368040665663,-1.0180791080689817,-0.14958064955173886,-0.7476449258348576,-1.2243290464280148,-0.20838681780188537,GSM1050616,Non_response
-1.018299101092937,-1.064995379021341,-0.7789766927843736,-0.9351021035906498,-1.2878741540486212,-0.9741874625820087,-0.7339395286451098,-1.3049770082739989,-1.3713292161303956,-1.3605012290440683,-1.0542028476085337,-0.8654198782853836,-1.1176889103713816,-0.8622117908558602,-1.2822936826361893,-1.4779340492467516,-0.23706676046780095,GSM590852,Non_response
-0.6036284600399138,-1.0781480208121357,-1.1344896472626669,-0.8151601859995741,-1.1924778564013154,-0.8791925092240681,-1.3816325350928471,-1.0317830447874377,-0.8593839157261348,-0.855313001551848,-1.0238524095064994,-0.10693203999894466,-0.9323414142109554,-0.523140436212901,-0.2850985747260575,-1.1899986438598111,-0.9074437315592044,GSM508075,Non_response
-0.10197607683968042,-1.1134601432889277,-0.7801420181043869,-1.3411036470724111,-1.065724665221596,-0.9724530186820165,-1.0632265346696161,-1.2147961837412402,-0.527775692110466,-0.9134219392061795,-0.7070462456534916,-0.2989618076374508,-1.1653115680909316,-0.5819738722798976,-0.920994637287547,-0.5789229376975623,-0.8447165907314991,GSM750739,Non_response
0.01913041229760053,0.06147218785898758,0.21198003291711434,-0.3963367693133476,1.0326071312205332,0.6653684597240862,0.4160656875000852,0.4014051546979793,-0.005047770569276566,0.6907984042187008,1.353687260502664,1.6419144526901754,1.216048927087786,1.2105088736843213,2.396235009877656,0.21871010131768762,1.3069877983345346,GSM710843,Non_response
-1.1231895209012575,-1.0016973928372481,-1.5293184469577539,-0.2585654230787535,-0.5660073996151688,-1.5621972303810527,-1.3815279944880388,0.24194441608674946,-0.09516923255683783,-1.2373416352418332,-1.0566938445138117,-0.7257754304761703,-0.9266654314345631,-2.029779063032715,-1.2039100425600444,-0.3186443394402777,-1.2412006057206317,GSM1233060,Non_response
0.27186109847201934,-0.15966357396467507,0.3391563957790921,1.044799404887819,0.5705371460459228,0.7505895980523478,0.9703357526100148,0.7189115304478413,1.0483025273469737,0.9096488216277105,1.3406080975353907,1.6772734264362372,1.288720811177346,0.6148167978145979,0.1670555401231158,0.19812987234352908,1.4470479405968428,GSM710853,Non_response
-0.7586108459747629,-0.6916291262339088,-1.211589741261551,0.4638511097357678,-0.3094497653328846,-1.8438308664202674,-1.5950497395959866,0.43997485421104127,-0.37119202465553985,-1.214652703474499,-0.8970620498252329,-0.24269801147181164,-0.8835393741472339,-1.8285949792411347,-1.4265948776865758,-0.33803193067918996,-1.2807881369271765,GSM1233039,Non_response
-0.18163879012561462,-0.9574833175338796,-0.9284324457550186,-1.0005967639834237,-1.1910628323616184,-1.0571949354549812,-0.6648644274386243,-1.1977367204292053,-1.3935183784173484,-1.065486294071106,-1.1823592116238346,-1.326446762627916,-1.0975386184215554,-0.19021253969010044,-1.1335220113830375,-1.2011249347489696,-0.8934714110348614,GSM508156,Non_response
-0.8881188009298598,-0.6124519327231466,-1.6941358592983815,0.3242778434000222,-0.1674558713014182,-1.5268173990438767,-1.3798575142940497,0.023593919459109828,-0.4689507093994697,-0.9836084769868831,-0.694120650832735,-0.6078443417109339,-0.5168246911158733,-1.2460192579292337,-0.9926178203317847,-0.4763611706423486,-1.2343148041705554,GSM1233030,Non_response
0.9390173056412505,-0.4019339129495795,0.80310294903132,0.15846983729842035,0.806265115963801,-0.056404809183668844,0.22219929409305886,-0.12265556486305644,-0.10878978788690483,-0.3429810145385222,-0.34277490859682674,-0.4610854027758625,0.42743106898326827,0.6589292835452185,-0.7171463494086506,0.5578566572933876,0.31605290197611385,GSM2193372--27,Response
-1.6904287818939743,-0.9019006466939464,-1.3908754545339879,0.2046355495996104,-0.47907199204253315,-1.7145654458113904,-1.6011841771353823,0.13381398437311454,-0.5126938281943363,-1.1757986089247396,-0.7205173759034162,-1.9269998628645864,-1.3429072533053585,-1.9492459168185436,-1.0990600155408905,-0.17110682588567191,-0.6013821614254675,GSM1233050,Non_response
-0.8984522234838005,-1.0905142682413222,-0.8932890221143559,-1.4380936132040867,-0.9069126470041179,-1.1120450748541773,-1.3443107585885474,-1.2884405962484249,-0.7884712899520866,-1.1447193936676123,-0.9165804409638503,-1.5937030515084358,-1.0120590572616401,-0.7093194989598098,-1.1534773552417286,-1.329923859276358,-0.7612650950957506,GSM549298,Non_response
0.01106115760375685,-1.1586120814637246,-0.6194795156477084,-0.9849821026247801,-1.140401378200401,-1.035357242710776,-0.3897824505176838,-1.5240302482997252,-1.1912560685030307,-1.1830706242313536,-0.9134535814236898,-0.9941812533182957,-1.2446449928288204,-0.11359628058012364,-0.7177231934917371,-1.3024040908204526,-0.041211361850030694,GSM1050637,Response
-0.8495459604340158,-0.5689604908414491,-1.6331417028891542,-0.4775021158387123,-0.12284247938484469,-1.2881470221396507,-1.172775357633022,-0.11812601709923892,0.36460590906405177,-0.8032857111476647,-0.7132394794873014,-0.29774717975237514,-1.0333081052156656,-2.002427374338272,-1.0403234157432135,-0.4232054562786395,-0.8510384210696902,GSM1233097,Response
0.9833807915049755,0.9663554536640095,0.29953655043105043,0.06802835675279331,1.203797287800923,0.6884479777278775,0.7771921491214362,1.123766654142171,1.3890145919829884,0.6402620649983486,0.9792037870194734,0.7578807968895014,0.5044621794369754,0.1579172834775333,0.8544560405710547,0.5631370337640123,1.2107627665892629,GSM809200,Non_response
0.015925718309193492,-1.1152163633449723,-0.5890157270155056,-0.4902599716163975,-1.270807379207397,-0.9594382342286131,-0.28362659003832746,-1.2037645419180276,-1.1010057294000903,-0.8415762340796253,-1.0893605810207942,-1.1698187321009088,-1.1833628467080757,-0.2966329329158962,-0.12740864691396164,-1.036782334539512,-0.259890431974145,GSM508113,Non_response
-1.119869495455167,-0.9649307993054075,-0.941912712682842,-0.9792879206194974,-1.2282730389537908,-0.8188523834206428,-0.8493111685211945,-1.0709446222189516,-1.41422391482264,-0.6953485939380168,-1.2899017814909275,-0.6481307025737705,-1.055987027152641,-0.5686683446722084,-0.9106760384168788,-1.2303159658810692,-1.2691449937918509,GSM508037,Response
-0.155275484526518,0.7580060009938376,0.7753594928394195,0.5546441715711423,0.4555097257417013,0.6880863953096042,0.11700965114525469,0.4126913806896657,0.9767184631976614,-0.0452050147186101,0.9184143724355285,1.1875309399493739,0.37536807580117715,1.2645756074684078,0.4529199161052604,0.7961072710573768,1.2269828286006843,GSM2804944,Response
-0.8553209959157363,-0.9001449849947044,-0.7205087024452971,-1.598161626098743,-0.9760146461040737,-1.062763682870854,-0.8493287533711454,-1.1865781527432355,-0.7547670936790098,-1.076847199381791,-0.8330373679845768,-1.1251814306393653,-1.0999596858888754,-0.5799516143629554,-1.1907729009315873,-1.7273187536155645,-1.222829635024021,GSM549306,Response
0.4033839148933343,0.9324260849430872,0.44602352904053855,1.1556419007277323,0.8725646894153095,0.9427620286354287,0.977267925233108,0.44119303779319874,-0.22502525203670898,0.8972550991375866,1.0464346590546,0.30409159143675674,0.9727462398674769,0.28989101471144735,0.32583651756243415,0.10878021744497678,0.6241028278605959,GSM710830,Non_response
-0.5812611208433464,-0.08268508735812832,-0.9944343078330894,-0.7105774758265525,-1.2620747940279806,-0.7832359192870707,-0.5610759273323225,-1.1861141730770686,-1.130406842084782,-0.7559185747292311,-0.5585868435619142,0.46714231417783997,-1.0658535871977048,-0.14497512708988372,-1.1926819763390886,-0.7605035400998117,-0.7731733052191958,GSM505473,Non_response
-1.3604763380155167,-0.817577416339446,-0.9519877343333658,-1.3915612621676818,-1.1301965947177324,-0.9675801999248125,-0.9094837253420388,-1.2087665373602665,-1.4544233203832932,-1.0608614391901956,-1.186599282534323,-1.1804660442692296,-1.0624129311814237,-0.5890417019763575,-1.346413374688907,-1.552959964411562,-0.9926048794430766,GSM590866,Non_response
-1.41964877784076,-0.7467803484625597,-1.609810634459691,0.7265621959958504,-0.7971080519994376,-1.5800250008836605,-1.0061377953421682,-0.4425824856926346,-0.5676109364742632,-1.8521565911637845,-1.1465997148482758,-1.5310063150810025,-1.1251567218014145,-1.961418202800016,-1.2617608365307993,-0.4603565381912957,-1.2034800891637518,GSM1233040,Response
0.6019845160730478,0.11720605857540164,0.793936290262014,0.977574640859838,1.2125809932910296,0.48073291903359533,1.139179615028098,0.4278983617251305,-0.3367118120067477,0.6422141569944,1.2014063890427953,0.9567368620492759,0.5838313278972935,0.2599393687009161,1.8595724524220452,0.8055041883183756,1.1637008414126329,GSM1875897,Response
-0.5159890741404661,-1.058513574589047,-1.1207974212995195,-1.826342540037504,-1.2475351652717273,-0.7929137460436099,-1.2642301859806744,-0.9752882659183121,-0.9032806123962938,-0.6948778024604926,-1.1738791291743507,0.6720520292502663,-0.9601194189377249,-0.1487937041669017,-0.5176497030694628,-0.9988451683823051,-1.2135981165592982,GSM508019,Non_response
1.4583437035730427,0.48179183137768256,1.3554940503721418,-0.07384979656953507,0.950750649334822,1.3841264790221546,1.753016713856263,1.7213555815232713,1.338349866595538,1.6259314407728709,0.540969601200021,1.379417603647773,1.083882932752857,1.142653205442357,0.7471320414823251,1.8094574160946995,0.19619005946376225,GSM139594,Non_response
-1.0472343570024756,-1.1111398457501414,-1.135858347266599,-1.6690542845448333,-1.0674362996724909,-1.1864747122367,-0.8953815811838363,-1.259014858604809,-1.3970580585508823,-1.238277393744279,-1.2171904059563017,-0.9108830064570662,-1.0884804431285702,-0.6835861871764334,-1.3226658958334476,-1.4039274341046948,-1.2596786721489752,GSM505337,Non_response
0.9671040506092743,0.5235558803226795,1.00805550155366,1.2020970177748391,0.8832265348980923,1.173127378660996,0.8928569578471066,0.6796662888665308,0.702119973517276,0.7812072254881653,1.1919575166088912,1.1755203593153811,1.0249733337344578,0.5854083110948355,1.689098400691289,0.8271755651474935,0.3871465588195305,GSM1705390,Non_response
1.7278358483612934,1.3574580885991268,1.2359405685653215,1.100574408085063,0.991923944996303,0.7090793494399575,1.4326855737717148,1.1764660264621496,1.37265139043483,1.2404424703266952,1.24009887191304,1.4762418063888096,1.1255651304303729,1.1673478813585367,1.1282854226004806,1.2140827056236279,0.7840646471650924,GSM139597,Non_response
-1.1746314884801026,-1.094017103032876,-1.0438934704687497,-1.4058343851697888,-1.1039858889945888,-1.0380358485193841,-0.45772330843645775,-1.265439853934504,-1.0978224390836322,-1.3093595292354467,-1.1126358864389196,-1.1060391061900805,-1.1709092602734295,-0.5678652693323804,-1.5377554882863576,-1.7471946252084216,-0.2996684798417136,GSM1050608,Non_response
-0.7052781445438284,-0.9107912387850681,-0.6382147760599906,-1.502301010284645,-1.3271217283734467,-0.8894869323973417,-0.9839935716359779,-1.2493111635965286,-1.1376762364433983,-1.0723772639954696,-0.7406799438239476,-0.739914895625508,-1.053583442494493,-0.18973054129335118,-0.32305914334875596,-1.0654276089258417,-0.4090518664807154,GSM508093,Non_response
-0.9447987841819433,-1.1948122147849436,-1.0318504596767988,-1.6627294733827704,-1.1562864659905092,-1.0530959833885378,-1.0641170629987728,-1.2962249377635957,-1.1611825529660469,-1.2727351951291594,-1.1786158985171575,-0.727752471405167,-1.2042958089639095,-0.8175658234365427,-0.7828355592069547,-1.4832841229636538,-1.0475390624063121,GSM1050577,Non_response
-0.07753771020550197,0.08549197962234614,0.5920988197547096,0.9829257871290109,1.1940812524674755,0.9430522047116038,-0.18185058148819447,1.0186724300336383,1.250691638788292,0.9064680045418338,0.540044904619304,0.22739547877095176,0.5695494014444255,-0.29878805242747325,0.6197337172583386,0.4575155950374566,0.8011995647098415,GSM809257,Non_response
-0.7427785504388233,-1.1100933166138456,-0.7168387310172052,-1.7250037721569755,-1.2878741540486212,-1.0421359381509054,-0.7229188386328705,-1.2945382890664243,-1.3772500582620892,-1.259711780847118,-1.4162109145740822,-1.3155914452259603,-1.1750926671796156,-0.7906988831773494,-1.2488983395745692,-1.4514810257892172,0.25412560276892804,GSM590862,Non_response
-0.9611673893985284,-0.8085077346042328,-0.9370101007425129,-1.2297803298393497,-0.9355158480108557,-1.0394111003929776,-1.23052798008096,-1.2482397946100836,-1.3061588553451753,-1.1450178861723652,-0.8634499917880907,-1.0186696897252057,-0.9455391665655274,-0.6027728812740548,-0.9205364712366275,-1.6956544353891694,-1.3030629091293697,GSM508134,Non_response
1.4917131191837434,1.2597654892714643,1.4695637202499938,0.7041121598276993,0.6773894104938845,0.6593138086028014,0.4765493331848483,1.2161621107711098,1.9809938135403147,1.3112790180813194,0.995633609926962,1.6069445329115455,1.029993811632693,0.9878343992957508,0.9961782252792448,0.8887959045840289,-0.40705465891642467,GSM158231,Non_response
-0.5037042696487132,-1.1481521512132622,-0.6474418997451306,-0.7542395800043223,-1.1511307140040612,-0.9988179921301762,-1.073073379328356,-1.2177610655093416,-0.2496792857970939,-0.7317666662975271,-0.7444797523998353,0.06811988657653421,-1.1161429188596794,-0.22379561743900855,-0.7477730240864726,-1.0354154747643816,-0.9494941779971269,GSM549259,Response
-1.4108683201169485,-1.2292382066803087,-1.6948007988170126,-0.23008466233579342,-0.17419798050790497,-1.1653520010391998,-1.0835146223716312,-0.23992663043991885,0.047246207055900706,-1.065221647604193,-0.9642016124868954,-0.5719716086032851,-0.9465560626757505,-1.9047345790175858,-0.8901244390462129,-0.4551563317577531,-1.082248092499743,GSM1233086,Non_response
0.029875433975403792,0.8550621491887564,0.6243516236318832,-0.1329639163625865,0.17745488380109692,0.8354425287641175,0.21294246919547768,0.33461414641882764,0.626918219610019,-0.343164472923459,0.16189970727037628,0.5528008120715152,0.3550178263471326,2.249261464122706,-0.03392808139054491,0.6349109348270281,0.869307951932297,GSM2804892,Response
0.46967663750563315,0.11757852423308711,0.2118784224762949,0.5652753084472495,1.1972635638561133,0.8743019205536151,0.506741322296847,1.0489396739095986,1.9398696728759728,0.7438295641207927,0.8207820466564135,0.8915047611116098,0.6110380317597838,-0.12297951385953286,0.8074917331607592,0.5227005760756651,0.6367565491916488,GSM809222,Non_response
0.067167229415982,-1.0592923331665751,-0.3527064832829189,-1.2764497385832427,-1.256893434078488,-0.9228395009589752,0.16878917614533664,-1.2135739233775307,-1.4097699932617904,-0.9593391361479987,-0.8889796469255733,-0.6983232270173677,-1.0913413130394338,-0.5477121692565758,-0.6007119370043249,-1.09753772861616,-0.497747105506156,GSM505358,Response
0.11575572754071486,0.1876862305565608,-0.3030010532141471,0.7607561748385413,0.6880924728425722,0.8013945130336319,0.011970072324533529,0.4082450431750392,0.3640753600401725,1.007594909302176,-0.07970482624177043,-0.7393436237439158,0.3920606417786775,0.0054841143392812325,0.2907672385205212,0.7185371026706578,0.5677191378592125,GSM4171513,Response
-0.999415983313767,-0.7292084808060415,-1.5043603361420514,0.12071749883269288,-0.18469936842039578,-0.9039616948094593,-0.9438850060329234,-0.29868716610979307,0.2406340254158152,-1.6417761172725978,-0.930478390189712,-0.5399594143879646,-1.1137875987037817,-1.5015939119271609,-1.0427806684834036,-0.6111076572070527,-1.4642288702205348,GSM1233146,Response
0.13838657605096277,0.6593033430853048,0.7872231962605399,-0.07874625642339654,0.12666971554559953,0.7050170371950473,-0.11316616713060608,0.4714374267412829,1.2690544769884058,-0.26178276009489443,1.395518302716226,1.3471250245645738,0.5308111226900412,2.1407010045746224,0.4983222287967745,1.1910358585401408,0.3838624611252653,GSM2804954,Non_response
1.9369888452426787,0.9939887069940134,1.3624547473068942,0.9654396465595245,0.7074118110470538,0.9921368694213547,1.4888862391564388,1.4208040156099158,1.178867883159406,1.4667429773421192,0.8692611971479524,1.4690620376752053,1.0662534689034915,1.2387920324385917,0.7567485957325177,0.8374849482096611,0.3865300668344713,GSM158268,Non_response
0.30003825161329667,1.4591039262308405,0.5133433257170881,-0.3069487412456281,1.453156971264361,1.2189045537364345,0.4423788666136058,0.8754862640291622,0.7378573441856373,0.6378001178923227,1.0354194624963549,0.992031421136129,0.4283110537214513,-0.3436004359642691,0.43004497057846386,0.7991769687867365,0.613618002000927,GSM809187,Non_response
0.5927948516012854,3.0543337151419614,1.665266940107569,1.815457878646824,1.7609480543969311,0.5478669721008161,1.0878123201248142,0.8498662595642583,0.7238228405712902,0.9442390220000758,2.465824081482364,2.150603664046449,1.4466103426686352,0.22996203068461504,1.074235147026701,1.3466584651711844,1.5399603681280454,GSM7040788--RNA31,Response
0.11502994891289123,0.3819427315279618,-0.1453633185940937,0.5715364808598852,0.6431993610963572,0.7620106432327728,0.5123409381042127,0.22638613790457468,0.05694442788407234,0.867728803555192,-0.10198166559874737,-0.6334350855708707,0.4142789734089305,-0.356845884475387,-0.2541072575906883,0.5693105866066348,-0.03397488625586324,GSM4171566,Non_response
-0.3527769695806249,-1.0671634486315935,-0.8288481955439375,-1.5734428545512766,-1.266365256372182,-1.001906137855348,-0.13074331770601327,-1.3859562122455937,-1.2327461217988012,-1.2612862211962028,-1.0497427834644195,-1.1777468029320868,-1.1384576711886234,-0.5122659155399703,-1.131907589598779,-1.2741265483166269,-0.021769652082564164,GSM1050623,Response
-0.811745224517368,-0.895008875654125,-0.9144078414965234,-1.0210039759959006,-1.3231055984008546,-1.0248156002898638,-0.5383265894416596,-1.379586808349315,-1.4057555672207338,-1.1317744464817712,-0.9858305485985288,-1.3057716845646994,-1.1275318200937732,-0.6038898701067573,-1.2776747556780665,-1.3435982692091797,-0.7198767677280297,GSM1050655,Response
2.1241396749456896,0.600009672296584,1.4637373004844343,1.1529657241031628,0.9394370457528342,1.07942129914539,1.8929495190447354,1.282167188772017,1.3471779381907167,1.0844987626523417,0.6021692196264762,1.1278504951176014,0.8922956444773743,1.0952113832563835,1.1009231108212405,1.234219535827011,0.641210457571723,GSM139624,Response
-0.5309531241852433,-1.0537000881541128,-0.9961549963902547,-1.2233287275965885,-1.3629274692874467,-0.9565335111328828,-1.01606055736275,-1.1257929424640523,-1.1669183856981684,-0.7627102320916046,-0.9754758982223177,-0.057783730939697533,-1.008148497924361,-0.38047199293549755,-0.438569965040521,-1.3450238452362742,-0.976766369870847,GSM508110,Non_response
0.310711162723272,0.5738093227037845,0.36200145540285716,1.4537097711785525,1.1599118477314119,1.0570777976371921,0.9398575638823329,0.5926801132038625,0.5099959775114343,0.936871426810133,1.1381210760769482,1.4411131467998364,1.2337293925326973,0.5128506300924495,1.8930181168463096,0.8028242337558574,1.082053860380178,GSM1875975,Response
-0.08842984272923128,1.3732281776502095,0.9490300931019146,0.4941859814456632,1.2479138937344443,1.024918725472733,0.32141233315044715,0.7422174933922141,0.9847971485640828,0.5189783516148055,0.8592430874283579,0.329432489563232,0.3188258227123578,-0.0770410672580003,0.09315080965015211,0.6022141590058157,0.30650900819540244,GSM809211,Non_response
-0.43339956785756145,-1.1872590950027462,-0.5925912644468287,-1.1104428037487626,-1.3259060067987702,-0.9843201271909982,-0.4951792278882196,-1.1615809239599204,-1.3947346025962761,-1.0126325616116147,-1.2915942448809354,-1.506065725454234,-1.125318840115987,-0.6166980524418051,-1.3360186262740683,-1.1439154348845104,-0.6147327472762694,GSM508070,Non_response
0.442800895108754,0.2653647347613878,-0.5131964790353973,1.0355113214068925,0.6477452076807803,0.8734196635946041,-0.5244944325193438,0.40071481284232846,0.29439695788848036,1.218384645478726,0.2100510167123699,-0.6225067748097746,0.4929565558392486,0.07106282986064057,0.089755923643939,0.7185505865092615,0.4464638417332865,GSM4171519,Non_response
-0.5585286771853614,-0.8734323788600631,-0.5483710554225757,-1.4708605292196413,-1.223682704389417,-0.9064983125142134,-0.9847230259221958,-1.26140507098165,-0.6356526916140183,-0.9603985678963476,-0.47463264003256184,-0.9236302722744133,-1.044033024149061,-0.15081001238077382,-0.3361421184929528,-0.9782352085995707,-0.39045265032688137,GSM549278,Non_response
-0.6695312093950987,-0.5915579652900305,-1.4950413362792283,0.13092535525032176,0.05535485326064402,-1.6500525786891702,-0.8302296476362258,0.03470555985962082,-0.6226435477550052,-1.120612640426699,-1.0865339544869168,-0.9889608221925591,-1.2264316051787005,-1.7838418126512896,-1.3108427279868664,-0.4141157559019829,-1.1566676364865551,GSM1233139,Response
0.5204542407803782,0.2673081976134867,0.8773421066480825,1.2011828370430422,0.6596052341368439,0.35207684678883816,1.2081863014022736,0.20809832550161597,-0.5971928803928002,0.6111868032860759,0.8606066897228741,1.723420234800373,1.0633994568730596,0.2427395917870941,1.684492882244493,0.9269516045670756,0.6326673193683455,GSM710821,Response
-0.01306013360011774,0.45027936377778255,-0.4493222539186121,0.24680292295620856,0.44048558204724575,0.4814037499768871,0.09256266272793835,0.43276598006209627,0.37967736559224496,0.7656048461942202,0.10441226978773233,-0.42679681337329217,0.2662893939061082,0.1443225964897225,0.3369721356548715,0.3661236034076927,0.15140374139716922,GSM4171504,Response
-0.8453751483406591,-1.4248113590260765,-0.43177036568418536,-0.658432331018807,-1.1110676750660073,-0.8182216442855911,-0.41345327448482944,-1.191684353017421,-1.3217674217190454,-0.5572786331241076,-1.1768322842594987,-1.0909599000884607,-1.074965063147002,-0.8093422296423051,-1.4340816017245108,-0.8757766222287202,-0.5648978359343331,GSM505461,Non_response
-0.4312104525863108,1.0759017737471461,0.7075759673022155,-0.5091218368045044,0.13655504732781956,0.9009349038230715,0.01399354992664848,0.3689326097244906,0.6865930912919386,-0.3890774012833152,0.29529173707864864,-0.6439440723973618,0.4590342054980166,2.23515769981231,-0.10735442731664797,0.7746264990319832,0.22635617074896852,GSM2804920,Non_response
1.9564615859690304,0.932705246055798,1.496738079517961,1.1509626330697587,0.41308907801806294,0.9810196031246897,1.8198193370716549,1.5813776367685992,1.4109798637975524,1.4581427924337136,0.9582567169379972,0.6071851353074422,0.96039888949022,1.021347815863815,1.0975189011856812,0.9219864263008077,0.5607799280504467,GSM139623,Response
1.6040449439845674,1.7210561095322328,1.341581586566111,0.7117361122107697,0.8294897020089788,1.2827832983753353,1.503218169083525,1.2911314440213622,0.8854616092697541,1.1938288859855768,0.7417392084491302,1.531337268511911,0.9089172334483523,1.0991960289128901,0.6507166060316633,1.1760326000128882,0.2943750607709022,GSM139570,Response
-0.794608356562366,-1.2322730778147877,-0.9490952008249794,-1.1846586057667279,-1.2572651605350977,-0.6585901804754928,-0.701824006199826,-0.9607584473572164,-1.2865584947529944,-1.1513137565904175,-1.146637076280973,-0.5198300131954546,-1.0288280829871523,-0.49894826111707,-1.3695777726681984,-0.16297651423671192,-0.4701813116174035,GSM505459,Response
-1.129564205018202,-1.101868332424675,-1.1411113158085873,-0.5492158609574234,-1.2329669080909336,-0.8102394242947422,-1.1702209133229555,-1.0293841324990225,-1.293716883233599,-0.6633443775555995,-1.0795691588626852,-1.4734227461068905,-0.9847451939291587,-0.3780992392766129,-1.2302332096068584,-0.6125807058272279,-1.128408173971754,GSM505578,Non_response
-0.6889828578440723,-1.2351681561868286,-0.9380531696928598,-1.7423794500995176,-1.1270987241347592,-0.954790047014677,-0.5047984046287952,-1.2322248977487587,-1.4568820396224245,-0.7230754657433404,-1.1226875263067495,-1.5781974145024376,-0.9688300033338457,-0.37393025331747526,-1.4001663233730126,-0.6323531165602602,-0.9570494456079315,GSM508127,Non_response
-1.423613343288464,-1.0576435377681563,-1.451230356999931,-0.44906195103717333,-0.4390802347140665,-1.797408045818914,-1.2142521615318094,-0.010535540370188936,-0.09510013563046898,-0.9545879815194805,-0.8522820840065538,-0.5930951127670568,-1.2198335821053636,-1.9815797166981757,-1.3540363113534768,-0.3526354333757078,-1.1700783034854627,GSM1233002,Response
0.9705527013017514,0.6825342487512263,1.019601770177001,1.0083703995187043,0.7279192414017281,1.3235986844917442,1.1345543586311335,0.2818432385535089,0.45409325972888354,0.8114612053562521,1.1241755367457662,0.34998667772404884,1.5192019139697654,0.9239019208613544,2.0203165076634035,-0.056947983210282334,0.9808477854795316,GSM710911,Non_response
-0.10236801614490267,0.16617155750688867,1.1712271216725758,0.7044235832120563,0.45361243938240475,0.7864954451219778,1.1082642400714597,0.44565435538411147,0.38236477102274335,0.7589700332162688,0.16878146280123618,-0.9665530906246113,0.0569444983409313,-0.09972535233721723,0.0026293117770002784,1.0756585300124404,1.4388060037993606,GSM4171497,Response
-0.5175014837225557,-1.0901783051666327,-0.832233999703652,-1.3888594029512003,-1.1042880309613814,-0.9973209616786601,-0.08401167674303374,-1.1285649789811474,-1.2457103030790064,-1.0452761837430837,-1.2522425685941165,-1.2138990103820357,-1.0464936334688018,-0.6077833905088309,-1.0800076264965193,-1.0809811871885782,-1.0825914230336124,GSM508181,Non_response
1.4752988560978213,0.38560791456531857,1.4277934904353446,0.7762002097460836,1.0376912258819369,0.8240748336467079,1.3910470713373808,1.1619974928432943,1.45606613450579,1.5868783631683576,0.7401893543520985,1.1314344895852597,1.107511953454039,1.2806668413631772,0.7672350540193716,1.3622603524461867,0.14313572409271935,GSM139584,Non_response
-1.1018334272918706,-1.1421754555830195,-1.2314021487688986,-1.5002338254001348,-1.181352631905321,-0.990973291063237,-1.1935139668619066,-0.995081745168888,-1.1162756719857418,-0.9601059168407716,-1.0738777621380255,-0.6306602110410217,-1.0265991845129008,-0.47242359052668687,-1.1079263702578244,-0.9730094758393345,-1.09502663196967,GSM505589,Non_response
0.3578949381416208,0.9161561455794985,-0.4366125435942583,0.2615446467299975,0.6394207716769532,0.5902759266787332,0.3166795095405172,0.6917204495652369,0.18530204225596583,0.9734594023231137,-0.20126998928273857,-0.42526858870767303,0.38099794478079285,0.1982119369593426,0.28822319944795366,0.7711574524173648,0.2285983661786834,GSM4171579,Non_response
-0.046672681285194036,2.0504076781211187,1.4830149891339868,1.5053838979137084,1.497710674755461,0.7619082455607029,1.4499735368030189,0.962527948135281,0.034573045332444825,1.119882916970056,1.5993773826132283,-0.9385619685026263,1.3893981638405397,0.24767316847610482,1.2750757232291106,0.9489373748106771,1.5680051211134347,GSM2811164,Non_response
-1.1152562434409947,-1.4438619062603417,-1.1580795358712765,-1.4525293891475037,-1.4220647576594792,-0.967082586059245,-0.9379802320110135,-1.1013288934294005,-1.1242963652469156,-1.0328068310866478,-1.4275912164858016,-1.408184827026099,-0.5807460334043408,-0.6644659541905441,-1.3134770485111025,-0.7374679826511606,-0.9824231940916411,GSM505469,Non_response
0.509901465811715,0.37739154069809305,0.5866895356541586,0.8230321960834278,0.7543225454216296,1.238773929287406,0.6320854681884892,0.565250982373285,-0.7750688461024062,1.025700340689224,1.2756672180527084,1.8095055560050055,1.2733578206668068,0.9267590068365169,0.4509009010583081,0.2800832327290353,1.0721778614692605,GSM710845,Non_response
0.16483685191917213,0.8099538410048632,0.3952231836079945,1.0961670653500797,0.7202383583890979,0.6290595183028334,1.4875569556297294,0.8140401703903825,-0.10373521146823379,1.1832677285804527,0.9771353733544399,0.9825268992454691,0.7661617820298076,0.6247568375595008,1.5111025426662117,0.6552683637403207,1.2148021075918554,GSM1875961,Non_response
0.3647024233674691,0.38337691810250585,0.5980810757863494,0.9906246599426611,0.8554786285884444,0.3973371562476542,1.0420571604987072,0.3517163686187814,-0.2865536174606674,0.6601052350187291,1.1044679339280188,1.6196766567037342,0.6787165495708763,0.500440007622577,1.5114847935440578,0.5368938492520122,0.6939971494444654,GSM1519437,Response
1.7292712497212381,0.8494054405779098,2.083364899304251,-0.8927047803829476,0.7913876033805322,1.1287256777034285,1.8752168788214114,0.6407674711977042,0.5370805333646097,1.5773092711753909,1.0748140475539674,0.28066191174357213,0.7132808417792789,1.4711134126218708,1.3775065471375434,1.6622455427024831,1.1156891350967315,GSM158202,Non_response
0.4408169997990852,0.8242542164558869,0.6221339012780377,1.011026976429813,0.9817712306069019,0.9657880058460097,1.087983002717235,0.46266979047966844,0.2839143482102551,0.9129692451640113,0.7753575038576479,1.3922958626109003,0.8456197034413685,0.872683377747739,0.8938457508891112,0.5869947403332119,1.081746065280528,GSM1875946,Response
-0.7974902630239681,-0.9591533703914358,-0.6945283496678696,-1.6014538761494685,-1.0329024552180168,-1.0057899441673894,-0.7333515636867125,-1.3351280604667373,-1.2958732011044198,-1.1247312491613333,-1.223024725868438,-1.1770299898801262,-0.9821306396415813,-0.6889673564856047,-0.6416498127108066,-1.4658319340932913,-0.7984533229139089,GSM508079,Non_response
-0.6131946952655404,-0.833339324543143,-1.5503516937954538,-0.9278896177151633,-0.8773849859967963,-1.6838969731818694,-1.4598764270962743,-0.8734696298915926,0.6192023098234469,-1.7813861377762579,-1.208296439495196,-0.1851350722985294,-1.339001290641109,-1.7814253621232636,-0.9636850598609142,-0.45674161998137197,-1.6530729491511946,GSM1233055,Non_response
-0.8764389521027829,-1.245715456681969,-0.6221677063112285,-1.8632072578405185,-1.1498135752489826,-0.8411163641010587,-0.1971250405272224,-1.1688620538400143,-1.3368438734947046,-0.8513518446759961,-1.4019014839296355,-1.5513170457516108,-1.1276569951037723,-0.22657711433551134,-0.6281565499637187,-0.37485555923154756,-0.3920902808728984,GSM508034,Non_response
0.36131207853596004,0.09125496642486843,0.41824287558895185,0.9580879920239773,1.077570807970125,0.9815132768854449,0.3816531355763293,1.0650888929162823,1.1974885797218886,1.1286379824375858,0.5148185084923523,0.39287272240646454,0.4563038771048525,0.09192238789578835,0.8339896571970982,0.7432676619877198,1.1185710872176982,GSM809196,Non_response
-0.12898148553830213,1.2913365570387472,0.7396254503916216,-0.5675638038538393,-0.29926565764003227,1.1086515627286557,-0.06490789773283655,0.5189118220336284,0.7354806265849495,-0.23299223507482272,-0.297311426955042,-0.7487407879940968,0.6870444335230069,2.7589497906437144,-0.30003978428051087,1.2870119328930187,-0.043307506724110635,GSM2805020,Non_response
-0.020845991268761067,0.7513492538762377,0.49735452712475536,0.263464523873535,0.27950851608929,0.842055281857976,0.08144340204011441,0.30698762526299844,0.6939996273433429,-0.28725337017413494,0.4766617865211394,-0.06425976831922722,0.33648129256274006,2.262994177294752,-0.11789498908485906,0.5101026529781263,0.5175181726674759,GSM2804930,Non_response
-0.7947085044792926,-1.087048832729594,-1.0388404407979792,-1.3941470700995737,-1.2597711070045985,-1.031973547480558,-1.1978930259426075,-1.1681689686934884,-1.009810979674512,-0.9896482992493756,-1.1079506797699061,0.1848260822347849,-0.9105743703488515,-0.3056697622150702,-0.8924243961144823,-1.2696679628248828,-1.1726673604473465,GSM508073,Non_response
-0.14549121966194856,1.0061363801188432,0.6467917621234891,0.2986273962337093,1.1304544233583376,0.9815132768854449,0.4220767954586269,1.2620514754476326,0.9691245167972435,0.7825838285822809,0.945330627382765,0.42562117932995147,0.5181593602823085,-0.29784969401747624,0.6176584037843341,0.7642839236451112,0.7211256233096026,GSM809215,Non_response
1.8383408748034349,1.316452665646218,1.405231274535139,0.8073023560806387,0.874752357103925,0.8279047871786687,1.1979773840092944,1.4324213848819396,0.9013140332877431,1.2771617863875855,0.6536757965233619,1.3651154370457037,1.1249767798164843,1.0886715787038177,1.2584334408920244,1.2135391326863318,0.9554680735956531,GSM139619,Response
0.4358894684935436,0.44407068617808027,0.19621991907841302,0.6689985953110497,0.8090704309182494,0.990611000065449,0.879153666153954,0.8876271368012381,0.8928622209013247,1.1352646019879231,0.5442680159618917,0.20086162804044463,1.1582565586756968,0.5653091208283665,0.7452989280734029,0.6377091716038408,0.9990528987046315,GSM1619392,Non_response
1.649306720878108,1.4880838644324244,1.7725036622763117,0.5695564214047137,0.9940980532299549,0.9608463393637496,1.3499970846309906,1.1228064901312493,0.9168556254622426,1.0122049946840361,0.8777329683143772,1.219242354042881,0.8150145208185046,0.9145441215381954,0.44275206085288654,1.3915242816914632,0.004686653442446029,GSM139572,Response
-0.23854371238252337,1.3007805744198913,0.7028192842263417,-0.7372342858871953,-0.2753508674741805,1.2839191606950684,0.11943621473011184,0.46225844870567107,0.8371749673879764,0.0729286881534528,-0.12037060445003775,-0.6698186703032369,0.7287617668736948,2.9004774789474075,-0.19178962720261497,1.317431651030394,-0.16788704161105183,GSM2805011,Non_response
-1.094441648687726,-1.082028464930241,-1.0516275983744934,-0.8700551105418716,-1.1203801717443724,-1.0784941799543664,-1.1084175225977704,-1.3074780040827345,-1.4487313502229422,-1.046787732032952,-1.3862275223980947,-1.1834641835607251,-1.1108254388495267,-0.7398636105503738,-1.109564964219464,-1.5458424567580824,-1.467112671304663,GSM508062,Non_response
0.9920318194199791,0.7777913109338377,1.3610504740246359,1.011875938991922,1.2367892083882064,1.5949149845344572,1.6150693983847078,0.768994856963384,0.8655974280260199,1.191033281839118,1.292435044096394,0.5756964399846074,1.0287026221092321,0.719427539481865,0.3028915958359376,0.7416387827937254,0.5677880119664018,GSM496041.2,Response
0.6321897841201121,0.20399474528853406,-0.2541464256877078,-0.12620108016662743,0.49731078874092965,0.9976365298584129,0.43987453689445916,0.5798922787639055,0.7934853687321947,0.9311696930744255,0.27203518739447213,-0.075024680996675,0.6638242815562138,-0.09953687953047265,0.32784742258184707,0.846551290449204,1.0922816217142195,GSM4171558,Response
0.39258142749786284,-1.0446750380823955,-0.6215760783918967,-1.043683128816995,-1.1722819876804769,-0.9643807596459784,-0.9782623968585797,-1.2499825761766108,-0.5834574439545287,-0.8670042415620531,-0.5634858316892303,-0.1978396950729106,-1.1793197008985015,-0.23332100441478112,-0.5323022686615955,-0.849628683140847,-0.20477386156882316,GSM549250,Non_response
0.18830830617758035,-1.0508229678986363,-0.8008656453767959,-0.07367042085220013,-1.085471337004808,-0.984931451523598,-0.40501687879586756,-1.1980719785043155,-0.42557007183478385,-1.0234190577532356,-0.2979837043065542,-0.8785403607744227,-1.1025443977041522,-0.7362654058009871,-0.8278908322484709,-1.1130883141488015,0.615986768451176,GSM549234,Non_response
0.7417443018262183,0.02723865482440775,0.7112052652015496,0.912422027207837,1.096438383347932,0.2939777429757926,0.7609912077329963,0.46489532804336636,0.3023961337603897,0.6512169962134753,1.0756901666612435,1.500774415067081,0.7830693896626574,0.42958741099222036,1.7830831703728127,0.5543963161499154,0.8853744476042469,GSM1875900,Response
1.8198670195026538,0.9133424468357624,1.290900139952287,0.9012596188857696,0.6223061552353909,0.9831895754862452,1.4409045003171412,1.306530284092225,1.1075623660649436,1.4070510279230393,0.7733764699634852,1.3968191365347664,1.0132620944154644,1.1939355560910043,0.7093441730593366,0.7816936660094735,0.36989221060830235,GSM139618,Non_response
-0.47895796236857513,-0.8169325321877147,-0.8250345124917423,-1.3937271940166074,-1.1292658175366952,-1.0378749155685452,-0.7326846065238188,-1.0078127034236624,-1.2472530930068255,-1.246846029985851,-1.0955836964437207,-1.3375267880301769,-1.196351628261583,-0.4821319915374012,-0.7124975971555894,-1.6804091060870456,-0.7867665793222914,GSM505436,Response
-0.9591424885762372,-1.0933602461282275,-1.1181337983785409,-0.6390291467495176,-1.1941932428249482,-0.9495553413192082,-0.5603691487600388,-1.1143383186565607,-1.2091224316875804,-0.5656068531774384,-0.9360371296346846,-1.1939914369860696,-1.1144010214489168,-0.8041175630365053,-0.8510630879197995,-0.8946115610990305,-1.1934833552445205,GSM505389,Non_response
1.915647153437702,0.9247815176315713,1.4181767570043522,1.1586871047167568,0.9273635946139205,1.1388381254026168,1.246487435044184,1.61325418350372,1.3401628991699839,1.5434547240516117,0.7844492313831436,1.513173022050398,1.261968805051693,1.1711339841410418,0.8397677885637154,1.7810737173420008,0.040138999828866935,GSM158219,Non_response
1.121926961418559,0.28627040736215625,0.9732141698338295,1.38498585300577,0.8580376870665505,1.0464289272047422,1.1235497485261674,0.7503625885505135,0.710820058611789,0.9853294372999514,1.1790182272870748,0.9064148479833322,1.1902462785486507,0.6011393709851837,1.58542966098607,0.7843646767634097,1.4435868201886675,GSM1519420,Response
-0.41056634275079856,-1.128337018472375,-1.0002861004139971,-0.7972801065944188,-1.2329431029388405,-0.9642627207792992,-1.2374715926380582,-1.177474269712894,-0.3014710267635265,-0.7440864464153023,-0.845325000536326,0.19912351976742465,-1.1274774441789857,-0.41443048896323254,-0.8013781903844213,-0.9206763480824882,-0.6774775114675925,GSM549235,Non_response
0.7439543468950786,0.5994908638481913,0.3899400966771711,1.1569295831239055,1.1214707340383006,0.8876668001897297,1.1868485449725015,0.5870622492997063,0.26892314517179666,1.1695295842360351,1.0014688198524677,1.138365029160944,0.7330304430297157,0.8772411810609816,0.3719703025428339,1.051587971729073,2.0009119149723253,GSM1875986,Response
1.5390085517423,0.7741937630388038,1.8060355973239706,0.9438771556556463,0.8826865853863453,1.0572559037350648,1.5632386658331914,1.3256716693634802,0.7576083651848419,1.2522561127055307,0.867785146877502,1.2521233711301145,0.9171757749817009,1.3926917691391674,0.8531896100979453,1.3325234377953576,0.16948350710215146,GSM158276,Response
-0.7274337156036021,-0.9828235338620727,-0.7965363542722419,-1.178096113272123,-1.10672009750052,-0.8709210308633084,-0.8375525276791177,-1.1974503634397446,-0.19715654526006332,-0.7788763110293667,-0.9895895820877999,-0.7421810525098026,-0.9887679171311446,-0.4794427016005247,-0.5203763959628188,-1.094679827561154,-0.8648475020313148,GSM549266,Non_response
-1.317586715459973,-1.0346510903408432,-1.0423084264161793,-0.3159820467575485,-1.365194981087676,-0.8087913467048725,-0.6775409052159366,-1.0728726327470268,-0.9241399268627507,-0.8640930741861361,-1.111403755342036,-0.8366306092280144,-1.144093268352463,-0.42210880387670646,-1.2193465034770903,-1.3246662424561502,-1.0923388257627527,GSM1050594,Non_response
1.0030905828459118,1.6698962504449921,1.2492572268268354,1.3297485448457786,1.3968411036427084,0.2641758114809823,0.9036781354252029,1.1972487767137614,1.775848857751289,1.3461361271274537,1.861219761708953,1.633074719362496,1.563624512436172,0.1637482520303443,0.4842210625660953,1.161977256587917,1.0101008630152775,GSM2811127,Response
0.6204476134506755,1.7241558944121378,1.4639441193512643,1.255160021992004,1.589202466381774,0.4107366658431441,1.111551473851033,1.2074216247533354,1.090161046011238,1.0614919666970855,2.2749493314147724,0.8926178181847042,1.3277921946357485,0.24517822707156744,1.0594595058284622,1.18111247782911,0.9507496705560191,GSM2811152,Non_response
-1.091932308839173,-0.2883090625793468,-1.0913486497555918,-1.5788536197484553,-0.9875889255056518,-0.9314359014338783,-1.2834754169783844,-1.2917691703687684,-1.3614687239465264,-1.0512176878823691,-0.5431804564412362,0.40659440124108753,-1.0529100660300272,-0.7906689476991546,-0.9050814446622834,-1.4971943470959685,-1.3571705461549648,GSM505525,Non_response
-0.6917472843318844,-1.0993714664474974,-0.8873995117297035,-0.5456325552713057,-1.1348865873011305,-1.046448469341612,-0.7107448944177711,-1.20417662235899,-1.017538613517803,-0.8514648639038975,-0.7556883509220477,-1.7850687663958893,-1.1234484602227928,-0.5012851849045319,-1.148597836047998,-0.7008178555782115,-1.2313850315523565,GSM750738,Response
-0.8255576484723659,-0.6526909467033228,-0.8111615573442669,-1.5739454316881223,-0.9763370375124398,-1.0185370761080086,-1.4661551870749339,-1.2658636018756546,-1.2095923025445625,-1.273888981522174,-1.0061344934737242,-1.010176769602382,-0.8608575597372723,-0.6441007402868586,-0.8248618759200947,-1.7225344563817253,-1.3813550066677893,GSM508056,Non_response
0.9359244832728161,1.8208419607887152,0.08448268235428678,1.640156503092696,0.007815390844241744,0.6888351612049328,0.8113183941302539,1.3232275674120064,1.6657181669953056,1.401346359854311,2.067110284774057,0.3894159953682601,1.7380478614855635,0.16296932276790896,1.5237204033663965,1.2925363259790585,-0.21351006749097828,GSM7040781--RNA26,Non_response
1.9312755078151909,0.24462210431337084,1.549203738684969,1.355860044210525,1.1928803804277506,1.6908354825554848,1.1616095472598447,1.0909836855847987,0.8837679111527803,1.5099787186441471,0.44972336099037585,1.3247785936502692,1.3107141819881591,1.6393901170496787,0.7906145195497347,1.6896026623612947,0.361260441550406,GSM139577,Non_response
-0.9073271356255366,-0.9748731802698993,-0.9932572073233562,-1.3677993243304778,-0.9925656129185495,-0.9757635230956391,-1.239323647981042,-1.287436861102221,-1.396176312244793,-0.8152172644588342,-1.2193743290097712,-0.723590491138726,-0.9300305927026205,-0.6854956352176202,-1.094694941895342,-1.2871938140386294,-1.3257051581194306,GSM505365,Non_response
1.8691754108254508,0.6138736570023581,1.3663704556391219,0.48572115737804933,0.6564770881383406,0.8944357993882595,1.2487068626740423,1.4578112580585136,1.4052738568723233,1.5528573004832402,0.6153156383587711,1.7712065034389466,1.4328127133488253,1.117790116042002,1.1177414738769589,0.8586591016356092,-0.15340810730630533,GSM158190,Non_response
0.5299771096785798,0.47403238781102675,0.5857475516441103,0.7296854710864531,1.0094769415717597,1.4694150953089158,0.8583941983207793,0.2685543012362675,-0.042256455444323465,0.7511931904114998,1.2773204043607729,-0.3016763132133105,1.1279934785899404,0.3249954586059426,-0.2540103651592754,0.11042172990239016,0.9522008153000097,GSM710839,Non_response
0.7318363449068918,0.6468929723440078,0.567273394293268,1.294807045280223,1.0881308273266639,1.1182047232383225,1.0793426125160175,0.5907352528277868,0.050676176681318595,0.7829393693976086,1.0958003148597502,1.437116149828064,1.0537781292406243,0.49061345945719825,1.799521355524013,0.47598108995131144,1.419784067188345,GSM1875906,Non_response
-0.0276981343756062,0.46215806383317104,0.45466696670857615,0.5316590942875149,0.5089408221652261,0.5179584982171834,0.6905609579193671,0.5072917504926029,-0.43122213310465685,0.9708237470754988,0.27267365895936624,-0.5214293703747561,0.27984253866078945,-0.028975522574082997,0.46305428272882404,0.9363920807260689,0.6514183667563695,GSM4171562,Response
-0.8411155949974936,-1.0149143528446447,-0.8710857047589545,-1.0673468041919476,-1.2344492170236416,-0.9687436489530923,-0.9234493545508768,-1.1516980256898006,-1.021676953098458,-1.3245905648807021,-1.0730354556731019,-0.42324550248190684,-1.1214824047465142,-0.12980346566886117,-0.4223303094136491,-1.1308896706314253,-0.38188323677591207,GSM505411,Response
-0.8815708601566932,-0.8203305554958352,-1.083846945603179,0.002959926823448632,0.3883010463126486,-1.1955641353509634,-1.4446680642416703,0.35285651924194156,0.21003228192991227,-0.9921852290691494,-0.9337300531172826,-0.5521195751928563,-0.8797827180811644,-2.0158547358533103,-1.2433387462309455,-0.43974116009524866,-0.757866885061957,GSM1233117,Non_response
2.039922869855486,1.0169258940226948,1.4489912684583204,1.3364480415654862,0.810260039908531,0.9275252358309005,1.5412029815894652,1.4606829834166548,1.2307432789811126,0.9913790170950664,1.1784600062567008,0.9198956952599264,0.8788784419892309,1.3007262047282655,1.356496070675008,1.4438781553037956,0.7727051974307959,GSM158218,Non_response
-1.5703455077037385,-1.1405416160041317,-1.0251511215889026,-1.5878246469800643,-1.2878741540486212,-0.9370288011491145,-0.6989927483540933,-1.1495570767518675,-1.4339424250583521,-0.9533852925748004,-1.1928122547249227,-1.006216725642247,-1.0958097694937101,-0.6732841471900141,-1.4063425399975606,-1.3391549873181874,-0.917764404853189,GSM590843,Non_response
0.8429365156320169,2.023888196190854,0.021027272139640386,0.9228793798704517,0.6470394187862839,0.7367464496452375,0.43264763209913804,0.9108179611561061,0.970187792479229,1.07722644721073,0.6336248936290781,0.16022612377934897,0.5013400357271187,0.39846169769664797,0.7550500444267088,0.9325997113755112,1.2875126995600497,GSM1619426,Non_response
0.7323906435846336,0.8327704468890395,1.1159040865212615,1.1291646247725564,1.3004824948069236,1.146376488219971,1.4308000545502306,0.6575210935701173,0.19409757898862134,0.8460560773258573,0.9755128587319524,1.2040628027178046,0.972745811801811,0.7620112120948103,0.3560860161325331,0.5147268159836544,1.1924749235270218,GSM1875991,Response
1.342437095832023,0.4641329664161392,1.6841330935588434,0.23730406812558785,0.6817261132381037,0.7578237144780314,1.5149402716054239,1.5063360108022383,0.7445619024949981,1.6972239129851192,0.3633186713683604,0.397881556028419,1.3821329181695723,1.4101107991207107,1.115156503710065,0.6055685360744641,0.1569026244254707,GSM158253,Non_response
-1.2379252371811302,-1.1182051395911594,-1.1649853770541794,-0.5158777302693662,-1.1470015298522156,-0.9427938861383028,-1.3947525999210728,-1.1079350326594986,-1.2895650522092161,-0.7002524592584474,-1.0098818956073947,-1.0473262495053297,-1.0253033260621893,-0.3493878134567176,-0.6302097537417988,-0.9309663987515298,-1.1155122012611425,GSM505509,Non_response
-1.2072189404866462,-0.8272285532926817,-0.7513879434113109,-1.7225304081379698,-1.1534516276237199,-0.8619000647296124,-0.6393604396364244,-1.2602052113244804,-1.3076169134069395,-0.8434247136881998,-0.48235849543353687,-0.3505059589556495,-1.0379482360329453,-0.39696476381868795,-0.8810319521777464,-1.3048475963467545,-0.10955334994432026,GSM508058,Non_response
-1.1452298396552094,-1.0653138724222653,-1.0454889695741387,-0.20618032338620143,-1.2055496127951133,-1.031755833582659,-0.9736287424348833,-1.4797028364067748,-1.403112770148008,-0.9898603479405313,-0.9558497422621749,-0.21937385411346272,-1.2020077323756548,-0.7912065943705153,-1.2176065493270576,-1.4009337788701945,-1.0477585496671133,GSM1050641,Non_response
0.8168800308772834,0.6682433549606509,0.1386763836446067,0.931631293348393,0.38477419660619927,1.0102418490961322,1.0251131943263538,0.4776598238132125,1.1679955205705015,0.6923284887245019,0.49578456470176213,-0.2670307573512936,0.29016668657096073,-0.1814422813512333,0.6683479282907506,0.7012579518600784,0.8679353408724378,GSM4171536,Non_response
-0.009678409388752012,-0.8350956450202363,-0.874051496747199,-0.9501146634504665,-1.0968402933339492,-0.9796508672012789,-0.9540147667501744,-1.1120122414139713,-0.7598807904887718,-1.3316540077091223,-1.137051052125176,-1.0477121431486487,-1.0490990020591204,-0.6712796791773801,-0.9834243960865726,-1.2993910074322992,-0.2664213196992552,GSM505343,Non_response
-1.1107120530498837,-1.3139442127309497,-1.163996347978027,-0.8471083938752474,-1.2154768782465828,-1.0375286636751837,-1.6161109606034927,-1.141306220123109,-0.844811452515631,-0.9226122591400392,-1.2442760061896954,-0.535498718568604,-1.1455680836476643,-0.8452132044568625,-1.2752557215571672,-1.0420208247494585,-0.7043308860946675,GSM505472,Non_response
0.7366930280164979,0.845943825495202,-0.19885585527989183,0.698331646978668,0.4283082391307588,0.39740663747238825,0.6217512329356901,0.35101604150386284,0.5727489687725883,0.7197996522010512,0.14164400446807862,-0.011436541784017776,0.3945244731971778,-0.16380632285428473,0.19200145550740755,0.49466976526820344,0.7564537957867132,GSM4171498,Response
0.8970088057077794,-0.5353732630220034,0.6505315851154497,0.12262626804640356,0.5464570630708071,0.6794419286585278,0.21588263280690323,0.515411500411074,-0.5055665288653276,0.10708853819287337,0.06743150665194783,-1.1905634892648935,1.0070428566123404,0.7017577370245249,0.36572200710115155,1.2932093876491753,0.360867114170314,GSM2193358--1,Response
-0.5959066501401403,-1.1382529412479516,-1.0365694779947936,-1.0649480307272592,-1.2596592637996946,-0.9629815425935578,-1.3847480484704144,-1.1779158247677248,-0.7883709127341624,-0.7666310536420002,-1.0595275597988405,0.14086400702151194,-1.0796982996605748,-0.4784156044569768,-0.7470114702542757,-1.2738342271457406,-0.8737528349245381,GSM508018,Non_response
-1.1586465245664819,-0.8319961821800294,-1.1090602467524673,-1.3057224080032412,-0.8578560751217458,-1.1275803838523932,-1.4407805014545112,-1.261581759458916,-1.266521124267429,-1.0597243922572266,-1.188072606777233,-0.7612192266138328,-0.948433006784746,-0.7391115599027377,-1.0142526849842257,-1.7493315240014755,-0.9816570672640271,GSM505551,Non_response
0.22044843091164296,0.7046790767092049,0.18405861751691008,0.9986697872837549,0.9210623702523856,0.18912544263801492,0.41130123403837054,0.1310427704052732,-0.04286551947612981,0.7786819163435281,1.095806849190729,1.169942052455767,0.38183432648234145,0.2819200654708437,1.3618066837719691,-0.025928490782223028,0.6113516701852513,GSM1875931,Response
-1.0251252283170091,-1.0055444517529621,-1.0158180503200311,-1.0581871841316997,-1.1100328780764508,-1.008803850052451,-1.2009355812283182,-1.1437958707155091,-0.8309342110124391,-0.5567374699293959,-0.942640237582989,-1.5609260809213839,-1.0762325017220138,-0.39275657798282737,-0.4467348995096805,-1.326887484920337,-1.0342593254986323,GSM549286,Response
-1.0595985564231012,-0.8917096621250576,-1.749584047240257,0.44499106295268526,0.018098938876524424,-1.5822349294393894,-1.190286941196539,0.01408157091655835,0.3390476859856325,-0.8899609842829295,-1.0015625204078766,-0.6586636181061549,-0.6794699950757379,-1.8512213259033992,-1.17180752545802,-0.3980064696218461,-1.1877443937447498,GSM1232992,Non_response
-0.9061363928341151,-0.7368766303748621,-0.7385874675975651,-0.46372657401910794,-1.1386815404861932,-1.0469892723332406,-0.6240232866998001,-1.2480315235940094,-1.2820041163654892,-0.9896860727211225,-0.8403208474258101,0.43852900070077183,-1.0913181101331308,-0.4872944937759003,-0.730472787693987,-0.991046189887083,-0.058732692886248244,GSM505543,Non_response
0.5559347122737558,0.2780718310974428,-0.3067679714582561,-0.16987999018474478,0.37870719830312327,0.755917483553297,0.267085154225375,0.6337610794700779,0.8259797299950611,0.895578694844174,0.06621108264799182,0.08491456524181988,0.5934146084331289,-0.03523634609346383,0.3478189328956217,0.9135885774182196,0.4886452463017145,GSM4171523,Response
0.789799271491219,0.6083290769802988,0.5352264261339166,1.239136831049628,1.0425705496022915,0.9065136738709458,0.8669348643853078,0.5328478951759966,0.2691118024098341,0.9647122867727584,1.1694985003970675,1.3771887422832658,1.475277553150437,0.5619892459840335,1.471281788843769,0.44486912478606455,0.9480963631962426,GSM710906,Non_response
0.5635602988984209,0.16700175427972952,1.368690190647842,0.8102311571951227,0.8426672391109478,1.452331786355698,1.1483957265998093,0.31970731909964883,-0.4011891022835645,1.0803586344473646,1.043735414160333,1.4902829274567282,1.0463490111255396,0.7822711743523524,0.5396351308338615,0.39440566792922904,1.1144044601061251,GSM710888,Response
1.9699137452294544,0.44232076288267486,1.6140040700302205,1.2091101240430562,0.7403469016702299,0.9711741629443649,1.7359497577458844,1.3473432671832632,0.7277625270053133,1.0056176224778852,1.0917888830875055,0.3669278961115322,0.7004186765973119,0.9846240283337643,1.1684111058686273,1.5298258072372133,0.5032586738507808,GSM139587,Non_response
-0.03620274986710229,0.15409725663413898,0.42048670661459375,0.34546754891693077,1.2765898613346154,0.9860990550608795,0.22189402208616602,1.282089847756162,0.9768044825370475,0.5353802760290373,0.8263219014340686,0.13705215699107576,0.6110380317597838,-0.16132797198626858,0.7675099227389928,0.6998667490317222,1.7855821529972697,GSM809247,Non_response
-1.0116434937057,-0.8561665452039421,-1.010346173408545,-1.1037463460444323,-1.1315192106743563,-1.0275507362163232,-1.2986193362550227,-1.1878527335346607,-1.0680172970176394,-0.9619641255929888,-0.8642222775795912,-0.5778802820882608,-1.0245598784078667,-0.5651979282490871,-0.895235644148821,-1.4894724775848132,-1.135411466375089,GSM505523,Non_response
-0.06632313370967988,1.9891319319104734,1.7414952763001257,1.7427752388778452,1.4478780790966526,1.0760526424089076,1.1803204951644268,0.8517237020032835,-0.5626999578494002,0.981986647809441,1.7018572757843953,-0.24354151032642513,1.5067898750681956,0.3825151691652672,1.4089184578015532,1.6550167451449145,1.1563896861827385,GSM2811163,Non_response
0.6003718535140923,0.3620145155432516,0.3575864546244803,0.5941913267432369,0.9412874850889821,0.7001285383320507,0.6197905171444618,1.2230062128801817,0.9311291271546526,1.0603599324583735,0.39093434121734144,0.2700934168587435,0.5221912919136624,-0.1728012871036511,1.3204934423030446,0.8201248946600126,1.318424314692156,GSM809291,Non_response
0.45878262190446917,0.8412385178878234,0.5492989383407392,1.2100742816632861,0.9400361922893373,0.6407571547304436,1.0132478441292698,0.7717068512471472,1.2090824377211293,1.1982873296758538,0.6548966135091484,-0.09223605681741494,0.6601828726682802,0.14072955187996736,0.9171384665616711,0.8108264720481534,1.361568010393238,GSM1619421,Non_response
0.9703283343456971,0.36068232951843,0.9584097805189876,0.7678721842418045,0.9120617644347919,1.155034093603931,1.380959571477053,0.6013591496547425,0.5222516803089683,1.040839510170179,1.083982662983552,1.3854655178834892,1.1315041305205744,1.0184426480356172,0.8331434177774983,0.6370484243925659,1.7361048408149558,GSM1875988,Response
0.5274156203319251,-0.020401114334169888,-0.2505411087755617,0.048354707187278266,0.4978775752496878,0.5600092979054262,0.46755809339653315,0.5292157050395071,1.1287447496962912,0.9349751867644789,-0.08438124205472443,0.20621577899714522,0.7193398693954309,-0.03815909922409422,0.24271277255541265,0.4736827696394587,0.5648494849997295,GSM4171510,Response
-1.2937073968867896,-1.074933086088523,-0.8294286192559279,-0.7765377861865246,-1.1983039293633964,-1.0312561489958776,-0.40836057473845677,-1.2839297100257019,-0.809629571497884,-1.2009100268889814,-1.3879942146096758,-0.9358488780574978,-1.2036768306993966,-0.6941406133723167,-0.8855560962953846,-1.4378324932127742,-1.0926603524724126,GSM505385,Non_response
-1.0763450275168116,-1.0310355826385529,-0.8998530292229154,-0.4396824284960929,-1.3785589376223952,-0.934083605031984,-0.6006093086019277,-1.3454835197468091,-1.379783947374738,-1.3364840486662777,-0.7689958643944472,-1.2633949218229548,-1.128327323872965,0.0203702462234424,-0.9080871031840136,-1.0831631107913722,-0.6419847409836643,GSM590851,Non_response
-0.9906717752934764,-1.1089894508336002,-1.234899985582925,-0.871087913317914,-1.0181763238468902,-1.045788521163831,-1.3664854491957197,-1.2050450467960778,-0.9823460743221247,-0.9882405764879241,-1.0020268948191715,-0.6437019020038866,-1.0355348366701378,-0.51240352181508,-0.7611274794612769,-1.307508690969826,-1.0375001501927712,GSM505549,Non_response
0.6136341781210598,-0.5040833769022982,-0.611122756349956,0.08998562329450231,-0.0880874747090325,-0.28098612109146365,-0.28080469561776694,-0.5101872396488301,-0.5195348840099984,-0.30516351136278236,-0.7669735566144903,-0.6721265433640286,-0.22886586668628173,0.021688323933619698,-0.11154654224839189,0.2285579157501883,-0.3507696757703614,GSM2193350--28,Response
-0.8457445539457049,-1.064256536509375,-1.025342097732783,-1.262421797759327,-1.0829258930238512,-0.9720601803984393,-1.2745670787568697,-1.2968821094050378,-1.133680485492253,-1.131925934812984,-0.8688024877718973,-0.7335348625254566,-1.0265640883237233,-0.77112149448288,-0.9274929222608199,-1.7288722867497794,-1.1443777928674819,GSM505490,Non_response
-0.5127405894106286,-1.1488104246926698,-1.0780300221640409,-1.2157816688551244,-1.16731561916211,-1.0374983568462979,-1.2490107958529577,-1.1542338809068247,-1.2707069996526152,-0.715260451302094,-1.0629644247606915,-0.6895933451269903,-0.9958018398852682,-0.4882105622543072,-1.3882692968947807,-0.18712986421335626,-0.9454775868483699,GSM505483,Non_response
0.9250127683208902,0.4140719536948604,0.7096453238799392,1.2037991731185755,0.7691772394961289,1.4468058231434013,0.9583289769201492,0.6740040373860264,-0.469277049614147,1.0199154201361023,1.1648721996222782,0.4397052548856938,1.6253589216175064,0.9269355403316473,0.3000977255012783,0.7861926064147391,1.6215782406127044,GSM1875965,Non_response
-0.6293788947965685,-1.005874815519239,-0.9168950744011215,-1.0421248378871721,-1.304794459921033,-0.9836965896736818,-1.2452475287836358,-1.1300356192624925,-0.7217018075642058,-1.0153848507034915,-1.303797602438268,-0.36052979640336263,-1.0336046760543356,-0.4742395450701632,-0.7202187665132754,-1.2300149720237181,-1.1089826881503084,GSM508020,Non_response
-1.7020049130865316,-0.46835452025294466,-1.5533216143366249,0.19008789289916497,-0.9003036339089652,-1.8663403340584117,-1.347224762052993,-0.5650565967209504,-0.7726554438273037,-0.9366552281789947,-1.1474453091021,-1.1945991656408343,-1.3973559838365124,-1.9187004717239013,-1.1342575600852531,-0.2668250805776334,-1.2697060241711997,GSM1233079,Non_response
0.6224105874474886,0.1561654606120396,-0.41004217956951894,0.44424314278305266,0.6004600507500489,0.6859990012732735,0.423061265134573,0.4607934100497446,0.5185044932611501,0.8710340272574912,0.45958784389179974,-0.21230537073279054,0.45676862338906404,0.05609057987748299,0.45137344145796837,0.2247015577939933,1.3630589539599949,GSM4171560,Response
0.3316879594197267,0.6439952577462869,1.0011092715786047,1.1158885813886061,0.10378454280487237,0.6292053337237052,0.27657519043909023,0.7089848352441832,1.182971832345207,0.7435166486106132,0.6364173456310299,3.9588145449957763,0.3936315003580476,1.471234424569601,1.3141766844030758,1.1914314430454986,0.8658509050330648,GSM2804931,Response
0.7682708333428165,3.8610634823514243,1.2721000113602372,1.0580122955998137,1.8998321180480517,0.3522853704512542,1.0955006149975066,1.161240533328184,1.4736531455127566,0.72958083779871,2.5830156891193288,1.4612595882099368,0.8966468386618761,0.10976307715856927,0.7581331067311432,1.0408388875064873,1.5780537640580943,GSM2811161,Non_response
1.012813546694439,0.964560379259398,0.9543465346498097,1.2067874824066336,1.2915458206635897,1.1847955370814671,1.4111981095539243,0.6515620349698751,0.28622421131745035,0.7828362940714549,1.0508249562727676,1.5534758995966569,1.0060695960804085,0.5803299731103657,1.5762550487139375,0.6985125405831005,1.055800452832826,GSM1876008,Non_response
2.122726116717297,1.3279551661039537,1.6226929322655887,0.19218850087097167,0.6608408534430342,1.2352970101715177,2.099174362321599,1.853184428550475,1.2817035080750911,1.372498591036916,0.7153314319813082,1.5129158071313478,1.2177038725979838,1.3571463079585524,1.0986164834903696,1.0188032286005364,1.1338855798105345,GSM158287,Non_response
-0.45086936053154236,-1.0640067988997985,-0.4817299251106078,-1.3583085777749504,-1.1901679994672094,-1.0273100861308386,-0.7350334637095768,-1.2582970807598715,-0.48178205002951335,-0.8939224464985516,-0.8288834528541394,-0.5133745866017193,-1.0972088680353989,-0.2982610112219153,-0.9248939930341267,-0.3706683782688468,-0.3721496115683562,GSM549237,Response
-0.3762157032177347,-0.2618743156693522,0.47347996460306746,0.6386250607855045,1.1358294539170677,0.9543608790096474,-0.2350711849531636,0.8481456622318828,1.2997899522325975,0.8197885688139714,0.5322980126394662,0.060909115139826324,0.49022658790037005,-0.4030336053595833,0.952103724162029,0.7998535127578457,0.5804175691313599,GSM809240,Non_response
-1.0200381299513026,-1.0081537391843558,-0.9243935224699233,-0.713987710470127,-1.0193241187182318,-0.9731351996647569,-0.9448911657102943,-1.3787710270365976,-1.3444807905054226,-0.8538881146347419,-0.6743510373149941,0.5369730506017508,-0.9823103270011613,-0.6959515923670528,-0.05573718905506622,-1.1309170905552581,-0.8975259045732236,GSM505417,Non_response
-0.8693287692611346,-1.1093357242447048,-0.9001044146549899,-0.3648948705371629,-1.3468864173818158,-1.029606268261248,-0.889688542225609,-1.2273222013961644,-1.411698684724843,-0.8800558192870623,-1.1459633755624565,-1.0770043204029638,-1.181386095760405,-0.8043798878792608,-1.2179508203637082,-1.3709852609934334,-0.6967843068546853,GSM590883,Non_response
0.7957653907176425,0.5103097195025794,0.6913309022099023,1.260613026713345,0.9746433915465275,0.9176446274371908,0.722812742692084,0.9095846903840856,0.8377001671998067,0.8068368361716253,1.0712659047880189,1.0993292817202074,0.7073798581603352,0.7527970901414757,0.5596604741795697,0.6176456273930747,1.423384073476234,GSM1705393,Non_response
-1.075338412664968,-0.7332142057180683,-1.6309206212332132,0.25018643655085354,-0.32747258084497793,-1.6556582004450313,-1.609823584849299,0.0010109125450643074,-0.5183248742830252,-1.0920749695678726,-0.8995560310609422,-0.9026123206673419,-0.6469694193054535,-1.5886104824913296,-1.1402596050676252,-0.48996138589105837,-1.329298593317978,GSM1233023,Non_response
0.2339873444417431,0.9626851057733556,0.7377536709140378,0.07508040466540612,-0.08551075069336095,0.9563427999072824,0.18429635208750955,0.38430000358301725,0.6515785836062494,-0.11679558422656808,0.033563604579370895,-0.155787413862576,0.5373364071515876,2.5873607903599036,0.29135552094537776,0.8710628671414733,0.22446997990822565,GSM2804868,Non_response
0.7375910731621766,0.7472320307123645,0.05406210364761509,0.29630784135378585,0.5592877003410679,0.8370202586502457,1.052609742726928,0.9367782820012316,1.2233980400943087,0.9825497054523625,0.563464327155181,0.5298061279522093,0.9446811702142078,0.2133521395676142,0.8515670268995096,0.377601651071318,1.5344105183630385,GSM1619401,Response
0.09442598183878263,0.6120342281130463,0.3419178428969289,-0.712923697732832,1.1664293721917902,0.667821902949177,0.8482507168468697,0.9256260818280136,0.9878715560431325,0.874712029129151,0.6968295900437801,0.48155810648247976,0.4765737479424692,-0.04361810178788868,0.24117807386785567,0.7574196672264493,1.1137516719593017,GSM809265,Non_response
1.6253895948502635,0.6004017483146862,1.4225428896743697,0.8339113600184379,1.0331323333208107,0.8694418055412226,1.439259896289733,1.2797414982034903,1.5120333044278795,1.639039863760373,0.8338356417511404,1.216679156232734,1.157270969050044,1.3362562043525301,0.8239281448658359,1.425839320366152,0.17101327761834126,GSM158234,Non_response
0.26652986525345657,0.5453842241915582,-0.2518152368013264,0.3171066775650589,0.5888928803493074,0.5897165783751648,0.17997862704865125,0.6155518497193229,0.5381038620028188,0.7476550944193808,0.07537115568713137,-0.019636859246331247,0.45201268761451086,-0.18526534932319666,0.17957860321818295,0.6392754613805567,0.5205598638799491,GSM4171568,Response
-0.4366196506284036,-1.0278896316002308,-0.6870753029619111,-1.4378813307506433,-1.1639392770655965,-0.9594497883400679,-0.37257433236611737,-1.226331036826156,-0.7122826268286427,-0.8904111551851602,-0.7897642897884972,-0.9320416244023929,-1.0433865206477508,-0.0638941242789731,-1.0469828189658714,-0.982794046781856,0.05302127553162839,GSM549265,Non_response
1.1336662095887813,0.791424908058033,0.9444522240041185,0.9959952449746519,1.0340559676080592,0.7893502390845225,0.8008084670680703,0.45530183436457017,0.37959714309412274,0.754338858841034,0.9590557955143408,0.5071718642990676,0.7673018935793654,0.48597919302688336,1.2957821671353271,0.7338725385936204,0.49250621692617447,GSM1705396,Response
-0.9764435594687865,-1.1525355659767784,-0.9743474267804989,-1.5450039628850025,-1.274729934852364,-0.9111131113678438,-0.8214977849333509,-1.161616093652465,-1.3763367953960302,-0.6795888136380198,-1.2556898137579913,-1.2306476685233638,-1.071164136398533,-0.48843031994158176,-1.1806205771112845,-1.2832617440032212,-0.8796705384097634,GSM508059,Non_response
1.2978157116074858,1.2866778490381843,1.2986971283719875,0.2677209744480968,0.721384896814982,0.95835159898972,1.404708753684,1.2803709727236567,0.8816775111003025,1.4774689800091119,0.40604710957306284,1.3224230752737267,1.0113000135310077,0.7182677992101492,0.6393392404518959,1.2871817896392952,-0.3361449133579177,GSM139571,Non_response
-1.06665462186876,-1.2173753900213928,-1.160664699424775,-1.341405402251099,-1.2390025568459717,-1.1046269327285307,-1.2038824215336548,-1.1463944870190916,-0.9734563703628832,-1.2514361364783742,-1.4361047550295722,-0.9072932973215001,-1.073265642695909,-0.5986093850114843,-1.1669989843536563,-1.23624236639671,-1.1239303564156555,GSM505426,Non_response
1.0865084446621327,2.0186741970234925,0.9869762587631593,1.5969789120219513,1.5194443392138568,0.4671679715795632,0.8825294178219955,1.3556691832832475,1.4536697970581935,1.2025799512083675,1.8956213357675853,0.6252189121543271,1.622035844327194,0.08424874327074776,0.5470154606263594,1.1286760043279578,0.9453142930028369,GSM2811144,Non_response
-0.2185393505486913,0.869960159162313,0.6221723684342344,-0.7515834769552027,-0.031013560453829046,0.8895938281376087,-0.017420689871504354,0.2746266913054533,0.49034889883982535,-0.0027558147312215764,-0.35156978993588706,-0.9808694409551025,0.294595626823855,2.231401183883522,-0.01577135480988861,0.6903759747819397,-0.03813561061068005,GSM2804853,Non_response
0.9513051343992491,0.149073550375052,1.2606061639497812,1.3852288441638672,1.8884939247599895,0.7636306126119486,0.8504922797152943,1.109156249404826,1.5340557112281041,1.0332068887603163,1.5746158854314312,1.926340959524129,1.7355530416786422,0.3334373138933634,0.9401676485895744,1.196087661671115,1.6149716238753837,GSM7040795--RNA36,Non_response
0.6875506619983676,2.6476765212141706,1.0492833652637674,1.1816849995897938,2.0050134108681834,0.37458444389736434,0.7859827850924216,0.9808044252251251,1.5960211097062258,1.2152929883744619,2.1713592612916846,0.7016148591280624,1.3606223091066216,0.2190301646148406,1.12533505929579,0.9601906440678137,1.0915610835218286,GSM2811158,Response
-0.5688601294922475,-1.1061853780748865,-1.0699666020661984,-1.3873060658752125,-1.2470264622403815,-0.8306754203581758,-0.7049768708442181,-1.1198223323242738,-0.9017694195316553,-0.6430223699665459,-1.3998574303038218,-1.209851223925896,-0.7354131330110187,-0.6838930407265297,-0.7713528515442358,-0.5981367956084075,-1.3114073069868604,GSM508046,Non_response
1.7421014721092531,0.8731698807441912,1.6872338964273392,1.0774881583065985,1.3001233529487672,1.1511156598356478,1.491223560719471,1.0224576920669486,0.870334634224951,1.5939419395649954,0.8861739004493574,0.9020114755742392,0.9385787475586647,0.7397818125148757,1.8766619230471409,1.1014788131837283,1.3108297041355483,GSM158277,Non_response
0.23184617084808679,0.34818344813430674,0.03578119009801313,0.5650710088473827,0.6425053769788945,0.6393104773808865,0.848850620687124,0.41939803767592476,-0.4792359816754804,0.7474696906012795,0.9069051373251131,1.546956293861119,0.8736630215052793,0.4368873463973909,1.1838667971287318,-0.15423925607676098,0.7950674491133107,GSM710834,Non_response
0.3543392644770676,-0.20253430211606888,0.7655840273407087,0.6285174209429997,1.3957719583653208,1.0654567410249591,0.8517035231586266,1.5007357718059198,0.8655433247515357,0.7591259638840857,0.575453693614378,0.033868350457611926,1.0216834748376489,-0.11618271517310175,0.40794543331120076,1.0628422590948665,0.27016639874122955,GSM809287,Non_response
0.2494328881162298,-1.2215396131678595,-0.4437140587467258,-0.70411083593829,-1.3432652217383418,-1.0315118217352683,-0.1363224033448706,-1.2651633409873677,-0.22120834433626674,-1.4250735276597788,-1.3855161682788928,-0.442884537766609,-1.2300601934937783,-0.17581925640148557,-1.1416340954317512,-1.2562063846308134,0.8074904055001018,GSM590886,Non_response
0.6885011460782972,1.6349126366409625,0.28620227507367424,1.4193914082340089,0.7598066249613834,1.1871296946254166,0.5974076241787188,0.8875018637753831,1.037710977765006,1.191307425858874,0.7110721863216884,0.16325172777263944,0.746872737284451,0.4104395273172999,1.0894804535121485,0.8913713327163597,1.2391130497105063,GSM1619420,Response
-0.8393359957127074,-0.928522894114483,-0.7390860640583469,-1.361846002552477,-1.0720303959046222,-0.9436764926552453,-1.2845408552995585,-1.2168652394823227,-1.3039265048747564,-1.1031577940887745,-0.9209211140292538,-0.4902297290657974,-0.9266402107576326,-0.4852695038643704,-0.9384121810582133,-1.634360614684198,-1.1209412126216771,GSM508114,Response
0.6721741146280672,1.160691511052339,1.1551364092952687,-0.4455065847646966,1.4603572939798353,1.2018465529288953,0.7136201343470595,1.159289410526041,1.5622029826369266,0.7564418491306538,0.9648370127998818,0.6794995180830581,0.4878601665650427,-0.10232232215473022,0.8034793821674331,0.5272795671096495,1.098791414055208,GSM809227,Non_response
0.5434359957961596,0.5864542666941632,1.1226882940891705,0.7055757469625753,1.1929513302775732,1.068589199629473,0.3809882999560324,0.9026461748629556,1.5749437767664418,0.5105603031409702,0.8452918165856792,0.5448558061506371,0.4974013445382506,0.031044188572921332,0.8763904520713051,0.4510825304951527,0.6865781748487346,GSM809204,Non_response
2.1591520547469076,1.0928979798392116,1.877266389293738,0.20420044778863203,0.8124396205618439,1.316339667896068,1.7352067909150792,0.9528862094514052,0.6304855292236324,1.1549862209370687,1.0390332769066666,0.9004843183984428,0.9712772825606514,1.3088425054618829,0.9319877877768343,1.8669126151005722,1.3005389649097518,GSM158243,Response
1.5658379029869212,0.7487554820692406,1.142007338529709,0.9009279639751119,0.7095406760486965,0.9331589602613827,0.582965624981575,1.2729324816615428,1.4667209859342722,1.2716748445323316,0.749432968887987,1.599765081255335,1.1629472429146817,0.9913295009204193,1.078025143683083,1.386002514621096,-0.08436635807231667,GSM158238,Non_response
-0.9295199243259309,-1.02768030989246,-1.0872787086607987,-0.9820942692357355,-1.0441432714983958,-1.028243489979043,-1.0209957268719227,-1.2465473493731773,-1.0706296154893815,-1.248605601205596,-0.9321806321249964,-0.7586529237173797,-0.8454135687889609,-0.48083904179589676,-0.8839679385487759,-1.311162449981916,-1.2170793907463646,GSM505586,Non_response
-1.293278336392247,-0.8974450705954687,-0.9877004600456781,-0.5524004829620657,-1.1538523285528444,-0.9035050816491563,-0.9968560001892762,-1.327028174322133,-1.3724838313165724,-1.0400546433555318,-0.9413434299384564,-1.002547567509373,-1.1614382792561517,-0.5805792370189536,-0.8759179223290926,-1.4896333734025298,-0.8466360091085767,GSM1050618,Response
-0.9316951806029438,-1.0067289471173564,-1.0909065620450236,-1.3943459267811305,-1.1697128219245991,-1.0443535369634525,-0.721260691510659,-1.1525971185462849,-1.3324960998903066,-1.1611241182171694,-1.4637680651845928,-0.9674630903890975,-0.9534639326807903,-0.6188627666992974,-1.3767634046207073,-1.3268667714885627,-0.8349683333902984,GSM505505,Non_response
0.5830190268524568,0.7288472185607888,0.5554614412804525,0.4656546128551444,0.22803151508502964,0.6801004015847248,0.2048880912417118,0.3108558262555744,0.9303273011791299,-0.1680597643980909,0.4376612244656366,1.6057912653816329,0.36428768549982754,2.0527474107457846,0.5400899958463172,0.6407685193446919,1.1098387683109288,GSM2804864,Response
-0.9883761341079109,-0.8056375589307161,-1.0035272982812093,-1.354565802540603,-1.0345500938114338,-1.030213218515856,-1.2915817913113965,-1.1717218706815975,-1.3073754100345094,-1.093691530630329,-0.9635279759288179,-0.8081957753424445,-0.9676771043090432,-0.7573586834086657,-1.1466591900266196,-1.341485292897487,-1.3000892378319648,GSM505599,Non_response
1.2107378006554765,0.35557747713230975,1.333248280305284,1.1006707119292414,1.2361653580891427,1.2612573673091227,1.3475248802308766,0.8718674138925321,0.6373957505713809,1.075563696786485,1.2858818923546158,1.3793817298918276,1.1193035552690984,0.5973863654127994,0.9444379531699878,0.6583818953180678,1.4861367736458662,GSM496025,Non_response
-0.38075958535023297,-0.9784513171441402,-0.7062551326585336,-1.5601898255529492,-1.0601924221389787,-0.9967140636278748,-0.8188690532080115,-1.3143954339610515,0.23900971874682597,-1.0456676079535008,-0.9399181976494321,-0.5578284151590545,-1.0963373472030251,-0.5541976759035884,0.013688681522608855,-1.0743892496278113,-0.8946548464988302,GSM549289,Non_response
-0.37606860506035383,-0.9928672588352285,-0.6283844526718957,-0.5176477468005932,-1.2008260460881433,-1.010083207650762,-0.21624769331368332,-1.213739077486702,-0.7676627469540269,-1.1719418188802164,-1.0873780058825109,-1.0214239614863576,-1.1117297839479228,-0.5407647127803926,0.029354622979147368,-1.4407322941301428,-0.8257276025453282,GSM1050586,Response
-0.02984690031379646,-1.198004024465002,-0.8415068359158524,-0.5952954902798772,-1.194222827663211,-0.909880677497644,-0.4799185706317866,-1.3346985701626115,-0.357252284601872,-1.010071164086362,-0.6880780630434239,-0.9664330689752902,-1.0747907057357742,0.27540730294727944,0.19408626370816517,-0.7123581867014576,-0.2915657940730753,GSM549242,Response
0.40043280348227667,0.4678630616176629,-0.18595227641975248,1.4928269184262364,1.0388053381442355,0.5917519574025325,0.4406865579686131,0.4607731801039386,0.21983307533682306,0.8740803317633461,0.9668993051840599,1.4202866668743945,0.9037980685616713,-0.007400367384527799,1.9789663171907448,0.20382511573552325,0.9925284878552095,GSM1875950,Response
0.272753641761366,1.2361810179061252,0.6468818422453922,0.5560894416313694,1.3077967768333822,1.1949118393381302,0.3090831583348528,1.2448722881433798,0.9775227274235782,0.5947604059283607,0.9509262172896155,0.7260634534526595,0.41741097994716053,-0.2633334651799402,0.375777044914048,0.8058513186486636,0.8303008708608314,GSM809202,Response
0.3160683782255207,0.8137159868745071,-0.1537177030903963,0.3560690854415935,0.43055958291479696,0.11999648664058554,-0.010712729005602722,0.22592642839506957,0.5324020718688024,0.5680016182430709,0.5704324879389909,-0.0533942347088188,0.22542140200330607,-0.09521369071879807,0.08192916602500146,0.5029649636112562,0.6498474698865346,GSM4171554,Non_response
1.0576514744631718,0.5978151878246556,0.699836692946993,0.3820600291159053,0.6932763483318632,0.6006876272225229,0.16529509819934102,0.45037894248259347,1.1897929888486678,0.0866142330824519,1.5829283793212008,0.5506206518947263,0.32145051569232314,0.8217958468260408,0.32096390337375325,1.5308797481388134,0.4503329186284817,GSM2804999,Response
0.8112063703958698,0.06091362228472081,0.9044649665472382,1.3093331062203046,0.5637427640566532,1.2609338055061292,1.1689501303162304,0.42611625549978255,-0.26359760585279335,1.0477534229485777,1.2639338261296493,0.39810503073794173,1.6534620346134394,0.8825585388687519,2.16706690551851,0.4142308483423447,1.3379841067567124,GSM710865,Non_response
1.1402932324356372,1.0021855440748035,0.6497602624889078,0.736406824970602,0.5055991556096313,0.6522013319670014,-0.0017868986262569093,0.2741504188368242,1.09471788236945,-0.02567028001001167,0.310161300585233,2.807843664153298,0.2885338688226991,1.1137184458812504,0.01684644947333483,0.7878754226480256,0.9575764673687291,GSM2804956,Response
0.5849082249304588,0.44151194729527665,1.226012749559864,1.1028215218871393,0.823552819815877,0.6581199825320663,1.3317942566371177,0.48501072212891605,-0.3127472010132306,0.8031270042683845,0.9204153512689602,1.247862037562947,1.4420467638004764,0.736680776677799,2.044649239696975,0.43042295350535553,1.2712791365925629,GSM710862,Non_response
0.537090574359329,0.5323250876805332,0.6001319636847738,1.12103908163572,0.8296183277782434,1.2227107046143344,1.1241362636724157,0.5780189921061709,-0.40858739078097456,0.8697854734638928,1.0092964707595324,1.4698109932715462,1.1718187490470404,0.5076978144089719,0.6087690893377212,0.14060708413268805,1.097336392140408,GSM710832,Non_response
-0.7914721488636328,-0.8762054383507673,-0.9894068674366127,-1.4142281835353858,-1.1932101023561725,-1.0231919649876857,-1.138477543465776,-1.149298132348544,-0.3287648091231716,-1.1530650548456562,-1.319387143386167,-0.47880120302916385,-1.0385440549857892,-0.41367643781314384,-0.943041041719864,-1.4548030334487,-1.0988183229387534,GSM508026,Non_response
0.5848361081079536,0.5391929568983114,-0.18195976852494863,0.9436652384963332,0.8157247287651636,0.8295649826734597,0.16007693819775456,0.9446685095842163,1.036266622585555,0.9395766613923504,0.8631800122545935,1.2088062913074715,0.8434155358055546,0.45063581516169554,1.0892624635533272,0.18522647322562968,0.6618023543396613,GSM1875912,Response
0.4437817889649458,-0.05307904631301543,0.2582369486726862,0.8754663652331662,0.8149773913953136,1.2464393644349772,0.4390870472739461,0.47054767014205073,0.39598712058185276,0.9410212209490855,1.1084001439235076,0.928591554799231,1.4549375570252303,0.7569090792473436,0.7070311934907936,0.1906664977951001,1.6816895888654297,GSM710915,Non_response
-0.6371103916921145,-1.1049153176004622,-0.893635714744589,-0.999236995284037,-1.0326409063618758,-0.9870959098563789,-0.9915278879819097,-1.2971323854511179,-1.1760061199540375,-0.9970682853597831,-1.0153868988864254,-0.9971088878673671,-1.102462094685486,-0.7838876790728877,-0.8381235786555521,-1.0233961439219073,-0.5958981422892927,GSM505528,Non_response
-1.0022939869464633,-1.0989434529589206,-1.2169279415819159,-0.9549440389178545,-1.225728298346535,-1.021546146613991,-1.103450580545001,-1.1202130289687318,-1.1138464679073,-0.9824976772173305,-1.084029655474705,-0.6588372639185572,-1.111834013318624,-0.6556240317108506,-0.984557161550185,-0.8030027913219369,-1.0610295469358086,GSM505443,Non_response
0.43686355362773277,0.35096623613620925,0.24772769655849702,0.4544795242052375,0.7555740351868419,1.2644271082252496,1.0321876706957596,0.9044554896738686,0.8120092397334024,1.1203356090872287,0.5423815201891246,0.045272921386625274,0.8412352514394632,0.3615940397849383,0.8807049032001103,0.7183385049264929,0.8154289241364652,GSM1619461,Non_response
0.8465776704550634,0.6086175604313807,0.37860831925923455,1.251532655472518,0.9332773862445227,1.4432517564158858,0.8271680831070306,0.6163786871754715,0.3066037205163085,1.0136559250186377,1.0255249582205397,0.9879846850405146,1.0070567902371772,0.4440076002010447,1.3496378921264365,0.5205684780962664,1.5415891380751552,GSM1875972,Response
0.06473210757440481,-1.0717573950793196,-0.5774674950596519,-0.41675381015468144,-1.189840451762459,-1.0363197285526438,-0.5288775751541235,-1.381991972201969,-1.2723328147784105,-1.1967996928929345,-0.8631391035500532,-1.3341997941419068,-1.1812996348034468,-0.0994186725200317,-1.055092184124944,-1.3489245436677624,-0.9745587612908944,GSM590890,Response
0.05200835142161551,0.6199776943764624,0.6964443382477302,0.007745982534169537,0.38465500033335664,0.7901751062780302,0.18157209654793982,0.3827986834079731,0.836137523846143,-0.2457481547145235,0.8536206273861153,0.08328334903650715,0.30152841660315316,2.119387808803226,0.28630822128023004,0.5845903525619845,0.9600513673844127,GSM2804878,Response
0.26422038248877355,-0.5001443421824072,0.3983009080849397,-0.1410037847843736,0.17191149938503902,0.06809035639271402,0.09070604949036448,-0.29188057949884555,-0.7538592386062921,-0.3393265153901904,-0.32980310837243093,-1.7404924059779063,-0.02508251967398748,0.02584306728870823,-0.7265047506931822,1.1672707034592589,0.32269126887001764,GSM2193373--21,Response
-1.2140901859314008,-0.9492760703908437,-1.179448309264527,-1.8629202326123018,-1.2497195710708664,-0.885016616658355,-0.6218877510422512,-1.057171019937187,-1.4342173712537012,-0.7960580724931823,-1.0534739169461163,-0.6791109412223523,-1.0796252026675608,-1.076645404158353,-1.2894067202791974,-1.1405113040465225,-1.2772307342929452,GSM505573,Non_response
-1.0487482863463709,-1.023286731830579,-1.51837283608871,0.2712682233501739,-0.02063886394326661,-1.702319715945094,-1.3390332606190882,0.32122840769725636,-0.18457691245962668,-1.0019023305685708,-0.9267465967119564,-0.7351309539258164,-0.8608488092430524,-2.0379545469883293,-1.1248493591592121,-0.4657480231349167,-0.7528505171581643,GSM1233000,Non_response
0.4231243277938963,0.15570353686466157,-0.3233346943144005,-0.028410770867379066,0.33862005767681935,0.8202630795232587,0.5782787236487779,0.7840907809728351,-0.17925216809528516,0.5919894360428162,-0.01377726992506008,-0.7135354257915508,0.44515915410298496,-0.006152349416256694,-0.23058638065804568,1.4763661749515742,0.2780734716975632,GSM4171559,Response
-0.399434587290984,0.9200233808863868,0.679180265393716,0.20496672735066615,0.16372099264451234,1.013149880416525,0.1677053854685275,0.4809697061922703,0.8594535799236444,-0.3617223241118331,0.2833928081409448,0.5363408249613171,0.4611148267168568,1.9630078387497865,-0.27865452574011357,0.8383851974052312,0.6935496839421466,GSM2804847,Non_response
-1.1991002231590755,-0.9354766702052142,-1.047892915008175,-1.0119584919336015,-1.2969544302758291,-0.9675801999248125,-1.1140361212162524,-1.2252251005480337,-0.9241175448012896,-0.9270800263297869,-1.1332483911362685,-0.9296380016070237,-1.1108186139824057,-0.7269997390418209,-1.161041060367101,-1.5616427633928456,-1.2030295413992746,GSM590857,Non_response
-0.31732384984112993,-1.1178137283966596,-1.0571904844325928,-0.23635799810148628,-1.0843633343735295,-0.9891972256577453,-0.6251367369458058,-1.1957210192373273,0.22089420992131764,-0.6799283402756952,-0.8778226561699319,-1.2951255976326401,-1.024693239704691,-0.051124200042538294,-0.27322202970100046,-1.0701647978113316,-0.04757451274172888,GSM549254,Response
0.8626002945456912,0.59983996774884,1.278172218251469,1.0645995523728622,0.9323235404193604,0.8789432945005078,1.0086544120833798,0.6055146405011987,1.073829037208587,0.8794417920476273,1.2558914407660133,1.331828220246539,1.0881458453653219,0.6933341795154506,1.6059075118815112,0.5000869843760888,1.0944749570679313,GSM1875990,Non_response
0.9556080724363599,1.1429138899035123,0.3532582128249911,0.9377435784873001,0.9840464970762701,0.8337750497563919,0.23626326433877445,0.5804184484031164,0.485089530334119,0.6922026958114604,0.7939885603267691,1.2989188444830009,0.6877997624146817,0.38178040426656024,1.5667049257193433,0.5410632359370156,0.11455991880338247,GSM1705392,Response
0.5268447219583399,0.5861591822245462,0.028826646869360484,1.3463288857053706,0.8727124182049733,0.2521345103889435,0.8025252991075538,0.35347486699742553,-0.03822608544135064,0.8706792156497037,1.064583527053156,1.0259655381790862,1.026732434932265,0.07143831633913592,2.005595876824386,0.2531800999566979,1.6509912587782496,GSM1875928,Non_response
1.4611926569557607,1.552379942618968,1.472432015552458,1.0261599377628743,1.0180893497070855,1.1679504491547394,1.6557046235584183,1.247562329192626,0.6038810548324577,1.3973857324735064,0.7507507684969936,1.3148493511156574,0.959147911440755,0.98581202141806,0.4648083012295779,1.3406142816259645,-0.1326292267834982,GSM139553,Non_response
0.8259180083560449,0.37160519010177884,0.2499280980984024,0.9397611984665585,0.8247863711214689,0.9946826195221101,1.0132118542566035,0.779369670243525,0.9221203544617712,1.1828817718651454,0.4451571124481916,0.18892779524954922,1.0822648379715425,0.3971515076829284,0.7975951653023714,0.572566568791773,0.623086815892525,GSM1619436,Non_response
0.7950512211197807,2.1929831606301193,1.5568942025133226,0.7589230950487861,1.2134326186756896,0.46256153936299266,1.4231115291366887,1.0530031634874741,1.1643810979263085,1.479115682378642,2.0442032872143048,-0.4168092403949355,1.2190988146904544,0.3523661472717686,1.278572762821371,1.317163300640548,1.7475930443640493,GSM2811131,Non_response
1.6922461019207558,0.9724328019490175,1.5449695549999065,0.5867056285733715,0.674365019346125,0.7791941029460329,1.3723079188138094,1.2614611922489753,0.8492517120834522,1.4024803779564723,0.7241998369506452,1.289417641944996,1.1432817161252726,0.9544248546250379,0.9854227647351135,1.30879483182584,0.4112270929212141,GSM139614,Non_response
1.0883559500848705,0.423911074521445,0.7038510320850203,1.2001162600610797,0.7265243053084652,1.1175916803848769,0.729329899599762,0.6694848325856677,0.9783663895312732,0.8552434639912485,0.6676075184164763,0.5247526495426965,0.9115009689326656,0.6218922456236731,0.9546623474331091,0.6612005565337851,0.9968120396227209,GSM1619388,Response
-0.8180955561467763,-1.0775313788362788,-0.9577374900873812,-1.809363956452327,-1.3171967003318614,-1.0065249398579634,-1.0064818096233195,-1.1494359181602716,-1.4914124323023785,-1.0131305189541722,-1.265311982246011,-1.1724594017555237,-1.0792524401376877,-0.398538385300735,-0.9304020086147241,-1.0386695693951433,-1.1584916882660312,GSM508050,Non_response
0.19148346749397532,0.7002132144856549,0.9538223925576773,0.12880918022768517,0.08484337933410609,0.6546933577422493,0.06715830944748605,0.7139548489375155,1.7799225030980992,0.0463768696886672,1.231472730944989,2.145111074081861,0.3093973363217732,1.449684755853481,0.22667669426492676,1.0765326503503365,0.7505343349339064,GSM2804923,Non_response
0.8511187129729091,0.7718575360990334,0.8641219827133763,1.2567524727897337,1.1388747194611473,1.500170483533636,1.3378165664922737,0.7324349680798765,0.5752947509281703,1.1982782816283202,1.1049371286586174,1.3994238439606168,1.4610920523747768,0.8601228501091389,0.21653930480097805,0.6067326875601227,1.3116725860175376,GSM496024,Non_response
-1.3910898125760833,-0.7565913737625326,-1.2853588883759668,-0.03264206449762016,-1.1741501856283352,0.3086397039542778,-1.5477156324376833,-0.6160386126316688,-0.4230054272798119,-0.8054745674585425,-0.7689952967510447,-0.5730564743287239,-1.4375024375727086,-1.9565248856663098,-1.181702399160372,-0.48007124862955874,-0.7814403067548121,GSM1233061,Non_response
2.0221118334042685,0.6756483519601244,1.769924374812807,1.0718228457462147,0.7401851901693339,1.2755789344497264,1.7544193877297285,1.47542182347444,1.0337080778402803,1.2005033308905781,0.8672255073728098,0.8164532967782051,0.9112163516574138,1.2573420814874063,1.160164879063293,1.3116096538776978,2.140700867417478,GSM158263,Non_response
1.3044990965213907,0.6518025981900726,1.5448410928655025,1.0071695268787517,1.050721121544374,0.911550685437648,1.3334156217021165,1.428372028726904,1.2291116262515331,1.6600823502518351,0.7344340315390214,1.2720204615884083,1.1749784555780172,1.0505138646623098,0.8271800578162052,1.0835163779294117,-0.0725361134144983,GSM158210,Non_response
0.610482521583682,0.2941822742932376,1.2015962039624792,1.2346675352680208,1.0703236023455744,1.0392477818001165,1.497034533120937,0.7125029574026073,-0.1698959311853784,0.9578930095720177,1.0474929515141729,0.9721036933612993,0.8379027592504307,0.6416467349653747,-0.30408455649448346,0.7680512534909489,0.6459783172632212,GSM1519438,Non_response
-0.955172178828014,-1.0719727936533312,-0.9772001440427137,-0.5995238842019268,-1.2643982268985847,-1.0288934466463322,-0.9465639011227194,-1.2979645176264254,-1.4232737012064394,-1.181581071824658,-1.1723241324735012,-1.2029933857571067,-1.1486086964302589,-0.7203650636985792,-1.1025552000411452,-1.1966899018808896,-1.098978406012321,GSM590888,Non_response
-1.7632563858815706,0.9021821592982341,0.2548473657563822,0.9870234626514468,0.6441715597545202,-0.18494127166985358,-0.9371432223544381,0.14944793859338848,0.789794522250762,0.010904286773021783,0.9240751803897871,-1.0404415422026938,0.5742343040722558,-1.353631017533138,1.038615201589651,0.29982616448332156,-1.4220366665101967,GSM1525246--103,Response
-0.524916522309704,-0.8624789774585612,-1.760481120594068,0.1805604674750287,-0.1964951571887778,-1.798033980842025,-1.3925513382900816,-0.05637273415405281,-0.06802889783018105,-0.6232663660111892,-1.2448669589939787,-0.8903940794217788,-0.7422221436006129,-1.656062011198164,-1.2311898690303622,-0.45220718029898566,-0.6044292066745582,GSM1233008,Response
0.43261219978072524,0.3916408901240146,0.42230165567966954,0.8447219582947864,1.2898528489021797,1.1928768422018343,0.36217230004426315,1.0527672561049872,1.3897007019849612,0.5556861120324931,0.7094744681375698,0.41923873423037955,0.48923726964039554,-0.18184207313665046,0.2864446684927938,0.5833868732766966,0.9082521021793429,GSM809220,Non_response
-1.365684230344941,-0.794725961609511,-1.5638490328626133,-0.24111591092946438,-0.4860408939980685,-1.6780703996439015,-1.6085099662648368,-0.22813662755809458,0.014408135486099623,-0.4424871747015774,-1.0423588374663015,-0.28966345378455327,-1.1633243874040864,-1.900180275742762,-1.17012323251239,-0.4406150841994521,-0.91478767623323,GSM1233066,Response
-1.9712296639032423,0.8821334118944816,0.5227115979222766,0.8915077512205115,0.6190960401490311,0.318952675900871,-0.6666119533002584,0.48891415935568117,0.04245211591672875,0.419998322990195,1.2370869835197555,-0.0733232992776439,0.8906886501790223,-1.4459579148136692,0.9257387744352336,0.9625984646953294,-1.5066088277379137,GSM1525248--141,Response
-1.347578688802871,-0.516653069794344,-0.8381918570386386,0.224008111448857,-0.7002259977746141,-1.558029693881571,-1.6161834881068795,-0.08194424198408262,-0.6831433693527098,-1.1218125634534186,-1.0478448103394102,0.2663259313713457,-1.0640629965492758,-1.8169323415176892,-1.1820110224399618,-0.4499770034207142,-1.3993597639288766,GSM1233033,Non_response
-0.5463935469491654,-1.0650350991510957,-0.9268441455649228,-1.5283209386359233,-1.3292950183474115,-0.8900351016495313,-0.8784394553474486,-1.2022388952660519,-1.1813656382390334,-0.8804487771751127,-1.0670134712491193,-0.48569507724798744,-1.0258874804265834,-0.34584893162887764,-0.8017454305842704,-1.1523189644522924,-0.33926606632793294,GSM508099,Response
2.1279649043941427,0.7020397202607777,1.6826282357704558,1.265577151285237,0.7619006707100344,1.0033553488389313,1.7740696382469947,1.3689940308398285,0.7902904185154613,1.0803405955618204,1.1528580268789093,0.4718263990434349,0.731402763906806,1.0383966241922076,1.2282116907469947,1.5300512724880788,0.5119734313268028,GSM158237,Non_response
-1.1873368120554384,-0.9888133794698362,-1.0681326906095674,-0.8478129630678086,-1.2425638227233524,-1.0067104933262094,-0.7395456320600052,-1.2790457033990659,-1.3543237048131123,-1.1491261576516065,-1.1667048018992587,-1.0519468591476857,-1.1942338584677024,-0.6589522406877107,-1.2755294948219413,-1.3337066432463895,-0.8558960612253669,GSM590876,Non_response
0.48383464746993804,1.791951830269673,-0.07073731337235764,0.6337689899923761,0.9164375198137904,0.9505319708191801,0.6933666270926446,1.5227799563409343,0.8041649723944858,0.8879770367980957,1.1178675933667086,1.1398071274769046,0.8250756505877159,0.015489154802259769,0.6834181712491955,0.7956822795722677,1.1044857162140203,GSM809213,Response
-1.1712898853610405,-0.9847302177660332,-1.0191485727551657,-1.0979106505446208,-1.1681680377982986,-0.9152817126036435,-1.2072116399893367,-1.2079460922398821,-1.2379503038141073,-0.7110083254403067,-0.9549362461616765,-1.2620955203972963,-0.9593632128710201,-0.5521155209333599,-0.7903383332679874,-0.9601186352342427,-1.1240924788854456,GSM505422,Non_response
1.8898073918420457,1.4601913262335215,1.2694144045712232,1.1609136052615217,0.9955411632926774,0.726456841635896,1.496113678589104,1.291563561329005,1.4831003772787696,1.296912363834107,1.287438109340265,1.5732178432067259,1.1934775559408288,1.2314815097410388,1.2064669841511544,1.2665940950547396,0.8226356339201231,GSM158247,Non_response
-0.6802797148661994,-1.0908990141909174,-0.8045700911432009,-1.513733545333441,-1.2377071058506195,-1.0786891336244202,-0.9124673973968676,-1.2793017275924703,-1.0399138741837535,-1.075874069694993,-0.8782963776964631,-0.6654063628701582,-0.9568493888997085,-0.7304456434673071,-1.163820933389626,-1.07921287332802,-0.9706295725073424,GSM505356,Response
-0.6844023372003492,-0.9433155311817223,-0.8860286039415667,-1.5125128244161004,-1.1130725155218295,-0.8750617346774247,-1.0258999648061806,-1.187283931814706,-0.6084085685547211,-0.8757013606235811,-0.516131879754432,-1.126445022550489,-0.9908355324785076,-0.630304094001086,-0.8688617394128526,-1.1579336200104167,-0.538211349299062,GSM549311,Non_response
0.2625788913080609,1.0601679747375141,0.9433050967024321,-0.5221918593621119,0.23358439013969592,0.7025956060469062,0.4477491529501269,0.760419568741771,0.9148269968654871,0.6597989716959277,-0.5085982356890982,0.45186975289759573,0.2874658029196676,2.9742182857562462,-0.39881710638627604,1.8579529278711513,-0.3061936202075092,GSM2805031,Response
-0.95217337326872,-0.8845993414844551,-0.8912102034704844,-0.7638901464682255,-1.1260139308965955,-0.8445451382828839,-0.6958178651040178,-1.3088313430504186,-1.4465493102344023,-0.9747453370431689,-1.031633580036561,-0.3143275702430093,-1.0771583916241396,-0.5594838053765099,-0.6615449932886048,-0.8766042207027679,-1.3361428665349457,GSM505442,Non_response
0.5291839272462949,0.4743911474171206,0.9848126394419808,0.9968821987870308,0.8644534764878457,0.7528298478023953,1.0421712178400266,0.5896996797477364,0.5144868090704368,1.1625141389406455,0.7792544454760848,-0.5131472030030284,1.239880280978688,0.5743943083313366,-0.018842786051060743,0.2635628811672387,1.1870389889372792,GSM710877,Response
0.769181045006887,0.7063556552430776,0.7286090895409697,1.2405741103327879,1.4285838499253323,1.0521687447583348,1.3690769958785,0.48057721620999166,0.20398123302022136,1.0635987567451024,1.0611697394186035,-0.33022019694094856,0.9955672444641739,0.8847786747564029,0.344492328319682,0.6385804244256664,1.0964652886773383,GSM496034,Non_response
0.6738914196948108,1.8551468771304966,0.8341016482745957,1.556967089689909,0.9787232497917732,0.30311945067114227,0.7629708835057526,1.1359404462598057,1.6562662720041232,1.3255217160860728,1.889594016792008,0.33672938077023945,1.6327136973005298,0.2957806547435929,1.7745769812623724,1.130627167838243,0.910377778093271,GSM2811154,Non_response
0.7024895850589349,0.5205278029609571,0.42009000352168185,0.7803564658735851,0.4670734527199069,0.8156201287857417,0.7264838497815908,0.08890672412356732,0.8265151698423959,0.5018945777332987,0.6903564368270398,-0.573934180042007,0.08107644731248216,0.10022575877682113,0.09581837455925285,0.8128434620683821,1.8145935888962232,GSM4171531,Non_response
-1.388421804332995,-1.0587813051609152,-1.0989391906808654,-0.36968175733424086,-1.4194151382649327,-0.8185841431128931,-0.7180678487899316,-1.0905721017828898,-0.8998786423976679,-0.87132478406532,-1.1396760940115631,-0.8641619700485055,-1.1344981186846346,-0.45922830361364325,-1.2443948389107968,-1.3714708882718838,-1.1044517423300042,GSM590856,Non_response
-0.8260111863900071,-1.0121439110388837,-0.4916480374254202,-0.39504778599385854,-1.2609359855312265,-0.928752342991461,-0.3565470724249131,-1.4047339197956135,-1.3901322476807425,-1.1341152110087436,-0.7917310337331344,-0.9786986725385408,-1.1850237279009945,-0.40491082707242787,-1.059022744900816,-1.1176150016549606,-0.8159245819626183,GSM1050630,Response
-1.314306974446011,-0.46116860390115055,-1.3167369149945913,0.07397885651825893,-0.7537017764833295,-1.6715789583638185,-1.3510631277315943,-0.20601888371808308,-0.04256324900570082,-1.196191874183551,-0.7737880146038152,-0.4024690678963931,-0.4971298470346239,-1.9332192898062586,-1.084781813601858,-0.5945677937998994,-0.9809336082563325,GSM1233084,Non_response
-0.8443153487677098,-1.0861121824519473,-0.3347591806692129,-0.23317943069828184,-1.28442169392638,-0.6106186918313603,0.5334147763447519,-1.1580268611549016,-1.260159384384487,-0.920772470371387,-0.5255435442917648,-0.9922434677349823,-1.0031831013859926,-0.23905614346927778,-1.1630775082688658,-0.48865405393822525,0.6240228836441923,GSM505336,Response
0.22032386046139407,-1.1449041981642507,-0.6400846159983845,-1.8276539503590292,-1.2341769794079576,-0.9661889007868104,-1.0819754626423652,-1.0865249289269028,0.5628177509748925,-0.9757516827617182,-0.7540985630427358,0.21701074701915354,-1.0791959428415288,-0.1396670867399224,-0.338676271589819,-1.125424221646034,-0.32819558484152805,GSM549260,Non_response
1.221756549109166,0.73152198796756,0.6922652224539458,0.46479457378818223,0.4807582549606165,0.6622458469076156,0.20633523639942838,0.5052593888615707,1.3196024630193783,-0.26975849849198824,0.06795800593750738,1.1403206375790749,0.4068413809448089,1.9363696723637067,-0.05358083386159776,0.6217698116330411,1.0155699206320472,GSM2804859,Response
1.6585907615708193,0.7659421666628276,1.7117673706355359,1.0366020440886345,0.9858601947410615,0.9340341548408546,1.5610225897551093,1.1984344441084318,0.6144994283981258,1.0636358151170857,0.3055146516274719,0.8932791842516706,0.9585087398436073,1.1461159131536318,0.4531209831088371,1.078864039156859,0.18396234566485145,GSM139559,Response
1.4747833839877185,0.19214729610143802,1.6537206823395376,1.3068927845256995,0.6388759139071208,1.6515787098328025,1.899358252385589,1.4583724997154872,0.42281233757825853,1.4163288308898574,0.6068466607054587,0.39772150895511205,1.0108695988958638,1.3251951591981568,1.4311551528886346,1.202218708445337,0.6646418552906788,GSM139592,Non_response
-1.0469567575345107,-0.8915339838437761,-1.1074348495542317,-1.527494112192257,-1.0670593863801845,-1.0752830148977341,-1.148426424169681,-1.2213050371436396,-1.312784711952591,-0.9632053318263085,-1.0310070848174995,-0.5052999406105955,-0.9417237378540197,-0.599514066284049,-1.07432325713966,-1.5236045312960085,-1.3941307739805,GSM508126,Non_response
0.6271580375528211,0.4424783457381657,0.6376920977626732,1.0785086906948922,0.8575033568434068,1.1591632456430447,0.817702306149921,0.6538889175961866,1.045738827101423,0.6976995061506157,1.1826603011268588,1.4188710304895753,1.1717352110339303,0.6147452952274359,1.215882928880069,0.4991460833432408,1.1331142382551551,GSM1875992,Non_response
-1.0121046710830184,-1.0968656336937277,-1.1243121483524838,-0.5850358326445005,-1.2826252459863245,-0.7614722931729152,-1.1834548462035888,-1.1111095030760476,-1.255842163090484,-0.7222186009743188,-1.2101196834848358,-1.379412638906223,-1.0261340212259187,-0.37546269389564346,-1.1317465184962754,-0.5162227202635269,-1.1609361041886486,GSM508186,Non_response
-0.8668779826101207,-1.1244616344107805,-0.8620672200022742,-1.2534195118221023,-0.9451625960155456,-0.8469854084855476,-1.0916823261970399,-1.2418546360981702,-0.886866308164969,-0.7653804225347033,-0.9441429527798926,-1.2540311564129423,-1.0198993542115578,-0.6732556883287972,-0.9615960397546204,-1.228315702562536,-1.205087764061546,GSM549295,Non_response
0.23084264411635858,-1.1762195185764517,-0.3981315108070329,-0.6699131249478006,-1.3088694702601522,-1.0385342500452088,-0.051240424937921435,-1.2973027226190494,-0.2461902788301571,-1.4128475443686952,-1.292044537253081,-0.39526438169974554,-1.2338492348106598,-0.10841304754611879,-1.1098649169241395,-1.1903351404459037,0.8346336881773925,GSM1050631,Non_response
-0.19373369198574922,-0.6501320555217581,-1.1569033396787112,0.19290199316589288,-0.6335840840426451,-1.539963386542622,-1.1057471548459838,-0.14046047353352611,-0.8323520342485755,-1.1441139331897336,-0.7715118622277441,-0.8011234251958717,-1.2786889091818658,-1.9129462398410157,-1.2515545617065549,-0.4386629767330006,-1.2438046945967371,GSM1233131,Non_response
-0.023292604779383472,0.8427323170343288,-0.05163969317822011,0.673524887567171,0.566116389918092,0.5189487446073262,0.4838521762641998,0.41272913025578634,0.1426208351851594,0.8850068948080796,0.46834726258358694,-0.4885932284486719,0.4972484758577295,0.07687002193713317,-0.3739816144144925,0.9921683302103469,0.62850149189594,GSM4171508,Response
0.4926915716436598,0.1597907988100644,0.802556119503817,1.4011774020530954,1.115406082854367,1.113265375918948,1.1935562893678286,0.6693372372623909,0.15686917091622743,1.301512212055015,1.410693917177358,1.1149724529576823,1.4536773726094567,0.6000722531175047,1.6445229737402467,0.6311400611084922,1.5964820393578143,GSM1875987,Non_response
0.8300122753952986,0.570509086133006,0.42302708066025685,0.9986810826042838,0.793858411766719,1.3421315682484825,0.8464933921921031,0.8164777429177168,1.025230258229182,1.1866187276042266,0.47847451265755003,0.42674050998671575,0.9614058976511516,0.7201008877452211,0.8644478612602507,1.0317722985506523,0.9973489936800365,GSM1619452,Non_response
0.292151013784281,0.2288089788715537,0.423133112093865,0.6932638082016945,0.9782555162050882,0.6345344419689581,0.46573573209011543,1.1860027638140729,1.424471087648081,0.9830775548919355,0.5390437004462141,0.4231293155729522,0.4497902656623591,-0.4553758491933401,1.2164724546792807,0.8163537690079655,1.29886842502216,GSM809286,Non_response
-0.9051297988512654,-0.9599537430306256,-0.9010513241544467,-1.3536447397030344,-1.0746794093604195,-1.0639197244778662,-1.153661348685598,-1.1845601519099511,-1.2163471275326225,-1.0347447567298718,-0.9034712623512248,-1.1896450243342924,-0.9904117953296334,-0.6787546929192233,-0.7134682666598241,-1.5548982738506198,-1.0917074981570336,GSM508066,Non_response
-0.8385092604802235,-1.18686873831991,-1.241556932180316,-0.7806799705415569,-1.1459734035211657,-0.9312543435659092,-1.114103134487511,-0.6609193698250703,-0.9639580294779643,-1.1476466523480648,-1.8870016097011837,-1.0830874421022159,-1.009866737385555,-0.6567148216429656,-0.8069902925063454,-0.8484751961765737,-0.5496630783222637,GSM508122,Non_response
-2.0660835502548283,1.0762047879813528,0.4389554218858449,0.8660502519905738,0.8179935203214596,0.05068136882172817,-0.8052007987836481,0.1606914557360764,0.007045734288147811,0.4157894405343841,1.105766975448047,-1.163440053207543,0.44887409041680865,-1.4058038767275047,0.9954377652270044,0.4231403951552783,-1.0456238311500052,GSM1525245--93,Non_response
1.953063904211041,0.24921260037580292,1.4545510583613805,1.2377246771808923,0.4586004103758549,0.9384815189684004,1.47979524311135,1.671398006119361,1.0812221625795586,1.222820369010508,0.4735380411329044,0.7276659556195939,1.1134861555015123,1.0187365681139395,1.4848612355192716,1.4658818126309636,-0.08898464594515784,GSM139604,Non_response
0.1523076437551592,0.22368572136580106,0.38193389216987556,0.9875713719428781,0.46134091875145583,0.5754403126205634,0.30434040065719226,0.648619351280393,0.6035747600549789,0.776196618714735,0.05502249310470488,-0.2995343511883642,0.535492268374859,-0.01302343198043647,0.1220264446056081,0.601882048899252,0.15877018651649516,GSM4171533,Response
0.7444607338879417,0.35560588428030154,1.614045156832995,1.1391196246821098,0.9936056702308281,1.2564363966262437,1.6056926642628377,0.8644660817089651,0.0019374008384852037,1.0752152976137503,1.3939851487870856,1.1814980330137586,1.0958514632945298,0.6622357747803314,1.9875458019211147,0.6907649840080079,1.31288758842542,GSM1876017,Non_response
-1.281432073565733,-0.7919448268209837,-0.9305418279560631,-1.3455047915526743,-1.0791101445823548,-0.9842059253946274,-0.8530601530119413,-1.2344954314450143,-1.5105907375196523,-1.0355809877368511,-1.1157509647376573,-1.1680115615666393,-1.0578350400061454,-0.5478351051418938,-1.327981738741334,-1.5478783360236503,-0.9832562361297131,GSM1050607,Non_response
-0.9322262776149648,-1.047777690734699,-1.122961739081936,-1.605501599576387,-1.194861919987958,-1.0751085537378955,-0.9180485225807774,-0.4384066238425581,-1.2090978178307366,-0.894692631841184,-1.0513977149476763,-0.9238861683523617,-1.0318375135781415,-0.2879455928753432,-0.9159233619592045,-1.168436542462736,-1.1207640075144045,GSM505593,Non_response
0.6075766109247484,0.2942414086164543,1.1529227638481923,-0.23926735910902083,0.9939539188219576,0.7125178621445185,1.4974706351923814,0.24249086355584215,0.5137054203037087,0.9278923239428063,0.851424725746784,-0.7701185846702758,0.7307388489396179,0.6609833113721099,0.17737055214922343,0.27212790451928864,1.9535371836146829,GSM710819,Response
0.0590957429354423,0.29518194274083026,0.8420324423265777,0.6149630279735466,1.1136607460281558,1.0423844308429815,0.6304703591910623,1.2298105279056493,1.0127775078648633,0.2206666933548193,0.7110572471706464,-0.21202410620032822,0.7360893952111524,0.08307741621983997,1.008816088009416,0.8073015749381449,1.0440780436255246,GSM809203,Response
-1.376647690808956,-1.049503163149995,-1.1397982656598793,-0.5068758590515301,-1.1762029218333494,-0.6183616084949588,-1.1024753722376164,-1.02888410057523,-1.0585099518485408,-0.6787017218133528,-1.164303349956829,-1.434470072368529,-1.1095543137985755,-0.6878009213859767,-0.824595804493035,-0.7579733575452601,-1.0210054188248618,GSM505328,Non_response
-1.6391309596637689,-0.7026643068709051,-0.885905127461838,0.12436781719081355,-0.9317685975455713,-1.3437556372596962,-1.4825033662255798,-0.06690467802216225,0.29388619804710764,-0.9863118668001112,-0.5014643727475094,-0.1906891071649016,-0.7302840926058783,-1.9793249941619735,-1.2292403659088462,-0.40849549161409654,-1.3819240619248885,GSM1233100,Response
0.7960160208014042,0.5043919422528896,0.7463640344673024,0.7774171056594231,1.0403894778976142,0.5842669853867866,0.4725343079695715,0.5194481380938363,-0.037421162688771416,0.8306852307664504,1.0406645167423458,1.7671869637842175,0.4181986352026188,0.6551735627370625,1.1817911188006964,0.2674067527683437,0.7748866690992912,GSM1705395,Non_response
0.6691711526660765,0.115040197345069,1.19780953209864,1.0121820973551952,0.7209995575807984,1.106158707715762,1.3279646346224065,0.49823897186163213,0.4051842309729449,1.0477397242086488,0.7418775589991199,-0.1807664014176039,1.260779524886254,0.6085397169588597,1.856155965825276,0.5571288669520019,1.08765727847487,GSM710920,Non_response
-0.6799826250097614,-1.337724785743516,-0.4534768467770426,-1.7384749296030488,-1.0853910656325145,-1.0273442319485335,-0.8002960256865055,-0.8465657287094234,-1.5429745293611208,-0.8035091412250244,-1.3976405380023054,-1.675656080062845,-1.202968273604735,-0.8609630282249964,-1.4733189702297802,-0.8638523903393274,-0.541306762327971,GSM505474,Non_response
0.39668100096262937,0.4962138618947049,0.57400429282876,0.7806415319632138,1.192438956864151,0.8779010949603262,-0.2748969180423934,1.0678459982003516,1.5680360419383301,0.7092101296779758,0.8496077657981934,0.8306531263483028,0.6387182853283083,-0.21766742708258607,0.7004618354075319,0.5981273318122369,0.5107698448055159,GSM809230,Non_response
-0.8894598851325697,-0.8161728833494566,-0.7808377695413526,-1.3526482243311801,-0.8095795286765167,-0.9150795708687696,-1.300288439510724,-1.211957818107687,-0.6956122137061646,-0.9733443663382289,-0.8297481088140204,-0.8009353627409906,-0.8867959711406448,-0.6070030036943461,-0.707334624168008,-1.551282727288272,-1.244924514342007,GSM549301,Non_response
-0.2538241562173358,-1.1757096205843482,-0.8892478824073978,-1.4330414722803986,-1.3078300224349817,-0.7365392122844191,-0.10570282359455647,-1.3076451013378718,-1.077936374922834,-0.870090987702412,-0.546082382954763,-0.6349485119350596,-1.1570347596629813,-0.326855095151635,-1.321699925091144,-0.7704979863314724,-0.6297546008686657,GSM1050667,Non_response
-1.0175494899107325,-1.0557355161646642,-0.31355360447709024,-1.3732956224491994,-1.1105685972505117,-1.1396530931014637,0.24025654021069015,-1.2512326368622542,-1.3062367699309567,-0.9547409020006509,-0.9798610508612492,-1.2592160237201455,-1.1043858827409183,-0.19205438975627337,-1.307609403689934,-1.2459458380483706,-0.22526776633644477,GSM505534,Non_response
-1.2708558770261422,-0.6652449347727518,-1.2263423170856436,-0.7470234153829811,-0.43781774812065594,-1.8305630714135714,-1.678904207975718,-0.3204070857259218,0.120895336925989,-0.4276807585140633,-0.9287284471179986,-0.683149137322425,-1.0843595539031425,-1.8430650725412503,-0.9301121599992388,-0.3659859733518641,-1.1345272755388482,GSM1233081,Non_response
-1.1287737113549559,-0.9341261223857548,-0.9613509108679436,-1.385598175140109,-1.0736417969370566,-1.0060173269525063,-1.037425228315786,-1.1559225362773218,-1.2621474836395317,-0.9891996349136111,-0.9485394846107468,-1.1270167496880827,-1.0595452324941321,-0.08887411601489013,-0.8239950374439021,-1.3454095026778867,-0.8223546498502539,GSM505570,Non_response
0.9840979621965996,0.5623525391767775,0.2016760432580318,0.7103263033030365,0.7069911495403874,1.0256993732280668,0.5558486205075637,1.1047473870410243,1.5861678146031843,1.0224359993544803,0.4538972184196149,0.6180457686598771,1.0896356567321273,0.3823774209425505,0.9566852066144313,0.4879232348588244,1.0378111639717256,GSM1619449,Non_response
0.16632271140293126,0.1185658115039875,0.6453772224017212,0.3280393606525925,1.2355931113358167,1.0605608271707136,-0.9625197439513695,1.31265662479149,1.4321360795295595,0.813188296577547,0.5530321547880913,1.0199523539273263,0.7415902777148866,-0.19802720843910185,0.6642365462829266,0.8350017884390092,0.7709696934586494,GSM809244,Non_response
0.1384412861401601,0.28984647137088615,0.05088872060305694,0.9064785880996651,1.2478496694514365,0.6222521073487651,0.9547553782563424,0.03845209911299742,0.012804606086291154,0.47835725749097774,1.5170585572591695,0.5049860057493558,0.6721327144301066,0.0040161315195734165,-0.022544480719813832,0.42500935241259286,0.9636253434609103,GSM1875927,Non_response
-0.6459396429817749,-1.220085169672399,-0.6986070452580484,-1.753622387881608,-1.4959672478484636,-0.9928106588153927,-0.4994816496390818,-1.1941288594019621,-1.273864506444077,-1.18762640325369,-1.4846377752475879,-1.2270255067687095,-1.050182553115751,-0.5239476592069012,-1.2781640181028262,-0.9585139351483887,-0.7670950762425309,GSM508172,Non_response
0.314969253993123,0.5037109861687071,-0.1891751670717067,1.0028345763750253,0.7014639562454255,0.5660972030797774,-0.3397888829632444,0.3880816346208457,0.7684508248273392,0.6198301060610781,0.9616193274639054,1.1535221762339478,0.3689468076917839,0.17101266940463086,0.07756771370303768,0.10661911973522367,1.5735577365697673,GSM1875920,Response
-0.05152394475698419,0.7755513185140728,0.6115476269107198,-0.18152919942683018,0.12723038727736982,0.8348375015176327,0.18898667673084746,0.2906938407048725,0.45457944813954854,-0.4136686183089879,-0.2256124035195147,0.3623701309105327,0.30563203000047057,2.46584100503271,0.263515581959076,0.4461142415772684,0.7310285144593972,GSM2804908,Response
0.7282678064691732,0.7459647212227606,0.3158754050879728,1.2847796917491374,1.2893365437953235,0.8923632639062605,0.8917205495245528,0.77051556300055,0.8619047519192854,0.9990472351022972,1.3047775406934337,1.467016443659526,0.8554632037361343,0.6927163316746632,0.3293287517502069,0.4406283327725042,0.9621874181158017,GSM1876000,Non_response
0.9702804433442429,1.253489994037801,0.973555497778825,1.2215875986470863,1.1826520562891791,1.3185782659512881,1.1187384067507897,0.6627403503284666,0.8789583635254935,1.082832782756146,1.2952800124474997,0.8573665397124695,1.2133451757196978,0.6255284422362456,1.8688330510926483,0.7401026143237147,0.8273485378808932,GSM496031,Non_response
0.5422783566429767,0.27071980748158675,0.7113411763355776,0.5663545391757188,1.0213444624871433,1.0890386712322546,0.048029834517691314,1.2255148372057312,1.6097603787924084,0.9237452536326541,0.4141075463692265,0.7224680730212661,0.6801809964980801,-0.0634860606307459,0.7649909846388284,0.562610780615112,1.1341613303154858,GSM809288,Non_response
0.00934049281874512,0.6694985760676032,0.4898790939672492,0.2021800885716868,0.33652274099268986,0.5915383571435464,0.15191176877474136,0.6068329142174211,1.3426995110051179,-0.30970070093570623,0.023787699548090763,1.0162991068582374,0.48934763897794276,1.5758718777744856,0.7205867009422819,0.45949120041185665,0.7715805955269835,GSM2804879,Response
-1.1554263586549773,-1.0655288351076881,-1.2304802974413338,-1.482351812325152,-1.164441973547305,-1.0590427123482107,-1.3623781654605644,-1.2269481965147877,-1.1675303008935045,-1.1583056678661956,-1.169512419902429,-0.7303488999465315,-1.1331052117024294,-0.7147746475196349,-0.9565143024304545,-1.2259034535028912,-0.7051776097916814,GSM505403,Non_response
1.3301629721941508,0.30213868931064747,1.642575996139635,1.2265449705468023,0.8429914716036107,0.6960876250213195,1.4738492048945357,1.2356153591986898,0.8638353160439146,1.4432419451438645,0.7046325417702346,0.7042403817169927,1.0127476296926223,1.2212204464368777,0.35210060119604203,0.6496804564314359,0.15534437811385082,GSM139574,Non_response
-0.9991918164808588,-1.0771357153206378,-1.1306499825056118,-0.16434411957337366,-1.2974299361044628,-0.8668119193972125,-1.1355292168538216,-1.1245444714473645,-1.294821398473137,-0.811987319107836,-0.9450041935882572,-1.2460732224127282,-0.9916589817428162,-0.6933474780287667,-1.088423241888098,-1.1224022903196549,-0.5782503012965684,GSM505350,Non_response
0.600209385076532,0.5023592471041123,-0.4848956192885605,0.5811142260871257,0.5523434574489854,0.7227859415334641,-0.6745305881735626,0.868221386595879,0.873021296218768,0.8794061464188156,0.4245087547054161,0.1098510522835951,0.6885727430190611,-0.04265928219096549,0.39639891115025855,0.4597062180162136,0.45459370756363826,GSM4171546,Response
0.9026429304845494,1.2392459333836072,0.010230416723920973,0.8886185028190896,0.693942524682193,1.2638051196797584,0.7820246250237196,0.8366704332401735,1.2817045169418488,0.9417479317591877,0.7582694686874623,0.7847795550028985,0.8031356855251758,0.4549430431870012,1.0901586984912013,0.5731700375879644,0.7040178815326014,GSM1619393,Response
0.46016545141803095,0.25907234669875673,0.819788732685324,0.6538311688055272,0.9452627910232388,0.3250989437405304,1.017988613849084,0.2723287433147949,-0.5365943627195287,0.8683728110539518,1.1820042947895166,-1.0733143732535737,0.8516139391688947,0.16722976161469172,0.5683270626233059,-0.10268636429307655,1.3406640408879336,GSM710814,Response
-0.6881410736578769,0.03903395125192492,-1.4948936588794663,0.6301791709799225,-0.2573442873085683,-1.6813240610890903,-1.5699833287832132,0.07306113158611438,-0.17138820354398585,-1.3173913837551186,-1.132312636527569,0.14980380495698176,-0.8081287910641178,-1.9993624765367106,-0.8865991391767618,-0.3914027034302009,-1.4088605411855881,GSM1233026,Response
2.028721907468062,1.200215889976758,1.5240377578446065,1.2685990351849337,0.7476457974727054,0.7901769841097682,1.4355875651198526,0.8040121971142327,1.3459457918183209,1.1600245701923815,1.038783046930867,1.1881247165422402,0.7709210629506457,1.0359336443974614,0.5981866747569274,0.96360754300013,0.6038833267136624,GSM139564,Non_response
-0.23020440292246766,0.9168678129987352,0.48093705137554055,-0.6393325430888915,0.035866422471174136,0.7215015191096467,0.03641626784918863,0.3207750827647124,0.5302333360336493,-0.36804575713437987,0.030902694567269965,0.17411592900623465,0.3615006889702297,2.099737826720199,-0.24690416183808792,0.6756523680166087,-0.08378002246057291,GSM2804981,Non_response
-0.6433213133562977,-0.9783668908055463,-0.667802676069728,-0.7671171123949713,-1.2337545063022748,-0.9054743295720126,-0.13470724743633142,-1.3527966344635731,-1.3276566807029897,-1.2369169728836102,-0.9332341632335622,-0.6190430955017628,-1.097109651895693,-0.10753590960317169,-0.7881697436043776,-0.41645621012900885,-0.27694452591012597,GSM1050578,Response
-0.9442987371759266,-0.9408887481434637,-0.7970517866617521,0.4866668037688393,-1.2500456582076787,-0.8774164254519664,-0.37215053913293955,-1.163488122821811,-1.7049409518023095,-1.1029637302325106,-0.8545667623102905,-1.197310155592737,-1.1234894717206962,-0.47172105852825275,0.05044232500199196,-1.0551560868023762,-0.5275614336311708,GSM1050605,Non_response
-1.3862545442018572,-0.4585074008873601,-1.5097565090325964,0.048455103685882336,-0.6344858153647575,-1.6948762340327066,-1.6341072935303038,0.08694533687674068,0.09119923267982984,-1.0468642712112157,-0.6224796253029724,-0.21572321352107018,-1.5899768384742903,-1.5999641510121636,-1.0831153906392774,-0.2972509106275629,-0.9633024028403228,GSM1233102,Non_response
-0.6733868092550666,-1.1083659210000907,-0.6395708897761638,-1.1250276429967851,-1.0846972075494923,-1.0555536017032925,-0.2559345946362675,-1.395521989317469,-1.4252042673514802,-1.0490704403425817,-1.0233396316404555,-1.395761362569258,-1.2371545000297406,-0.5821625147717568,-1.3121086903773977,-1.318682470227279,-1.0210226856566287,GSM1050662,Response
1.7631162093418715,1.793256085975279,1.385931000835664,0.7846875753909215,0.8320826163765098,1.3009771017730467,1.553546972667486,1.359728143011847,0.9326730301660349,1.2779558676733132,0.8239299463903655,1.6099704220099655,0.9520738137734736,1.155488401552986,0.7463831285037961,1.2287823944393055,0.31350259615137493,GSM158220,Response
-1.1007955020273352,-1.0442854891349291,-0.9993170701532929,-0.7491526153461204,-1.1853438932484792,-1.0398664587777753,-0.8590373824730039,-1.1899170613851262,-1.152069113537455,-0.5917343383117148,-1.066800519644111,-1.1616980419242562,-1.0190747689028083,-0.6992749640697773,-1.2050554126045576,-0.9865434667936073,-1.2165006261548728,GSM505329,Non_response
-0.8567634082651717,-1.1931984919956196,-0.9151605081242666,-1.6379957065249615,-1.269552680259088,-1.0417305127225356,-0.20733062895054663,-1.1695915292579857,-1.2967303304229847,-0.5460728661531984,-1.1708475458961347,-0.989637305297541,-1.087609526284036,-0.5424466886614826,-0.8493294065771515,-1.055840225084253,-1.0608230613893146,GSM505378,Non_response
0.7729344340929875,0.8259720108074174,-0.04040746750927602,0.6760886699906208,0.8570708466675595,0.7603575084556372,0.5203405619505939,0.9523574505804875,1.3444141862400245,1.1163168024520942,0.6401100625102066,0.6460927770246564,0.8532491278348684,0.31533162164619266,0.822705528432993,0.7563567960348824,0.8576990987207399,GSM1619439,Non_response
-1.3547826860963474,-0.9191946936206343,-0.5613600830258496,-1.0834168153935715,-0.052826299653577075,-1.580500122073529,-1.2872059364175723,-0.03407566960067547,-0.25688776367893534,-0.6410673204333455,-0.9669512507366653,-0.8644334396371357,-1.1819661434869393,-1.864713174262035,-1.2547364713837044,-0.6126630815885478,-1.353729544139605,GSM1233067,Non_response
-1.204250218320188,-1.0266909798688575,-1.6592247096940496,-0.21387801198528303,-0.06462740602177822,-1.2752841599396851,-1.077740501676465,-0.10043183028054131,-0.12029368180602779,-0.7404789187694653,-0.6423877369405152,-0.47385913977565486,-0.7751501293416102,-1.8033429927185909,-1.0973309260406225,-0.5271142693311023,-1.4587208703079357,GSM1233094,Response
0.6683487509468469,0.5860853625819308,0.6335534244322091,1.221339418743913,0.7690701619939454,1.1913542403207542,1.071236399570995,0.5716508294987654,0.8592773359767588,1.0059728474004512,0.9080269104813462,1.3978682945814855,1.1658545704778336,0.6275016714206908,1.8188380970419706,0.46213579924759535,1.789982135277869,GSM1876013,Response
1.095140620070346,0.11001978646359653,0.3284628874426848,1.0968495147355786,1.0465447325942066,1.5566996433511628,0.8432228470598961,0.8303043185248188,1.3978439633556896,1.01436964787574,1.10798218170449,1.893709125071924,1.1167214732087243,0.7211944421209538,0.8689967187080451,0.6397013950401061,1.3651281552247891,GSM1875980,Response
1.322681661913639,-0.13277096069421637,0.698395447112921,0.7218363724453505,0.49537147242799406,0.00928175661891182,0.7017898473532123,0.3101419927689973,0.9581757591309344,0.9060126944755177,0.40348334483318266,-0.9711239507375395,0.4738437882357223,-0.060332492416361204,0.3112992105207206,0.815946016130795,1.1529154942215054,GSM4171541,Response
-1.2277351256640212,-0.893173607813297,-0.8977753004202172,-0.46216514973424927,-1.2148869139814025,-0.8793937288587272,-0.5530958269632629,-1.1889847618979714,-1.4900129148341252,-1.189915311661774,-1.2755300825411853,-1.1872622208275412,-1.026756650593016,-0.5029184806424739,0.7387596429579252,-0.7570000081892543,-1.0562357384790464,GSM590855,Response
1.7476977068120454,0.47072568460024217,1.3509459203836145,0.8455331079547993,0.9796919314530319,1.0587720482381118,1.3242258824363429,1.643793747506253,1.3746475714848052,1.709237621413298,0.6972245852055271,1.5288959378370581,1.208723329920729,1.4420467749613868,0.8131383190733733,1.216905833866418,-0.38995991874181574,GSM158215,Non_response
-0.3678623733866661,-1.0976974931600656,-0.8820184171061898,-0.41820330937785155,-1.1792869862231001,-0.9265366163424767,-0.9095664040902295,-1.0544773744186793,-0.3337895190249232,-0.8662270875193853,-0.7633621937977529,-0.46209235540248406,-1.0097964457108168,-0.36160697397211905,-0.9627798788993961,-1.0388534672293843,-1.015162860535023,GSM750743,Non_response
0.5396388553532249,0.36299838302525117,-0.13921176979862535,0.5753679188077163,0.4471294095089599,0.6856376161462624,0.4207386992998563,0.6321541813358105,0.4511919011307346,0.7572137426099652,0.23965737030213433,-0.08564849251632106,0.45776484715230503,-0.06319379346969381,0.3924792883211442,0.5826720121159781,0.5340884894189329,GSM4171570,Response
0.9702657634386597,2.4868006367540465,0.6695419072739498,1.5680425141075636,1.3380190601187614,0.06154333022591077,0.4642769343145485,1.4882940483803915,1.7367283094218582,1.333376043281822,1.7363451385120197,1.2144913202396745,1.5731633797149942,0.13720748541682248,0.8868457805197879,1.1314425364081215,0.8923231598010225,GSM2811135,Non_response
0.7574811934369572,0.513539404926673,0.21792234141845002,0.6317627372390465,1.1700625957697366,-0.09169976728754461,0.2885499280094059,0.08261774593318802,0.015817550436125392,0.42168246681530175,0.4801240658726386,1.0926506222283572,0.14254676542848357,0.12404766902836539,1.6182537644337183,0.26845555168211804,-0.20011695962590648,GSM1705389,Non_response
-1.047494556792505,-0.8722132262786321,-0.9507626307396201,-1.1236812247955865,-1.1703862583729239,-0.9971816402169875,-1.3520638246070642,-1.2499204605195533,-1.0906348517764506,-0.9731377813260548,-1.208995583910952,-0.5294991828334084,-0.9908685387524816,-0.7963531826132604,-0.7025742632871786,-1.5820131172324732,-1.0765802330710872,GSM508083,Non_response
-1.3609914034555433,-1.0494477621009402,-0.9739213661824134,-0.934909346455439,-1.3397879867619515,-0.7985100604775854,-0.646971993563166,-1.21503326567957,-1.215953966797814,-0.3983389028438362,-1.1470604936849753,-1.3070673646032933,-1.2613894018440337,-0.4996464350077453,-1.3237267058344857,-0.8037767877871327,-1.068266163407008,GSM1050640,Non_response
-1.2306239427838055,-0.9116703901120026,-1.705894105263557,0.28067438095856084,-0.13077549537582217,-1.8492882977419256,-1.429165096638031,-0.14553231919765744,0.2617928395081239,-0.40734818304894727,-0.8502588106277209,-0.4677036745017254,-0.986980140870485,-1.9945359097202702,-1.0252981041324114,-0.5336753471854639,-1.5366040972758073,GSM1233147,Non_response
-0.1741889106091372,0.8779727866380408,0.6157885468667736,0.11309732176339277,0.35595023284290894,0.8458497910021517,-0.029173252766666997,0.4462908302724209,1.1638625959050208,0.0044609874942127155,1.690905877897753,0.40637738755846553,0.4984813147055195,2.0084939945105105,0.2974679676882906,1.1481521887300692,0.7981533178141049,GSM2805006,Response
1.6157178930585079,0.4278020909161769,1.2078473959388207,0.16267403563474553,0.7431342199185018,0.7786926450720578,1.1595992587077706,1.6593150805739911,1.3846776757174857,1.4616170148071448,0.7788179963401387,1.6603948806161621,1.3537321896641183,1.138080405832641,1.0197093987186405,1.0927825293113373,0.23883486832222828,GSM139556,Non_response
1.023948260554393,0.31498823294986594,0.8219434802823132,0.8120788634525921,1.0357205053865828,0.6776431049251394,0.7342544877949425,0.6286998638548744,0.7137169580121427,0.8090109325840713,1.0462632428619896,0.8550349035533272,0.7186647930678907,0.605731972229004,1.457229138870666,0.5982004061076968,0.4563109534306197,GSM1705394,Non_response
-0.30821897727701075,0.9518007882631035,0.6652394217761002,-0.44554224497226175,0.1726964623123281,0.9966947611443638,0.08567821875700665,0.39159520908528295,0.5880531288361359,-0.1836639197910474,-0.08869512421513133,-0.1480735059309596,0.5682433601303308,2.6900835492682402,-0.05164793820619918,0.9781693911923163,0.45279227626173923,GSM2804898,Response
0.4769510020613462,0.25976393779641743,0.9122934550897775,0.5071135051685252,1.3977780018750585,1.3081668317830855,0.7425568857901076,1.0716323272707022,1.5789610538544858,0.6935411714946241,1.1082475230908868,0.38780693071364375,0.604911078523784,-0.12177264464505629,0.7002580193978332,0.8618811342940199,1.1629934915821536,GSM809276,Non_response
-0.9315566948635317,-1.1003967482591237,-0.7320736575617648,-0.7889882042372836,-1.2715011465974002,-1.0099386286409031,-0.6634762316690747,-1.238848776250113,-1.1786041039345339,-0.9065116571848763,-1.2317413051081232,-0.90508627521888,-1.0398646100887812,-0.4618928790098016,-1.0531752558546945,-0.8095434230988413,-0.9667173255559603,GSM508098,Non_response
0.34123078236195753,2.740887669888687,1.161966650141363,0.4804757214422868,1.770431451641518,0.34092094352124186,1.1283723820808353,1.3234910516567575,1.659269717745122,1.5594885454212613,1.790868759255908,3.336511163531524,1.4109580405373368,0.42049185440821607,1.2016621038387885,1.0233305295019564,1.8066220584641541,GSM7040778--RNA24,Response
0.4336751817125889,0.5289013933507085,0.6574283022090389,1.2431628126227519,0.8692752088809301,0.42347271222195654,0.587929603933426,0.2550086106293341,0.4514765945309731,0.7922912463835695,1.1070495457187974,0.9924106116073204,1.0864102747147857,0.11188280986941128,-0.06821427942099391,-0.30137747220424294,1.2452364118564248,GSM710813,Response
-0.271855917914084,-0.9346601851304918,-1.0349455104147491,-1.141917675428142,-1.1730797191326343,-0.9329149853154561,-1.0962712069637968,-1.2517500776930175,-0.916951594385707,-1.1811841756039196,-1.0968824762421285,-0.8389165203941029,-0.9930452933341862,-0.4450394291416535,-0.5737220604226919,-1.493973536930843,-0.7828029004269259,GSM508087,Response
0.6295339084279543,0.8466138914095911,0.4041496718598455,1.204306847463084,0.7147699188982705,0.7816874322220123,1.0329723192005078,0.5083845125210765,-0.2956715308834866,0.7294034038182963,0.7423023280738398,0.5671543634068628,1.0370398937662761,0.33897239826699543,1.9397025434142885,0.26973993022190895,1.2169407674990838,GSM1875916,Response
-0.7710356955819979,-1.0411463472943503,-0.703567248636563,-1.5640166062310394,-1.1216338304170363,-1.0240184192658592,-0.851532740307694,-1.3310045070055336,-1.1606110682222412,-1.0705512849305023,-0.9491925906491212,-0.7587792640305336,-1.0703667016136937,-0.6561266840490061,-1.0086872395002435,-1.5382953182358041,-0.640378539433636,GSM508118,Non_response
0.38643551782455315,0.6445586114661478,0.6793627736811686,0.5201541536219686,0.24981060577793887,0.6931529841155744,0.25937743041714567,0.4421401157035374,1.286932783549166,0.3950193604897669,0.7038836158216144,2.3801531392399915,0.3842472607639142,1.6722133805187684,0.6624020578517642,1.0422998744212244,0.8749691616346882,GSM2804918,Response
1.8452021674807615,1.6176763362446513,1.6315800318118934,0.062394335076359275,0.6408736957198726,1.866450557863103,1.7421516976833655,1.3901474999916654,1.0391080133112685,1.4790282093916904,1.220175643046204,1.7113848189192633,1.3819635238679775,1.517508740881633,1.0699034699908232,1.4935738060659522,1.321718127191017,GSM158285,Response
1.2322723311270112,0.07933917810177209,-0.15823368791407907,0.6603403396739742,0.6847932914222562,1.272810220544768,0.19863101394246901,1.087664592581948,1.7114780175880229,1.0603143419396996,0.36128045662323677,0.7766505372036678,1.0400642460412848,0.4440189593954123,1.0829923497903298,0.8681027355145847,0.8354037040032795,GSM1619398,Non_response
-0.7829747386913263,-1.0000833991704685,-1.442998671116511,-0.11596316415867039,-0.10796147113961017,-1.6020883929403933,-1.6660920368068546,-0.09948205618782133,0.04115952354148299,-1.1237711043603829,-0.9610828186294385,-0.612526353745485,-0.5863129994044062,-1.8538000157455843,-1.033312821484551,-0.31857066899630143,-0.8019494186930325,GSM1233021,Non_response
-1.230074565905084,-0.9785300410669073,-1.1261393189396376,-1.0991925590232254,-0.9980700846163938,-1.1165791816566835,-1.237306224588981,-1.2170073821822283,-1.245424760424855,-1.1692241730093653,-1.0126631325331146,-0.662165732541657,-0.8195047852369671,-0.6947653746507826,-1.0737107632600424,-1.6608591879864167,-1.1151645555350014,GSM505538,Non_response
-1.0016620646982488,-0.8087986581490513,-1.0360283813048672,-1.5246195778510452,-1.1387382723499413,-0.8751422610818034,-1.352028295709632,-1.216540217440999,-1.2937243436450827,-1.1094245519324009,-1.3053603071076945,-0.4399758946489146,-0.9917587136222258,-0.8190753681745879,-1.1607376343905393,-1.523369960820019,-1.2177359319377143,GSM508015,Non_response
0.5632577069528294,-0.6307898890452212,0.8656199667558827,0.028763991167430534,0.31321945023657954,0.5187648561754229,0.70690308817396,0.118658008618173,-0.6549598860695248,-0.17103465861840728,-0.06214076988189108,-1.293700985344129,0.7916044296358157,0.6060185203962799,0.6233568645129445,1.876591606917684,-0.029986529278920225,GSM2193343--17,Response
0.4222678576340687,1.2854094274553984,0.9680788251574235,0.8872207456682645,0.6168622071236137,0.9766761125573133,0.7818086712599329,0.45801612761060023,0.13748084603319094,0.7409312190657822,1.3194077094251488,1.4592307091255452,0.9242524843025058,0.2792493983923071,1.6004335687415787,0.32035912004944167,0.4820616036323788,GSM710892,Response
0.7742292201348392,1.1472035308175446,0.6881430394653167,1.455495501728328,0.8933049424896229,0.5031376846029063,0.29963372425065077,1.4268674841945868,1.5412646379196377,1.3297399816906577,1.622493173613047,0.5143502535723047,1.7269333953537187,0.3568660140596755,2.1642558576002884,1.2784406126828496,1.3906812920587475,GSM2811140,Non_response
1.8189192159453687,0.3356071529495028,1.3476745804655164,0.8740660310478033,0.8903220744632757,1.0746421395676966,0.8330424339674052,1.5520947855662404,1.816416397724137,1.4097414586837065,0.8091237875959175,1.5933245942103982,1.2604678667701381,1.2152064748888363,1.144693151090261,1.37974201638634,-0.04799399477031932,GSM139598,Non_response
-0.8232819749026778,-0.8677909830932197,-0.8780270283704816,-1.5891063529801526,-1.0529280953845441,-1.026679470477906,-1.1000120093731003,-1.299300469679551,-0.7308131149492927,-0.947020277645867,-1.129143621146139,-0.9763908544193024,-1.0226926763898487,-0.6727556721667713,-0.9551345052307134,-1.1790433349297043,-0.8526438711279812,GSM549309,Non_response
0.17154277654954442,0.9548803876105613,0.22314593178215833,0.8905232254660288,0.4938110404554544,0.05862695443829205,0.8080820815645725,0.39982124098482147,0.1381585112897832,1.1641692261273804,0.9838310424756501,0.9595313431618635,0.8166557544767032,0.704129695272272,0.6264772415410096,0.3146825592027056,1.4086342748773388,GSM1875957,Response
-0.7012860641358847,-1.0296851387850325,-0.786222288504079,-0.890789838728553,-1.1805098375154803,-1.0597153872156182,-0.669916016317353,-1.1488652322642705,-1.3883661089411494,-1.1229525886528262,-1.1770038301854813,-1.364223022302974,-0.9754081251988951,-0.36576965811482687,-1.1377886639638541,-1.3955931286344483,-0.7123233699909328,GSM508157,Non_response
1.1981256439348953,0.18096923894561764,-0.22967404197004898,0.07853749476556154,0.46352566918281085,0.7217961725952422,0.28492745200388064,0.3485371922806063,0.534207601273964,0.5438563456911724,0.20951885070981843,-0.6616128776952039,0.13115383696856206,0.03814696217171928,0.32039600452071815,0.9315647783003187,1.042955916879994,GSM4171549,Response
-0.687152942384358,-1.2388625349779119,-1.1104545281338052,-1.6291008961840359,-1.2234079092274583,-0.8779897687878372,-1.5082381938150924,-1.1929473093844893,-1.1307968367610681,-0.36788143654376104,-1.5925369158443157,-1.022088605182275,-1.060077647970123,-0.6514233734665797,-1.1198788466309995,-0.4660534880735605,-1.007377596275481,GSM508128,Non_response
-0.07711817353590328,-0.6785121751056308,1.0998882318609033,-3.010082547136963e-07,0.31779800383861717,0.5208538191099984,0.26281106301436447,-0.2900077831785257,-0.779247730883712,-0.1649633661665072,0.2569662149926014,-0.40390864088197587,0.6275288729513243,0.22792968030507546,1.0124075035109132,1.4793206930778322,0.05610583857903849,GSM2193368--24,Response
-0.8264597540414131,-1.1505406429816947,-1.0462935304231396,-0.8855662744705052,-1.2971160477133823,-0.8915674178695248,-1.0268645088027017,-1.1390226800312913,-1.0421147201696845,-0.8104748342310233,-1.077899722835199,-0.3907223947885199,-1.0846871051256934,-0.3404622029015775,-0.8168454578890026,-1.0645916514084368,-0.8585731496740087,GSM508166,Non_response
0.5958866349925049,0.18292778615537036,0.5253980899232362,0.2575959199718752,1.363535510709082,0.977061223706642,-0.403114009701679,1.1297540475373022,1.9155662503444115,0.7417605973912431,0.4894361616519593,0.8374770036561506,0.8260039690011173,-0.23486027804108361,0.758702184911801,0.460525353852852,0.8204739382199239,GSM809260,Non_response
0.11651665377843809,0.8131878878670112,0.3067512214972429,0.3524652061995882,1.385008268458465,0.9754923995668279,0.6593257063601239,0.9640158401743457,1.026486562247081,0.7335191760565882,0.5751887648772955,0.31756133813350335,0.47890545591257405,-0.40977993566438053,0.37248527231701856,0.5600212591924781,0.3485777716031119,GSM809201,Non_response
1.7545729430167682,1.2859552025027012,1.580676772453568,-0.901326753279533,0.8703849658039379,1.7224024332554766,1.8369709703965507,1.2507911445985007,0.56467013731668,1.2372363698366708,1.145613225605402,1.4062016310263528,0.9891102596901425,1.2581555061767786,0.3839172603260549,1.50251271506746,-0.11285682741585457,GSM158256,Non_response
0.9803443192968931,2.497286631704499,0.6761574404667516,1.5739251971371657,1.3470232534589204,0.05995246448747652,0.47058147657378163,1.4966878845873663,1.7450927210791838,1.3416314887443186,1.7460418696312214,1.2250009076274797,1.58046896104799,0.14259859488866092,0.8945257433153024,1.1410828108402604,0.902062366668862,GSM7040770--RNA15,Response
0.7307860319981576,0.358084751054455,0.1403314631735829,1.1651449095579476,0.6909890810127329,1.198989224074852,0.37571216331433893,0.9423198479054277,0.8806971221202592,1.2801645498036927,0.5672585920743507,0.42311929984741403,1.0132838455523083,0.4093807500184371,0.9747038655617295,0.8737123556785237,1.0886305848716664,GSM1619471,Non_response
0.5676104992572328,-0.00775659468956684,0.04875367051393421,0.325320887441495,0.48180479027832945,1.0702353111219802,-0.295332250048746,0.8718603146891005,0.5750660120989014,0.7770474604721541,-0.06502228147421041,0.22753594602076552,0.8397023014863935,-0.12284886884639158,0.16753068819629932,0.4927329670891889,0.7804447059569517,GSM4171580,Response
-0.8842421123698679,-0.9886090435571916,-0.8764778761132648,-1.4612662221345492,-1.0687357096292573,-0.9599031715129195,-0.7853840534461833,-1.150475005153568,-0.8125932261093832,-1.103263236517642,-0.8671403647634934,-1.2398103786059944,-1.0795706412599335,-0.4353936135541493,-1.1169634022987691,-1.194918116654951,-1.39063794899053,GSM549270,Non_response
-0.6584066724071598,-1.228179312156479,-0.9486047344873783,-1.5608295654635087,-1.2443798216407278,-1.058489828689262,-1.0086806026041641,-1.1745636790839173,-0.9061266039614501,-1.324642232159616,-0.9360061134506116,-1.0071245080497768,-1.0843271447924343,-0.26604819157234333,-1.1711714407767768,-1.704841960596279,-0.7028896671362344,GSM505421,Non_response
0.6750720520894339,-0.3989366158649249,0.3963577925116635,0.8069363671558349,0.7423842755376245,1.1183539584495903,0.24295293030814946,1.0724675934435983,1.2295800644446815,1.1950070791607936,0.3722268741607927,0.35741505174075155,0.8089159379568236,0.3871242824841306,0.7307953869779311,0.8567905736919257,1.0790337086376651,GSM1619400,Non_response
0.5534843112436754,0.3899131783612137,0.7869470106827302,1.0323698309155767,0.7381269204799735,0.6853279172075345,1.230601128343585,0.4925716901605128,0.2168486301658412,0.6116441153091902,0.7112032437252617,1.5243051614297372,1.2644681571991823,0.6654791551268602,1.206382166779961,0.4267857463171962,1.423062348072659,GSM710810,Response
-1.1218468614348402,-1.0542948504410468,-0.9307156226478616,-1.3713641643375036,-1.320912656070258,-1.0454107210949148,-0.43558553919611054,-1.2032549203461418,-1.3388002759520343,-1.1221098092355515,-1.333986852100294,-1.0648096501804158,-1.1485655044584477,-0.29420621282100456,-1.176451193871998,-1.5364344010433324,-1.2405349724354775,GSM590844,Response
-0.20442133600988824,-1.047473809149477,-0.8617038031895402,-1.3849103899702502,-1.364033712757347,-0.9265756833743822,-1.0016263661368752,-1.1967878960344471,-0.7937734259953343,-0.9340110189436267,-1.0993778492395836,-0.09743626468956174,-1.0243524517828317,-0.32267886644267557,-0.46375367704364945,-1.2090379448818656,-0.8769489101482967,GSM508111,Non_response
1.5589383629951437,0.8638409502222573,1.6712444904542478,1.1253635635453867,0.9194168294652427,1.344928937559862,1.4449754056628503,0.9882665515083247,0.5885161224826758,1.1643354240625834,0.5342508133190188,1.0708334258978474,0.7815227109892169,1.0646885301204279,0.09013363065977756,0.9085907962116602,-0.4488886970432706,GSM139607,Response
-1.011923080235509,-0.9571182582773904,-0.9717996177503536,-1.3192229136255038,-1.1987763589621858,-0.8481808393826787,-0.76473220207791,-1.1999543769899685,-1.3306367324259136,-0.9179176763078611,-1.085878970604383,-1.032413828388661,-0.9564599703789681,-0.3854654846562236,-1.0404346448042896,-1.1100211050441096,-1.1832153360305742,GSM508094,Non_response
0.3605363329773019,0.8242926947949567,1.0224280109066048,0.22503561353245297,1.3649765656877793,0.8964765697331318,0.7183419054161128,0.7330902908961678,1.4931190054488006,0.6800101785523796,0.4953725385665563,0.6180652531561158,0.6686626098092977,-0.2670668268731215,0.6080491075731324,0.6861822438650688,1.0530129972959341,GSM809284,Non_response
1.3941781277884675,0.604242464373583,1.3789798366875525,0.14772376760269057,0.7929369169747189,1.1577075406559114,1.779895776898703,1.8375157303876635,0.9299836274732083,1.8209960713120823,0.005166174810110598,0.78003197722251,1.1207589442278159,1.1058312834185742,0.6786470718014774,1.6608059673050468,0.14437204115207464,GSM158282,Non_response
-0.20261219352194007,-0.9997575876444331,-0.9598345074949179,-0.5556523908440799,-1.2978971420264789,-0.9280046917429393,-0.6990521048327949,-1.2173397664227243,-1.5415881857961506,-0.9415049804513109,-1.1889014292017481,-0.8118292937386875,-1.1163284396862763,-0.32143387267118356,-0.5291331711991523,-1.2687302967090095,-0.869553133602811,GSM508092,Non_response
-1.2545059585249252,-0.6313793493767752,-0.943528478607702,-1.4440512723611554,-1.083415460509484,-1.0686605784967218,-1.2793291970426683,-1.2234812141018205,-1.381946114251097,-0.941373217595555,-0.8692697450335556,0.26760966375115786,-0.9784229924623011,-0.48001679711622774,-0.9261725174118547,-1.3573019145576726,-1.2029188699332458,GSM505601,Non_response
-2.3177332992129442,-0.44103526624234096,-1.3007822457363671,0.11152652762457549,-0.8670837780156957,-1.8126880448315776,-1.19927659584575,-0.7312025465508448,-0.4458382425320816,-1.0051142647603797,-0.9590662025932972,-0.9088554008591212,-1.5510503448963726,-1.7840377065019632,-0.8501692925613414,-0.374470862412278,-0.6727400826162864,GSM1233090,Response
-1.0571748436676076,-0.9404701873727951,-1.0517437586846032,-1.2399034967070823,-1.1573179230676616,-0.9783097675603765,-1.433875105891167,-1.229694455533814,-1.3947024670560602,-1.2206660986247038,-1.1822785479649978,-0.9691090342131584,-1.0970199121012643,-0.5830597260033706,-0.828495546143699,-1.380056698390471,-1.2866876207682512,GSM508187,Non_response
0.012147245663778975,-1.0534151746402884,-0.8595353319524149,-1.6314248570911771,-0.9203472145981592,-1.0973971716108744,-1.1917139955667189,-1.2856547451495335,-1.3182610940659383,-1.2207825709390252,-1.132700434592878,-1.1639634532700789,-1.0312184092326293,-1.1051911244182857,-0.6465457304134747,-1.3690203080833379,0.21898634091429958,GSM505423,Response
0.7301487823986069,0.25319978342554544,0.8527085459667694,1.053738802027465,1.1850315134072555,0.7615951444854708,1.0816446885778954,0.6745760780612206,0.30966870643097144,0.8382240183962559,1.1705257884890936,1.1840768337990462,1.2167418324099684,0.6070886829998139,1.144071800159746,0.7298327511518816,1.6060998483173796,GSM1876009,Non_response
0.055409771738081294,-1.2597295756643188,-0.9403932364993077,-1.5540902889765735,-1.1553922128802794,-0.9507850836807792,-0.8819340605223619,-1.2870220091391726,-0.5030094100391757,-0.9013948475722318,-0.43473005359965794,-0.2320994977257442,-1.1016938201989797,-0.08301621326061531,-0.15584994212264044,-0.7883820698701252,-0.6340803155710153,GSM549248,Non_response
1.6813155026270579,0.5261364708715238,1.507833779493821,1.1789512665508368,1.0167630919897945,1.4131624683938093,1.3294301106015207,1.2454638492861567,1.3899258066107183,1.0913556311122576,1.168194955340689,1.3393904212140082,1.0260078256248606,1.1404272753900004,1.9694141880049727,1.6466634397091253,0.10408750560406595,GSM158280,Non_response
-0.2953741295200346,1.134702264397178,0.7760194144065993,-0.4557560079594338,-0.10448221013210651,1.0387447500994145,0.023537415324201522,0.4731598313813271,0.7036552840257926,-0.23442722057442733,-0.26734739917861183,-0.5360449525732223,0.5585653584429405,2.920246583628785,-0.16423731100354788,0.9466638595218424,0.03659252680411479,GSM2804924,Response
1.7003999082997463,1.4580662820006274,1.9021087692874816,1.2472980968408665,0.8523104142798348,0.7180458199758687,1.334361891024603,1.129798817860368,1.0414533714146192,1.1309579794598514,0.9241200453710774,1.3783191172436078,0.9644503557316931,1.4964307660082883,0.9882322189701926,1.1278863803366077,0.6248545424070058,GSM158245,Response
-1.257719739233518,-1.2249008022613537,-1.067697352454505,-1.2000827798629201,-1.164717767296323,-1.051110774677834,-1.088130822509803,-1.1579905645902584,-1.3335756497423117,-0.7989055530764292,-1.1273048462633781,-1.2431483617200683,-1.1405487820742142,-0.7298020896962711,-1.2548012926438332,-1.1208566846173296,-1.0583932654713921,GSM505565,Non_response
-0.22654199796811506,1.0982661250277592,0.8275028022280473,-0.6166254868636262,-0.21940071124945423,0.9418189585467048,-0.027749181484214985,0.40679670556970016,0.5725411278531372,-0.17929575798431371,-0.2517129114293514,-0.7155890544333364,0.46597508324133496,2.722059111508147,-0.1777892105372149,0.83888525987602,-0.158248669664439,GSM2804889,Non_response
1.9589236024010612,1.3616152263768602,1.4758690285486824,0.8822320334803249,0.9817039728737914,0.9523928849223312,1.2476962336999462,1.5181187461776113,0.9374009778774774,1.3466612323203855,0.7363993540607046,1.4390231119587373,1.1771393819798373,1.1289301517700194,1.303724654819354,1.2439366184687481,0.9402207297320598,GSM158269,Response
1.7027889628356645,1.0797385237005153,1.3401246353373897,0.86959795456839,0.7110567517683162,1.067201911496584,1.0349738160542123,1.5530635203112333,1.5641233404783919,1.435423704567023,1.1761052897556257,1.5725048603775589,1.2116148318997408,1.0719338141243944,1.1548378991956993,0.9187197705985776,0.11992722756240706,GSM158229,Response
0.7170710669872206,0.029989613523226825,0.2821944481717282,1.3357862457008751,0.5687455599747462,1.4879178558334816,0.10065231613880356,1.2238780528796622,1.1867516799425946,1.2347315336301197,0.6800898061495786,0.41233981591862673,1.220568851482048,0.3196583392662261,1.058835502536652,0.8074147603743199,1.6816963177278181,GSM1619470,Response
0.1746424705225746,-0.4987584010605019,0.9156553173297993,-0.25266153735519276,0.3837771359198539,0.19602433421740081,0.2733319661565772,-0.24166108215189025,-0.6512155791997701,-0.3963692725380857,-0.2020278773235013,-0.3727005231904472,0.7113102976897012,0.4341194450678032,-0.34157732449761075,1.1398598526138493,0.2605755286894873,GSM2193345--15,Response
-0.9452216576391388,-0.8274873639297544,-0.9879732506063573,-1.827221133729477,-1.0454654671759034,-0.9825481904051394,-0.8154136167988398,-1.2074587939229962,-1.413904162776102,-1.2688514370195279,-0.7195989941200301,0.7655961129187271,-1.137822377839234,-0.7545668322760452,-0.8890057341734043,-0.7781269461414863,-1.1034768861002393,GSM505439,Response
-1.148302426881632,-0.8334044334390056,-1.4108899785297344,0.2121883799748309,-0.8893093363651122,-1.833038640755753,-1.5014477206445025,-0.6737551414232078,-0.8431362838460683,-1.2687469161345868,-1.5373749321131633,-0.06744333289522902,-1.1439936067581564,-2.043328258469251,-1.114698516240042,-0.25662629673308684,-1.5432716102586204,GSM1233140,Non_response
0.2721469669022506,0.39992054649242625,0.28176727471849855,0.4264302573337119,1.1794013025288126,0.9981984584767535,0.20837908043087258,1.192352413869862,1.0367059263696063,0.7926106072983744,0.41042768210695096,0.5292990343247722,0.8183484962239648,-0.4703475941243469,0.6333053032620755,0.778008925172968,0.9108408123341376,GSM809242,Non_response
-0.6823861188611796,-0.7645279413414372,-1.4416315875774377,0.10722782708665161,-0.4267572731804834,-1.3499203418753012,-0.7685530384623115,0.48581796587409065,0.307597549397415,-0.8698672121852047,-0.8022703183713145,-0.7474982222046155,-1.0596105539951595,-2.079623707947393,-1.3021599841344567,-0.8470663468633955,-1.1785078812104381,GSM1233062,Non_response
1.5605235783014813,0.44562196705699014,1.4373700929222681,1.1329962804614813,0.924770904256924,1.3990924114671632,1.2898954232558448,1.2252541991820018,1.3318550464068166,1.0163044890182114,1.1152896687293696,1.2335501558563773,0.9734172707480999,1.0941714024252132,1.951831519097112,1.6030172594657057,0.09066531100454878,GSM139630,Non_response
0.6362123698640074,1.1243196036393484,1.9505201750397716,0.7696926296298859,1.3876092174546204,0.7034474342513042,1.3944989204540061,1.1803451547848913,1.5879617459581785,1.4746522873287073,1.8692577654831166,1.271716064928832,1.701100810483984,0.26512198232236545,1.4180210117609433,1.50726223602636,1.628222325195972,GSM2811136,Non_response
0.649161260845729,1.8029975126561233,1.0070997493098979,1.3159253711259302,1.3438561830967544,0.42289474150852063,0.7449960881787955,0.9313897357511002,1.4075077901466122,1.1051708791594523,1.7175163792135018,0.23894771077135182,1.4511668223046197,0.0034851307248197493,0.9587538148451656,1.485414754304937,1.0670258708001292,GSM7040792--RNA34,Response
-0.9263043139684826,-1.1603078270584477,-1.1808118395483522,-0.9073191250176811,-1.1047283787695084,-1.0099892573136608,-1.5335314195236902,-1.0931398689468153,-0.8810055809118065,-0.8691908973089343,-1.0514115108174902,-0.23681869426497504,-1.1551052095694596,-0.7685344299876361,-1.1948962114378605,-1.1786623479608167,-1.0622406167672815,GSM505520,Non_response
-0.3398698416941797,-1.1543582294075125,-0.5954237682975839,-1.2848559733269946,-1.2537586361338602,-0.9393896989530572,-0.6544422615745605,-1.3441345285834805,-1.0836401433194671,-1.2886030970652678,-1.1048630322492479,-1.0622157319303636,-1.1937863183339918,-0.5572147658509202,-1.2686429539006834,-0.9669790536012535,-0.042941172597072724,GSM590850,Response
-0.9637420914787114,-0.4999498546580755,-0.8723912286193227,-1.3287021550576728,-1.1449617985591494,-0.9885055187078234,-0.7045201266720966,-1.474632850843218,-1.3741673406845534,-1.1375951880097817,-0.892049169104652,-0.8607784373554218,-1.200975196190496,-0.5514379721230721,-1.3388953603944818,-1.5319259523915143,-1.1240168453139516,GSM1050661,Non_response
2.1722165966937634,0.5567123862785057,1.873277484451233,0.8131104351178583,1.1769487043848341,1.2052866334298942,1.4552433355105197,1.1620845243174929,1.307188954815022,1.2976562238803029,0.7153214687121376,0.7384605096821998,0.9419008485353153,0.9411080609957481,0.8750321161283862,1.4789628949220581,0.3293333603618099,GSM158261,Non_response
1.8547528416638042,0.41365986704638646,1.0097778319913067,1.0204941550023248,0.8732719275508432,0.9854243006663616,1.1435035564849576,1.6815716947685926,1.2908601277910197,1.3167124395664946,0.6363733947219242,1.2955881984577087,1.3914804523067088,1.201223212027782,0.8545586946102456,1.0701377621778947,0.26375928196722404,GSM139549,Non_response
0.1971840950350792,0.04340786256136677,0.4178573537344297,0.425573550660119,1.0344674424297204,1.1414417964343289,-0.33831543901024524,1.1765189282804343,0.8404551980741383,0.9441763561907186,0.4349750872421369,0.8841319313399599,0.7361247169010431,-0.13671247174512627,0.6216126689484447,0.8185986569536484,1.0390693348681523,GSM809188,Non_response
0.23088852066495588,-1.0932734671301774,-0.5912539501314715,-1.2695128036536834,-1.156922093821845,-0.9857384899953999,-0.463167433572287,-1.2544196386511324,-1.082359548772813,-0.9159359340714901,-0.8098572632631329,-0.9297705722099315,-1.1426172480866508,-0.4690129562526029,-1.1794909520025243,-0.7345241942730248,-0.09046686479587021,GSM505583,Response
0.8974643128646118,1.0862041807994363,0.6544150506421182,0.9460062445569697,1.2032719333466892,1.1399327830909838,1.1151084899077175,0.6592561840276795,1.3575234605603705,0.7831907002398731,1.0847329696092656,1.282875543825835,1.106169177950691,0.737445887428975,1.1594663482176784,0.3110628018435698,1.4473610288544867,GSM1876010,Response
-0.7630176444148195,-0.06293623518812608,-0.9426645145542533,-1.570974759101233,-1.0845695547200664,-0.6573507327205347,-0.6246575735282077,-1.1036884493392427,-1.2860058415493898,-0.8697070940987854,-0.4453286941867647,0.6532444773009334,-1.1215020881042612,-0.1973867637101544,-1.125125384755343,-0.3615854961703367,-0.6761045761845453,GSM505463,Response
-0.3839784415078933,-1.119897544535415,-0.6903401732238126,-0.6060329719208141,-1.2877492823071381,-0.942541013619201,-0.016447885222051775,-1.296170778272669,-1.4013735828711689,-1.0449955986906787,-1.1362348562076798,-0.5375850278141557,-1.1492866496571095,-0.172755164824619,-1.1219540372991512,-0.8248419099174177,-0.7658434066476538,GSM1050625,Response
-0.5725720602309592,-0.9391712455033461,-0.6847706731101704,-0.9503559014164062,-1.2481119884220566,-0.8417541557717757,-0.6665199347633914,-1.0413943883960772,-1.2956612133399197,-1.0559347831471282,-0.5869887670954053,0.4512586204170554,-1.0651061391501384,-0.4482310769502031,-0.5758880741939246,-1.0147295261720888,-0.8344356143340763,GSM505428,Response
-0.358520064946025,-1.1185949484534725,-1.031903143927326,-0.08243882421714874,-1.2937215618717008,-0.8741793630776844,-0.6136920558507811,-1.2246320469341117,-0.6117918573359336,-0.915600728415329,-0.7777038058563517,-1.2073591953701366,-1.0894143826835136,-0.2928482409071958,-0.11253439325472668,-0.8376029542601644,-0.5034329745180095,GSM505360,Response
-0.30467641515408844,-1.2524688704153824,-0.29215927576452144,-0.5510192152508637,-1.0663930302049613,-1.0073861187135202,-0.13762051967948233,-1.30840976714626,-0.8371313459793105,-0.7604279150187182,-0.9090915237672185,-1.0381836097917185,-1.1460847274178965,0.03456820007864344,0.5498759979097106,-0.5572021297970174,0.6151081167385368,GSM505454,Response
1.9899451022822656,1.5055033003368312,2.065496195333392,0.8539447285191127,1.066462167216104,0.6786139012466026,1.6128525611057714,1.1787740359364678,0.9494715015056875,1.217822596648221,1.2131493769546626,1.3693474808274821,1.027234737366702,0.918499164744077,0.643418233452151,1.4400842104997322,0.7284695856591757,GSM139591,Response
-1.1898014260586118,-1.002627643876989,-0.8056266921213093,-1.4529289057076937,-1.1723593575336284,-1.0098157162308778,-0.4480084779277393,-1.3298762769218395,-1.418736368578494,-0.9787277464075533,-0.9603735592529662,-1.0517908178593172,-1.0982588175151897,-0.4451120651770669,-1.1294132164358917,-1.366886354449093,-1.2304947043119325,GSM1050613,Non_response
-0.9200267322102228,-1.0080705527236047,-1.0106341663654759,-1.157557188318663,-1.0985980111233822,-0.9552758030830906,-0.7777384585170475,-1.2529738125045642,-1.1372662085429892,-0.9329772731032259,-1.1592296769585235,-0.7612012976251562,-0.9962879042789422,-0.46843143831191114,-0.9871126153232309,-1.5305745504255142,-1.2489828539124976,GSM508141,Non_response
-1.4073212289737078,-1.198153750840243,-1.204036984425557,-0.41917604979466927,-1.247580543782311,-0.7986489794814816,-1.23916787963817,-0.9649054801093697,-1.5770532194171547,-0.3643282612559796,-1.1543962272150678,-1.7450925562450306,-1.0390734782786581,-0.7036002287663776,-0.7674141327030048,-0.5051403255481405,-1.2532182593961263,GSM505366,Non_response
-1.1485068212333012,-0.9936902445692343,-0.9986946359546167,-1.3240728283689283,-1.354625538835167,-0.9375285699282487,-0.9315894516468458,-1.2632879614280113,-1.127459826145331,-0.9511830904533799,-1.1382953103074043,-0.8552440490421004,-1.0097908698670919,-0.5486129959784645,-0.9483793495037532,-1.4080134091759275,-1.0856385206809887,GSM508045,Non_response
1.7364341381026378,1.7652872999805171,1.5422911409469702,0.8366684831779309,0.8605020632298399,1.0385875513369605,1.5608238832457526,1.2865431942922914,0.7424118397294884,1.3040103114773227,1.0963975624356752,1.5870217151818047,1.074381112672304,1.0990633135450825,0.5744002186284787,1.111910695227548,-0.3234119065737161,GSM158255,Non_response
-0.5128471214219249,-1.0312887539803135,-0.912530018827471,-0.49039749936329813,-1.2735897234256617,-0.9708673190336976,-0.8999044666086073,-1.280272551571286,-1.209798518676055,-1.0548340574697603,-1.2195083955193553,-0.7867697266048992,-1.030829963738253,-0.4132750663647429,-0.9189448087433694,-1.2039946902844287,-1.251891669406672,GSM508154,Non_response
1.6110841867784444,1.1638500898485227,1.5374806651396475,0.5303551344296797,0.8510199176606348,0.9987483224949815,1.4681263967814238,1.2881677490036993,0.8757350323888615,1.20782264859998,0.8060478279989444,1.2936215096696388,0.9546596367576607,1.0083246851184284,0.6538587169888073,1.1194914978091162,0.5967751847400563,GSM139634,Response
-0.3067297378891344,-0.4726836886517087,-0.9697358596589505,-1.6517088550847399,-1.2733653355811578,-0.8950928584722252,-1.1290747546232882,-1.2621500682619704,-1.3087749614930073,-0.6938168313101895,-0.8296789379273537,0.5744206636193357,-1.1260493010544335,-0.8273040272013419,-1.0786738511027447,-0.45896673959475914,-0.9492296456086219,GSM508130,Non_response
0.36332907100733647,-0.38297659030363834,0.23219813021575036,-0.017765224917088672,-0.09818292478723646,-0.4268128479968516,0.33810109549421236,-0.6261056773774302,-0.5445239875685397,-0.9044566887416381,-0.5096793504243685,-1.4980689174551702,0.09555795874464694,0.26154035321290764,-0.7971602556867927,0.034066551498109846,0.1750580452995743,GSM2193370--22,Response
1.935321686743955,0.9944798646082476,1.4054356516889979,1.2849600224162585,0.7986605079300871,0.9205379607892383,1.4996424286951195,1.4344191615705428,1.1824545035034648,0.9341604860063498,1.1497819246329934,0.8224783878811434,0.812272924236975,1.2522134332294714,1.2807052431633577,1.453993743736603,0.7098273902840185,GSM139568,Non_response
0.8733380897127433,0.30896987173961943,0.9645549743332484,1.1919968427889198,0.9683214119534305,0.9277983053604643,1.1609225456420234,0.40266376791692604,-0.30462352798800374,0.9098260012018902,1.1947870564510061,1.3479023738162734,1.2972439647611642,0.6795616876682086,1.5948497854608246,0.39839353976421604,1.3123934731740763,GSM1875918,Response
1.7562626836099586,1.4138559479590387,1.4986215196382515,0.3095866869670319,0.8046454526761019,0.9758443959993748,1.3413056921195738,1.1160914263224262,0.47757459547689723,1.2319057084645757,0.6960245456182167,1.3286747437485307,1.009430180742563,0.6454066656483464,0.5421583364577535,1.6003584666735013,-0.08038578572486191,GSM158252,Response
0.6102231439387059,0.9471934471425434,0.8490433186451445,0.8614738234576071,1.4843265069969367,1.1762437539895194,0.38071359441165664,0.8275930739993721,1.5810159746374235,0.6642991704756099,0.9720772293776607,0.8591121701176405,0.17662382849210073,0.02076243150867797,0.606968167150541,0.6571608755350468,0.5413527486708358,GSM809209,Non_response
0.8411656374215882,-0.3344827484554268,1.3553387128836403,0.616155217246483,1.2285066311713404,0.917176251604847,0.848357696217232,1.1051890951465624,1.185297534044993,0.5433129200449119,0.9196520692217252,0.33127617953746485,0.6654264289606131,0.033231602405876304,1.1867179457354036,0.6621464474207251,1.3923207270003786,GSM809277,Non_response
-0.6208622501824019,-1.1338783201748766,-0.7874700983996183,-0.6066401044566269,-1.1252201971859328,-0.9126909563486834,-1.0463828115040505,-1.0664475649209022,-0.5206186489279694,-0.8854461527979374,-1.073461013495913,-0.28884703703702236,-1.1117190167704962,-0.4357952728474319,-1.1426291335276846,-0.5862786803259479,-1.0328317186869473,GSM549264,Response
-0.6368455711878028,-0.8542247557354096,-1.1279885755777939,0.13991054382802848,0.30560731708408656,-1.1609172198275155,-1.256494337405896,-0.3748568911261718,-0.3665914843042224,-1.1660465024491933,-1.060878093804118,-0.174034879543249,-1.038450398101077,-1.7637443029495026,-1.1464084205565548,-0.693239059781326,-1.1707400876991245,GSM1233035,Non_response
-0.6684600496814886,-0.6942025735280878,-0.8722282134135113,-1.477394066563319,-1.2185755069801192,-1.029813417045464,-1.0019670270454402,-1.3595099821831358,-1.2249331206046503,-1.3475258451107996,-0.9336647113847447,-1.0024996229725112,-0.9815057581230644,-0.7641599632915556,-1.0897574681618438,-1.544571995808701,-0.8424417687115615,GSM590860,Response
-0.9338057617582717,-1.0119581442143746,-1.015665801092093,-1.2916860079161818,-0.8553823558682071,-0.9830543712191905,-0.8295724220337101,-1.4063199226254177,-1.3953697496766628,-1.1120166498705932,-1.1471653018703727,-0.7980230911106588,-1.0506576651966022,-0.4952071232718757,-1.3699307172949042,-1.197193844936232,-1.1720349604860458,GSM505437,Response
1.9988577813472688,0.6179597914814782,1.611508114038724,0.3513153144899788,0.6453880588370847,1.3254845194776126,1.4758379821820706,1.1969660796669273,0.8322709013875844,1.262806951232471,0.9275890177135239,0.8292124655365702,0.9304180277428825,1.0141949289785668,1.1634325480575307,1.0730218896474633,0.6140277490444003,GSM139551,Response
2.235936153018518,0.853131887295127,1.8247659661752302,1.0138991404807913,1.1321105408524155,1.1898534665029847,1.5752484354547234,1.432312252429022,1.2730693653418277,1.2736787573668202,0.5615895787601285,1.353072990225915,1.2659268222334885,1.2135783401044573,1.2714330085098873,1.7100916113881168,0.5187848843435459,GSM139542,Non_response
-1.3035834043995687,-0.9732208857900776,-0.8716030268117048,-0.7415007158560215,-1.1541053965627754,-0.9833095590876888,-0.6146876592123032,-1.3509279055243062,-1.509579783317501,-1.1129336527483213,-0.9316908498627847,-1.0989072919271061,-1.1745450473059855,-1.0348508204149105,-1.2401974622796397,-1.1113824700302815,-0.9191953718618568,GSM1050581,Non_response
0.03332040669673247,1.1283348864764886,1.1429928525316224,-0.6415012922817398,0.30210874589063114,0.795675040020286,0.12561788733868232,0.8579753690821305,1.1789934271526485,0.5180572421989048,-0.6162541927167225,-0.033422656715119715,0.3524207626873399,2.8935953298434813,-0.37519149331867535,1.9223831935343052,-0.44978091180929103,GSM2804939,Response
0.04326861990080559,-0.7512143102094017,-0.49805017813678926,-1.9194850621969617,-1.2785935787083371,-0.7755940456321385,-0.6014374098944636,-1.3168935989638064,-0.5730700287350956,-0.9063255344177837,-0.7181935939624402,-0.23005789725456682,-1.106375857308433,-0.44589513315965906,-0.8267877190576204,-0.9459940436065831,-0.511681406394382,GSM549253,Response
0.4145380449481309,-0.07195811468125025,-0.2574225890968146,0.396752206784887,0.5200386828464593,0.485282219484593,0.6136438865017015,0.6207516791119614,-0.005419301742907444,1.1226700415817472,-0.21838352628141236,-0.9409693224123482,0.048310356059102236,-0.21850685690589183,0.12288028585651538,0.26713311931328076,1.0028618582252504,GSM4171569,Response
0.46796227686482966,2.3867337509569055,1.2774334273507693,0.8925661676513291,1.1446750408399997,0.6135089457539825,1.3639383383690056,0.6536896417942094,1.4230530512788475,1.044997903429538,2.2307844900110614,-0.31200436917297614,1.4144811130428347,0.25106200454525657,1.0053433832556198,1.315220679773279,2.6150929917335533,GSM7040760--RNA04,Response
-1.0660116247299734,-1.0866144447579957,-1.0092049584613725,-1.193535971137224,-0.9694504297064731,-1.0338592469372716,-1.0085120139534998,-1.2572052148448658,-1.1434697059469903,-1.0957847482893244,-1.2061031307562393,-0.9426385944094293,-1.096336714677249,-0.5959495471759438,-0.9645535889005082,-1.2063406122495768,-0.9235941382228587,GSM505446,Non_response
-0.11693296581755215,0.6078070515677847,0.619865125860091,0.8524216056241578,1.4071663089963047,0.6899642876430638,-0.4327649858410195,1.0210296106040462,1.0534976030052068,0.4484274728217271,0.5319716481085526,0.7718221624296094,0.4508722787993198,-0.5975882310334296,0.31123656892121376,1.0100419611354436,0.12201926352929905,GSM809193,Non_response
-1.0881403779375156,-1.0973479779538946,-1.0589902281166417,-0.6207302676516504,-1.2989896510463048,-0.9652486276182807,-0.8469532554989387,-1.257519244026552,-1.4186322165553868,-0.9009986294633379,-1.1638869503158389,-0.8540354319995752,-1.1471563331978771,-0.666301072036235,-1.0516223953805248,-1.506921576971583,-1.0961927646208294,GSM590893,Non_response
-2.061290239433364,0.7767117202468012,0.5545590829005447,1.1277621246922969,0.9856211208342822,0.25723410995053314,-0.6692063948953713,0.08682829975482466,0.2367840711012314,0.25998229728757805,1.161909840295679,-1.1190149714967703,0.3816205737673386,-1.3809008257051212,1.2546139853128349,0.5476948087994332,-1.331158691681265,GSM1525223--77,Non_response
-0.7067204016973596,-1.1141712634547127,-0.9841043410114139,-1.5548729722111991,-1.3315630524195168,-0.9616329752962078,-0.49295699615235883,-1.2713371227720685,-1.205859307813621,-1.2511250526695947,-1.2092224640681535,-1.0460698582673678,-1.1490740223443874,-0.5445746604351603,-1.284076693847688,-1.3000132730486564,-1.3769839723830526,GSM590900,Non_response
-0.8233304198584193,-1.0250572172696355,-0.9724561231534071,-0.46263382350114346,-1.1112266690311496,-1.0258286952418647,-1.0966367913105035,-1.195712215578937,-1.3569070998227675,-0.8029706165018535,-0.9941213983182496,-1.3521444966055451,-1.161587966250353,-0.3878153338084427,-1.3054370503794783,-0.9232616946131614,-0.8221722356479572,GSM505420,Non_response
-0.42289978563890157,-1.0375416796835337,-1.014151215142908,-1.2391109270973433,-1.2901120404865534,-1.0212336640684494,-1.1612428355818065,-1.2208680077448488,-1.2167370144240535,-1.1141624172345657,-1.1571124616491837,-0.9463308463602925,-1.0794355723780713,-0.4048514931178959,-0.902249108440476,-1.521661609044383,-1.0977056391026079,GSM508067,Non_response
2.0529866440233175,0.38696304887522076,1.6235392037540648,1.4322858774628389,1.22096940098438,1.7068460795701608,1.1881539524927893,1.2091663390721998,0.9431513959607827,1.5736557915312557,0.529829830740921,1.439061333303978,1.36111501256473,1.695218865856483,0.8645340227511787,1.721543846138046,0.3406296326988533,GSM158227,Non_response
-0.9720983068385639,-0.6997671877404114,-1.4194617957565956,-0.2663383278649074,-0.0404299474185476,-1.8920875919063374,-1.6268024247884054,0.04140607417789441,-0.3781787241521893,-1.4436649237983097,-0.8809798506546409,-1.2241901491054514,-1.5325022092864122,-1.296143986897838,-1.105015551287453,-0.4049791219582258,-0.37518183493143,GSM1233028,Response
0.9441787859710332,1.6446286697212658,0.5236415656721499,1.557824784523706,1.3330524523782485,0.19544215277660293,0.5737867499421014,1.557282727592324,1.4667659938979865,1.3606139612137969,1.6996021234773528,1.2475984215805815,1.5172291274653957,0.05500470065852137,0.580525584917908,1.056531563461942,1.6919752958635996,GSM7040769--RNA14,Response
1.5875158593747665,0.6552895292421616,1.4021309633785115,-0.0039233293721778716,0.9616623314081054,1.4366241570528209,1.7882470640308545,1.8247200735146825,1.4125671690029027,1.6976218355331103,0.6280441826568225,1.475713514285448,1.1155151640575387,1.1964799967663016,0.8108587388103287,1.861303723799579,0.2487356142249276,GSM158244,Non_response
0.9110473186925425,0.8930309001584993,1.445384322504834,1.13608904940137,1.288519391931104,1.392228029924295,1.6034511075851772,0.7303723169118251,0.2195564500443451,1.1726448304752128,1.3508453691437028,2.169316318931886,0.8863986023650609,0.6848725653697065,0.039789934266876256,0.6971606702478828,0.9826949470935042,GSM496040.2,Response
1.2964153763909365,-0.10474576029449321,0.7157091699436464,0.5388741112615315,0.6728252464591974,0.8008045967439646,0.7064961867852306,0.5876945487562413,0.7284033332961202,0.4025320536452796,0.026264474087590365,-0.39790647325483514,0.28208120230440986,0.17091488875378633,-0.003677467214175304,0.8411024163176584,1.2763757214836036,GSM4171535,Response
1.7478838335466889,1.1428381166448836,1.6616724864532861,1.0113283864649967,0.792740243970756,1.0904774664448613,1.7171050782641992,1.0714917596763338,0.7452129397668851,1.236950634658595,0.7467181534563827,1.2901558546419507,1.1623235566913244,1.2612188103143624,1.4041945501391255,1.1887598201255871,0.6742583795338355,GSM139615,Non_response
0.21599735249356994,2.4162713451888953,1.018634999651794,1.2891145342827854,1.4566157062675857,-0.04937494386396645,1.1001187405045523,1.1377222741585742,0.9223267235152582,0.8051838109898092,2.1557638537513895,0.06103148519491265,1.153159002341532,-0.4205497935723363,0.9281595316843906,1.0240178101094952,1.3936959513804275,GSM2811142,Non_response
0.04051318876762648,0.29508608650104157,0.14543145525639184,0.866437997088706,1.213058148625954,0.5896167273538058,1.0088021175763993,-0.015090594462644486,0.023352214468702177,0.33666453144430025,1.4918742887115826,0.7714440914760056,0.6918928552743824,-0.22828637536799806,0.0401220624153967,0.3013149374864666,1.1235729207712584,GSM1875926,Non_response
-0.42469652471700897,0.01630052809915035,0.02777462190200602,-0.9204409602536523,0.6242541900613783,0.29704498349178216,0.4152086065664266,0.6439896538475486,-0.08693371138723541,0.9828705411171283,-0.42663353077513533,-1.1932910501464158,0.7039811879539828,-0.3934071187807494,-0.06358655371279552,0.6219181007055201,0.226108751625273,GSM4171502,Response
1.0901512051915325,-0.17648409991730155,0.41693484551172494,1.677079420702504,0.768147840044764,1.2041491239446975,0.6709549497383355,0.8455415418105072,0.18016062275615158,0.5461003778537274,1.0922106720585016,-1.4445684384094706,0.4243956839600453,0.6783149739400803,1.430449759470649,1.1317148246611066,1.2700788583461387,GSM1619417,Non_response
1.7677272372864972,1.6427940981848057,1.5532289786281666,0.8741395606039941,0.8071403770447856,0.9368022170661031,1.8087456481572242,1.2459184969845385,0.760587833775514,1.2090380013773014,1.5522906466112927,0.9393630869377345,0.8844572814859164,1.1416625377490943,1.1209336681640132,1.3655880650375856,0.48090369728351007,GSM158258,Response
-1.222026861671735,-0.6657177308175088,-1.4607837645354216,0.17209440257111328,-0.5313555160863843,-1.9207866809518317,-1.4750938125082975,-0.2693882179081632,0.1145038585500357,-1.207631336793896,-1.0402648402819272,-0.24168468986935557,-1.2064548286340173,-1.9965330011126683,-1.1894277238812132,-0.33174981406628085,-1.2942923646589155,GSM1233076,Response
0.6125530102691329,0.040586560690452175,0.5103290244646396,1.2016651010956172,0.6936707218704282,1.0729112826726768,0.7540469609764946,0.5212492535763764,0.30336818720409037,0.8874849292879394,1.4490330454948057,1.528770424071639,0.9625353926803909,0.6241192023835073,-0.08192143312877108,-0.258325783495427,1.1688947972546113,GSM710883,Response
-0.22159956213880452,1.0392709067457908,0.7921120398229563,-0.7123136520872053,-0.04675658696009339,0.9619464290139665,0.05835016339047996,0.27839431860464453,0.807774557317423,-0.24772932583981497,-0.34017123309711356,-0.23235075377060355,0.5377012462992398,2.2909694591101513,-0.2198189893379724,0.9394283881438587,0.3156252014966078,GSM2804992,Response
-0.9663871991074718,-1.000910020941568,-0.8276125805814016,0.46748197133822633,-1.285139379415459,-0.8801093704839893,-0.4702003101656355,-1.1736811828494251,-1.6518382916098557,-1.1278450960401896,-0.8791422381905688,-1.2130211238981692,-1.1085153691008132,-0.5065160594558323,0.050109907289744356,-1.0833674953354102,-0.5600940343783244,GSM590864,Non_response
-0.30454265125005897,-1.0870150112387564,-0.2700171336006991,-0.032851792619129926,-1.2356386592771225,-0.9904082795527437,-0.8302356926529091,-1.3258827863032865,-0.5299315515602225,-0.8422094315826383,-0.2683936002563979,-0.7155009281794334,-1.0812981160665776,-0.18791482902256249,-0.5551898645339315,-0.6599481973953935,-0.5395123679975652,GSM549256,Response
-0.4026013774511652,-1.028866253925099,-0.8794157711309503,-1.231646244570706,-1.1898123652895367,-0.8428683796069931,-0.9511213165916769,-1.1973239199757773,-0.3810321228101442,-0.8766843603603796,-0.651591113424216,0.37034886616668716,-1.0494190687023823,-0.095066036852275,-0.5425663132508949,-0.9241228081934739,-0.6696535142741888,GSM750742,Non_response
1.0607942531458983,0.22319300819182755,0.8834099521379839,1.2409843302802994,1.2151287620667643,1.0861273596957546,1.2960889531045339,0.8713566560898772,0.8759518380069569,1.0544264334259805,1.505857278785262,1.6577330403369945,1.248268156902552,0.8864050853179539,1.0721814888543244,0.9067336846215439,1.4406371774582036,GSM1876007,Non_response
-0.39624137669094,-1.1005057371236386,-0.6072143072523375,-1.1112552726578,-1.1261564389649894,-1.0670107027816904,-0.549412146296386,-1.3007692602077563,-0.768510499935196,-0.940477154439248,-0.8528747156903294,-1.0363615086949245,-1.170808041167847,-0.4277483159996504,-0.14844080453430397,-1.1178425105414058,-0.46414535202973173,GSM549296,Non_response
0.9046381349631558,0.501518524445361,0.6944045642487651,0.7781652585792229,0.9334282429636745,-0.16911220438339794,1.1210209000274514,0.6438280461494529,0.32150661010452364,1.2419125321351328,1.1407314051879116,1.2727548227879733,1.0301025953511065,0.958917564125935,1.755347365550114,0.7014564970198705,1.2901903119310365,GSM1875994,Response
0.5559811727574017,0.2561597668056925,0.30053431086069765,0.1751504310256457,1.2392396251712516,1.0517499300685371,-0.044029872069391345,0.9971726435124597,1.4729290449670482,0.7187587415804582,0.6510488327917815,0.8586463166585941,0.8090305059040499,-0.19950682905053388,0.5431281751276565,0.5762731571852674,0.6461138707956087,GSM809221,Non_response
0.5719246056986521,-0.010581968519615568,0.677978571903234,0.1303359470893887,0.3720155464850789,0.6836303756152018,0.5127985131717088,0.4238854904504328,0.743478084915069,0.6971468619008074,0.5011234500752515,-0.2345634984454121,0.4051024018500813,0.32041301159320046,0.43891268521798354,0.6925387457783504,1.3384323249558838,GSM4171530,Response
0.47654937382425433,0.4397326445158756,0.9583655587333724,1.2195303735361516,0.7660237597809849,0.9527914135027327,1.3724198504465348,0.5098356575708171,0.38399983865781434,0.972944331191879,1.0559760761172285,1.2859504203285306,1.2297270112291208,0.5435853545211956,1.382287354788121,0.2503965638434445,1.1676999669313761,GSM710879,Response
-1.010461634338993,-0.8113314991604084,-1.4697241363179159,-0.5228122108914975,-0.4703519812761708,-1.5954483660811325,-1.2250664363254005,-0.17241558000563065,-0.42859181686480324,-0.5845050129344234,-0.8416220011484182,-1.1169265813819564,-0.6803267233321844,-1.6085612987493552,-1.0194007355547894,-0.5591108640132226,-0.7708289221688991,GSM1233134,Non_response
0.5870318221278348,0.6946156945941816,0.9793699698464392,1.0333757444692337,0.951250061593576,0.684674064711186,0.377124583058027,0.9910048183813174,1.3624010035430705,0.9169076135787255,0.7099091441827557,0.6417685685960218,0.5880846601878303,0.06843497531711244,1.081358833667272,0.8298383747744364,1.2056235395108161,GSM809289,Response
0.6816288061943047,0.5400580465349236,-0.11155427360812877,1.096703182306948,0.7664285666348568,0.9541182350462283,0.9188217698512224,0.718296250922616,1.0553099280018166,0.8239265398037571,0.4823522418801247,0.1895249317021698,0.9138290942786775,0.42566026841368376,0.4849484584849249,0.9197234095797678,0.822318788767532,GSM1619405,Non_response
-0.2111244928583822,0.3492973155095398,-0.2395391910385751,0.18882424817335994,0.8438423672372855,0.19526628041415073,-0.28266801328686664,0.43031809444455815,0.5832077794905293,0.3144537762550091,0.04447884135333057,-0.49776880857066524,0.37467283758367803,-0.2494649944937288,0.2746844346204488,0.0299974605570363,1.1927027177831422,GSM1619448,Response
-0.5127346670240731,-1.0963098449240105,-0.7408887543500119,-1.1419973069743705,-1.2600447969342778,-1.0431488439034677,-0.5714958004202846,-1.2511748149847122,-1.2333596998760137,-1.0074367783889988,-1.1019484686343703,-0.8655939003765072,-1.186602829426136,-0.45345115673417963,-0.14426582458822967,-1.195440078229483,-0.49614938324696356,GSM508089,Non_response
0.8948598451545463,0.5903402501017959,0.9591479319810384,1.4616969181599726,1.105105962715361,0.9550975243493568,1.0762649400649915,0.506302514224557,0.19872731080004713,0.8502533375273987,1.0154094159235112,0.5487618223607231,1.24349527096193,0.6263904023947502,1.5155218903293304,0.4306041435339258,1.3558090003087861,GSM1875933,Response
-1.1431875165387708,-0.9101395854224926,-0.9017776115819702,-1.543750933266313,-0.9621980268571293,-0.9195931620709085,-1.2138130541912644,-1.2559052246892355,-1.2693257175034331,-0.8078408281001603,-0.8391833866846947,-0.6571845392445864,-0.9071049520016291,-0.43711235131273757,-0.9403228514481243,-1.2507052596827843,-1.3534274801444102,GSM508155,Non_response
-1.0650498690609076,-0.802242599186871,-0.9476828402406108,-1.41429534782856,-0.9198790134823404,-1.030965614644069,-1.0796248906435375,-1.1498217869920642,-0.8521647719192297,-0.8809598423315622,-1.2292703245012482,-0.8816994755155454,-0.9747070231515468,-0.5220307599172872,-0.9198512623152875,-1.291741966618209,-1.24633031792305,GSM549277,Non_response
1.345233603026081,1.0759286089553999,1.4195070187321528,0.6259322253629067,0.6086104852408789,0.6308594504973725,0.4298872431882475,1.1801585359749864,1.9147242358788612,1.2564573585043493,0.9425253364614319,1.4975147295262456,0.9696819284785269,0.9236636238603644,0.93839251544447,0.8572950888816939,-0.41578532845489136,GSM139581,Non_response
0.6934775804353811,0.26000389693299314,0.9838981681734416,1.0871702146230606,0.5110686006544906,1.3305652304215465,1.0184090113330728,0.9215325565945148,0.3940027128462847,0.839328011265061,0.9998043072547202,0.5403076345562918,1.1984654954964706,0.7434201893864117,0.2317747747807215,0.6394455680590947,1.478617340149994,GSM710924,Non_response
0.9953129821182978,0.9355852430504374,0.4366646908545653,0.7963469575390508,0.7199043514339393,0.998023026998057,0.865158055663585,1.0331688254087352,0.9637752215561973,0.9990248536820688,0.5806931030630442,0.6304564066490916,0.8237562283992106,0.24828601617737586,0.7332318982420888,0.6467434533187064,1.0393653433673136,GSM1619387,Non_response
-1.1579374880412447,-1.1424280083147862,-1.1509745107994116,-1.4811894612328862,-1.229540431054587,-1.0600371742671664,-0.7829930982107889,-1.2559224747245863,-1.4348063522431351,-1.2895327053515502,-1.262380282132617,-0.9996290261589289,-1.2281812634954679,-0.8122256165241303,-1.3083681694799847,-1.4609586231793619,-1.4053881371642134,GSM1050653,Non_response
-0.8555931258338298,-1.2265059715387323,-1.5699966374747405,0.08594150229968,-0.006413574765927727,-1.663939372901086,-1.432047271236833,-0.015635275551025483,-0.029849514023657837,-0.9945588480421516,-1.1018177690082804,-0.835843439565926,-0.7955541641807223,-1.9157203018321058,-1.2975679851748643,-0.31254531062375995,-1.0652338590428247,GSM1233065,Non_response
0.13635167497327502,0.3050137212805387,0.3737453280233216,1.1625273355122079,1.2476551040358144,0.6490483307516708,0.028876518651107966,0.9756267077200105,1.0778139892563867,0.9753902958366,0.5781887942537667,0.37895634211742085,0.6356020859130898,-0.5005960806551394,1.0707511259467752,0.7233430054186406,0.7954869417072856,GSM809283,Non_response
1.968079107934357,1.2481099132304225,1.548349442181841,0.10805075554639194,0.6444461876446681,1.1711685136492873,2.042452807588326,1.7442268460628059,1.1940957150922429,1.2926394690778404,0.6080072443197581,1.4312051966631452,1.2163736270409988,1.3022766303194813,1.0404863165678593,1.0047035604047212,1.1234569119586124,GSM139637,Non_response
0.318601051100461,0.3318215303017917,-0.11967398106735026,0.8695870688787841,1.217522969106662,0.46827936192140174,0.9024021230411288,-0.10361960790482438,0.034185043463071614,0.3969110459755427,1.4284477424481783,0.4937983081019369,0.6034793532685402,-0.2391702581842561,-0.094427027048744,0.20315929902448884,0.9425636853072021,GSM1875925,Non_response
0.4646482867809119,0.25412640280062915,-0.27465491020107674,0.5989720282635959,0.4148290220755622,0.5812661713253725,0.23979323635256683,0.6053948791917774,1.165705218043183,0.9101990964849631,-0.016893887050032516,0.22702535204629934,0.61047057405845,0.02424376146198965,0.33776575893360683,0.5986521225831866,0.350027715138592,GSM4171575,Non_response
-1.5836030902739326,-0.7777195221866368,-1.6251884620609076,-0.04558042517730172,-0.31812664071950075,-1.7883792292805623,-1.6037509420056657,0.1557316582737014,-0.009498867796782589,-1.3463928301250918,-1.0288919958124236,-1.1951144330939663,-1.102570540023715,-1.8342073831586512,-1.4383737807820756,-0.41269366309498967,-1.1541765044095555,GSM1233075,Non_response
-0.46893605882360107,-1.1025825024484088,-1.1685831093334689,-1.8626767062775624,-1.1761978406733709,-0.9678532545293284,-1.4524816191458474,-1.1065780032693577,-0.8125380165598587,-0.9053330028062434,-1.1909773023337455,0.17048964960259128,-0.9947751477356389,-0.44421071437899345,-0.8225780520856115,-1.2863304365973918,-1.0233847629334338,GSM508101,Non_response
0.3327394586065535,0.9598660513491041,0.4561121259065781,0.5638542669383712,1.5260691443905232,1.1906056394707882,0.6232961735746705,0.9685594722277456,1.082733095748995,0.7795936997810846,1.0717114290558065,0.6930572948179512,0.863026654900083,-0.26549156320955747,0.4809089396766723,0.6508574143624088,0.44645128807806617,GSM809280,Response
1.412860218245049,0.5570311814741333,1.6631261189601039,0.7352091573170154,0.9744491562081337,1.0710967972615055,1.4385666723219974,1.2193011828797395,0.39981883148112596,0.95948840374016,0.14605779411139486,1.1701427568782516,0.7584167554849675,0.7508036189886104,0.2409997372814311,1.0781312513351078,0.6108747997444979,GSM139557,Response
-2.025992626466628,0.8305989206078609,0.5746680814801148,0.9341375450960175,0.8607496524918603,-0.35748374313331815,-0.7258784633007697,0.07666113006238182,0.10905021118063418,0.08717447862034745,0.8825784730162306,-1.0868074841811655,0.24829095512159682,-1.2327270663001573,1.2546139853128349,0.3353265935755647,-1.5638831804372673,GSM1525231--202,Non_response
0.698858122860977,2.2596744835985425,1.4760167178947239,0.8534803700919703,1.2460535234621484,0.5205850993320023,1.623131261758376,0.7723584885290827,1.341429201509306,1.1460956553075277,2.073755813109347,1.3973060941502002,0.7326538693404492,0.3676063605525886,0.982689798282277,1.3567558466340446,1.250403379075697,GSM2811132,Response
1.268855047357088,0.7874911068025899,1.2834664319235696,0.9315265413417747,0.6824477575151154,0.8770305921938644,1.148863514211323,1.1516065087350238,0.8572707264054311,1.4019211558507363,0.4055881421206113,1.021091414630525,0.8918351281829148,1.1219626504791476,0.8689209997453611,1.3399257185848994,-0.16240348751977207,GSM139580,Response
0.5926343941723247,0.08161111566104665,0.5414270838742035,1.325107802445766,0.870143591821792,0.5455497343289977,1.238751340604362,0.6597528316744375,0.7748817560413522,0.4624838461935848,1.2685496550873998,2.043455663704055,1.1787980275162404,0.5868621531918495,0.09706818173694262,-0.3088771844075981,1.175116699991314,GSM710902,Response
-0.8177385651055179,-1.058841889883587,-0.692813784250234,0.1502423873424208,-1.146593130528226,-0.9884536655284866,-0.28947183945744714,-1.2129833697272085,-1.1819853063408543,-1.070569204256166,-0.7310696708017008,-1.481438224632114,-1.0692285473198573,-0.5142862174205265,-1.3560132621051557,-0.5142635120964616,-0.35898126481460624,GSM505562,Response
1.9585541308260617,0.48666298077150505,1.3828117563286835,0.9415802376141561,0.9045213220618472,1.1152473497368685,0.8427929126759182,1.5812151214636958,1.8848062479797938,1.4735232191733096,0.872967825498675,1.6953662796024591,1.2955557986435733,1.2697549727122897,1.150421356999078,1.3679685450774128,-0.0068064914052034,GSM158248,Non_response
0.01771689908832502,-1.1612022814460194,-0.6362828565611128,-1.0023767822663248,-1.1854191808957444,-1.036781255521839,-0.45280199778328695,-1.494072774765061,-1.1380826770312653,-1.2217131240086203,-0.9172548913119962,-1.0123925950322938,-1.2395959581950837,-0.16134670203466195,-0.7690072817391859,-1.3374363653169001,-0.06274203265591392,GSM590894,Response
-1.1800252848706052,-0.9085565808387325,-1.0348929425676645,-0.990711546939999,-1.251093955121412,-0.9785072734060624,-1.0518769251360163,-1.25197009760743,-0.9494717968707805,-0.8865701103179794,-1.0498338047750009,-0.9399462208578748,-1.1262086362124824,-0.6991011360894921,-1.1305643592029455,-1.5324780979990809,-1.1625740620239542,GSM1050595,Non_response
-1.1580604310665765,-0.5121095216411085,-1.4687075826266516,-0.9325499481246117,-0.6527188713925517,-1.5961547228158437,-1.4948502999088817,-0.31289038994010016,-0.2822995044825151,-1.7087021335386379,-1.3904065784262654,-0.09379813563665924,-1.5307114354185263,-1.9871598859306598,-1.1624487943423387,-0.2621915614219851,-1.664764876562376,GSM1233125,Non_response
-0.9790051050023997,-1.030327412363468,-0.9686700690785235,-1.464315285363619,-1.1403120794880957,-1.0544909541281482,-0.7924454365237747,-1.0765351566152785,-1.4111071583094796,-1.06244744460095,-1.2301807218079455,-0.7960267041948461,-0.8942738073649268,-0.7273703270576192,-1.200224887424588,-1.5881636825250731,-1.024540497031892,GSM508022,Non_response
0.6473178029044565,0.8532346010726277,0.1309075773216436,0.8614954886401637,0.7877825292272357,0.861316358608967,0.37312753777850105,0.8923039598938041,1.0436418346297136,0.7461114391812285,1.19115600253664,2.669155216500347,1.1248952418490814,0.6418301908425877,0.39211152607248506,0.011460812019908378,1.0985228667725797,GSM710817,Response
0.9714397733337718,0.8010775859970629,0.2955874010932341,0.9435784247073549,0.8193219789857467,0.873345852948313,1.2187281858644399,0.8883286610803807,0.7760834943639536,0.7553271644555335,0.7449903877972661,0.3242732566293515,0.7340967575120784,0.3877977516925057,0.526207138423661,0.983117249603029,0.8609206504360831,GSM1619389,Response
-1.4065484314529748,-0.38611547920581035,-1.5341523286688645,0.28813782752177786,0.11127086298651036,-1.295083070934905,-1.1591801653737583,0.11632591470402291,-0.26557412542980435,-1.1788340091642948,-0.9141455473362328,-0.35827515475858346,-0.761590454749998,-1.9292551574176167,-1.3066555877122776,-0.3508549855064444,-1.3616567072678125,GSM1233006,Response
-0.6825669799071113,-0.8897160440083555,-1.013128486317856,-0.8899976979393854,-1.04815219571373,-1.1202417908153297,-0.8303288624042282,-1.1391147488762399,-1.1421515521798813,-1.188629447800486,-1.1949817221105983,-1.1282630826371685,-1.0944897554387245,-0.6233962410113808,-1.0156245985893806,-1.2597766215058297,-0.6608567551162998,GSM505434,Response
0.8259085751354512,0.6958353805217918,0.7169560534804169,1.234911480153151,1.1734284641838175,1.1760269165207486,1.0366235770984202,0.7066650603137739,0.6035548390213432,0.7951845588004941,1.1731263395085545,0.22818402100878582,1.0036473051274242,0.5261893619323964,0.5472276386275617,0.7874074265904385,0.8727067603267217,GSM1875996,Non_response
-0.6740151945060844,-1.049945356564375,-0.7763231952185395,-1.1320101348019174,-1.244142764828847,-0.9781066615606618,-0.849026311485699,-1.2346954168545643,-0.957082917038874,-1.0747124337220013,-0.984868873646289,-0.6098273911537917,-1.0453930151622703,-0.520954717069161,-0.8430342472015978,-1.2007085287690185,-0.608745672553187,GSM508152,Response
0.19738002113678502,-1.19709915291887,-0.5737132885657115,-0.5181870346244982,-1.1579959079346165,-0.9441637054110966,-0.49679151948840145,-1.227344129743929,-0.4397136125939547,-0.7322517857499325,-0.644406139549794,-1.0683187109876424,-1.0358534052671857,-0.6437053458069423,-0.25769552745607144,-0.867321746570947,-0.8737747068858932,GSM549255,Response
0.016063158871403055,-0.5102452750708752,-0.16412218108216298,-0.7158721814143818,-0.0301159496154704,-0.21604866583599205,-0.5283357546540536,-0.9200950613491781,-0.374218032061438,-1.5524725846221363,-0.6966457227550416,-1.1259185048179208,-0.7542800441724269,-0.6163967484795294,-0.9548061889057349,0.7535469374627841,-0.05238274137234928,GSM2193362--2,Non_response
1.044437784551853,-0.18299789530590085,0.6382788295974627,1.4304235725248655,0.6537121441361761,0.829530871744262,1.4285093242590898,0.8685467289050156,-0.5097206423456074,0.7401123532874593,0.8212281168048537,-0.8906357603772611,0.4153208881219833,0.6713249150039144,1.6156003543173254,0.6436084923328258,0.2970751534919512,GSM1619463,Non_response
-1.0224262013831915,-1.1940650846541032,-0.9638794236291067,-0.4726497801640604,-1.3388921651755596,-1.0930869243374115,-0.5774819750038722,-1.1942797574725694,-1.2292926351551712,-0.9032414931964988,-1.1247733232546873,-0.7413640347621665,-1.0837696577616789,-0.4729069105170542,-1.147543235259099,-0.6614756244736268,-1.0479347120122462,GSM505380,Non_response
0.7318656215441774,0.03831400351097723,1.6416687567566852,0.8060603239379187,0.5523315262910644,1.8480028526472467,1.2873404776031108,0.9713299884393576,0.30401786377238965,0.7838654086075278,0.5743004273165054,0.029705748016938958,1.1707948067035363,0.8513167049175673,0.7430686071337689,1.1407081432098372,1.209740893299082,GSM710873,Non_response
-1.0641812257435685,-1.1213905349932056,-0.5560858606043502,-0.863562390340285,-1.256252786451313,-0.9874699899586769,-0.30745678239155566,-1.1382971562247592,-1.2998525685857674,-0.7051666689783774,-1.1026097640596861,-0.5550704447368067,-1.1812147331980825,-0.5878787418324781,-1.337591567594194,-0.8857533689047814,-1.3839194228035452,GSM1050647,Non_response
-2.25638001786845,-0.44461873839775756,-1.4283537637302985,0.09112161942685203,-1.0696234344111553,-1.2496954032009389,-1.5083347495172759,0.04728348760929864,-0.44233560891431933,-1.983853230095805,-1.246894465643461,-0.07610856413899154,-0.9319099948805122,-1.7274144289384141,-1.1656119411339616,-0.3372219486587293,-1.0302608037953873,GSM1233108,Non_response
0.1796703852166214,1.0970434915065583,0.18372738861798749,-0.3932352746437904,1.3453115837512608,1.0902359723301,0.502067584844751,0.9878405355946074,1.3963304891034356,0.6841964387618561,0.7816588616598583,0.7340427951690287,0.73115700700561,-0.22895638063150145,0.5458005066179821,0.6857420923069821,0.7922033860915015,GSM809233,Non_response
-0.2192773397747617,-1.3472315065817644,-0.7973273883821077,-1.3558944159430448,-1.3740367551705712,-1.0004117020535233,-0.3157642954678254,-0.924846264667276,-1.1207417736824556,-1.1223760694110605,-1.3586678433766661,-1.2431312385666253,-1.1084415375491259,-0.16472586890373148,-0.972718857468653,-0.4098910345233735,-0.637009193502794,GSM508163,Non_response
0.9935239448974009,0.8123744516680801,0.8334138631616882,1.181546918905486,1.2988288144271747,0.875111510400363,1.4341188043882582,0.5789230562040989,0.34284023015033455,0.9389031253920347,0.7119221364752182,-0.3750029736395691,1.09089080349817,0.5815900206144964,1.547459869721212,0.48971797086936364,1.5077018061583833,GSM496042.2,Non_response
0.019082559873602307,-0.8428645254666289,-1.5124427750080232,0.4063447389068109,0.2969370239850657,-1.3269323391098147,-1.585083023024725,0.18870411471089862,0.1440773124203283,-1.0352464559955294,-0.6725857873816055,-0.5646816063438626,-0.6735181241709903,-1.530396398656683,-0.5794192912107217,-0.48351466036804985,-0.709578306278495,GSM1233018,Non_response
-0.9743444750043272,-1.0975017412922605,-0.9914317570808953,-1.6229134437975765,-1.479516688478058,-0.3251281453739235,-0.8394667067423434,-1.0740939304468893,-0.9341811385368557,-0.7193487382968717,-0.8898444144006054,-1.0155144582082773,-0.7561184604655535,-0.21059495962870592,-0.8269719832090714,-0.22185320604136435,-1.140319965600715,GSM508168,Non_response
-0.9169867964107112,-1.172307396332957,-0.8151476562882901,-1.6149804165316337,-1.1500950997243191,-0.9350004201116006,-0.3086851355623942,-1.0037059158304094,-1.1045056311079782,-1.0186148955696048,-1.5704178194509428,-1.1222065134906403,-1.080880116997644,-0.5345315639905243,-0.11611957390574541,-0.11198784388444595,-0.8370964060951476,GSM505455,Response
0.9448086024178822,0.5997076215401176,1.2620049995491318,0.9644851553386387,1.056684688653309,1.5050029055673348,1.5554821241081602,0.6068320612942882,-0.40303385438995254,1.2377224272143657,1.5525677029924525,0.5864865416482381,1.1538807828488247,0.6410411943890418,0.28422665245438844,0.6550195496203335,1.3445815425622927,GSM496022,Non_response
0.07114404568847184,-0.004967414673409345,0.5393410188381339,1.0594724089838372,1.1460330215905528,0.6014538956885597,0.5133205180777023,0.9033121015085912,1.099567072857202,0.47101767966646135,0.8079180529878883,0.23243073943703899,0.3144137381778547,-0.1931197652234983,1.0354138492779559,0.6753497172761699,1.07164963152692,GSM809185,Response
-0.8434703020813528,-0.9882774344846159,-1.0366362352373868,-1.2364272356272796,-1.167691004034514,-1.1631553268724326,-1.3806238463286362,-1.3275962395532992,-1.4414479563558873,-0.8989937363124542,-0.8858565210659579,-1.3000510322032035,-0.951750034113428,-0.8934429402698982,-1.0112067256077486,-1.4249327499913877,-1.307402222745761,GSM505404,Non_response
-0.3507778445677755,-1.0748542679109214,-0.8562575214509179,-1.5835846933425943,-1.312527507444358,-1.0003341547807578,-0.2286078809656079,-1.3626924999103198,-1.193368158079244,-1.2576103021125908,-1.1179383025116942,-1.2075827605495641,-1.1218363623397893,-0.5606980122098462,-1.1284246965290434,-1.2679964301384938,-0.04282308803262596,GSM590879,Non_response
-0.2612445293323339,0.877675658840144,0.4938672964631283,-0.22118534932612205,0.059105021833520816,0.7396149304573728,0.2116338395347274,0.21347758548325857,0.4075814699096343,-0.36366922681101727,0.006512209037346537,-0.220972872506107,0.450296250093104,2.51730437077187,-0.27645495016725613,0.5649374993249818,0.02616720320117262,GSM2804927,Non_response
-0.500054478289063,-1.0349934335220663,-0.8162117136389135,-0.5748191399531816,-1.24200400530908,-1.091768880904202,-0.30866110818124465,-1.2748019824613346,-1.3640864958343946,-1.3116385288910106,-1.2485074461016155,-1.4075505539056967,-1.2354098902441137,-0.18167582142941047,-1.30668636129057,-1.2500754405845316,-0.5225433842442918,GSM1050645,Response
0.3639764784782565,-0.19682079491761198,-0.17563166016500573,0.3560976850231842,0.5689524445366726,0.08878621773291458,0.5291657032731836,0.4973861828836094,0.6205487800096859,0.8147185055139171,-0.20732983114703085,-0.4778385512453091,0.5712018464880637,-0.06966660938858389,-0.2906597931447688,0.15061918240441918,0.5727605046347757,GSM4171529,Response
-0.6828620384148967,-1.087082312376466,-0.7017389235624243,-1.699325881442967,-1.2055612784483962,-1.049705885848483,-0.6777365073744028,-1.3434134959216435,-1.42878868496958,-1.259590467368476,-1.3594746497448142,-1.31172247002184,-1.1925217591996995,-0.7322772544318594,-1.248605874497594,-1.462401879300231,0.285282584767415,GSM1050602,Non_response
0.4045000470694347,1.0822307655500036,0.8922847528521373,0.6425393155175141,1.2344012952803953,0.7943170641388507,0.8054355883457262,0.9805484615990409,1.6726972231375627,0.4690271599522828,1.126015641081652,0.571984963942558,0.45183558507050303,-0.13957828053633806,0.7109179838725151,0.4153431623683975,1.05439286503516,GSM809223,Non_response
-0.5497844411034339,-0.9939985966898203,-0.5240338362037379,-1.6643129684303342,-1.2155454385194744,-0.962345010340064,-0.698601632977489,-1.2263241345552653,-1.3997531356655235,-1.0484674089077466,-0.945995968044252,-0.7510699104767932,-1.0130958412857527,-0.33194434312294807,-0.6402754822660794,-1.1238031113675082,-0.7375719725513131,GSM508091,Non_response
-1.1151764818297505,-0.7493636957440492,-1.099477651336656,-1.0890369188083553,-1.176653286802195,-1.2596744349113844,-1.2148089540725115,-0.1017820196658193,-0.8610702667264459,-1.8895679920017612,-0.9067797062368408,-0.5148090659966075,-1.2802430389804007,-2.044995727772126,-1.0248669758886735,-0.38159556585600346,-0.945629869893449,GSM1233056,Response
-0.2543284322712895,-1.1683774153012703,-1.0455958649941282,-0.5647168257539504,-1.3743113952122095,-1.066554010689614,-0.9716293550096863,-0.9954572335819243,-1.4022461761070568,-1.1642595550322983,-1.1674169505639156,-1.7155616077567728,-1.200565152981257,-0.4650340055622879,-0.94173025110701,-0.5689266565720147,-0.06753435907056159,GSM505449,Response
-1.9695265774813142,0.9263220135329052,0.35485328455853465,0.6465695897492886,0.5329868771217322,-0.021832720647412096,-0.846656609897737,0.08971195202562705,0.5295116627901625,0.26369200561110323,0.6880423541452647,-1.1907189766946533,0.006675486232900587,-1.4029484638098704,1.2705813577575054,0.5045456115276772,-1.173611092160298,GSM1525238--1,Response
1.7643180050438567,0.46319173939440994,1.4430846289755224,0.7547616006463842,0.912914410300164,1.0317308461905519,1.312581010777573,1.4108052769277593,1.2597601800196523,1.5100533141809143,0.49758805901612824,1.518609616886174,1.259152178991732,1.211892796970913,0.8291574228831317,1.3610462779795756,-0.23208350120207047,GSM158225,Non_response
0.3236577070831284,2.1268163584259803,0.37242973984914823,0.9100023664148948,0.5456243321013515,1.018555226353578,1.0483954519060423,0.34587593166865566,0.014147015291798582,0.7603408060317699,1.071066915628375,1.5458154340372732,1.1777013185161134,0.7163062294330357,0.371872814030064,0.5526172686727915,0.7050707039211107,GSM710802,Response
-0.5715832045856787,-1.284085003200283,-1.0450675219495456,-1.1540273076737018,-1.3577044459590317,-0.9697783327350044,-0.5872224566062915,-1.116489282269866,-1.2271031182072654,-0.9932493716903472,-1.2351487956367433,-0.6650919659718212,-0.6734546675485121,-0.8569869505304157,-1.3029569493179374,-0.7187180382112563,-0.9278376464223198,GSM508057,Non_response
0.18228731789942187,0.330699253386662,-0.4913345047501579,0.27272727171720607,0.21806298795375303,0.729371892239138,0.6468341757501823,0.7703189420658166,0.05114030734598319,1.0981656415768168,-0.20982823518365798,-0.6404916860272579,0.42354374878873224,-0.10767702662642326,-0.053534952418508655,0.6251394691414981,0.4351261809896846,GSM4171551,Response
-0.078966042027797,-1.1424000374341217,-0.29786870330759463,0.008620909918727155,-1.1729099850243427,-0.8401970718496624,-0.062352046577627315,-0.9846617897921403,-1.0349648033103453,-0.603340630722729,-1.0637314574657706,-0.9803592351112224,-1.1365574455205585,0.03455916548861393,0.2440970982916896,-0.40436440923091643,-0.32021035867761327,GSM505466,Response
-1.0694837656028606,-1.007331927283379,-1.0166959293920008,-1.3237971661627166,-1.0959074118488228,-0.7463307064095434,-1.1764449911278987,-1.24115469362177,-1.2464395843532836,-1.4852261336928754,-1.007304801105984,-0.16184671777720988,-0.9911699838056157,-0.9207900958651086,-1.0643399632595165,-1.3017579787136317,-1.1428127535066288,GSM505424,Non_response
0.1615305549218339,0.2657142888056294,-0.013444326011807693,0.33898723782717044,0.9903065773115409,1.3578714894912258,-0.3800640893773698,0.8622812106033781,1.2736034279236268,0.7793401068547642,0.3626097176979137,0.41172235004188307,0.31713921448159815,-0.4116316386180444,0.3586284702168071,0.8581251239615485,0.32701042349658505,GSM809206,Non_response
-1.315989172594828,-0.9383516258930854,-1.6986421473381876,-0.962173946538013,-0.4920193883203076,-0.30259541266974244,-1.5086826722865578,0.6394436394084887,0.39356070955051004,-0.9624731888456952,-1.0854785619057152,-0.7814138122994835,-0.7484827681023147,-2.1256693374620603,-1.0153087262651346,-0.2793356055662228,-0.8726916322144755,GSM1233110,Non_response
-1.150925701265384,-0.5466895643932025,-1.4807231806670829,0.09449614514146866,-0.06589488290107412,-1.1019538977894843,-1.7242598720204738,-0.13509937778661202,-0.23318025839538928,-0.9655106327072663,-0.5946068469468384,-0.5147310946463002,-1.09254145682732,-1.9843907552646287,-0.8214207678001941,-0.31810936932410594,-0.8719744081964169,GSM1233098,Response
-0.7269176698229253,-0.936702436619822,-0.9611751950551991,-1.270372596130738,-1.123360562922568,-0.9968956300291609,-1.2573350687430505,-1.2246101649616523,-1.1603825442036673,-1.1257710936050134,-1.1403458271655436,-0.591306966187658,-0.9630279303929492,-0.6852490421298422,-0.9799073619699944,-1.6075763548968192,-1.0588833333654968,GSM508150,Response
0.4570187612788413,0.2868062920531132,0.16421705393052594,0.9838260410043458,0.4167828467007842,1.0504105398129016,-0.1711122213188245,0.7351027147188881,0.7355617825098008,0.9613407142223593,0.22687380994565415,0.2063900870861816,0.7624471180970637,0.060218307644884235,0.6413601143452792,0.6585048288009853,0.8065849433884064,GSM4171582,Response
-2.1464128210462308,0.8777107122944459,0.503027208732116,0.832912649938669,0.5850870977304746,-0.13290315751381715,-0.6061580131813686,0.044423289972399506,-0.040540887206123075,0.10346452260383954,1.0039693212235759,-0.885581507852128,-0.11729837710616978,-1.4330183387861153,1.3866742240176004,0.4848853622066607,-1.415365606035526,GSM1525235--261,Response
-0.6536379261466219,-0.7615280166823312,-1.0213089715981458,0.15268483298125604,-0.5036455034356923,-1.3611504878808163,-1.2511444278892005,0.7072301993216932,-0.016375723365823932,-1.2986190828605682,-0.3726006087457332,-0.3756814566873077,-1.215819170484263,-1.5222316431465366,-1.140712624653555,-0.4850363323900229,-0.9815943582967959,GSM1233119,Response
-1.1878837456303462,-1.155273059594505,-0.708287606340629,-0.3007760972144663,-1.3371687316436154,-1.0019859660905255,-0.4413480561399207,-1.2509825515134596,-1.1622012049008994,-1.2688459359840203,-1.2849358232193273,-1.2815784889277486,-1.1830782864323757,-0.4676104564750334,-1.1818748118626625,-1.0397972844885506,-1.3918268801805571,GSM1050650,Non_response
0.04086587215693932,2.050430749638323,0.05898521801805796,0.5927518397387593,0.9054676000590212,0.4597647039340338,0.8021302609285131,1.343151214371869,0.9960430511888628,0.7676831408852572,0.7554169455734226,0.4291836496818464,0.26673162374863196,0.0022636869579785858,0.39768224844412997,0.8417821054796863,1.678952866636656,GSM809294,Response
-2.1147266032020573,0.8143370332513777,0.303694789915985,-0.04374032659517827,0.48363803113543163,-0.24978256908641852,-0.7561684231747801,0.1606914557360764,-0.25277115920497734,-0.08636719573780147,0.1832429214056508,-0.7790584978836878,-0.371313455783947,-1.4106414416302246,1.7232117668566032,0.40523003936158986,-1.4302924039234124,GSM1525239--42,Response
-0.1364930591899177,-0.475257868200021,0.0036926183663734393,-0.4114028041820735,0.3381828876382233,0.010847800145781673,-0.28989906609090277,-0.43757942596871735,-0.5497036127382717,-0.5680995512943673,-0.5853038914693147,-0.8518645520636386,0.27165604779142155,-0.05395414872751807,-0.7638511945801881,1.416969787404245,-0.17644594194333432,GSM2193365--19,Response
0.41642714682076337,0.20964253490074675,0.7332871270160519,-0.14263666723295595,1.3572886844169725,0.7773461005207493,0.9766838857886049,1.0685695591013185,1.724923492774139,0.502467054571556,0.6924889833040524,0.6348727323973731,0.69906566789601,-0.10298353965053171,0.5603475982592023,0.44422888174440167,0.7691610879353772,GSM809269,Non_response
0.12023160126226405,1.1015991133204748,0.9130193686562844,0.9845499065902102,1.4436842609169522,1.0119057064289811,0.7759893348354999,1.0739007574524386,0.7755377776968194,0.8017399538119452,0.9167976140861872,-0.12499344455333886,0.58731071348157,-0.12642506371071738,1.0727230735986097,0.9578841662029436,0.9630344566275609,GSM809267,Non_response
0.7839855885574488,1.155321679967713,0.6947767832063293,1.4618753843631576,0.9017260745531958,0.5067296047764822,0.30552519913446696,1.4351815195491895,1.549588496811546,1.3380111625079538,1.6322463628919488,0.5243338030458344,1.7342870460102902,0.36289958672358563,2.171973228996133,1.2882598794230211,1.4008525669324143,GSM7040775--RNA20,Non_response
0.3296125406651768,0.33565003966867746,0.16839522254749562,1.1862485553550985,0.6625837615477649,0.952549586857576,0.8786753919740337,0.6204128405422263,0.5852357897554022,0.7613399754288261,0.07894840592460252,-0.07622059749652706,0.7263220535274336,0.8093112090696217,0.5955473643248225,0.7664231177959338,1.454758416190059,GSM1619424,Response
0.043889466755746245,0.3815996481249473,0.4345780922655818,-0.1537351841394827,1.1997459130701116,1.1806587254893968,0.38591266865712115,0.9370491947013195,1.0986815138663155,0.751769539995525,0.39991798117697336,0.42455982656396574,0.723079052228636,-0.3016890877802799,0.29816563875451124,0.6401811016627609,0.5903507550079481,GSM809210,Non_response
-0.7284758983133217,-1.1855540946448155,-1.0207614844258879,-0.979197515614782,-1.108110392054592,-1.0320193581843569,-1.1026876265836223,-1.371104502140732,-1.386037583236477,-1.1789320054374346,-0.9764509716928244,-0.8068634709616083,-1.2435223594057383,-0.7150745667770207,-1.157229378715828,-1.21588484182614,-0.39617748325581403,GSM1050642,Non_response
-0.7634242776373648,-1.113405071617214,-0.8707915953047519,-1.1603417039657749,-1.3739934746623137,-0.9901716893183953,-0.6963654806123613,-1.1418309882520419,-1.3437653651755241,-0.9745503970607654,-0.9915067087550983,-0.8297663368229535,-0.9847508092568783,-0.5790062273837459,-1.0008556471351915,-1.4208418900412148,-0.6830382489953424,GSM508176,Non_response
0.859087997533774,2.1718676864508186,0.8429865750681865,1.3302474261063102,1.5320283765323657,0.3881600409638628,0.6950213389783928,1.062625248308302,1.4841770564550911,1.3433148015391496,2.005291739276581,0.9185077659630722,1.62675970046259,0.11058719615577739,2.2121244389567694,1.2440920375540756,1.2194595002819344,GSM7040759--RNA03,Non_response
-1.0787690245834192,-1.1101451567728382,-1.0172857143403478,-1.0616684424535907,-0.9592232825433287,-1.042664384397305,-1.5015757225269453,-1.2875457842628661,-1.130934399306755,-1.227863926928456,-1.3523206224318134,-1.3542243708692137,-1.0969705121508828,-1.03645729831001,-0.8994288032943524,-1.6321210404410316,-1.3515406354955328,GSM508108,Non_response
-0.11409382679742894,1.040681038472951,0.7042046593622572,-0.3972963366948552,0.049571640121375334,0.7018096217783737,0.2897076672669545,0.35764636460896726,0.6596330256025458,0.4335476962145206,-0.4034620972257165,-0.964692330751645,0.5905835861065433,3.0450876977001045,-0.32629425192190153,1.059017025697268,0.2093963236239128,GSM2804964,Response
-0.31621552272604697,1.1776948591703231,0.8760943452921172,-0.252111692604443,-0.21906031182620042,0.9682934802109548,0.055089240358597726,0.36157308454294573,0.9226400115201634,-0.1083699283077941,-0.13511770470181164,-0.5432702662603022,0.5821870746051047,2.376884772306141,0.13297028485181123,1.1633000516538272,-0.18065113971920865,GSM2804985,Non_response
-1.02443220876697,-1.0081733333363514,-1.0080416442125526,-1.4512837575875934,-1.2358097841360325,-0.7287760697213758,-0.8331366226433725,-1.164655515356466,-1.0481368827485946,-1.002841772318231,-1.280980971544104,-0.7833901184380976,-1.0052273848199413,-0.19533278754637967,-0.9695383273233211,-1.2692985286002862,-1.4288541000803423,GSM508030,Non_response
0.7040619989394235,2.521399671615629,0.9320331817657127,1.5197835490439453,1.6611475434439442,0.5004930705371236,0.9188191382620625,1.2626554585753993,1.2792212776527105,1.155488692338649,2.078182859527986,1.0663561082402935,1.5051858179215853,0.2017185257923611,0.9173223718231354,1.250792774225648,1.3109767389007907,GSM2811130,Response
-1.1095630547535422,-1.0539129177452824,-0.9645679648091041,-1.4960406508733066,-1.1635003285395842,-1.0856361623712152,-0.7383203995939268,-1.3389356063415172,-1.1131442108797587,-1.1786779922549577,-1.1130243230878603,-0.3671611956418886,-1.1814882066129535,-0.839635580511625,-1.2880710589506639,-1.6083713068903043,-1.0770539329548818,GSM1050659,Response
0.9392513923206663,0.47095961517789303,1.0386586742802757,1.603349861895349,0.9722801085589952,1.1984291691253361,1.4176684692791692,0.9721350992536927,0.4649585371378718,0.6399817540911111,1.0617536459727674,1.1115055909104772,1.4961298004612786,0.38815960052012416,2.418963045055457,1.0627287603285895,1.0595859448463247,GSM1519422,Non_response
-0.7244140223384273,-1.0227711947873748,-0.9928142433457411,-0.9932427844160029,-1.2113699431961216,-0.964280949450664,-0.7618507345055066,-1.285387807938511,-1.0319649866563463,-0.2570402915581679,-1.062710171247701,-0.8679354400475836,-1.0189807313191075,-0.6461272687468091,-0.5122156625359602,-1.0039227134191866,-1.2283737703301878,GSM505367,Non_response
-0.8736711950000139,-1.0577408157601678,-1.1749795844014674,-1.1046010179844443,-1.1612868882885885,-1.1383877833719485,-0.7491801861077428,-1.203528005870779,-1.1152071631491616,-1.3436710804607301,-1.2687135511135739,-1.163625361434733,-1.0731527747651188,-0.7877640339014308,-1.197125477478765,-0.9228254546587836,-0.642462927127815,GSM505445,Response
-1.2025792746838644,-1.0434446634632408,-1.0624789573737492,-1.3949318319931077,-1.1127859564226104,-0.9082793638867345,-0.9824536325652626,-1.1502198740433545,-1.5161117723755826,-0.8107116546651582,-1.3514128658658575,-1.4391731043037816,-1.0650454549868202,-0.7022576992046411,-0.8498997438380127,-0.9752880792911673,-1.1254379114867263,GSM505348,Non_response
1.0152461672190758,1.4452071411730214,0.40155830094452516,-0.6836253135683491,0.6027601022632411,0.8403958289768638,-0.04324332559898909,0.598707026800425,0.46815903686949845,0.691295043863308,0.21703029928536102,1.6462194598375681,0.28526809484185855,0.2431238821285062,0.1981094931696959,0.526796352831033,0.24557423693176111,GSM1705399,Response
0.12934685760588258,0.8932915510836634,0.14828570497521232,1.4322864831713176,0.7735076362459319,0.8975420296297721,-0.21884009970590557,0.8282169146742608,0.8116996025206351,1.0128417705268469,0.5092653966640972,0.27169715888586443,0.8285168398535436,0.21364034618637348,1.5913326691029048,0.902934015628579,0.7554647508417632,GSM1619415,Non_response
1.725951326668444,1.7259070916828272,1.3706097846715142,0.7684951790742707,0.5494175406675669,1.220929799814085,1.1152929535977285,1.292252281343841,0.6748249569985618,1.249064178067099,0.8533684565218355,1.4408864898949634,1.0685686158435697,1.1518533354918863,0.8500450656106091,1.2302672959327665,-0.20608156736148206,GSM139616,Response
0.8653766440265256,0.361180797268936,1.2413804227171341,1.5593021429157279,1.2900032432623816,1.6633166501881251,1.353865456652062,0.6850975978995671,0.5997304538809445,1.1231871040335917,1.3476345002680479,0.6488824197121077,1.1328096614685175,0.9504439186374989,0.6918848642932593,0.9284774707062428,1.67622028351944,GSM1876005,Response
-0.8419060519455349,-0.8840472610854879,-1.8425175575055226,-0.4724918766947495,0.16666883574261346,-1.5166770205653142,-0.9954170255981563,-0.03995136876840927,0.4695624178129954,-0.8744944071912588,-0.772408813707756,-0.6893329502109705,-0.8114899706036257,-1.857037829579021,-1.3413325672168062,-0.5844831760534235,-1.4075571621361256,GSM1232995,Response
0.9785235900274638,-0.06276882773881823,0.05291126790454322,0.7433130395696617,0.6964949035313396,1.3461727584929593,0.8290531658559344,0.8823638445005326,0.8324656173100033,1.0509552835233331,0.6610105912716846,0.5183860100424356,1.0356857947250353,0.421470500606661,1.0908373000029898,1.1621534745272766,1.452068447272549,GSM1619469,Non_response
-0.9107801652313737,-1.0872317727947998,-0.9698078576427117,-0.5496180863373249,-1.021383454396689,-1.0572241480114295,-1.1257832352675199,-1.2527262769043348,-1.3323164981204576,-0.9040058229993183,-1.036857335391818,-1.09632777088676,-1.0742235724914655,-0.45500793559033875,-0.971693250413123,-1.433828849008573,-1.0807934419995695,GSM505600,Non_response
0.9124783757681949,2.5868425556772485,0.9370334008774773,1.37761742587295,1.0525781067182354,0.48744150511795836,0.8762658932476142,1.3838181392874582,1.4785358250251242,1.3159799429120331,1.8440369806709016,1.0922082648763367,1.7325579386055947,0.28478538897037414,1.6348807522036752,1.219633495754624,0.8780181136977719,GSM7040790--RNA33,Response
0.46437883896816134,1.0691544705832179,0.7181333481595901,-0.6663659082308624,-0.25034525473723096,0.707103115001739,-0.10850946134675922,0.32345486063277634,0.7587535861627823,-0.319817407073975,-0.5768640932649078,1.3044609797300188,0.3757075869435645,2.4376658599348797,-0.06794274826334015,0.6834020230057964,-0.11701146466966242,GSM2804948,Response
0.697330462563722,0.7836725550921212,0.4960832962044717,1.3419984366011097,1.1076868777155227,1.1293660778646664,0.9545356233527742,0.6028443167766945,0.08583494970847981,0.7834035667328743,1.1546690261309769,1.5270709283207515,0.9956064350687452,0.47415962785435534,1.800785140944957,0.47152580334640487,1.4113335217743588,GSM1875921,Non_response
0.6508802094623667,0.08150849350886522,0.9605863576840993,0.7947060619684075,0.8661962783196893,0.5165999088905804,1.3143070064232487,0.8513537682265001,0.5903795222739031,1.1173577693279,0.08802821091896897,-0.17744972163748543,1.1030300777789137,0.32887510373217216,0.6858325555487393,0.7566674231550581,0.9175881081536028,GSM1619454,Response
-0.8510396006917365,-0.7913494625104273,-1.284305498011645,-0.38267885185507555,-0.2353216447528402,-0.66313154577189,-1.6225320728579877,0.011361396287388383,-0.060264141272835185,-1.1467340430199422,-0.7571003477321909,0.18622529445114375,-0.9930588082664582,-2.027617730032364,-0.9496868152705744,-0.4883638737423996,-0.9152359704824456,GSM1233014,Response
0.9202735243038229,0.45035356656765907,0.5775175288764431,1.1211972966259796,1.108672118676427,0.5101269711599864,0.9418944301546566,0.5810547641658218,0.45914762409795457,0.8947841188576525,0.8505137761642408,1.1503209938755565,0.9495162616777655,0.7628912309522912,0.4294508675477364,0.40257509163193933,1.19277258023918,GSM1875968,Non_response
1.6924899811986545,0.989821962058089,1.5821176574281073,1.0744872207095906,0.7114896746581152,0.6962537737263103,1.723116056147545,0.8794978309343073,0.9427897349708088,0.8362045880378932,1.207836919040454,0.7814315078458907,0.46853347604217355,0.6756624721480121,0.44968077331979406,0.7555495431283075,0.5656188013302766,GSM139554,Non_response
-0.3318978748421864,0.9341301078142505,0.6955236222352551,-0.19108293017888234,0.25516406978336076,0.7729672274587363,-0.015835631938101277,0.3702852497159302,0.9015996492892651,-0.36567355501547466,0.7623264093313358,0.5919620590728244,0.5053170934826657,1.7795957910689304,0.7248291680053508,0.984762212129082,0.6353423568693846,GSM2804971,Response
-1.1467475047305202,-0.9048491357851132,-1.0188847157353822,-1.4413091061710126,-1.03522593441702,-0.9740272246430189,-1.127520983621527,-1.328683594362674,-1.381894033472975,-1.2849970986972676,-0.9996533551478437,-0.8596019057251982,-1.0432061253463347,-0.6952341939791671,-0.8093863748144745,-1.5764393151624012,-1.309100343749126,GSM1050601,Non_response
0.33600270195319065,0.8535975550892124,0.42648711013491564,0.8962173079096065,0.9781758179476392,0.9603255416278574,-0.11694255470475916,1.1397755199262554,1.270709686742164,0.6548786749002016,0.6557936834295834,0.40440970868757825,0.6724259079212254,-0.22074947629389455,0.6150677791938711,0.73520278328137,0.480986301748546,GSM809189,Non_response
-0.1568530898336066,0.5617799182412517,0.7301538327649671,-0.8808516361616608,1.3268762110927952,1.4296128171574956,0.3217800128088535,0.8431351494346628,1.0540753208243927,0.8754221776013399,0.6001004422805231,0.24496534371597734,0.7088805550741123,-0.1761180368157994,0.14008477499628685,1.0456813427411427,0.8113409474727694,GSM809261,Non_response
-0.6794192457307711,-0.6673872780753958,-1.3513422363104888,-0.18521738591945106,-0.302408873958396,-1.2342064657067497,-1.6625451019096267,-0.2947036384642191,-0.6015661084989282,-0.8883189077919437,-0.5228023457872921,-0.5645324168545138,-0.9376702331489164,-1.9220755342554918,-1.0880662173979039,-0.5107922875949945,-0.5246908927038393,GSM1233025,Non_response
-0.7463144125328564,-0.9011854332660694,-1.006356106993023,-1.4200899123488246,-1.250274940596202,-0.9686562622636647,-1.2743397667892524,-1.166797778580101,-0.6702059937189377,-0.7641542065361437,-1.0434204434747891,-0.0798616445930196,-0.9074512129524551,-0.4573657552023887,-0.7011660365028152,-1.2697490066948158,-1.1063538047675159,GSM508167,Non_response
0.47036279296680455,-0.3285650871462323,0.8102988499607457,0.8482682086935031,1.2182951868292609,0.9747181141283737,-0.1771061190420279,0.9868837101261393,1.3201072575804356,0.8059142471070795,0.42383812037180646,0.31807177217745675,0.7486084895835989,-0.37412889576230657,1.1564493042388504,0.6305343256343185,0.7811784286539009,GSM809296,Non_response
-0.5311047644403425,-0.8396281395137044,-0.9046866158451862,-1.2208340606682857,-1.226973915969616,-0.8586925765287631,-0.7757425877885624,-1.2038905966900066,-0.9013196395927647,-0.9750938504241168,-0.9933893271620038,-0.41282867102447723,-0.9509297244130931,-0.24598427180062532,-0.6717893506232375,-1.1730292797791284,-0.3027092034673851,GSM508183,Non_response
-0.29293849220634705,-1.1230466991145076,-0.444828501308629,-0.8140987393833223,-1.3748663769367455,-0.6965675338796906,-0.006710419988618402,-1.2371377096549656,-1.2088684194578403,-1.1114662700791136,-1.1619918411794112,-1.3726304917702805,-1.1448920531550804,-0.22027736306617107,-1.2154951440892272,-0.8021495626281561,0.4619054473681101,GSM590877,Non_response
-1.0658576099775408,-1.0848982630131778,-0.9278894825907343,-1.7528183612419816,-0.9700052020185772,-0.9515224857667967,-1.196629823202088,-1.2081287110190204,-0.8213529630009203,-1.2552934022162867,-0.6253889873325276,-0.017248116168072865,-1.0886117762772318,-0.429285678374741,-1.147524663570164,-1.222593390452845,-0.38614042643040486,GSM549271,Non_response
-0.946629291140733,-0.8803000231692742,-0.9631301309982022,-1.2424071876689613,-1.2536174974870404,-1.0894374901185233,-0.58679594667619,-1.15606291814993,-1.5975133431246298,-1.1633875098049342,-1.283906099154496,0.45108907324732583,-1.0845359318560979,-0.6119529591688393,0.06981886609799012,-1.5125011594795859,-1.04093231368576,GSM505504,Non_response
-1.3394242397646532,-1.0719244649153559,-1.0286523985813716,-0.9546819322867208,-1.4233346554906334,-0.8094957923852275,-0.710973341611934,-1.217327247480889,-1.1913858850204948,-0.37485015111046094,-1.1821893766293903,-1.3522555457724916,-1.2532812733804748,-0.5324939447387437,-1.36727526914432,-0.7937298003266327,-1.0624817258440338,GSM590897,Non_response
-0.7173597294217489,-0.9570346016849497,-0.7919226396577494,-1.2999874987157567,-0.9375006571011176,-1.1672432983001277,-1.1296354100166717,-1.2037596911567574,-0.6939902282970248,-0.9319349733662688,-0.584106391089966,-1.3156903877046768,-0.979326280709449,-0.6989809926492796,-0.6850281353097659,-1.53777877447681,-0.9102441044262124,GSM549303,Non_response
-0.27755148066709784,0.9774785825654845,0.7279650884431326,-0.6048354550238216,-0.09970012552328718,0.7745884367496185,0.04550840724412566,0.36367337859376947,0.7394174594719709,-0.3784399682158068,0.9278264789032766,0.7255435377637341,0.4225713978599337,1.5073628406015727,1.5613995901278388,0.7645094870541989,0.529757296342449,GSM2804950,Response
1.3659354144328593,1.3624143099877102,1.197393658226383,1.3026109820385323,1.307941654272511,0.34530106264626836,0.883351477658502,1.4047634342671873,1.6190460014582186,1.4359848169865839,1.6351305502285471,1.8536055629397614,1.6325450419451795,0.16329878725508007,0.42584522418296994,1.190446083891683,1.3250881579843787,GSM2811125,Non_response
1.0132042960775178,1.6794477301050768,1.2575943166100259,1.3361262654495079,1.4058347660963513,0.2653160016516801,0.9107332699297427,1.205408446182568,1.7841846282203047,1.354337785385502,1.87076970325704,1.6433722311858698,1.5708922424236273,0.16922153918180943,0.4914055617336383,1.1716620890234644,1.019933723845129,GSM7040763--RNA07,Response
-0.3519639287107185,0.9450906752006739,0.7539066519695867,-0.2001610099713193,0.10850318368760188,0.9952469614074686,0.07169405698495927,0.5948507488465273,0.5695801504206527,-0.3183946500445262,-0.17011897254724132,0.3564617892383415,0.5531919655779362,2.206844599504449,0.10010183959755835,0.8420487547253761,0.5282372184198075,GSM2804867,Non_response
0.00017006328764196588,-0.9280640027421138,-0.8116690309267263,-0.8690529203480373,-1.131768483696181,-0.9621504236026486,-0.3374787286236911,-1.291864678157716,-0.8299959975177691,-0.9088890996992781,-0.738693238413641,-0.6872512853258992,-1.0849732425077394,-0.38422274106048476,0.4373330323833873,-0.9127604902096005,-0.09067084080495631,GSM549249,Non_response
-0.2275455423602286,-0.4811059198299616,-0.14345732202200323,0.267216518134184,0.35384498890164834,-0.2985916105087762,1.0744921201382878,-0.6614914527933143,-0.20323815090652458,-1.0658713112442675,-1.0603301588084126,-1.2002653461026005,-0.7457550934190668,-0.46621275102965404,-1.165537145353853,-0.19265083297806485,-0.258583971248226,GSM2193348--10,Response
-1.144216688754314,-0.8315240014472325,-0.9519128158000761,-1.1103969000613387,-1.1521904310730104,-0.916987471005013,-0.7828919052627314,-1.0364613042663948,-1.4976692657672823,-0.9477337706366166,-0.9459423364841894,-0.1327608489943688,-1.0648746745909523,-0.7293200881834746,-0.8834540372358429,-0.8503459016005677,-1.240768945646943,GSM505560,Non_response
-1.0254971009826592,-0.9020182512755124,-0.8253170843446673,-1.6186290005681758,-1.119319440576332,-1.0444378461371386,-0.8696903767876278,-1.1819597475276036,-1.3877582081726152,-1.0694128214483096,-0.9950380208550277,-1.0165900662284455,-1.1042130753696795,-0.5939985953304626,-1.0501056013528047,-1.7707478974686939,-1.263837433068033,GSM508036,Response
1.6129520803387085,1.3973295973305404,1.8597589115159927,1.1820828578432427,0.7743211602351726,0.6694752205122803,1.2919126116474877,1.0908033436518694,0.9852967722381739,1.0559520153177986,0.8013172107134341,1.2931030702183421,0.9313668164072729,1.4420780984556845,0.9374582675589314,1.073399199801673,0.5602046693029288,GSM139595,Response
0.05802130088397118,-0.9152697092635893,-0.6106458952119403,-0.6080677623945884,-1.0329648179493771,-1.0034521766725886,-0.8019942941581919,-1.3144792174035937,0.1695953834088511,-1.115318227170013,-0.7423281145315616,-1.7795981882341185,-1.1500768059579076,-0.3512126401662513,-0.99179664929328,-0.6087344184309753,-0.055280326028813734,GSM549310,Non_response
-1.127307447057871,-0.9377481951514405,-1.100089354792663,-1.1389297010520596,-0.8839624308590022,-1.063935745027922,-1.311125741122296,-1.1500259989737227,-1.1180159107981071,-1.260206211127418,-1.1254180491359325,-0.3498560719990832,-1.0367596509046282,-0.7240694730821723,-0.7522242024783926,-1.6599355293700673,-1.18084087931108,GSM505517,Non_response
-2.2518440268993243,0.7655170273417253,0.5649910434734495,0.651153471799828,0.6176321136627332,-0.1526489208691054,-0.5466907377582979,0.039338485601287915,-0.04634249421930338,-0.029904064386443625,0.6566566104982617,-0.9895221953588812,-0.313310018737524,-1.3846128421536914,1.4152382049318135,0.46171899602240857,-1.1718047787244605,GSM1525217--21,Response
0.41885302726760926,0.2550925029014155,-0.43552255660614886,0.5518102268881179,0.41659773887122303,0.5968671169278709,-0.05352466953948854,0.7529382389782656,0.7684310181810787,0.8618151948931061,0.05366223895780114,-0.02306991359126674,0.5715672918245024,-0.031854461013798095,0.295721251849368,0.6516365129842863,0.19630279444497262,GSM4171555,Response
0.5513806978301712,-0.9591596523333472,-0.5234192132998823,-1.5243166703526598,-1.2552047661604568,-0.8317917880638436,-0.4070941773722167,-1.2362802560851032,-0.5065505419139527,-1.0344472232690136,-0.9605604374542148,0.06401969716229088,-0.9683506539557825,0.07814025631837342,-1.052264199970472,-1.0987991940212272,-0.3718270941377258,GSM505545,Response
-0.9122104983510291,-1.057874666193825,-1.124887679527178,-0.4574517763780975,-1.150005385887303,-1.0284034866643106,-1.2324050822474524,-1.211485168171893,-1.46009088778411,-1.0469171747774675,-0.9128682425114485,-1.2097706477282628,-1.1084784257643594,-0.7609890290188189,-0.4001562251686853,-1.2376665526837571,-0.1736287061008626,GSM505580,Response
-0.741545972076442,-0.7157481381599569,-1.4913686000634556,-0.38071229850581484,-0.20134682291666414,-0.6804346935615139,-1.390370449814614,-0.29866337648839314,-0.0063352103554259655,-0.7049530872651465,-0.4943005119911229,-0.7674372129237316,-0.49672532727559243,-1.8497614747909494,-1.1816988409674158,-0.5936728339872469,-0.8094753959563672,GSM1233124,Non_response
-2.0935112222157346,0.9276074556058871,0.6111194203884843,1.0107455963069256,0.7782028158046593,0.05106366738213162,-0.7996606611642006,0.27874758595891735,0.48631997464445387,0.3152548014195226,1.0957299828818683,-1.04302381963987,0.46315242865192974,-1.3804437078672562,1.1174243745562815,0.4487855294053001,-1.5414405355941319,GSM1525224--93,Non_response
1.3535401257023802,1.3655160037216887,1.7628539258634928,0.878341015071269,0.8679711238970792,0.9409415984304647,1.7397523411442046,1.4689324673265498,0.8297436854885772,1.4774611110782623,0.627536425210351,0.3614538945246364,0.9853125939073785,1.2326777056387344,0.06356924410089854,0.9307801347581803,-0.11145528601668346,GSM158275,Response
-0.9728601431326473,-1.1339052267883076,-0.9823331948006183,-0.4378739254632455,-1.2255345913623041,-0.9928347784873669,-0.6308179191385437,-1.117231044753148,-1.010110659587042,-0.528248685305614,-1.6510740516885236,-1.061342310788032,-0.8977161353915576,-0.415484310108588,-0.6390896152589994,0.006853304746381454,-0.7874043402792692,GSM505484,Non_response
1.8713738103542257,1.7750541393013162,1.4415791024875229,0.8397660151831638,0.7048890517552092,1.2318166694291797,1.1455936699332916,1.3744249002547586,0.7398917897118295,1.3039486418597517,0.9239671649025983,1.5259772365396986,1.1135736807830732,1.1747892574596668,0.9414687734966731,1.2735419159300574,-0.19574995308359336,GSM158266,Response
-0.40199858491988233,-0.822816423936635,-1.1000371844584833,-1.4798274638542452,-1.098954150411596,-1.0634948827411648,-1.4272888421134406,-1.1701641452272418,-1.0985112568958766,-1.136966169746391,-1.3228470785612692,-1.5206358891872702,-1.1489753901528694,-0.9048204933763805,-1.3289550005978221,-1.1653977206289792,-0.9338798085237359,GSM505470,Non_response
-0.43859042282310023,-1.0348840410799662,-0.6260747623739368,-0.5204564479484152,-1.2135147124156167,-0.9979556201317807,-0.44613710040725824,-1.2229367515897558,-0.4951000143182487,-1.2096205926993342,-1.0128385643009723,-1.2519632515549566,-1.152146500158345,-0.19944956591169116,-0.9272840831476994,-1.4277318947553737,-0.07717654449030456,GSM1050596,Non_response
-2.03455471188486,0.6564664552488046,0.45866867093945074,0.9583325338638254,0.7772627636130922,0.26417692788933156,-0.7643110024838006,0.5319164821915681,0.20641534032748368,-0.030525017577758044,1.0628906468765604,-1.1516224364234715,0.2576069306023325,-1.397796441982334,1.9054428292000734,0.6305358288685938,-1.3052941953148165,GSM1525241--51,Non_response
-1.8158533358579942,-0.08908143688066607,-1.4278028912491927,0.21344012894856504,-0.07273604250959347,-0.24023976921506324,-0.7314108589498954,-0.8517445676746629,-0.9020143594908807,-2.041237214086585,-0.4915273215927461,-1.0121974675394056,-1.4388289572873865,-1.6849773156184498,-1.0797302561523368,-0.43036473980667084,-1.4963758669009932,GSM1233112,Non_response
-0.8376144613126331,-1.0173240222462931,-0.8905929911080894,-1.329659623537244,-1.0145266243598834,-0.9683897050272376,-1.0548884320657894,-1.2345870717118943,-1.2888812825309466,-1.01619034233562,-0.8127544470351314,-0.9843148813523593,-1.0003392631503418,-0.3809086216816046,-0.7320364807021457,-1.498234676281842,-0.9242396588196685,GSM508144,Non_response
0.075420216845207,3.6572389461886194,1.4807722685629365,1.028103796953632,1.1848208559998639,0.33253853708561143,1.2313883887237664,0.7973621203011001,0.7405676312396888,0.9916302543515733,2.3080937011119382,-0.09994921082849177,1.4309438289676377,0.3805360926695126,1.557591116811798,1.3075310626954064,1.153501297692992,GSM7040785--RNA29,Response
-1.2902378045523564,-1.086999321521876,-1.1512898207653102,-0.9574922332112777,-1.0866228470078114,-0.8743116972584704,-0.9202216668285799,-1.1635830089798118,-1.104772617771934,-0.7909990776396237,-1.2109302649216909,-0.9996546402747879,-1.0313815922824303,-0.7565584189380922,-1.0374272481775877,-1.0244647260249515,-0.7028745250091426,GSM505364,Non_response
-0.9620877016642134,-1.0979953698554659,-1.052268940014616,-0.8131440065379535,-1.1484137820856966,-1.14370285233485,-1.2052094826952584,-1.1987976650120689,-1.3102342436508227,-0.8944228582537206,-1.0612549873190507,-1.5324676315071495,-1.0833525410232008,-0.7971266895845165,-0.9965063588362094,-1.0021683505176089,-1.2300309123129605,GSM505405,Non_response
-1.2702099122481048,-0.9105012943480452,-1.2390086602359176,-1.0236377857420178,-1.2637337631912642,-0.9592813552158734,-1.3505119727603965,-1.2477165740776648,-1.1106925913634258,-1.1151770601359008,-1.2795079188612393,-0.2441369782337005,-1.0905687961736172,-0.8450068660278637,-1.0654085746935147,-1.474974449110002,-1.045885814201861,GSM505416,Non_response
-0.17974154584892413,0.5622865726737925,0.2085282294878154,0.8766064423806958,1.2112014095734673,1.0464560900906814,-0.39668587476900025,0.9902137273041335,1.3955113040067908,0.8166527066026906,0.5209787599280525,0.4416164381362289,0.5798908005974381,-0.2554613285846413,0.7441651614906186,0.664771122702488,0.5280397090097815,GSM809218,Non_response
-0.3451664506505464,-1.1033943667512733,-0.803335319488192,-1.114138345445718,-1.1779002125021636,-0.8669582045476596,-1.0560506511896148,-1.2081351576644932,-0.0989725617431079,-0.6465519531267832,-0.6153598530755747,0.34974929951437117,-1.0109709385714065,-0.28470642027984455,-0.6193711805079151,-1.0345755213421093,-0.8456395570050437,GSM549262,Non_response
0.639520232066784,1.7933133623411825,0.9993419082026885,1.3095980874081972,1.334826514815405,0.42008684603839197,0.7380794494961385,0.9238157845882615,1.3992581927190728,1.0969893929050605,1.707739877624639,0.22923419074087678,1.4439052986841232,-0.001365609817573482,0.951059211165608,1.4754273606047517,1.057116835015226,GSM2811157,Non_response
0.6672632224424474,0.9200498704935802,0.716497197657404,1.0281227211088404,0.9499159352593954,0.6346822290154689,1.0329432344036547,0.5481085890199365,0.6668484752065335,0.8779562804204413,1.2155358786389512,0.6375236490396888,0.923850251857233,0.6294114346353293,1.403701716818453,0.12270004497921475,0.9254560369334613,GSM710835,Non_response
0.10524112073961857,0.41826896517888607,0.3027027707273053,0.3807548076535838,1.1725435341806942,0.792955386869355,0.4159725893832616,0.8905416635590002,1.1587109644908928,0.6669167645519927,0.6495499855184572,0.5873666584289825,0.5870462556927413,-0.18466314883747056,0.4766803378962067,0.816486070562537,0.9669051372987878,GSM809184,Non_response
-0.26662576583308367,-1.1005553420576666,-0.3991488460114307,-0.7628361961402618,-1.3248790279276481,-0.687870882273117,0.061366945511749746,-1.2646613228684325,-1.2496326918327851,-1.074577994751866,-1.0684583865870534,-1.367176174950963,-1.1551293614854161,-0.171750165516018,-1.1898967397597342,-0.7624823951680239,0.42238436809042934,GSM1050621,Non_response
-0.4636851417584905,-0.9090131755995516,-0.940532698359672,-1.2739875264300753,-1.2201045114918778,-0.8207004800622864,-0.7779269316936039,-1.175435948368446,-1.0690703742831003,-0.9931500014448169,-1.0089977079752288,0.3446298446143717,-1.0595394697855613,-0.5316490822287735,-0.9279953184515312,-0.904077915711064,-1.1109499390708084,GSM508035,Response
1.7680831461896724,0.9540375265233956,1.5868053898342336,0.6818838136414197,0.8160382219960948,1.0742305281542255,1.283035297220734,1.445199345586272,1.5470534554947635,1.3982610178515404,0.8615351970143732,1.613939925592824,1.1626682614013717,1.0843152373142377,0.9123095977727425,1.1251496482101457,0.10592688777973494,GSM158194,Non_response
0.13831221725913184,0.3709747006964488,0.7424667695399657,1.193923721914492,0.8889029440978601,0.9530177050271709,1.0799911806196156,0.56599099454738,0.1990233819299044,0.7284494529995968,1.3141548346759429,-0.4695531595034134,1.1035629089498595,0.46359841310270006,-0.326962009549327,0.21615991012881605,1.2051502164454932,GSM710858,Non_response
0.32673154930779225,-1.0246206317322888,-0.20009908540445406,-0.5545568106888538,-1.147474105845807,-1.0253357857438594,-0.8796667147942886,-1.201667420989868,-1.3099414167977719,-0.9712501834706856,-0.599755685056964,-1.0572829845459315,-1.0071747975958374,-0.11655585486631394,-1.0619601024302205,-1.2083219036970028,-0.5229024947793846,GSM508174,Response
-0.9986933926408231,-1.049070763098543,-0.7135786711824634,-0.6023729680783821,-1.0928499884045135,-1.0208685942028786,-0.8091589808220644,-1.3595214684377699,-1.355632140948142,-1.204075305028603,-0.9751189160224247,-1.105424385574562,-1.18114468866224,-0.638636259164968,-1.268128886635823,-1.5370086155957634,-0.8215805196486797,GSM590882,Response
1.7153813770559068,0.418273212765675,1.3193887823715038,0.40318597146690555,0.6345267279378164,0.8091761638194301,1.2449612327450241,1.5016369719442282,1.3435244341195371,1.4761479829089479,0.49395357424849895,1.6724485978588046,1.4029816317489727,1.0447847771343586,1.090938775570804,0.8596434807168727,-0.20868467095090548,GSM139540,Non_response
-2.0337168776248884,1.0235698365188173,0.44199459447639367,0.9139708606330514,0.582983232593479,-0.056375773143308966,-0.7749650055875773,-0.022023112501105727,0.3931293754834762,-0.049975589730410185,0.7365276835470259,-1.0259657296101332,0.16924872222377838,-1.3546293562524612,1.317750394835821,0.5191291766504308,-1.3859217880667016,GSM1525216--1,Response
0.5028504427681841,0.7891836141095204,1.0301524694781625,0.09529032360107735,1.1201375670603144,1.347890221629051,1.4424584979805521,0.9029803986344602,-0.3275929347042525,1.0585953342865855,1.2480604724938498,1.753797385195084,0.9990706189570258,0.504344897714735,0.36591193456135535,0.8061170769416314,1.5078714467465504,GSM1875973,Non_response
0.6013181215883213,0.380294158885655,0.7854950734844033,1.3408500334105977,0.7896947720623447,0.4772101883790586,1.1597006514443642,0.2855837745470251,-0.6539930539589068,0.6288803379607862,0.805982565821594,0.8028956337070495,1.303081288598368,0.7694104099325975,1.2927660277543953,0.2898037617106647,0.9069017192628169,GSM710808,Response
-0.6736089531531964,-0.8416791424216107,-0.9542219128254572,-1.1470828029401936,-1.1756508810931288,-0.9221090741068084,-0.7353135286035556,-1.169055142441847,-0.9318887013640299,-0.9304960618632824,-0.9118424244415255,-0.39336870359921067,-0.9509515320879403,-0.284281778578711,-0.7148093035479721,-1.201707324168139,-0.21476854624234548,GSM505561,Non_response
0.4161801383753571,-0.3589377182260718,1.1923648161874572,0.08715079613001427,0.11326455817164734,0.6531654687176427,0.8489737892524208,-0.1406726062907667,-0.8636174435115462,-0.6413487667628482,-0.0775963821646682,-1.2959863186952936,0.4438979989084677,0.3252166297271098,0.015585099407936231,1.8982422899840048,0.10096995101600598,GSM2193363--13,Response
-0.7854904929925298,-0.8772425402898858,-1.1188355206940561,-1.2134394689725156,-1.2411279592381783,-1.0990056813179614,-1.059011023703838,-1.100383681527463,-1.299137500772504,-1.1108045813106442,-0.8902165414938819,-1.1407146458065662,-1.035068401685782,-0.804754216710004,-1.3409525013092969,-1.4909339336060248,-0.7361504717993462,GSM505386,Response
0.38205410614748897,2.0170639544982905,0.29788410981472424,0.9174119765857175,1.2219409956673695,0.9693161290300936,0.29717005747333736,1.0846986954774351,1.005227762524803,0.9227289767958613,0.8391255212102149,0.2136851568202092,0.670879358913181,-0.40116896324661505,0.8666325051776522,0.7480383553882666,1.253351798212959,GSM809270,Non_response
2.1738873513062322,1.0882544719779248,2.470532314233097,1.015095953322547,0.8260807548104951,1.4805659944261327,1.6915339575741075,1.5423186331146066,0.9264290813411431,1.4356573259826384,1.0332199826858952,1.0282462061059698,0.9852988250632821,0.99513232806525,1.548429936053632,2.013106617225973,0.9171938963814555,GSM158197,Non_response
-0.8495576913625611,-1.1361545704693736,-0.9472273320121982,-1.2985539254859153,-1.3244136392161991,-0.7132396895936756,-0.36275720840958664,-1.2594379028704765,-1.3101365197206754,-0.7631081706614234,-1.059600033790916,-1.0063503560256246,-1.2386413522738067,-0.7743036943422873,-1.0975166653337962,-0.7463581523964946,-1.0762132555563628,GSM1050638,Non_response
0.9452361606632914,1.047752702367351,0.25743978746473495,1.0007578737819567,0.6508207390149897,1.3431114616594577,0.7188073034149067,1.0408383614501147,1.004607295511958,0.7791948214568349,0.7147951674440435,0.6220803130243245,0.9570566606576368,0.33826093241756805,0.6141378864385909,0.5438713757772392,0.9036728979714459,GSM1619453,Response
-1.0951605665542645,-1.0060321114145552,-0.991497373388027,-1.3913297420858046,-1.1791690273995843,-0.9824799052952276,-1.2643164964797162,-1.2388633199281969,-1.3545301807910815,-1.263153456934328,-1.1807182641036527,-0.6961771114068942,-0.9960781328519259,-0.949780686816612,-1.091446356533032,-1.4005678309031695,-1.2937009715361318,GSM508185,Non_response
1.8436146489524727,1.8922526146492396,1.3182170018879948,0.1174056055345122,0.9652449135294776,0.9621045520319201,1.495261458983415,1.3078180942366036,1.060092855224978,1.3192945421122733,0.9521060919494766,1.8857359809861032,0.9025570472301615,0.8073660804166198,0.8759658532068471,1.221595059201887,0.7603792750431673,GSM158213,Non_response
-0.7565964278685228,-1.0443433104308686,-0.904308303384614,-1.2226666425948332,-1.3054533989458545,-1.0149099678601237,-0.06882362071954652,-1.2127425688825855,-1.3758371812902739,-0.8132097544675732,-1.2383310801300715,-0.9488196524862729,-1.1227286644397318,-0.4757766259511497,-1.2731879359590343,-1.3200191880776866,-0.8393253747552866,GSM1050609,Non_response
2.018911309243525,1.049940551729878,1.790550164962014,0.13919737484071343,0.7714170169959719,1.279734394344781,1.6696341820294809,0.9120465438062509,0.5717951582631646,1.073481646836974,0.9419300727126384,0.8350787206322181,0.918717473673985,1.2542817097139336,0.8843756022203361,1.796094814639229,1.3090766223363834,GSM139593,Response
-0.7117486586445626,-0.980153959324788,-0.8666598081503724,-0.4572296917950664,-1.2219539766487701,-0.9158602830531678,-0.9927978809763108,-1.2802474582284882,-1.2037225571427779,-0.6004294745565957,-1.2806979920378379,-1.0514578033793343,-1.1436636677691894,-0.6078481606707989,-0.034192638177000925,-1.1399236356440379,-0.9278155977248432,GSM508033,Non_response
-0.11913542782103038,1.148565526517514,0.9640334047226072,-0.7467667227691693,-0.13209553844818464,1.0216756501232127,0.04820491325244083,0.5141794841682336,0.8345950317802048,-0.1677244068272637,-0.33766827448798326,-0.877238540152498,0.6093616653785471,2.5863549653036717,-0.2389232202021492,1.0974310783009558,-0.4052161150810963,GSM2804979,Response
0.33725732977933676,-0.04650420507865753,0.1316683428487349,1.1435769251720294,1.3796450807741822,0.9785498678654353,-0.037686315889358085,0.8769144226045865,1.6713772011807317,0.7989202062666317,0.7195583821468988,0.7080097719415624,0.801173742966057,-0.3232022672182214,0.8404724351361444,0.6512800729541453,1.0303790300373237,GSM809297,Non_response
-2.0633285769252283,1.0624253698774424,0.3587597806059169,1.0641394989448214,0.6021292951255495,-0.15624018888820304,-0.7291260964743635,-0.027979063529723087,-0.1413512092573124,0.039457501560019315,0.7285931800455352,-1.1911213496504984,0.5824275101189116,-1.3216918789535537,0.7032866497242508,0.5933255415436283,-1.4516522706939197,GSM1525229--178,Non_response
0.4678681782336546,0.29473192389636454,0.05079193221617877,1.135979952434671,1.003294461883392,1.096946995673318,0.1517032467994023,0.8797683406676625,0.9262338939881484,0.9620641544176618,0.9105583425779904,1.1839865545589137,0.8139115027715391,0.7099869797391685,0.2309305463798193,0.5626888769616045,2.0558106794715907,GSM1875910,Non_response
0.6315597877966209,0.6932697675823059,2.1633637282871745,0.6657927823860756,1.2044718680050674,1.1151041951531675,1.3282157725478017,0.3241529012435805,-0.3948348067114643,0.8574951639107582,0.9715838452027714,-0.6798842595959345,0.7027470884207451,0.6010668704280067,0.3967235171500178,0.709200104891927,0.8491907590519301,GSM710823,Response
-0.9349804190485027,-1.2699580886005866,-1.310873699724252,-0.6341316488316929,-1.0743244955227325,-1.000993801782639,-1.0928964572785447,-0.549495739276794,-1.0062910237222182,-1.138908613199697,-1.6779850491384705,-1.0511694011477892,-1.0321364578479688,-0.6646762741491522,-0.8624997194107797,-0.8136766112023976,-0.6584755009869672,GSM505488,Non_response
0.9631904161310547,0.15105588322485433,-0.1425929155062562,1.2008483879590186,0.6530521115822341,1.2307621780655875,0.9233097236613834,0.9682696530877245,1.0243254891466091,1.251829431140766,0.32467926007839143,-0.08401503415216818,0.7971753443804828,0.1152439831621966,0.9465361862813492,0.7115159740722787,0.8044671027874101,GSM1619474,Non_response
0.5111556723786773,0.8472668708321685,0.1677015288317191,0.5887504100622304,1.4495797422853618,0.9231074467005589,0.09608401570429313,1.036363732028395,1.760769333248112,0.7988570765945153,0.6861482359298567,0.798590942313344,0.7664893655548827,-0.3149877991919644,0.7031267605086697,0.3815523111074152,1.0180993091583581,GSM809275,Non_response
1.7038248249100545,1.2942913547027064,1.4104975628471867,0.7286575310489136,0.7504874078329444,0.9796136136301915,1.576648697014314,1.3523678959424967,1.5637257623689687,1.236844954890582,0.9102917786505846,1.6084044199894127,1.0468285719970791,1.2244027098790737,0.9199191683919731,0.8807280647645834,0.44002468443855836,GSM139567,Non_response
0.5687127170056963,-0.6652378365317507,0.9050214539786186,0.3719411821396703,0.6818348493493726,0.2744011796090111,0.9853896730442402,0.5692898416080714,-0.18646242544030578,-0.25276269757509096,-0.15510335169100192,-0.5655473471557376,0.916145517864654,0.49065940392111096,0.7890801498568991,1.7939425338010293,0.4470370827936927,GSM2193354--3,Response
-0.086719447792377,-1.2087816877779993,-0.6216429518906528,-0.8358157641311647,-1.2851256568464817,-1.034344963687869,-0.17861503915674648,-1.2899401462279918,-1.0471251332987581,-1.3468656013073466,-1.1014370899158756,-1.179324741693426,-1.251665889309027,-0.5542801356352709,-1.08337874972717,-1.093873679913794,-0.2676465697016578,GSM1050639,Response
-0.889696234637763,-1.0734221793772465,-0.5380422014345024,-0.433368948057736,-1.2888346973647948,-0.920202530266036,-0.42455421490760387,-1.3861854586667244,-1.3412075791318518,-1.1491261576516065,-0.7932590760298284,-0.996919499118203,-1.184311342174486,-0.4548748141488895,-1.0938260957520534,-1.1194346547081968,-0.8580044567311501,GSM590885,Response
0.30977104307859277,0.48592626828271274,0.3465868654518061,0.590918642444286,0.7066813800474936,0.8601288918065594,0.7868866930181782,0.2384703268582075,0.05654027379276425,0.6455461567065257,1.2550447004252607,1.2727150105200413,0.9889805338529538,0.2929763986808893,-0.28769126890177776,0.02795213421173971,0.5624019844477425,GSM710815,Response
-1.1741319319717547,-1.0409658869881548,-1.0524207794663605,-0.8019932228751694,-0.9501418530934926,-0.9350029419578056,-1.0509988329926885,-1.2279672804526154,-0.7374704827497972,-0.5652079970373354,-0.845337637371347,-1.672346372185628,-0.9617251419147743,-0.6062655256320422,-1.1699646800708616,-1.1455018253513531,-1.310186233659899,GSM549272,Non_response
0.08493239093467841,0.7035145683252223,0.5269229344122942,0.20430349993224975,-0.03931376422304748,0.7018954579138748,-0.09268335209082361,0.7865302164825537,1.5213336971044904,-0.12532269448396405,1.1450841268761136,1.3451432165042454,0.84010597786188,1.8226877239934545,0.44854124816882557,1.0060741736881371,0.776636629561571,GSM2804895,Non_response
0.8994983650490096,0.16283330280426164,0.6571399648766039,1.0542287751431803,0.5291024595571272,1.0290988806156947,1.1330555389513937,0.7562155149227523,0.4692717895764247,0.8955921676623659,0.8485595731532466,1.2484853933805933,1.2210261602240862,0.7720742534471139,1.868888399133499,0.33718372746602054,2.132571417331076,GSM710836,Non_response
0.09009612004939785,0.8246359625538927,0.5608315112893442,-0.2693645825129123,0.34796161441277185,0.8209903381541372,-0.03818021161276016,0.541202597586661,1.626239243024332,-0.3193733829606909,1.1345669315864524,1.4574973068201356,0.5363458870322589,1.8938784783289662,0.06338648379593247,1.0558835102109514,0.9448958707245922,GSM2805014,Response
-1.888157247084382,0.8683028211513263,0.873336368898605,0.8014932307890551,0.8716861388149235,0.579847673140968,-0.7021663476214773,0.4054733222018291,0.7555801916281993,0.4263487061321582,0.9631467273679869,-0.9669684881703399,0.351418649827441,-1.2896599020959,0.41524584977092077,0.4607626694882506,-1.3910110410610295,GSM1525225--108,Response
0.7271401786968293,0.9188231788951263,0.9262333169633251,1.1142857722789463,1.0834707257807947,0.9200184977644144,1.3567844313247357,0.9144094624653092,0.30934934022956256,0.923108420470453,0.9996379102769466,0.3933719600444482,0.9118657366169852,0.48426955961209833,0.16569619670273958,0.5065320773812882,2.0460282313039864,GSM1875959,Non_response
-1.0491793273707386,-0.8776599870309614,-0.9417969813970124,-0.4504685073685391,-1.3141979921784959,-0.9414264107621091,-0.26448328343921496,-1.250431096670556,-1.4148020370589829,-0.8883380092640328,-1.0460195934283767,-1.2309587766469037,-1.1353776577278296,-0.37999326905748737,-1.372810415846639,-1.1401990397700017,-1.0736291917520682,GSM1050600,Response
-0.2074377856806674,-1.1407353279688208,-0.6699600739015089,-0.17695310071943418,-1.1203460971423504,-0.9632122483527746,-0.03786986819338816,-1.3346685739460875,-0.4941408591931739,-0.8942015947621021,-0.38200769670237167,-0.6526068597699246,-1.0666307365916108,-0.056782173687880425,-0.985890052745068,-1.14401380703117,-0.37166850639036025,GSM549244,Non_response
-1.0748625402377618,-0.758941845151396,-1.5389581824193312,0.55593515811222,0.07940503419518294,-1.0494903625511107,-1.2873074508505247,0.14928710650572954,0.16028802827057417,-0.7686240187139943,-0.8992983806855142,-1.1224557661826735,-0.6889465337644313,-1.886138116488983,-1.086231531432494,-0.4678438027897386,-0.5214359171025985,GSM1233113,Non_response
-1.7623579881861249,-0.6334258392343265,-1.3131303745643275,0.22199515061508257,-0.09452934269300159,-1.740147601033213,-1.167653665641212,-0.3704258986693884,-0.4804400047119376,-0.7065145485006213,-0.797982492743917,-0.9721574728315011,-1.4238724191471608,-2.1664034066363733,-1.2286959238150412,-0.35653282852181145,-1.1807497204207382,GSM1233078,Non_response
0.7797611832305298,0.05576301087004581,0.6337131252956854,0.8692571373670163,0.6907792834701793,1.1417698671378107,1.2954862374380018,0.6814500606966479,-0.22607231839572892,0.9079324795977362,1.223893500414994,1.480883659651204,1.03704206751043,0.7824328306086741,0.46039723930137433,-0.0362781979356188,1.7202721757344284,GSM710896,Response
0.6896012735081096,0.5299644866547629,0.8146722575175714,1.3927430342438252,0.969574775457614,0.8987036963511423,1.2447033160126622,0.9137772973811193,-0.2513900090727972,1.0680415148421878,0.9413310989385858,1.1752117385610525,1.033570687380106,0.45954786495606875,0.6721760787620369,0.7992976675937975,0.8759739596078512,GSM1519433,Non_response
-1.1803597623573234,-0.9862714099837484,-0.3542296489850232,-0.2127073059382356,-1.096920138610114,-0.8108050602432689,-0.06773442431798951,-1.128704369282804,-1.5757513335600817,-0.9568045667528535,-0.797595006603648,-0.6115076269299496,-1.0138684496293389,-0.04246123099847451,-0.8095466142343113,-0.949454174213067,0.24628420977410223,GSM505518,Non_response
-1.2876637917992027,-1.1541116307695465,-1.0382020539405583,-0.6636384029409151,-1.3345139435908753,-0.5769963439531266,-0.7653955169372573,-0.7732730901011297,-1.465121170744281,-0.3085914746419992,-1.3168161269767902,-1.7226288475645892,-1.06693546858957,-0.5641146748671975,-0.2868889413835501,-0.7215661101688031,-1.0299482521196506,GSM508053,Non_response
0.2674784607585634,-0.8938733754637341,-1.435780896702149,-0.7480057032930882,-0.21246582838574657,-1.208180721611047,-0.8579455291193414,0.5950766981566818,0.6009719557419877,-1.0165296539229596,-0.760514079367779,-0.9966213466375927,-1.2870593059922601,-1.212505496259832,0.3837280219284392,-0.7024662654445442,-0.8077273257949498,GSM1233142,Non_response
1.7152317238626509,1.9483804906985827,1.2508820713410291,0.9908346680943556,0.8047707942812995,1.0122234342335774,1.4278678622608896,1.2320676786064815,1.0316621495253775,1.2570914371124282,0.7789419020640851,1.5089316678776217,0.9160063696824112,1.222809630628329,0.6666738935766295,1.024751381239381,0.674968211863856,GSM139582,Response
-0.14249142201674486,-1.0706194924502213,-0.7239091566111672,-1.6716072801100679,-1.1628996359593,-1.0653564073103223,-0.45798310476818416,-1.3289662463792684,-1.0662756386653156,-1.149859202280103,-1.002433124381595,-0.8775365470383995,-1.0856909184505206,-0.542584583498095,-1.1238058439100613,-1.268545676723287,-0.3634672255163684,GSM505351,Response
-1.453897211816784,-0.69820562679874,-0.9565810804374073,-1.7506034367020809,-0.3634110262632182,-1.1735590588797518,-1.622834998420455,0.4777572658561015,-1.253681460677648,-0.7293084663688455,-1.3668390705664462,-1.4407104073845645,-0.6760934993483543,-2.1466333303990415,-1.2471059731290886,-0.20639208766711756,-1.4383667164152263,GSM1233137,Non_response
0.8524432778668245,1.1745251484875607,1.0735715378984014,1.2999756303008794,1.0273618660619999,1.228399844586547,1.3275439432864262,0.6722905282566544,0.6873735193870122,1.0685008404807772,1.1888978155549756,0.9064332892296899,1.28340427565562,0.6555690741780604,2.1767158905587176,0.45356626099340086,1.1655127523136468,GSM496035,Non_response
1.8938272809436538,1.221552722500343,1.7172957610537147,1.0734028885504219,0.8847422350087774,1.091807636391692,1.7568158049004607,1.1737617427612068,0.8055637811544268,1.2977069977174913,0.8546439165841785,1.396727806748202,1.2143968781849552,1.322949816063015,1.460492828248703,1.2217225218615722,0.7053389017665047,GSM158265,Non_response
-1.8424744329917457,1.0461596927695684,0.5897535985414345,1.2257856263782974,0.9095135894277188,0.6938987699885861,-0.9092582828919107,0.33076065690363726,0.6830744187902659,0.26387749131362387,0.9325442162853361,-1.185602255556046,0.6887754761223285,-1.3541930557080772,0.8961142662349513,0.6121002635214429,-1.3198000568904908,GSM1525219--43,Non_response
1.0289586938199138,4.038131351833955,0.4802644891604274,1.0226948799038977,1.5819953618755729,-0.14263902494687333,0.3981063560941308,1.3685454790001121,1.4359811359267678,0.8640147475460197,2.2752507498164456,1.4023628648459112,1.2103650146600133,0.0878815173215912,1.0124071341462648,0.6303972470833578,1.9057546982068871,GSM7040783--RNA28,Response
-2.214063047303405,0.8390781311091975,0.4176820904395951,0.5362148107099776,0.5094509064592218,0.20954380809914308,-0.7215255531438386,0.012205270804565257,0.03540135906646429,-0.008128454081405685,1.2245792894184797,-0.9755566578899071,0.35815199999019304,-1.32070144869005,-0.21938155012094834,0.7449500102700152,-1.3728625205229612,GSM1525249--174,Response
-0.5603507425036827,-1.047999139897846,-0.6294153463134161,-0.7716343646874001,-1.0440630044888615,-1.092843181677391,-0.8787947954617603,-1.2254204051244857,-1.251024139816771,-0.978802932871986,-1.006279467817206,-0.7936794064647336,-1.0343804841652138,-0.4357406419143093,-1.087899449752508,-1.3168253172686766,-0.5509762340562294,GSM505527,Non_response
-0.8310010871650755,-1.055551274240259,-1.0047373152643997,-1.67777879960673,-1.1300263462886295,-0.9793994169480102,-1.368034391339454,-1.2257003948323972,-1.1330822133550262,-1.2223620964186708,-1.158067666879577,-0.5845568794600885,-0.9915204879176129,-0.45619175317107274,-0.9682878650652342,-1.3232093026331608,-1.214941148206148,GSM508140,Non_response
-0.8862759181114294,-1.0890803460226843,-0.8505210788247046,-1.5336299462967466,-1.2224634664309888,-0.9985929951601494,-0.10410554417345559,-0.9631134771329222,-1.516741572701021,-0.8088800459508824,-1.3143159263025652,-0.652242598012711,-1.161087087149128,-0.8875416749890348,-1.2669749298135706,-0.9614696916478698,-1.1077440232260254,GSM505353,Non_response
0.6355007329321325,0.6056749092579959,0.0853999150470665,1.3076571082555801,0.7830092305833926,1.267721443696308,0.6607220831524532,0.8669417093602341,0.883572017549228,1.1184614833712478,0.7953504939513967,0.12865359244511995,0.6278128051667005,-0.13159704554515841,0.8214059422004946,0.8994385694093853,0.2765130658802282,GSM1619468,Non_response
0.8868691592615353,-0.1446664574652621,0.28711706278809734,1.0628602663016289,0.6964464031709082,1.1791580785823779,0.8809632883114634,0.9368298720983024,1.0824775708434007,1.0748750397591778,0.5625697323296572,0.3700859822086391,0.9019670758837834,0.43718916216791787,0.9240611303702432,0.7288592556249702,1.161745510577381,GSM1619462,Non_response
1.9763432898285858,0.7022744540398326,1.5530398978628932,0.21373839423540997,0.715770025985462,1.2388081032148512,1.5954081431836769,1.216785564364271,0.6388726700883036,1.119897081613068,0.8046714419154382,0.8803181979692598,1.0983071005938227,1.1354901914029476,0.6155694805746132,1.6051613216179665,0.06475325432917474,GSM139609,Response
1.601234789577878,0.3322665331171109,1.3557663829296576,0.7847476956720181,0.9583025851591408,1.0257989379389356,1.284976243516064,1.5502692107844727,1.2954939820793645,1.638128647331051,0.5798476034575032,1.4328563136112964,1.1776249728894774,1.3765904665662945,0.7581796983393297,1.1730102001277563,-0.35813527636295917,GSM139565,Non_response
0.19621108545516436,0.326078971643964,0.4295822348442645,0.8483593888174232,1.3633064612726835,0.8110476840100052,-0.17768517010276774,1.086983378890074,1.4907950439426148,0.8014482623528633,0.6278156630115656,0.8326932671894391,0.7179953594397358,-0.35733083024579215,0.7109526106875257,0.6800095672214921,0.828551782938874,GSM809259,Non_response
-1.2851702859761334,-0.7637771919020169,-1.257332760754464,-0.6756146462699015,-0.8184182533438988,-1.6339403461153499,-1.6547580527036847,-0.297466432874546,0.23187557563039854,-1.5953408909146396,-0.889914979522363,-1.9429611868799996,-1.500044583835598,-1.77915922792827,-1.096212309134997,-0.33496801970161016,0.20382082545375177,GSM1233093,Response
-1.5966301128164484,-0.6085173132626207,-0.8059052486037401,-0.30428840693756637,-0.553473032526627,-1.6769873074961983,-1.4568786666460822,-0.12412124254799815,-0.07917120148633902,-0.9560430959101393,-1.1404431072289765,-0.7299852246398542,-1.3783355289502126,-1.9533990809426534,-0.9021433140549849,-0.45915132647898926,-1.3651593431830953,GSM1233133,Non_response
