RSU1,IKZF3,CHEK1,EHF,CCNK,MANEA,MAD2L1,AZI2,PLXDC2,DCTN4,EML4,CCND2,EEA1,HS2ST1,SLC26A2,LYRM2,IFRD1,Sample_id,Response
9.669390328,5.986963396,6.852984427,9.993467546,9.145763271,7.29433149,9.007193611,8.031287544,8.545333697,10.01474337,9.509814707,10.68319936,9.725240359,9.00764771,8.8854379,7.682729728,8.971134965,GSM710833,Non_response
4.2591750086697,4.13747001826786,3.45379572015885,9.026828690201,6.45588244162868,1.79586909810915,3.18654876852696,5.90573460226886,6.36973267136272,5.80688324443003,5.85004676141179,7.45198736100093,3.25654034930337,2.09156118596115,4.90837697243527,6.56366103623183,5.7996558006769,GSM1233118,Non_response
6.811233806,3.453387607,4.649268451,3.757320036,4.442438574,3.351303508,6.069835272,3.908130551,4.081667918,5.152343017,5.338654271,6.594495327,3.948885843,5.907530548,4.284486574,5.434322478,5.752868755,GSM505457,Non_response
11.35522,7.858737,9.962612,11.1752,9.727476,7.846528,10.64335,8.43025186168008,9.103068,10.20726,10.35985,10.91968,9.45262,10.48416,9.027682,9.751994,7.141368,GSM139539,Non_response
6.051840555,3.674148343,4.612578979,7.576103241,4.685281203,3.47140159,5.744530058,3.755324356,4.511758135,4.910448207,5.566628136,6.556686996,3.634919494,5.982528603,4.585110397,5.13509941,4.784530821,GSM590892,Non_response
11.2363338142739,7.30951747284943,9.41767588487521,11.8256610423268,9.42374074074054,8.18760908126657,10.7673872066059,8.61120659248954,8.55313192962661,10.673901898304,9.24586746779698,10.8476522329175,8.81285784351591,10.1436571350879,7.73233192467634,8.92430641846573,6.42735257467395,GSM158257,Response
12.4069805910911,7.29084290965602,9.73606928808227,11.5301515679194,9.88110469778961,7.82317796164702,11.0814443881462,9.5815855997421,9.94711558771017,10.9554684775932,9.30983073717131,11.325933329142,10.0206041976177,10.5067982546049,10.4693223164144,10.2950213029211,8.15375890154798,GSM158192,Non_response
8.537808886,3.918375455,4.47825698,5.436542492,5.339073503,3.334610189,4.732654697,4.118911789,4.73949995,5.350887531,7.04997441,7.64232739,4.031555777,5.845404361,6.110756453,4.783570681,6.491145022,GSM505566,Response
9.36360595938048,6.96578211898361,7.46938605321207,12.2019488952783,9.2366128888003,6.72905292890775,10.0796425417079,7.59025438425585,6.03250309384158,9.838884576734,9.49792031269268,10.3578505072809,10.2482241618992,9.03380643822882,9.26606653028649,8.69781780892782,8.77117703047005,GSM1519432,Non_response
10.7648003945295,8.11246731794279,8.72111108613535,9.42808126308105,9.11006291646082,7.43883152993056,10.7004881706676,9.27588673092002,9.13188662081343,11.3649623659739,8.97646016409758,11.3257832059124,9.34488117042695,9.27309634730655,9.01355740200015,9.51163640202235,6.6763644805467,GSM158221,Non_response
10.78189,6.461825,9.115805,10.29208,9.86063,6.535805,11.36894,9.352423830856,8.884219,11.54736,9.280952,10.41435,9.96295,9.710869,9.996702,8.822411,7.508864,GSM139555,Non_response
5.68292143604361,4.67870452319753,3.83799755400294,8.86077400322559,6.42366596342062,2.81558436297007,3.4583606421268,4.78447105978587,6.73310252147421,4.27416480047105,6.47905167078026,5.86301617059349,3.15608458491761,2.18848906353466,5.3052778072673,6.7547593116997,3.86017460770575,GSM1233049,Response
7.190597873,7.138751609,7.156830747,6.517142588,8.137091156,6.688936582,7.645990769,6.956739346,7.986557825,7.375188736,7.47686259,8.875050031,7.998826215,16.80887484,7.319793403,8.419717274,7.305458068,GSM2804900,Response
11.4562501524944,7.23883055594122,9.39608280579886,11.6062021858944,9.60180457891369,7.36701206276313,10.9930929709037,9.02374358287041,8.61326580101585,10.4872332897098,8.7634404132705,10.5581677081236,9.24129798713357,10.3493986351826,8.59859478641757,9.18538923810909,7.63826689573028,GSM158209,Response
6.43009665379577,3.86557686119186,4.05042162401398,7.39318278174162,5.06622226221129,3.38913881525472,4.70146940303184,3.3742721313852,3.66085019179105,5.79842528479735,6.08046730911024,7.20028551150062,3.57912133897211,5.71249687971555,5.13705171803874,5.05670675805662,5.64045299318874,GSM1050652,Non_response
6.333654007,3.572754871,3.893632152,4.376618283,5.446758038,3.337259241,3.618227135,3.940963766,4.186713779,5.440700716,5.783967485,8.236652855,3.983773853,5.145276329,4.704155056,4.08000612,5.049734466,GSM505508,Non_response
5.907092556,3.971001025,4.272112114,5.529223042,5.149744789,3.60804223,4.680614795,4.229039521,4.441001408,6.166652269,5.704548872,6.679938769,4.106941396,5.511177936,5.77074168,4.409005451,5.110204466,GSM505532,Non_response
9.70003412523078,6.27815827766792,6.91509859767172,10.460378028356,8.95246262036945,6.71772020006514,8.92472929927334,6.77762612613874,7.35900551649941,9.44761567419887,8.82228073824709,8.13005923994245,7.36395861738508,7.37956397628981,7.27617727743332,8.85597746024304,8.91414281491134,GSM4171565,Response
10.7218633054586,5.47515830142341,7.8943938608018,10.226411523623,8.24729531223744,6.74752836446313,9.92931162878971,7.18690803353567,9.20366720854263,9.19885114369337,9.05205475415599,8.06718654274239,8.34197866236391,8.34514359647024,8.91808382800171,8.62151641846711,9.35564900836859,GSM4171521,Response
6.185265642,4.183081703,3.942024259,4.829348294,5.172041548,3.469953541,3.670547628,3.660786122,4.059407302,5.674265159,5.963565572,6.91901032,4.423760822,5.372374315,4.947233681,4.591978702,4.783303857,GSM505550,Non_response
10.71047,6.807965,8.720498,10.92164,9.054943,6.887133,8.882274,8.84523438966865,9.808017,11.03752,8.840432,10.73355,9.428227,9.441724,9.029556,8.72754,6.600589,GSM139546,Non_response
9.53680472220108,7.07480053147938,7.06511652275589,11.6397059843943,9.37398006075333,8.0181807709425,9.22288285409492,7.55846335025119,7.88514375076223,9.39219976059241,9.86898914043474,9.39355311850045,8.93424018192708,9.27366465819973,7.61992995585774,7.70651646046436,8.75464051801327,GSM1875970,Non_response
8.78244322521228,5.8925981953755,5.66500106305856,10.5849341296721,8.07813582827363,6.59154846677186,6.49351821650527,7.52858930145719,8.14532937793046,10.247914215146,7.90089662429831,8.40308685736992,8.06783865720446,7.19898828933184,9.1215039386014,8.48686593045387,7.81814914361893,GSM4171503,Response
9.39814144532668,10.3597863413922,8.46537040828047,7.71473693910047,11.9227887160829,6.12986133256094,9.5342623203237,8.3682968242898,9.7983235554862,10.5174670128554,12.1817450257141,10.8452052170492,8.68022886897115,7.38366504526044,9.65515311381137,8.90314774148492,11.6299038927595,GSM2811137,Response
9.87847818928977,6.77415833877658,7.36673636327134,12.1620494053682,9.92794391467689,8.48733378439577,9.64954996076241,8.45929480189389,10.2072353659142,10.4856586885921,10.5604642813184,11.5445604530004,9.53735024137818,9.23182097933481,9.16692061789458,8.86972316686999,9.60108212647135,GSM1876006,Response
6.447982585,4.002412005,4.11823383,3.862080287,4.975550599,3.452294445,5.439901911,3.602034433,3.861663406,5.472763269,6.101841388,6.919062208,3.878827372,5.341605964,4.960138161,4.439445805,5.16718164,GSM590863,Non_response
8.367305599,8.147826458,7.908289634,6.926221319,7.067820527,7.647691578,6.876900586,7.728208256,9.168440162,6.777138606,8.558624366,7.454776151,8.416050333,14.62100374,6.998000358,9.775089978,6.702827298,GSM2804965,Response
5.35089516226611,4.38952837444609,2.89734671514949,9.4154697579525,6.73810840417745,2.69251231606917,3.29598445501221,6.03177988779516,5.93520329625851,8.06794274851512,5.8751994759665,7.31748528859144,2.75394036764617,2.33921396704628,4.99419259043434,6.57732437567082,5.20461012503054,GSM1233088,Response
9.188096863,6.700125621,6.94964209,9.439284155,9.502589303,7.36474688,8.984736769,7.169908197,8.127706858,9.944702987,10.55144272,10.31011833,9.460176292,8.644957078,8.567067453,6.768711591,8.613657482,GSM710816,Response
7.232564713,4.157697958,4.355022516,5.440035443,5.103259017,3.487215898,4.471488902,3.686311862,4.334340502,5.350037705,5.818431348,8.348418812,3.903784483,5.631682663,5.191974877,5.108790185,5.822298589,GSM508146,Non_response
6.489374682,3.759613089,3.844098039,6.331125218,5.090057707,3.536893911,4.392951706,3.825150853,4.084693044,5.573667998,5.706447687,7.275149348,3.870099289,4.418658049,3.417708066,5.622058281,5.266958869,GSM505487,Non_response
9.88519238053439,6.55913988032806,7.20313674987724,10.8813935153989,9.59750984543706,7.04272493382331,10.4943518977082,8.1985392036875,8.38686043928191,10.2226662147548,9.83867633012761,11.0755788790722,10.5574356895297,9.02379242348168,9.25996135830145,8.02065160390099,9.45632414925283,GSM1875963,Response
6.389685222,3.681782277,4.088910604,5.63334641,5.125856182,3.469793854,4.626067998,3.818507548,5.111269716,5.411472538,5.955586117,7.509605953,3.914305803,6.167603025,5.039678078,4.799421704,6.810687428,GSM505372,Non_response
11.468394099257,8.4584679495631,9.64009397162491,10.3124936282875,9.61343217797268,7.46560683718958,10.5251791282325,8.79822225231689,9.05487219777632,10.3505797063938,9.86384736773982,11.096514195838,8.9245322312986,9.76503456720229,8.45963437257461,9.74970869239966,7.20350917020132,GSM158222,Response
12.0446972654125,7.84719246039042,9.13864532603368,12.2227026532357,9.09329371255726,7.2269745770683,10.8555212394723,8.30761800695839,10.0802449024366,10.6972626913445,10.2589504332154,11.0548906457097,8.79136632138375,10.0149089961495,8.82874327129185,9.01091871983498,8.19275385566299,GSM158214,Non_response
10.9740658156846,7.16345938169629,8.6933457803916,10.826655467707,9.43771404061981,7.21151022199035,10.7847599730475,9.5326655815549,9.83515705640469,11.466980676861,9.35356022830043,11.031815860725,9.36243516948999,10.2413822319458,8.52037617356426,8.96129511435538,7.17770711953821,GSM158212,Non_response
7.471058728,7.17301541,7.251716123,8.643360238,7.689941761,6.827063854,7.040561076,7.543476441,8.754126954,7.297832783,9.697435281,9.762138588,8.065780986,11.02390806,8.588477002,8.261801779,8.348764464,GSM2804883,Non_response
6.949618326,4.083444261,3.983500546,4.06926067,5.111002238,3.58478982,4.125941194,4.653869599,4.40779777,5.630850944,6.166857552,8.950307156,4.08801309,6.556993944,5.956543274,5.010347673,4.906649164,GSM508106,Non_response
6.349793748,4.626408054,3.936634707,6.651421325,5.122912535,3.200479474,4.21071895,3.946076669,4.586395099,5.312791354,5.773105063,7.249267203,3.733945637,6.004121907,4.449494962,4.80097769,5.203532139,GSM505341,Response
8.060819269,7.574516021,7.462370237,6.878809992,6.878809992,7.372594137,7.492957094,7.153748446,8.561113738,7.433441322,7.856233401,6.92818101,8.246491219,13.694343,7.023046178,9.043356736,7.153748446,GSM2804967,Response
9.14800017556523,6.12983827864477,4.89889197839268,10.8970074261008,8.75461123215351,6.24622377846133,6.6604419102828,7.18505705801814,7.88197684384917,9.82763032931135,8.22311226678498,8.21564733483324,7.96817927083162,6.64547624431672,7.36978988506497,8.55708415461527,8.78727291292836,GSM4171520,Response
8.07032179948872,5.98292541140565,6.31043159663674,3.89501388452704,8.44905318607922,6.58405371155218,8.78639856438096,7.81341259934475,6.61521621328939,9.75723300455137,7.76190967970165,6.83921347052138,7.88163684375173,7.04689196289111,7.68953616251782,7.92851546678203,6.75803272732536,GSM4171577,Non_response
5.95561310908357,5.03793021929917,2.65445448866191,9.95701115304366,7.35946312024703,2.55983204162555,3.76099113307693,6.39145378223791,7.24617564319954,5.53311488856622,6.79616407907348,7.92744817692249,5.22336485173811,2.09559771968515,5.50593410409089,5.95658078801221,5.71284848215169,GSM1233089,Non_response
8.148670965,6.922294452,7.499497232,11.35234808,9.645960599,5.365523404,9.360148809,6.75291824,6.055211815,9.811878225,10.42957186,9.948424364,9.406855877,9.204783016,8.30413623,7.038433899,9.499421264,GSM710828,Non_response
6.090944311,4.025770664,3.871689947,5.217597804,5.26903579,3.409648208,3.7033267,3.843754521,3.894646072,5.144525865,5.971051144,6.890361607,3.780717407,5.564856347,5.328943538,4.630071428,5.1136916,GSM505595,Non_response
11.4277934513333,6.68896141645092,9.04214463322676,11.2482132470218,8.80472837095656,7.20246228578395,10.7999646780131,8.61051075874797,8.38474389677429,10.8029708985173,10.6800015192304,9.67848198800188,8.51749947823093,11.0083735390054,12.1002527021177,9.80293874589263,7.48656816784896,GSM158228,Response
9.33676803941229,6.00976489565251,8.01862474905995,10.3115384413216,10.4788974689457,8.30549860503026,8.92496557898701,8.8121111508981,9.18881441687307,9.22878145907554,9.18467166713088,8.93843129833271,7.96638816589138,6.23263223401976,7.24687623261661,8.49180362103797,8.44040708545059,GSM809229,Response
6.450504552,3.542388422,3.984275385,3.817647426,5.018373726,3.342351534,4.401744216,3.664602985,4.439522057,4.952135801,5.645428774,7.444457813,3.592381968,4.965667869,5.536877313,4.423482805,5.381989212,GSM590841,Non_response
11.12082,8.475303,8.947997,10.70183,9.241963,7.446454,10.74354,8.99326774026523,8.528207,10.69831,9.971751,11.41024,9.303575,9.971985,8.511391,9.133953,6.521811,GSM139605,Non_response
7.978339224,7.081595723,7.239038614,8.639352013,8.197562579,7.021303846,7.434521548,7.031542943,8.888520615,7.466299493,9.862214573,10.65340341,7.550503127,13.88433988,8.158731553,8.470005882,8.40200419,GSM2804912,Response
9.4209309708535,7.35498844144425,6.81929453210212,11.9654941177422,9.48807044222847,7.32878208359378,9.64699374407137,7.41909292268706,8.04384679764578,9.76927991183813,10.0066356814155,10.9817810794118,9.70769317818357,8.77773630663247,11.421976733526,7.72033486516792,9.35384544360081,GSM1875939,Non_response
6.708266381,4.166523132,4.813098556,6.804422544,4.992426683,3.550892681,5.347929652,4.025843794,3.661067407,5.718517653,6.080077558,6.516299776,4.334047642,6.539136203,4.907592862,5.235754826,5.290002718,GSM508148,Non_response
9.90943381625633,7.57189364197417,6.19552857956326,11.9547205466809,8.87621010670313,8.02167287972342,8.68948209700732,8.46160368283244,10.15772694256,10.0974637180693,9.56788227963712,9.68465576858471,9.17318039113712,8.75761209071594,10.3475632283656,8.36255702090106,8.69107589440053,GSM1619434,Non_response
8.7240123721184,6.47595909437367,5.90792653286153,9.60134471206253,9.05402862500777,6.45053545709041,10.1358085118159,7.40764518814159,7.68185833569669,9.97595880532857,8.95701335760052,8.5419191958108,8.68781128633853,8.26829465192452,8.44081299002708,8.12976146918647,10.3362824711715,GSM1619425,Response
6.557504179,3.81215654,4.143688831,5.089109304,4.848565174,3.48742562,3.902642437,3.873529511,3.952975613,5.258359824,5.823720065,7.710960679,3.880665508,5.124779119,5.084775123,4.688321939,5.081720444,GSM508064,Non_response
7.624729483,3.923975289,4.333540463,7.728736161,5.405501445,3.300941706,4.617787346,3.763261175,6.416564221,5.574068474,6.449574221,6.634915391,4.11633209,5.984037522,6.563652425,5.191400242,6.159220901,GSM549291,Non_response
6.965333238,3.285887109,3.837560616,6.468075578,5.086883276,3.225186444,3.444029576,4.016866197,5.517885445,5.947365942,5.624300741,7.628368835,3.732576534,6.022582941,4.93430191,5.657076343,6.206103551,GSM505458,Non_response
8.365349506,3.115096488,4.183567805,4.828875974,4.96957043,3.320026095,4.378127574,3.738214775,5.073505824,4.474466568,6.162812586,7.343687577,3.65438464,5.550144584,6.933319908,5.620878358,6.827669383,GSM505467,Response
7.804338961,3.631262376,4.572780991,6.306557774,5.359187615,3.49109891,4.828913632,3.744391497,5.955648287,6.187929621,6.686541951,8.209850917,3.955988217,6.519957577,5.848317214,5.523863354,5.434682396,GSM549258,Response
9.30893323370443,6.95848626632082,8.0544819875819,12.7590721726138,9.65398093690744,7.71380363879178,9.43857553621619,8.22328326461416,8.44140094853411,9.61567242847608,10.2287895235027,9.2149533292801,10.1093161983826,9.47425421936367,9.51217253807883,8.75886092865371,10.2220387498491,GSM1519421,Non_response
9.772222132,6.490535465,7.575264751,10.57337438,9.414762922,6.853848233,10.14641162,6.763992014,6.865620809,9.480855945,9.667719787,8.714449635,9.394917691,8.987220528,11.75667372,7.858711474,9.452405443,GSM710867,Non_response
9.19000903819074,7.1607746969001,6.31254059229577,10.3266326047572,9.04005971679486,7.8302802904013,9.20584964362235,7.7285493259165,8.80313666451413,10.1813440782823,9.3141921054526,9.09369567001739,9.02378184284589,8.39721965827216,8.51684583783352,9.02512649750895,9.71008954729021,GSM1619391,Non_response
9.121976446,5.488585735,6.680411332,11.90864054,8.979064569,6.884245097,9.093746855,7.806355692,6.416560443,10.12340566,10.26511112,11.22738979,9.353641721,8.340179518,8.769948712,7.81029137,9.037868358,GSM710824,Response
7.584418573,3.462112675,4.15639962,3.887762444,4.758761911,3.701221484,4.5564094,4.241627079,3.780309316,5.937656881,5.819579706,6.109288577,3.812208832,5.908688217,4.792903082,7.401959396,6.47399126,GSM508121,Non_response
10.0439349184785,12.7651905517729,6.96823879678943,11.3640786268313,10.7493100136488,5.1557342945431,8.0374623247879,9.21986775607843,10.1621803393215,9.82569476985701,12.4253216268524,11.2584609452949,9.75827902304902,7.46370934426881,9.67928085541373,8.27326765489258,10.4714994170994,GSM2811148,Non_response
6.729391975,4.07015511,4.106553352,6.132804004,5.382798309,3.606205488,4.591448292,3.811915532,4.106553244,5.812164809,6.15028539,8.413686309,3.98356545,5.615473511,5.280298246,4.956100076,4.821522585,GSM505582,Non_response
6.691385645,7.369824887,7.786920057,6.988925875,7.09734182,7.482100326,7.204448093,7.724951354,8.756135069,7.399107673,7.928312179,7.565510578,8.585063438,4.435922571,6.918203311,9.100361296,6.615820762,GSM2804872,Non_response
8.25540759482594,8.15639392168848,7.04252936875103,10.7477323096497,8.90085792709779,5.55443271452295,6.18350975627679,6.30339253724293,8.04740249212789,8.34726290730944,10.0953832336574,10.2460751169283,8.44925476706519,6.70929711335527,12.4655665715637,8.01865102655532,8.50660098500215,GSM1875903,Non_response
7.04054779879927,4.27649527100607,3.72046856780592,9.19866753223081,7.6251998611714,2.14355278183388,4.49900412618866,7.29235131119049,5.82892447764358,4.88661783344237,5.81689467507142,6.96720484068015,4.15694382987843,2.78348822184459,4.18863644005228,5.81753710316188,5.4402585754046,GSM1233015,Response
6.465503152,3.819857751,4.032752991,4.095243411,5.359058031,3.357025298,4.271037742,3.827371834,3.738929114,5.568638728,5.339628297,6.651063827,4.046994606,4.522141274,5.262695984,4.666227881,4.762213998,GSM508107,Non_response
6.67034984179014,4.05577727848796,3.80621701038299,5.17976906513355,4.94881724256266,3.36850317573197,4.35352362421932,3.45698756645041,3.9652225207907,4.8641977457422,6.34208657266679,8.94638371171171,3.66466146194403,5.27000297480801,4.76370197110353,4.57991102218443,5.47425540417967,GSM1050648,Response
10.0663898849102,6.51982958474795,8.43205782450137,12.3387953161166,9.22314715449557,7.75478467396055,10.7846909075664,7.61786582029457,7.69603413967293,10.7117349814061,10.5542330957202,10.6727946347999,9.77946482667056,9.44317685177986,11.4264771738412,8.87590344862484,9.49756509607801,GSM1876003,Non_response
6.268558845,4.476400648,4.372571847,5.621793935,5.191642596,3.511501911,4.561817591,3.797513344,3.962745005,5.292332568,6.903205176,9.160320146,3.91830539,6.23367018,6.107835332,5.340890853,5.324520968,GSM505563,Non_response
7.595907311,3.450630922,4.379031454,6.733598564,4.636355145,3.821920693,6.059703751,4.174526391,5.403039902,6.369719057,6.198280339,9.134425767,3.934268994,5.937514571,5.413383592,5.443084173,5.675761565,GSM505482,Non_response
6.809905516,3.831734637,4.306288395,6.309561695,5.247494344,3.275742767,4.25057176,4.008776839,4.6292314,4.727282495,6.074410094,6.924063815,4.205100135,5.666201533,4.726617471,4.778135007,5.7242769,GSM505410,Non_response
9.31074314554587,6.91633171296673,7.72272833949842,11.523122767408,9.68389258500242,6.64286306545525,10.6493933213181,7.5750873589076,5.948434603635,9.24245176693057,9.34998694341211,10.0765538308065,9.49240190247492,8.49164826274554,10.3849570685078,8.48111217993504,8.67872332791811,GSM1519434,Non_response
8.246247926,7.868799457,7.501833013,7.138134783,7.671467005,7.560184639,7.117072505,7.720385753,8.695107071,8.105587477,8.329462458,7.761238089,8.424348412,15.23922717,6.96072133,9.70922441,6.539915983,GSM2805003,Response
5.73824097529834,4.56477937014816,3.01879433708826,10.1922967906493,6.23306690522228,2.26551090843856,2.91833980588674,5.7475912294649,7.13938757005164,6.05055233790069,6.54561513363073,7.35893399055989,3.83182355874932,2.61242690059366,5.75029319270742,6.40193474044848,4.7971134518059,GSM1233064,Response
9.46797311656406,6.93416855830793,7.09397079865866,12.2420087028669,9.64648122930057,7.71371790652203,9.74110079626195,7.61219994365041,7.15061396332809,9.70335802295628,10.1504419544843,11.3601464964645,9.38365083413437,8.50725847279286,11.5535212045198,8.19200454483637,9.66946410964265,GSM1875938,Non_response
5.91538447646901,3.98635212535141,4.32274285002951,4.89302568230309,5.45095374418686,3.38602619558251,5.33097846587141,3.74459329000606,4.06445969685412,5.13768117425478,6.21231131142298,7.20355742966185,3.73106511261633,5.99847169973987,4.60696276222872,4.31079070302672,4.94588140545919,GSM1050582,Response
6.763410708,3.903305925,4.091406847,6.070777857,5.11575162,3.357597656,5.53665485,3.805347808,3.965962825,5.111262507,6.246609772,6.8555973,3.932824706,4.874938867,4.403081968,4.760064755,6.423541781,GSM505387,Response
8.219863587,7.09460369,7.332502582,8.744418095,8.242138463,6.945055396,7.514054815,7.3165961,9.082219037,7.556210855,10.49542006,10.79770668,7.696082727,11.5063535,9.071335289,8.810570644,9.499465819,GSM2805017,Response
9.20547019360768,6.19971038300246,6.2002572053052,11.8695090282272,8.91873766404405,7.91786767127458,7.60611896514549,8.60508138583133,9.37039386749831,10.7240918829349,8.85997508209208,9.76663753082593,9.26244522633199,8.42971146067972,9.59189792437359,8.38777746621728,9.76196015225209,GSM1619467,Response
10.9742801000094,7.14350935958311,9.1869058320486,7.58724378662176,9.65225779528266,7.10401770096361,11.2580515605916,8.27273158147617,8.96983022269876,11.0831077419564,9.23869484961364,10.4351909251169,9.53143948472043,9.65085726663468,8.70540931937312,8.13573022068543,7.72953577652415,GSM158240,Non_response
8.96902959776246,6.03096092478411,5.60809595611292,10.4793188919346,8.30839647649507,7.17785810661316,6.84919205607625,8.07631446323418,9.24632769917759,9.95436610466078,8.05325129914121,9.03470635003759,8.45906296608671,7.39853908591063,8.29993506791501,8.24778218145402,8.38415175144986,GSM4171528,Response
11.1955836680972,7.03111187345638,8.43725371508349,11.5965338834827,9.37713790203948,6.97978344237761,9.86260266244741,9.39653241032241,9.59202235575882,11.2771807130778,9.56469722253953,10.9379733375102,9.27557146174981,10.2615787518122,9.02812153307022,9.42190429722957,7.91610025122116,GSM158195,Non_response
11.3264972604064,7.56416432388772,8.46075538033756,11.5025617700047,9.21429039976332,6.95154870807066,10.0416023694397,9.45077040120361,9.39090668199811,11.0323861330712,9.47778900415663,10.9336491306935,9.7344170156956,9.75363475953931,8.28864539860724,8.65248278065394,6.91134787840444,GSM158198,Non_response
7.025762687,3.75931521,4.380626895,6.597392829,5.068476072,3.459472867,5.487510387,3.757216079,3.644346073,5.516860117,6.453516085,7.030783914,3.866695884,6.454441582,4.732246063,5.349054233,5.849426613,GSM505526,Non_response
8.793302371,7.794294225,7.489680828,7.343164692,6.96596098,6.900643886,6.989312042,7.23612986,9.163243476,7.257565696,7.011609165,8.283137619,8.225465526,14.67165322,7.257565696,9.663144233,6.497808747,GSM2804984,Response
8.5413707409822,5.95851860380012,4.98807250301271,9.66857777483511,8.09753855250507,5.97821661012165,9.0367822060007,7.39688226022045,7.85510762953407,9.85818306830615,8.41523298530521,8.16458610017506,8.21927801920235,6.73567012977832,8.0060113149264,8.04949151429216,7.92994243402158,GSM4171526,Response
8.5898739906169,5.29286609342358,6.83744817247665,9.14684767874639,10.5714271240295,6.29714789585289,7.92878858495359,8.10492424021382,10.0201739622343,9.68731157333597,9.25690899107075,10.0571178555968,8.91057750742853,6.36804650179264,8.7094596011671,8.42702331416609,8.95980893839802,GSM809194,Response
9.68597548546492,6.78843179691041,7.32848718801156,12.0069506146117,9.76484964524209,8.17078413510948,9.46246222522571,7.70984925945002,8.03885278189219,10.3328496832071,10.5825945984832,11.0017379572654,9.6276947663472,9.40453357952867,8.44504973838115,7.85174201005258,9.49419543823273,GSM1875944,Non_response
9.55715667277257,7.1546347546794,7.89949733368789,12.2302723077134,10.0103337811751,7.93707642518676,9.79519157810981,7.82503286992438,7.92792947427946,10.3437959620105,10.6873078697501,10.8193520524523,8.8337087609245,8.8915191630605,8.12580633336739,8.27687660235913,8.67100455787408,GSM1875945,Response
10.7648031962431,7.15639806476068,8.67775390677912,11.3449306111154,9.12140523614764,7.35485360779003,9.99028212867908,8.98170626740065,8.97922295111504,11.2147857003718,9.04745514874128,10.753764744171,9.12303005721811,10.3225089395946,9.51425358939068,9.5667094244679,6.9981185007659,GSM158230,Response
6.30724979263379,4.40013492349347,2.91523756028035,9.39739357249231,7.28898576944553,2.48786411513015,3.90324149755039,6.4362556952304,6.8174411289696,5.89401457807657,6.56858081800357,7.78150697547578,4.68367928907081,2.45745816688961,6.23973972686345,6.35683068810236,5.9661418352626,GSM1233107,Non_response
7.0194700289608,4.23167061869349,3.89166199185184,9.06676804169224,6.64392713271736,2.45513043266042,3.51693851119575,5.40385629939441,7.03515599738997,5.66378786389032,6.56126262228291,7.00261498539626,4.08831418901636,2.76633361150557,4.30112624378408,6.45902167955793,4.59713563143233,GSM1233068,Response
4.45387668844497,7.43378250327293,6.61924854088601,11.8152801504151,9.18489062976224,5.85026508890906,5.26563452641213,7.13946318775378,7.46625313805041,7.37507752305214,9.73059847189097,6.67606767030172,8.0441132782605,3.59163595566093,12.4034252858363,8.25992977163738,4.95623367195764,GSM1525220--51,Non_response
6.475925294,3.764934969,5.02963492,6.078503355,4.995062231,3.479335844,5.615386048,3.849857199,5.065425666,5.723468001,5.783010083,6.302072245,4.083470612,6.449850827,4.978039638,5.481694909,5.26606474,GSM505346,Non_response
4.50803776216433,7.16042149496516,6.6581052695767,10.9983848420225,8.56183032315585,5.33270621538543,5.26655482517078,6.20362473317895,7.45822101959661,7.88371864864947,9.22678379613721,6.61167733831472,7.19189076005728,3.72001159481893,7.57939594934926,8.04957707867471,4.68298860170476,GSM1525221--56,Response
9.23506983346588,5.74233383449296,6.69425465621148,12.0821367835202,9.2342790848359,7.87841870162988,10.2125676738411,8.69129457378323,6.08876367701098,10.6871707039921,10.1672772247211,11.0805801174663,10.5068200032237,9.28379917383312,12.2675962797672,8.10767229194555,10.6000258953816,GSM1876011,Response
12.0152418489598,6.33808412350247,9.05159834589587,12.1087960414352,8.45815167212018,7.31538504997981,10.9689288836554,10.0912005884025,9.53075751030626,10.8286629913775,9.16490358786966,10.2087573453204,9.6811835574933,10.0118754946336,10.9013286328496,9.83730416209311,7.1443388081842,GSM158254,Non_response
8.894107188,5.868702225,7.282174436,12.16860426,9.10812787,6.937128473,9.393353401,7.089602389,6.689924047,10.4033833,10.12377656,7.081435551,8.844744498,8.178099384,10.76090259,7.945472391,10.00384606,GSM710918,Non_response
8.785533576668,5.09173735573526,7.29561348678767,6.80775352929347,10.640421528551,7.34550178849253,7.58965480526909,8.62072240882643,10.2316752288087,9.80310636757621,8.69536307121122,10.4733724931583,8.48436818821568,6.31451522982613,9.13089830594106,8.42811876888956,8.88241036742192,GSM809285,Non_response
10.89973,6.822535,8.816114,10.21764,8.985455,7.631195,10.92514,8.9739750447367,8.951322,11.17574,8.334262,10.60618,9.042737,9.41844,8.699809,9.565153,6.621079,GSM139629,Response
9.41559834400571,10.3784121743131,8.4815483418834,7.72896599159906,11.9408246284402,6.13408208358382,9.55192723803553,8.38426988717496,9.81617504526995,10.5361702114924,12.1992646092951,10.8638916960905,8.69702777328129,7.39665587098784,9.6727573098708,8.92023526906999,11.6483194053956,GSM7040772--RNA17,Response
9.30205994252262,6.84020190181568,7.8904766752515,12.2234699458725,9.43339082385428,6.38632116936506,9.46917385563213,9.56176511876667,10.1194776423374,9.85701094735211,9.90367122009367,9.26624055569205,7.88555709376205,6.91573181929661,11.6070700064399,8.80577806081565,10.1058630420373,GSM809282,Non_response
6.1904270079009,3.88471697450348,4.8236936140776,7.14906964230986,4.73563972569923,3.34316491356009,5.45925302397912,3.63177096182628,4.56527881679373,5.11502367211293,5.99860977370126,8.26888424135598,3.64723331223275,5.81275370515296,4.8473245067634,5.00823650664344,5.25082289259142,GSM1050614,Response
8.40085901000975,5.70727145440128,5.1477826007472,11.5537723694485,8.78022776231705,7.42276429840752,7.34980050350305,7.6258864896419,7.77645933272708,10.2594459810767,7.71995510447459,8.03748123723549,7.49799837731877,6.94668363272642,9.20968224726255,8.45018129463538,7.52668798143672,GSM4171556,Response
9.237763016,6.866923688,6.696598198,11.85283303,9.449729673,7.911225486,9.585583418,7.782377449,8.477898141,9.458180592,10.08894984,10.59722723,9.880549243,7.617639095,11.34297089,7.741739539,9.144396097,GSM710928,Non_response
11.5520499248988,7.61928739525016,9.1884753783711,10.3055736211002,9.1052125362427,7.14803473177967,10.5449687948126,9.10534181249759,8.90072294995493,11.2069369165418,9.52678004325896,11.2195624278707,9.6953057607415,9.83234515397148,9.68688436620631,9.5333759991167,7.95143988795391,GSM158264,Non_response
7.612889444,3.510235382,4.086833632,3.973243539,4.554487024,3.947391552,5.104313252,4.765479712,3.929291657,6.164859197,5.206933203,6.241550687,3.897173039,5.081861141,5.322050242,6.942044698,5.079539269,GSM508055,Non_response
6.219276938,3.988228602,4.189755518,5.205647421,5.278677333,3.364089481,4.794511791,3.998983635,4.529093221,5.028767722,6.383492193,7.454738342,3.8490322,5.820320132,5.096535919,5.150471074,6.199219432,GSM505535,Response
8.91970334278295,6.24307693424828,7.09563366343692,11.4087751510476,8.97559203902069,6.95593855463198,9.88636234774093,7.68042420235628,9.05139738766165,9.75015179392257,9.33483258286145,8.61738989115,8.60872098277112,8.39011076924352,8.96818802872149,8.15609187605364,10.2926962084575,GSM1619472,Response
9.68125341101225,6.83040806893437,7.38844144427645,12.5764159081425,9.6073985037148,7.36652827317201,8.94012615229452,7.88493475457812,8.41589291928255,9.71590890146759,9.94444044954778,9.74897982985168,9.46777104897891,8.54427126360715,10.1434803243396,7.98632779135002,8.65349590482366,GSM1875908,Non_response
10.98762,6.418522,8.727657,11.92644,9.394681,6.583696,9.44658,8.69656262517909,9.774851,10.70302,9.728572,10.87618,9.127357,10.09323,9.27907,9.049299,7.092634,GSM139585,Non_response
9.29996324102409,6.80067830345689,6.45554569826893,9.5690140284259,9.14762709090062,6.38950554689367,8.92468781065818,7.10022844654226,7.46626985906847,9.70402010536925,9.93378414903636,10.0593977303855,8.53683863029016,8.87782487780321,8.14598551989778,7.75877939035615,9.85122942393847,GSM1519430,Response
6.71861866079553,4.09925062670322,4.21166068132074,4.91768691745034,5.29177513283972,3.37475488015704,5.25922880287236,3.7955962898989,3.73444237757486,5.06621107203851,6.4159526091738,9.15795351242913,3.55515706497356,5.58757237640343,4.52968947743643,4.31545260557664,5.71222488640586,GSM1050610,Response
6.19591941703373,8.78805953829683,3.00933564719308,9.57595995130809,7.36845212690452,1.67737846834802,4.61346880922183,6.68517776184528,6.9921119305348,5.38077480157682,6.18468503544432,7.05480115194883,4.80897474665515,2.61851739032974,4.70986813595624,6.33097496782134,4.80386857390757,GSM1233129,Response
11.2044013314459,6.6138610658354,8.82440124021094,12.1386425497492,9.42128173858938,6.81881960351962,9.53658218673093,8.90269339831316,9.88604943326667,10.8382105839029,9.91552765417313,11.084897499,9.20661273790515,10.1941629944053,9.4617682873154,9.10891036276064,7.07615244074981,GSM158235,Non_response
11.15513,9.850118,9.089974,11.80996,8.770763,7.195353,10.83362,8.93954197288791,8.544212,10.81802,9.945928,11.04103,9.450072,10.33318,8.324818,8.824349,7.323001,GSM139610,Response
7.22414882846743,4.48086779918336,2.99495917795199,9.39967508778711,6.20330334338653,3.42626884034745,5.0783016776517,6.02343259125447,6.55829341506922,5.88458086907241,6.68376143426342,8.22040676663371,3.67995696171667,2.36656547731271,4.9188793723535,6.5483307316168,5.97744932305286,GSM1233031,Non_response
8.55219247507949,5.73691420319212,5.61632502920387,10.7884266343214,8.34212105286603,6.87601422079383,5.74139802930891,7.80800838213301,8.00513758760546,9.83111111940658,7.88223653272814,9.1275536184066,8.17794288420024,7.01795551679044,7.76056315122053,8.38414894801518,8.07281289946815,GSM4171564,Non_response
6.977375657,4.109973813,4.44479874,6.01014776,5.106595394,3.660616844,4.763365852,3.833565835,4.318308499,5.685011408,6.07834259,8.89410493,4.167556233,5.992400315,4.978590102,5.253900055,6.127135939,GSM508071,Response
9.487198733,6.434967252,7.506260147,11.83274855,9.254312003,7.13570486,9.470902305,7.670457289,8.212421469,9.696448687,9.845340806,11.09965633,9.663799243,7.893747319,11.87585646,7.748213271,9.615922072,GSM710898,Response
9.934759201,6.022410716,6.827897318,11.3875119,9.413025528,7.425775403,8.438834597,7.544357495,8.042604704,10.54498254,10.45599025,10.99087322,9.823670982,8.573878386,8.684094267,6.689821065,8.962804354,GSM710913,Non_response
6.936476801,3.997972875,4.103001638,4.388542272,5.16016015,3.407950018,5.055748667,3.929313859,4.431662432,5.081233705,6.364865149,7.665161727,3.934732075,5.486546415,5.066500646,4.313524175,5.274663499,GSM505588,Non_response
6.680043379,4.791901889,4.564038869,6.293815208,4.80606975,3.464449565,6.480846641,3.754249838,3.886193981,5.620399672,5.993112245,7.760456492,4.11548616,6.380140828,4.599663998,5.273216198,5.33422215,GSM508138,Response
6.08238306,3.882770359,4.287458535,6.832940712,5.016801901,3.363269545,5.306699877,3.750557381,4.14874463,5.577317257,5.801625776,7.380519847,3.851717989,5.557118388,4.855510771,5.434180331,5.422443437,GSM505381,Non_response
9.28261126661608,7.25825357060364,6.94891167393844,11.8252331342401,9.5066605032675,7.04537712713827,9.2528827006522,7.65479458309788,7.79556392129087,9.90783810274239,9.96176975733454,10.929197647417,9.42962270348987,8.83702214097762,11.3062493700548,7.57748547037308,9.45362647621558,GSM1875937,Non_response
9.95403340863697,6.21399476721249,6.59307389199314,10.4513095067189,9.47301467389737,6.38569722101439,7.95249742944123,7.43637311352074,6.53598727252136,9.34694059085317,9.01080493314704,10.880360272597,8.2953498095801,7.56484538450522,10.4386926203084,7.76908670158799,7.59467474345118,GSM1705401,Response
7.072232264,4.167619279,4.520562196,6.408283362,5.152777217,3.482662152,4.321761584,3.447090547,4.012224776,5.655159148,6.732610731,9.264499755,3.950817173,5.326775391,5.578331498,5.288454286,5.736519795,GSM505438,Response
9.68050426197246,6.42037623093356,7.871432709207,12.1494551976666,10.0894009573004,6.11016019590859,9.40512907977721,7.31783113764878,6.53859138248419,9.78827197296205,10.3414275982924,11.1802860245737,8.8172424428964,8.28097188977294,8.54262010579167,7.87583007027468,9.74594592050804,GSM1875902,Response
6.155693813,3.786866034,4.012936068,6.610866229,5.114199889,3.358691212,3.674710778,3.804299249,3.851718515,5.320394258,5.725514734,7.118469041,3.853534701,4.927297559,4.859732832,4.962189663,5.316536149,GSM505371,Non_response
6.900981506,3.842564676,4.220993863,4.452006211,5.070937697,3.228447739,5.852636156,3.568508246,5.93838524,4.94903371,5.993232114,7.339585288,3.626952814,6.283786223,4.191964218,5.137874123,5.955940039,GSM549246,Non_response
8.69846598797376,7.82268953611835,6.42823330848391,10.4484142720047,9.83657549733516,7.55391754624304,7.80854549961786,8.32503273450133,10.6068960083825,9.49586736258905,9.63771920530558,10.0991392081007,8.19507863551523,6.86117638216492,8.46386289386779,8.51248177933857,8.66354990480379,GSM809271,Response
7.79111670326652,3.98306794247035,4.8860349493563,7.0017669877087,4.88367205181647,3.59357874225665,6.725430739223,3.55076159906143,5.44747039659053,4.99363975877375,6.33026038046137,7.39134164121378,3.7581989068805,6.88425088968178,4.49141009687678,5.42611991873479,7.00191369221758,GSM1050633,Response
6.91273436156612,4.08208321098178,4.44646170807275,5.35764865780751,4.82821579252541,3.52630698602204,6.41833682652202,3.34736256989319,4.11859440105783,5.55949874331625,5.72666068397667,7.67836087883711,3.42368892551535,6.55526602388648,4.3769771127405,4.94598791665042,5.52342666598754,GSM1050622,Response
9.90411233576594,5.97093917030136,8.49022226240797,12.3679654029257,11.3815845760763,6.94226996105956,9.15027384451465,8.67779936953336,10.3813793332027,10.2093551152646,11.0670476214801,12.1895663622998,11.1007093400972,8.09221605995735,9.51467293749342,9.28222176198453,9.96862895125062,GSM2811160,Non_response
7.727379655,3.524553754,4.08511727,8.16903778,4.875085419,3.539841743,5.397195137,3.726146714,5.352311424,6.15651041,7.461434453,9.79350188,3.914561303,6.402560938,7.327984494,5.6592056,6.859834383,GSM505460,Non_response
10.1562167908579,7.0417214139619,6.61448353058849,10.1067668396833,9.99363423594606,7.664285107499,8.59671016765237,8.55761749709016,9.54730140111048,8.9005651060585,9.87803122354952,9.83281259683451,8.36012560901596,7.20275440803289,8.26549344581113,8.1055928481916,9.52308069904738,GSM809256,Response
12.3251243164098,7.02549085803761,8.8856221290085,11.9996999364769,9.36538792610482,7.73821816708483,11.8036036825321,9.10868827080967,10.0565579738478,10.5324621334901,9.43834435752998,10.8198363162627,9.19101409040833,10.1960603020174,10.1665495142614,9.51923477809489,8.47934673612508,GSM158274,Response
11.2876303661273,7.86028379747325,8.71661426883065,10.9791147589634,9.40044830315275,7.6161421485895,10.6227371191979,9.33911612630548,9.25650634567529,11.283199454024,10.142070713114,11.2011101663765,9.57751840367516,10.4328547711878,9.71404957708199,9.12300534888207,6.96008626471876,GSM158188,Non_response
9.743670491,7.487714855,7.736959814,12.57777891,9.922565933,7.78198848,10.24331271,8.083788706,6.322395802,10.07928828,9.944769849,8.116698567,9.934184006,8.808044239,11.22939256,8.595887724,8.959132532,GSM496028,Non_response
7.590787271,7.40338502,7.36319682,7.045510857,7.694614101,7.268601843,7.129518982,7.155062323,8.317532204,7.129518982,8.679973753,8.366081627,7.994471747,13.31820528,7.500526408,8.868010884,7.906219803,GSM2805009,Response
8.665974843,6.706222413,7.095986078,11.67873324,8.594369663,6.755258334,7.754868807,7.702843559,9.396638901,8.49684249,9.224603231,12.95455684,7.590572979,11.20714508,8.698857875,8.833295309,9.313744869,GSM2804897,Non_response
9.72450683243565,7.02131284789822,6.01848568507511,9.61202815913598,8.8197936578011,6.75650146161989,7.90011358631918,7.90905323579496,9.60303920673311,9.87766128402277,8.51721346429476,9.30233994648862,8.2369512393455,8.2119236971382,9.24166734060869,7.92422843421374,8.31939509016303,GSM1619432,Non_response
8.95970570667748,6.23377459699878,6.26873938628983,12.0535729204052,8.8687082096245,7.66938955023162,8.75887733505993,8.58211484239597,8.26765445675003,10.9310253406828,9.17666767040366,8.52248098828519,8.91511869083035,7.93406369789405,9.27846487247875,8.70180023915161,8.83426983966116,GSM1619406,Non_response
6.933985175,4.0743088,4.117862814,6.95278678,5.016130352,3.541655515,3.571186239,3.879504368,5.135507134,6.12935786,6.048287964,8.582818065,4.016725089,5.756915889,7.44951259,4.922089942,5.126358392,GSM508104,Response
8.84261382482913,8.41574211200419,6.29058260390686,9.80491158518057,9.87086643668152,7.51939829481054,8.28553796312321,7.97346058009744,9.46366417896406,9.40706258501593,10.0695917805011,10.389846213453,8.76212052241745,6.98991917312564,9.03844211335322,8.08927278111285,8.61746801142437,GSM809238,Response
9.99661656052431,5.42677992264077,6.64493785689341,10.0121142292955,9.35892530375979,7.40035289377527,9.06407474473418,7.45987042362342,8.44495795562009,9.92107736786794,9.26665822330646,8.11123478790899,8.78563840529475,8.08597897376032,10.922144637607,9.03238419689243,10.0709718112789,GSM1619441,Response
9.14742747935617,4.97996607008368,8.13533374441034,8.50276143826034,8.99281781612003,6.25244123739552,8.80272702089806,6.20948929926081,6.51013500221719,6.76312469331688,7.82269299732188,6.15459008979471,7.73266672050584,7.96174758541007,5.24630810972673,10.7213234999051,7.81982283712963,GSM2193355--4,Non_response
8.74118727447943,7.47851304962852,6.04910623788754,10.5737250593312,8.22222328950924,6.9504211176656,6.58173022763089,7.696199420221,8.5240317913429,9.96710666836717,8.01104130263432,8.30780721425995,7.82665720463455,7.06420651063548,8.26034238251518,8.30390498645271,8.03166459267944,GSM4171501,Non_response
4.52442502133351,4.5000400400384,4.10987070162873,10.7714572359819,6.26751991054284,2.14512603632488,2.96524263842089,7.01969785486506,7.18168702524302,3.78730319621147,6.20701310991028,7.92126387107683,3.29795665283545,2.61439253431526,4.66057329524562,6.50672113045306,4.4656247116433,GSM1233051,Non_response
6.454814352,3.855670556,4.228812989,4.528029139,4.843139104,3.464799208,5.052534924,3.795164449,3.789228599,5.856886866,5.434297058,6.60668702,4.035326196,6.090436438,5.566426553,4.449397928,4.620948084,GSM508027,Non_response
6.86419715563443,4.48173419580584,4.409969890724,5.23091454724326,4.67674563162723,4.07887317309083,5.26921014817053,3.82800012888814,3.8653579557783,5.75756110479512,5.79918981226333,7.33907994398945,4.46085532966915,5.58000624445211,6.3400341174904,4.31827670140684,5.27562752068262,GSM1050649,Non_response
6.805363724,4.236945272,4.29029197,4.771658263,5.301670648,3.336696747,4.272195939,3.86824168,7.457257879,5.353689996,6.025056685,7.823023515,4.103949101,6.435479917,5.363869128,4.588978203,5.413038292,GSM549281,Non_response
5.75235532352599,4.82731523935073,2.99277375194319,9.18158238280271,6.1549728527627,2.36590313103669,3.18908188493163,5.58117644565039,6.20532094631831,5.41896227681188,5.65431487857456,8.1675950920925,4.68031347463263,2.52684727703281,4.80882163837153,6.57166163024372,5.40153895473601,GSM1233115,Response
10.454705451997,6.54076419969537,6.90639606163549,11.7671730558222,9.42467306768342,8.33171532723004,8.89536588984562,7.78440059920781,10.1203964677132,10.3857626800218,10.0747481842912,10.7669768036287,9.44216279713417,9.1735607808852,8.94086488287228,8.23825503341914,8.93460618962342,GSM1875993,Non_response
8.257652919,7.498093834,7.484275366,6.426672949,7.087434588,7.342417318,7.507759913,7.150943626,8.362929809,7.150943626,7.684348499,7.781028291,8.008257881,14.42371839,6.685558563,8.565845548,7.327017404,GSM2804850,Non_response
7.485531057,3.728715759,5.328229021,4.437036699,5.151813526,3.610211286,6.042044578,3.61426625,6.18419329,5.852359264,7.317593994,7.887562293,4.129814739,6.525170453,4.998899504,5.441109167,6.862990103,GSM549252,Response
6.807889939,3.931372881,3.924674506,5.739701114,4.987208701,3.503512709,4.249341863,4.030118322,3.906543011,5.487480068,5.525796296,6.972033449,3.719584401,5.791251208,5.037446302,4.64255789,5.399477222,GSM505432,Non_response
9.34654044609755,6.17379910505761,7.61740037670872,12.7371269546388,9.69610129678547,7.94724093260005,10.5213850451804,8.0416407459106,7.74854618633307,10.120556736846,10.7879955900915,12.1671791098457,10.0447534282452,9.68697775261989,10.056512696184,7.62114807941935,9.04538098400847,GSM1876012,Response
6.22715820324375,3.99814002628405,4.219501284628,7.68047051150226,5.09455149508442,3.56215245404681,5.25024626637805,3.86524364832838,3.91096173306711,4.78528680219779,6.04246876833608,7.62985312546665,4.45638132884198,6.16673956246511,5.26986765832472,4.34103152809203,5.59947605322246,GSM1050587,Non_response
11.0141265077206,6.9809821232421,9.46260243207221,10.7533546163483,9.7090836802122,7.6288428821463,10.7132890620544,8.94062925326956,8.18610867723655,10.1914139917153,8.45970244890057,11.0500743934447,8.71842865429928,9.32135047318532,8.071292777901,9.14761533896197,8.19424201213145,GSM158207,Response
8.83187854630606,5.46739375734349,6.81175700487986,9.9802135583015,10.367541118835,7.78133013889022,6.36500551267866,8.6267425920109,11.1931221132188,9.60988067875176,9.06085196410205,9.38388263326327,8.60370527222677,6.281257504945,9.06973417152579,8.41771099603015,8.23350939885013,GSM809263,Non_response
7.799387298,3.961378896,5.289995582,5.362194228,5.012735195,3.591399237,6.80608214,3.900562815,3.993624104,5.916391577,6.585016644,8.683892484,3.859470511,5.698361827,5.074143355,5.922774353,5.731729839,GSM508012,Response
7.518910996,3.945550986,4.416646585,5.232513352,5.06041765,3.639279102,5.307744516,3.805762465,5.881719381,6.041991937,6.520935077,8.247172276,3.773217771,6.659241773,5.132395185,5.44698244,5.892153048,GSM750744,Non_response
10.4086299640314,6.90083978457778,8.44335366964806,12.5266275204208,9.89110773809245,7.51441509827229,9.81063537906968,6.80879101321317,6.48309609901676,10.1451829127209,9.94878302161732,11.3712595713631,10.0975047728299,8.40547853625524,11.3646137832238,8.62116030082584,9.47073804890369,GSM1875967,Non_response
7.273685929,4.228969644,3.940998788,5.323609445,5.050550925,3.597243393,4.005779194,3.961864699,5.04370492,5.811812929,6.170623181,8.760061877,4.036181173,6.481371568,5.42476567,4.889758963,5.290723029,GSM508032,Non_response
6.04639521838387,4.39837698650061,3.106681806037,9.06443201728713,6.42895564764939,3.2805164285839,6.56804325519959,6.54276051539348,6.65702912188481,4.63666581217001,6.67244478872868,6.38724186501577,3.85299304446134,2.10200042281009,4.33350485277737,6.70091960807972,5.29903351786695,GSM1233052,Non_response
9.75277934975587,6.24344369260893,5.85338680893132,12.4799236488395,9.03096088390649,7.06994780096436,7.63508593028625,7.94941616645273,10.0328550442148,9.9139061237317,9.01543674797122,9.73835650311974,8.76498767614948,8.34598497993601,9.45912305492654,8.1262510783287,9.0920613454248,GSM1619437,Non_response
9.66338456952291,6.32873323185884,6.91105218253387,11.9659059657156,9.61652939862894,6.54419633337411,8.94257118172857,7.44567981258306,8.94611244325994,10.4574589043224,10.2658999115302,12.0289505949778,9.57030329154886,8.57280740582565,9.84622485659239,7.88502162583976,10.4982868363591,GSM1875948,Response
7.574617496,3.955648341,5.292277841,3.984108338,5.287357763,3.49109891,5.44886316,3.764464697,5.158583887,5.583782024,6.485376156,7.176212919,4.155206222,6.27311085,5.838849444,5.317592716,5.907254891,GSM549287,Non_response
7.96512231,3.7483566,4.961057076,5.698504396,4.673876211,3.590583804,7.293140384,3.863126205,6.417302723,5.610224458,6.328584993,6.99170399,3.843913227,7.583180447,6.330878117,4.678634449,6.678679761,GSM505516,Non_response
6.710439594,3.789589424,4.787107508,3.897782259,4.685073363,3.124003551,5.919843527,3.909151669,4.659032724,6.014373542,5.600278464,7.171622094,3.614984954,6.058398237,4.748792431,5.409530036,6.029881413,GSM505430,Non_response
7.913064821,7.883653536,7.752866412,6.576356598,6.910324245,7.393602273,8.119519916,7.481308693,9.283823898,8.225384355,7.101963918,7.159032149,8.086341213,13.98687389,6.562326398,10.17597767,6.562326398,GSM2804940,Non_response
9.839373995,6.258920138,7.440496719,12.14032062,8.530059314,7.449624709,10.30411631,7.676115882,6.208043619,10.03555574,11.19986318,10.23461013,10.25548635,9.12210315,10.61142993,8.105842039,8.374216171,GSM710811,Response
7.054390982,3.961878613,4.791102166,3.965669166,5.043752794,3.671441685,5.244476126,3.783960203,5.437288255,6.313280396,6.686003956,7.254325355,3.799131977,7.182515516,5.155235831,5.671016021,6.324046416,GSM549240,Response
9.169193265787,6.75349100273616,6.09664010356897,12.2151089723818,9.3361972761336,6.96981122991352,9.42160649222887,7.26827431307151,7.64247591105086,9.71272986602197,9.91648910580912,10.6017105374928,9.67172754619582,8.38213440106146,12.0155228958691,7.78620848033512,9.7454886887421,GSM1875929,Response
5.77612136,3.568515843,4.248911077,6.588803158,5.052340051,3.800655303,4.300866534,4.067281989,4.234157626,6.326309721,5.703523344,6.586981529,3.858359492,5.190566809,5.235726749,5.729523082,5.48355405,GSM505347,Non_response
6.04880364706237,4.01177685194789,3.27543171150901,9.4378044872368,7.33005225752581,2.76959554889351,2.7284970059156,6.56639591080807,7.12753163228902,5.61786888894413,6.39507198821121,7.24885481517551,4.24642115847829,1.99588977671263,4.80737575674593,6.62754631673119,5.10234146413441,GSM1233121,Non_response
5.38395271520062,4.50341388608425,3.16247468811282,8.32599862809654,6.1168536452849,3.54562901335116,3.12114679767336,5.97386812879076,5.59559712923977,4.62348623744369,6.19848820723463,8.65675169718112,3.15183461569488,2.06014026903679,5.60422332589377,6.3476567243409,4.41949955430569,GSM1233128,Non_response
8.98342190705176,7.57459890128564,6.72904190693242,11.9623808428184,8.47197392366657,7.34658636390551,8.45325525513461,8.17506136936764,8.16098591773642,10.2899238008049,9.49727633403836,9.00627470534953,8.73350877039152,7.70302466955951,9.09433547758227,8.7954904266343,8.89756195430452,GSM1619416,Non_response
10.3917622795654,7.26535166354253,7.95099049167582,11.536660126899,9.06570454591362,7.38447791887229,9.01672581322377,7.73901257813033,9.62760035050388,10.2246723157013,10.3648149467661,11.1422957039573,9.6530949768478,9.36098623540353,11.2005718879267,7.24165616869848,9.61684475922007,GSM1875942,Response
6.720466193,4.004197771,4.254404926,4.052438049,5.223520225,3.382934976,5.889270811,3.633300303,4.164882228,5.111247909,5.965791876,6.926873545,4.02963709,6.02833819,4.946138809,5.024759549,5.086896649,GSM508031,Non_response
5.788508737,3.936246936,3.996265766,7.712039261,5.298641151,3.171156314,3.662376127,3.854772313,4.050208474,5.741562112,5.903995631,6.497030816,3.86846195,5.691655664,6.353140119,4.484838892,4.871962804,GSM505530,Non_response
8.60275647577618,6.87104101922678,7.23555313418686,11.1480803690904,10.1017577525435,7.06357573031892,5.59881576186262,8.64532274664006,9.97797958164249,9.35705024613666,9.41173727766716,9.86685440486965,8.07112058553325,6.36579727390567,9.70857065612481,8.31158001039865,8.52812413162602,GSM809255,Non_response
11.7475516216473,7.9025708809431,9.01611020379689,6.17171661919856,8.64708908804235,8.22458837684843,11.5481890709709,9.32985196512686,9.27532741070959,11.2521628500633,10.0146281032167,11.7158909300391,9.16458986286584,10.3950654392509,11.4743998990658,9.2310137017737,10.2941261781596,GSM158278,Non_response
9.344732209,6.627761877,7.723253285,11.36728888,9.202474044,6.745954381,8.713783463,7.064731649,5.662618038,9.54827728,9.542844054,10.45964334,9.285256584,8.722431826,8.454031279,7.486761879,8.929153282,GSM710803,Response
9.97934444525287,7.43498925295284,6.37637369693988,11.3670682974154,9.25593676110254,6.95791497073026,8.38887561981814,7.73401004402619,8.36609159046024,9.91158520019047,9.47062181736445,8.72611592638321,9.00240939262317,8.90204106307376,8.66620463806725,7.50498232763535,8.92825588443415,GSM1619431,Non_response
8.14710277,7.247608299,7.091302256,8.042571169,7.934872422,6.930507526,7.321655979,7.080501683,8.730295338,7.102235964,9.045607108,9.911240786,7.434597167,12.43357713,7.156274196,8.079888819,8.782976602,GSM2804936,Non_response
6.161231033,4.104898417,4.249533889,5.708411752,5.067757065,3.468966146,4.193706893,3.754525259,4.224108276,4.928299772,5.708411752,7.060101112,4.007725895,4.972294312,6.044800983,4.361350955,5.557899752,GSM505419,Response
9.63200818335408,7.44777979937348,8.38851902638981,11.0648039335546,10.2523575041136,7.08563344053873,10.9300779182229,7.74932209215625,6.48043758615386,10.2835906498918,10.3683641240162,11.8184280288824,9.62198149937197,8.53696850089152,9.57009574601551,8.67650159907838,9.89874053369894,GSM1875960,Non_response
6.36435710111948,4.76860831682009,3.57417651298866,2.64159511638274,5.59404511193105,1.91830681864993,3.06561675533784,5.27748940188437,5.7432971012187,5.86373131432863,7.45516750429076,8.45230004335422,4.12628965890971,2.96984359705055,5.54095399455711,6.55357366285492,4.81450395881603,GSM1233145,Response
6.41739821421521,5.89065884259491,6.67174140950528,6.96211614264054,6.91064947904874,4.88940305267497,5.82422841695955,4.78365849375632,5.63368730681321,5.06845491449854,6.94599192015831,6.1314539097012,4.25041938267818,4.87730351958589,6.51410707039493,7.50579766764835,4.6218975829941,GSM1619458,Non_response
5.49420566790454,7.40155066560601,3.35811944289353,9.39685864155723,7.59058450106113,3.10000665006867,4.23947149822748,6.07306185185584,3.99387810642028,5.31594216955054,6.65170693902852,6.93438948221367,4.46001666331921,3.34917884365894,4.4869725284937,6.31404791927412,4.94052023369209,GSM1233037,Non_response
5.59625601988962,3.74294232854784,4.06731834005504,4.19862525798473,4.89878699542305,3.5427076110378,5.53147447627214,3.99416993404219,3.64072727421346,5.74147412667858,5.77310562043797,7.04549714503368,3.87596430338082,5.67434801972406,4.33040044057557,4.78840448013099,5.60531349461686,GSM1050579,Non_response
9.01531505276086,6.82312259903581,8.57799103665631,12.1747357171336,9.72564771986485,7.05231345658526,9.68506516300158,6.93526295894052,6.60221092992311,10.3545461388283,10.3144252006041,7.48644785001625,9.41889468672287,8.60164424107173,7.93966498960461,7.91990901057004,8.899198090836,GSM1875954,Response
7.750675714,7.050741543,7.371766785,8.713077195,7.697186689,7.085059151,6.999806916,7.283258926,9.102285813,6.950268618,9.948366245,10.62054845,7.83128263,11.46138805,9.233106796,8.739643207,8.517608921,GSM2804969,Response
6.47634135125984,4.22506976015799,4.55606280234386,5.70076739462398,5.05839531154762,3.43959625767268,6.19518357701525,3.52460287419741,3.8702896027764,5.10478156781416,5.75499624939289,6.82772591349821,3.69624278342064,5.96606446466063,4.58160913007038,4.86244679605502,5.82021266804025,GSM1050644,Response
6.96295755357626,3.93696525438461,4.22912533462795,6.07946721213939,5.09726591709962,3.35205160043354,4.60946771406856,3.50686061686229,4.07004239584015,5.01508891364767,6.00720894341961,7.76501475849193,3.60046455942243,5.91104700442742,4.84029331967383,3.93863890631537,5.84221869724671,GSM1050611,Response
7.930539817,3.799252231,4.678214868,6.962287663,5.176937922,3.657868582,4.526443563,3.709580951,5.863956352,5.571610656,7.257548208,8.223673028,3.987906701,6.465550667,5.947814941,5.801070934,6.070319462,GSM549233,Non_response
7.2943861,3.95968942,4.452333891,4.233862977,5.100201069,3.457693477,4.947993557,3.675389283,6.69512535,5.142444044,5.487801343,8.221759554,3.863320117,5.658712764,7.711070873,4.96713453,5.486745893,GSM508085,Non_response
7.679985903,7.319452269,7.132425791,8.097530779,8.016117095,7.256324999,7.055751936,7.132425791,8.66284689,7.12375604,9.569289562,10.34073674,7.823879712,12.29293746,9.449414134,8.851604713,8.046850966,GSM2805028,Non_response
9.37107183098136,7.6947951418647,9.87471987318975,10.7017841806659,10.3856482682127,6.84356780673425,10.5265828764529,8.86043539936221,10.53916459657,11.2492382236114,11.6749271394009,11.064241551414,11.0501734990083,7.94717368108558,10.6393820802854,9.87329598170008,10.0279927565031,GSM7040771--RNA16,Response
12.02331,7.432335,10.77146,11.20145,9.141246,8.267697,11.25074,9.46853337633988,8.979344,10.99181,9.931453,10.48522,9.133463,9.690191,10.78958,10.70586,8.671622,GSM139547,Non_response
9.46704080389426,5.58162749037765,7.46732979005393,11.1955731096454,9.13673098474829,7.35443087998956,10.2207256808487,8.1727651652736,8.52519360105671,10.354663558952,8.66840717069034,7.85050755015189,9.28850520781742,8.39987166238255,8.15899188972258,8.80038616705736,9.34249922090633,GSM1619446,Non_response
6.157653376,4.103329248,4.293182772,4.750723555,5.280151335,3.344081725,5.877083306,3.799243171,4.071696812,5.205483304,6.305788527,7.432626535,4.132552584,5.446097788,4.575093313,4.320176838,5.159935757,GSM505602,Non_response
9.62068649035473,6.72983833720359,7.16396646940792,12.0206331513442,9.60002636006912,7.59819647038133,9.36248546405646,8.1366481382334,8.5554510807237,10.2303283515132,9.75015911223353,9.92554491633672,9.48684429105579,9.52189592718237,9.49711060074727,8.32892051143125,10.2170457447435,GSM1875964,Non_response
8.29869073016069,3.94327380586304,5.00056284971164,7.54232076006625,5.1339740593496,3.3840320448961,5.98383962344208,3.41109097565741,4.02395955800976,5.18944442142213,6.45913807971873,6.49639219153825,3.66117344259203,7.0601036893616,5.0563962341671,4.86797249390394,5.52150259953742,GSM1050634,Response
9.67015446206785,6.72984675485193,7.90738460723015,10.0306471760639,9.77460084636423,7.94835071516198,8.70772795612461,8.60814110964241,9.81552500804367,9.14936832258081,9.93196988058705,8.87748465823575,7.77139558026056,6.96734655182484,9.8563449767366,8.79422250825778,8.94392334655441,GSM809231,Response
6.42291589824123,4.46093661870756,3.48288260826829,9.16642573084792,7.27600782329567,2.36435487377844,3.46094739968868,6.41476871975259,6.4083356509841,5.99010690809069,7.39320447418425,7.72231925630581,3.8492440188467,2.66438545015444,4.92290455458313,5.83604412303553,5.71585003408669,GSM1233019,Non_response
8.03540829,8.330197458,8.214218584,6.43670902,7.144388132,7.538556904,7.118558227,7.83664458,9.062629524,7.768290573,7.348714228,8.03540829,8.441279437,13.90438063,6.876056045,9.555978245,6.805053897,GSM2804955,Non_response
9.29719144774632,7.21262155419009,5.82093336595376,10.9769455715599,9.35115424865731,6.37841669100734,7.07009075265532,7.95716253702164,9.18463480136011,9.96867922115219,9.80607226987545,11.0492590688219,8.91380665777819,8.26676595837643,10.2210322148171,7.64472835331961,8.27966220261008,GSM1875911,Response
6.472264441,3.79454344,4.038739613,5.752822332,4.85547513,3.658268792,4.187019093,3.801352536,4.366534958,5.18732531,5.699328973,7.32361129,3.911388916,4.769955962,5.096560209,5.176111718,4.991751563,GSM508184,Non_response
6.148264022,4.04538947,4.016490849,4.442182237,5.191267003,3.403874004,4.276850592,3.83175423,4.098344464,6.313769371,5.561161837,5.978780456,4.173629394,6.010080875,5.484002853,5.290600251,4.809086986,GSM508082,Non_response
6.354710231,4.089799377,4.184489367,4.935458785,5.271882286,3.436962915,3.657150706,3.907213379,4.033299011,6.182410505,6.104012426,6.814567321,4.233948155,5.45177305,5.112630831,4.416816298,5.017605468,GSM505556,Non_response
7.170935724,3.553093825,5.384496668,3.668029995,5.119093657,3.529058432,5.050293444,4.50387443,3.638012289,6.051694361,5.16288739,5.766927239,3.679993681,4.997306176,4.393006655,5.602588735,6.233159324,GSM508120,Non_response
7.341034897,4.031881599,4.224527414,5.711143241,4.998646473,3.527919272,4.787555939,3.859001406,5.666195065,5.629273018,6.61937152,7.588204533,4.059085348,6.597211553,6.06101811,4.751508346,6.621061026,GSM505541,Non_response
10.6403496272209,5.86300996815517,8.28286000735828,11.3670057175194,11.1851971491399,6.71055015541968,9.41546441581246,8.07502465577136,8.71668176845229,9.41050116078454,10.4662115467243,8.65731018556579,8.47362695098526,7.40367921472449,11.0453918634524,9.18601476529384,9.23569729373694,GSM809274,Response
9.2594083818451,4.50267833953418,8.70358667999934,7.81306215928972,8.52502230853518,6.26227615021935,7.65281065440211,6.33095464479866,6.44914709457654,7.34888299275286,7.12878780922286,5.51733714334068,7.96785638541644,8.11368469590204,5.33874837741271,10.6494222611526,7.18756363880474,GSM2193369--5,Non_response
8.586725037,7.032565925,7.196367218,9.267270796,8.247229752,6.948536801,7.448037106,7.149124899,9.497219684,7.216910632,8.755571572,10.91541734,7.585512955,12.91447023,7.431467251,8.246142826,9.063653409,GSM2804890,Response
8.245891002,7.333578392,7.346083822,7.526386477,8.173841511,7.226621519,7.383205929,7.339976981,9.067511221,7.281942013,10.19299649,10.04048709,8.212527465,12.62927124,10.94735662,9.181696956,8.768961275,GSM2805019,Non_response
8.61207369520193,9.96052897236674,8.04833361183582,12.1373496923907,10.5281713193251,5.3270524814765,9.80031210673694,8.77124654047208,9.04927696040487,9.72775660142422,12.2291141842534,8.91406316082407,9.64736694908548,6.17640553717521,9.52263781473666,9.00933639101267,9.62129276333163,GSM7040777--RNA22,Non_response
6.772187046,3.861729361,4.340505922,6.664140081,4.698909325,3.47370029,4.900842662,3.879988418,4.867416409,5.903526654,5.456005002,7.006431939,3.849711729,6.450364327,5.216936966,5.045414638,5.056055829,GSM508048,Non_response
6.402942368,3.760378366,4.106790676,3.319073697,4.720205092,3.955606624,6.216612077,4.05670188,4.302301838,6.386026009,5.475161631,6.609062886,3.989467826,6.482220882,5.553486021,6.221545127,5.819767647,GSM508077,Non_response
6.79208639688324,4.25584902104472,4.44599474214763,6.95199985647749,5.256192651982,3.60436199895275,5.53326213395758,3.84280333009843,3.65688275947892,5.43536709814345,6.27516901551884,6.30097635360095,3.65898772122941,5.1840462121258,4.3774786779958,5.18555460056714,5.75369047800733,GSM1050604,Response
5.995628168,3.856247877,3.89809568,5.630094901,5.139169222,3.476358393,4.910399514,3.946899091,4.720898492,5.546398807,5.868563646,7.322617494,4.182309017,6.262756229,5.072768078,4.70557194,5.790110431,GSM505433,Non_response
8.39384586862669,5.87966270783986,6.26192278061614,4.84950585464907,9.83997463909485,6.576280896901,8.80557917256817,8.27239264239572,8.56140045925873,10.4375060067235,8.6833430779861,9.1486792170594,7.85045957617156,6.24780652960241,9.90218197007626,8.48410544700971,8.60095832980713,GSM809241,Non_response
9.84192537515325,7.15318099529857,6.67551351693732,11.62854459032,8.9076523607585,7.85508140762136,8.74977896791013,8.57858153461733,9.08391584090255,9.85857761423643,9.28981470972218,10.0050401467786,9.26851837331295,8.28214042396,9.06536118584766,8.48348032828323,9.15724643031772,GSM1619450,Non_response
6.723558193,3.996987523,4.228687244,5.225908142,5.144195296,3.21973408,5.27161246,3.864934938,3.964387114,5.36104751,5.998913331,7.164221087,3.849946495,6.548332677,4.4771886,4.913370279,5.299398845,GSM505447,Response
10.4176955890375,6.57758281617449,6.28039039489081,11.1237809705032,9.02098894628979,7.76297156528184,8.92057607035525,8.46085056858019,9.86901076816672,10.549926932646,9.06980982572559,10.1473195223738,8.76528463230464,8.29116071662663,9.61244159255292,8.42635588993364,9.36237978418327,GSM1619394,Non_response
4.42049558944115,7.07549637912279,6.50617686968125,10.7420167396549,9.41215508575344,4.68476436992272,4.87009433664616,6.38045312118446,6.86178157502615,7.79949347820979,9.51658820056659,6.54746972272546,6.4895897620482,3.94223028548875,12.0581360269444,8.23900382810357,4.66680157646603,GSM1525251--202,Non_response
6.459663597,4.387094893,4.687512639,4.644286472,5.11860847,3.493897468,5.973463106,3.832387909,3.754625685,5.41820147,6.373260879,8.439988761,4.423197194,6.119840818,4.838247008,5.279928103,4.783524433,GSM505605,Non_response
11.42639,8.236581,9.649648,11.51089,9.111049,7.382635,11.30284,8.82473148387097,9.615731,10.7082,9.913717,11.24353,9.193346,10.06999,10.03789,9.060164,9.728123,GSM139631,Non_response
8.969842971,8.323926958,7.960939468,7.102542513,7.304037517,7.102542513,8.50892239,7.47151115,9.612044188,7.744650062,8.168515425,8.168515425,8.192984666,15.52024302,6.663756079,9.354862422,6.834601113,GSM2804938,Non_response
7.593610864,3.671499113,4.109586087,4.421755975,5.172249021,3.651420682,5.467740014,3.706195785,4.044516587,5.162557935,6.698543892,6.636764312,3.814107698,5.971331979,4.58149715,6.508282682,6.113354769,GSM505574,Non_response
9.91346803617256,8.87973579599272,8.22978967597973,12.6885819151567,10.3527701098824,6.00234591171103,9.76536866245553,9.11709483865725,10.4602119397342,10.6952527124036,11.5660932518688,10.4584743979592,10.7702381957822,7.79166418661245,9.97279381281091,9.58765691054823,9.08556142273721,GSM2811133,Non_response
8.82559689016589,6.61381278950047,6.03404683139265,12.0967746950996,8.65168093450847,5.85758873119219,9.15369839160607,6.93362908866041,6.62281396481887,9.39082525360443,9.87297782451905,10.3300081062532,9.06751569478457,7.22895033262089,11.7152792172397,7.47245556643878,9.8062229304571,GSM1875923,Response
8.727432973,7.258537177,7.654337462,10.67262922,9.442721781,6.963926284,9.082504428,7.398749391,8.23986064,10.14724739,10.19987034,9.690473569,9.285025477,8.360413804,12.19983148,7.667523607,9.367584684,GSM710926,Non_response
9.93864751995506,7.14913185981744,8.13217125339914,11.9464182861941,10.0701604208324,8.10294078096574,10.2771588109339,8.2271784602482,7.16723045003924,10.0123957809205,10.2699822860868,12.53440893115,9.76257403884174,9.07499395754358,8.60075255812713,8.90750603446106,10.127330279576,GSM1875979,Non_response
7.03102506199311,4.48600588184296,4.44507403968718,9.01406478663088,7.46966806317985,3.11951406517504,5.41382089302772,6.29188106512324,6.60337717669956,5.25491620368002,6.91657245904769,7.80845491246637,4.01856592300667,2.84933300808115,4.75480305525679,6.26776374957572,6.13001606392646,GSM1232994,Non_response
11.3517317578444,7.7859427388779,9.15255120271737,10.1586045843993,9.46401551406599,7.59539946160721,10.9172648729799,9.27660347741465,9.03688731989343,10.7543647923052,9.77649863906161,11.2375126697727,9.25545883807839,10.0127414497359,9.03096980720088,9.18567097336362,8.21200678366922,GSM158284,Response
7.450869725,4.933453688,3.995506601,4.161705958,5.099731809,3.589144399,4.244809072,3.737473375,3.992971422,6.33845274,6.730751671,9.900816774,3.720631226,5.017562611,4.709345705,6.328311073,5.43592858,GSM505453,Non_response
8.20238531346599,6.90363586388123,6.92589069400192,7.89282219466129,10.6071460713863,7.2663254169784,6.59151726213853,8.38366653455197,9.93859761998005,9.53835682754708,9.54801700378627,9.57719127208321,7.82200878324736,6.65319167929052,8.54785096789356,8.27786924251892,7.4482295195226,GSM809207,Non_response
6.442078698,3.742137311,4.728774,5.447928896,5.334213742,3.416794874,4.539797083,3.719846096,4.993892363,5.325807532,6.493469175,6.224515945,4.158707664,6.411084015,5.027768713,4.780427333,5.213679153,GSM549307,Non_response
9.08646295801824,5.75702146892301,6.5425503888066,9.56991586383472,9.6349430308253,7.35696035521989,7.4264845714691,8.42209397428788,10.0167691391595,9.92673566309796,8.85009252747407,10.0750132097222,8.42465854339088,7.50931700970768,8.87980247374612,8.54736203861776,8.99032069094909,GSM809243,Non_response
10.7441245547096,5.48373337218678,8.36417722976561,8.84091687635092,9.10279183077954,8.58146549034907,10.2526205440573,8.29563109314181,9.24586350860799,9.50053204697534,8.89292304791368,8.40456416991288,8.59906361689684,9.72980439806403,8.83711539007213,9.33570003318195,10.9107392657409,GSM1619418,Response
6.246984767,3.801844199,4.12756713,4.753081058,4.971432355,3.360081773,5.193570207,3.814350968,3.88410279,6.002882334,5.746781757,6.640025332,3.984239508,6.138371983,5.500975286,4.38253623,4.761708807,GSM505590,Non_response
6.387775992,3.795803687,4.453704321,3.747383455,5.52042606,3.758749451,4.91760735,3.673055688,5.314363341,5.906181672,6.206778652,7.090118283,3.962381523,5.730439358,5.391944086,5.195381364,5.035009686,GSM549294,Non_response
6.559871876,4.257517041,4.298774994,4.680182613,5.427871594,3.606208493,3.884868281,3.851610076,4.115895617,5.43325886,5.865267522,7.60150714,4.270844378,5.745078396,5.723688779,4.272188789,4.9874448,GSM508063,Non_response
6.094681043,3.706009237,4.245372588,6.962094726,5.071363716,3.642787792,4.472082123,3.978188665,4.735871736,6.588657811,5.951656271,5.725572299,3.744245082,5.851248031,5.344913004,5.986264302,4.822368544,GSM549292,Non_response
4.80924124472959,7.24753097599221,7.85890569572025,10.9160265844069,8.88321104170993,5.59165084610124,5.10317370113459,6.33659115954857,6.78825610846362,7.87023005944519,9.95189411993336,6.77645533729062,6.90052380223323,3.80883433339115,9.8719568009624,7.87728812161243,4.70043919864686,GSM1525234--211,Non_response
6.219174975,3.969598968,4.244994949,3.300684943,5.403683663,3.531131666,4.302571284,3.967297987,5.063511875,6.100976528,5.97667725,6.15190385,3.862937383,5.503768665,4.306492884,5.347131791,5.002883257,GSM549305,Non_response
5.973995969,3.777657415,3.958922132,4.994176776,5.202457925,3.386668489,5.481267189,3.788764691,3.867612916,7.093140554,5.674507582,6.679833377,4.250445016,6.111240238,4.516975354,5.353200309,5.54763234,GSM505441,Non_response
10.1845164992955,9.26371000686184,7.98626386486808,12.9876001867257,10.6575876873624,6.36910657194947,9.26371000686184,9.22747989086861,10.2387511094399,10.6311204614122,11.7259593753936,9.91622767428582,10.8477827576019,7.48115957970368,8.65353825758925,9.19636531190824,8.84436785897363,GSM7040779--RNA25,Non_response
7.251456868,3.545756981,3.797381221,6.422672507,4.705814463,3.767827934,3.898106901,4.106310887,4.655137347,6.070261939,5.882477216,9.620202641,3.987916221,6.520824314,6.421067163,5.520188972,5.643307365,GSM508179,Response
6.31098613214174,4.48102227718185,2.67004189902268,10.5699399101609,6.72779288646321,2.21340245639352,3.30565999176059,6.24892061484947,6.2477228325569,5.29926637589816,6.48396459164373,8.17181128603774,5.43520610377179,3.21921833236688,4.55816170333632,6.25542705088049,4.92504030129822,GSM1233072,Non_response
5.63113215832227,3.45935642865914,3.41242822222127,7.00645223793627,7.54832365740558,1.69032006885088,3.04165565583616,6.79126352971264,5.5080468533053,4.16024214755693,6.88603644342382,8.06144989093044,3.18916534340495,1.96735676086049,5.0889435550466,6.6159845943443,4.81229125706119,GSM1233083,Non_response
7.864396545,7.779439262,7.788358078,6.497808747,7.1464803,7.371889935,7.177176933,7.265470374,8.346646947,7.444361604,7.545158861,7.115991695,8.148528922,14.55493419,6.824021673,8.617785338,6.886839922,GSM2804934,Response
10.1806859815183,6.4989543378314,8.50197220083268,10.7740909503371,9.65948961143234,7.4579720278195,10.1703563552981,7.64214254430099,8.34352468641891,10.048480038631,10.9170875692837,11.464605845747,9.31811944421156,9.09460184970412,7.67414416156208,8.49454353021356,8.80739690107506,GSM1876016,Response
8.260035021,6.787935046,6.868789207,7.798866526,8.586186682,7.678368824,7.520361023,6.913033438,8.908937768,6.894170862,8.511425705,10.66036977,7.241838163,12.47646465,7.128985426,8.065027916,8.931735928,GSM2804893,Non_response
10.75381,6.626152,8.631805,11.51219,8.943518,7.327727,8.866115,9.07373928892395,9.92369,10.98419,8.742803,11.36158,9.829434,9.8577,9.154651,8.408805,7.115108,GSM139558,Response
8.087900883,6.995729942,7.471037662,10.0984676,8.136693035,6.838618195,7.662233871,7.328693835,8.891028506,7.638100282,9.492108592,10.5739618,7.558485221,11.92497701,8.519767903,8.350780349,8.716489556,GSM2804925,Non_response
7.308259094,3.50331127,4.521798566,5.636395948,5.302674409,3.706559472,4.498875685,3.726348738,4.074335195,5.822232953,5.578861792,7.317063088,3.507408273,5.414502412,4.959554029,6.086028475,4.685429413,GSM505476,Non_response
10.9458680034931,7.57406686936876,9.07406827211495,10.1365516636852,9.37659867541378,7.55427509046753,9.2604526458297,9.08610715877342,9.31885827900599,11.0020600221301,9.31420448434722,11.5904626699781,9.59764056184809,10.0825979693466,9.2411467827006,8.36011286575635,7.3681572103241,GSM158289,Non_response
9.888419942,5.780733058,6.204462905,11.73875924,8.757610752,7.740818603,8.328795084,8.145100297,9.33910227,9.853302537,9.706820264,10.6673369,9.493916043,8.787721109,8.531915453,7.871835549,10.12181618,GSM710809,Response
7.008759608,3.86011187,5.631638537,6.069166736,4.906492028,3.640935271,6.107450585,3.726275747,3.869783725,5.486678569,6.462871051,10.65450713,3.860817898,5.918531239,6.160122526,5.198596177,7.624633547,GSM508160,Non_response
10.23236288,7.566492823,8.48354837,12.20550303,9.971377613,7.507341854,10.57502967,7.425118866,8.34419051,10.04995497,10.57860887,10.57683584,10.04231882,9.587929313,8.639813546,8.079606974,9.295147545,GSM496017,Non_response
6.25044704358155,3.88341068690239,3.97900577287576,7.01479411519229,4.90818970539418,3.48795655840907,5.1299728260279,3.71516541827653,3.746388868225,5.84887476627736,5.96269061591239,7.30607264181102,3.71879260860431,5.69302664733224,5.11280930827137,4.42643061272984,5.29921220782796,GSM1050636,Non_response
6.657744232,3.953540443,4.405029332,4.568429185,5.439367296,3.506620811,4.029612623,3.794523639,4.161051959,5.323977252,5.748283739,7.860613083,4.410973959,5.606391286,5.068908165,4.319566775,5.419211294,GSM508038,Response
8.71605161693321,4.84933505524124,8.92336999489908,10.7085009815601,9.99392707795704,8.14193190190082,10.6377647710296,7.25459872603382,6.51325010708199,9.61639770688659,10.3923070620638,8.01181161816302,8.80514477471353,10.5000233420288,9.35800544925285,8.44888205760707,8.6443399294299,GSM1875899,Non_response
7.30525224,3.814540909,4.47997982,5.730087356,5.36451731,3.072414086,4.721891707,3.663852742,5.460475512,4.737462442,5.575033382,7.266603717,3.858732773,4.888820884,4.179178731,4.941443194,6.676690401,GSM505462,Non_response
6.179457941,4.235763927,3.959565276,5.120121134,5.162880131,3.33923689,4.081906227,3.822630274,3.873183111,5.133287756,5.994812245,7.625954249,4.047282709,4.723130225,4.79028699,4.639032204,5.137492056,GSM505585,Non_response
9.87639319182073,8.88302779343288,6.19979652006791,13.0738588305115,7.50719845254363,6.79414488236797,9.05379552744494,9.12520517528547,10.6757181683291,11.045073950088,12.0219779177076,9.46215952995557,11.1071287991783,7.65592592693804,10.8428890331418,9.45426759596112,6.81093230420199,GSM2811146,Non_response
8.39620518243179,6.31284799660265,7.55052637790566,11.2809265115166,10.2934327996382,7.37806913390856,6.03059807816712,8.55770388844397,10.3342450539145,9.63042908382856,9.04671158747768,9.86499660306428,8.49589364551324,6.01707225375078,8.90843454702291,8.54647188436474,8.1602777737692,GSM809262,Non_response
6.92524785912234,4.17854628393296,2.78595110843602,9.25082227298337,7.14752599054995,3.18366374828792,4.26789072508035,6.09330711684685,8.04106937380733,5.44419397719504,6.46175412132125,7.92583942369577,4.88941362994044,3.18026526706248,5.14406038227725,6.45637199222162,6.18112162112266,GSM1233005,Non_response
5.81556660816058,4.38184283075984,2.59450358377248,9.07905252551607,7.08359144625458,2.59370653518653,3.9634745731326,5.5647701164736,7.22628596916165,4.67684613416038,6.25822533899754,7.71018748632516,4.41304201447668,2.17646821179322,4.76941861432222,6.52478044729307,5.38616165978891,GSM1233091,Non_response
8.40359817797472,5.85006299780168,6.09885682130183,11.1021335636447,8.77411701238166,6.43551217892506,6.07645264781311,7.6459494440245,8.86985478217481,10.2423583175869,8.33804175247895,8.25685103022775,8.36898012615243,7.52895434417501,7.99979296595119,7.86749575239421,7.81115286703408,GSM4171581,Response
8.57794524053789,10.5092541526689,8.64583782985271,9.05435604847914,10.0947458518665,6.1379004156532,9.94336816032098,8.64744208173509,10.6917632587424,10.7373537382951,12.341306041284,10.7664396244699,9.8817221676761,8.55786247987755,10.4436708564374,9.06978778909789,9.84196734433611,GSM2811126,Non_response
9.87956279276527,7.77502730862931,6.77600943013627,11.5999878904279,9.66267084744689,7.75623539807883,7.59658245801775,7.6677744849491,8.04981549404956,9.51351802888128,9.8495598756895,10.9247488045441,8.01440692759462,7.9058197998474,11.6098953062843,8.40476466478526,7.0294104747695,GSM1705400,Response
6.395689444,3.955730234,3.853318686,5.791434512,5.183425633,3.386347123,3.905488345,3.818180711,4.123490429,5.36876908,5.743016912,7.05915931,3.859138381,4.952698169,4.267828532,4.512012061,5.265200361,GSM505515,Non_response
6.362621238,3.789797612,4.257345076,4.673837936,5.234582993,3.7199658,6.374155712,4.155447443,3.849086063,6.419374287,5.785087302,6.294597363,3.922177648,6.442346412,4.878433085,5.569162726,5.166466979,GSM505591,Non_response
9.536665466,6.674999399,7.346516815,10.7973383,9.113879747,7.582160687,9.626827486,7.740087402,7.623711626,9.887020648,9.393410059,10.71519689,8.841804288,8.111184706,10.56041894,8.048274775,9.697896402,GSM710886,Response
6.500319042,3.801983775,4.002198146,5.560621233,5.140836402,3.754729441,4.941048971,4.047641433,4.050047063,6.184229982,6.159362394,6.858047111,4.12512727,5.585962471,4.81140408,6.107448352,5.079660682,GSM505519,Non_response
5.990457928,3.749104737,4.329135162,4.278132394,4.923663723,3.258189876,6.371482716,3.946534487,3.873736498,6.520128707,5.702253214,6.561289538,4.077972065,5.729294731,4.330512608,4.681789164,5.247669212,GSM505363,Non_response
12.0836936591595,7.44120883212538,9.51568402244236,7.05674512654421,9.44390460888667,7.02200631122774,10.6493532812329,8.33890970780035,8.56002208066606,10.6877741793713,9.51976440980446,10.8632241221568,9.00300900322492,9.46601588508343,8.31775213488583,8.79366359080171,8.81997744950927,GSM158216,Response
8.601889408,6.328222877,5.956620249,11.1277317,8.988274234,7.594008719,8.118526409,7.381250405,7.731038522,9.978377081,10.09272801,10.4266697,9.221763657,8.599562147,7.567909802,7.30460727,9.644493665,GSM710801,Response
7.94834497517807,6.43202616393998,6.98092214342668,8.54326252894755,10.0619807000125,7.03922100789409,8.77922685207664,8.5423293350254,8.54427905664358,10.1655521801057,9.5404299534127,9.65554631526761,8.26805092004739,6.42842851010176,8.38023928807337,8.51124389554002,8.85519059387588,GSM809249,Non_response
7.973071349,7.552508013,7.479293517,6.462123149,7.267244186,7.283180995,7.62880885,7.109839626,8.322654457,7.472917886,8.13457273,7.680811013,8.113183098,15.14143112,6.64427023,8.655773699,6.852084124,GSM2804907,Response
7.098941958,3.834840731,4.381295448,6.427715468,5.194085954,3.877635569,4.490774629,3.787066447,5.779344841,6.585856413,6.400504629,8.680223311,3.973457409,6.516601735,6.082965197,5.640515139,5.652326104,GSM549261,Non_response
8.86328333904869,6.05060727165948,5.83821321143166,11.4988089434357,8.37353202936373,7.20372979054551,7.01875954674112,7.72184714709986,8.53072579122172,10.2634368003456,8.58666646764322,9.64518740126322,7.93939064127139,7.73715434126874,8.41542878095376,8.32178555756209,9.0470535014346,GSM4171584,Response
9.97495217372103,6.11294106154556,8.84379413884255,11.814981281423,9.61781593117135,7.47425218370095,10.5355585933807,7.1757602627814,6.73650748750432,9.67576778243738,10.4163332371271,9.46389359870382,9.23331707199289,9.0470157753466,9.9567534280717,8.87349980686218,9.59169907389027,GSM1519419,Non_response
9.186151056,8.259887579,6.948034812,12.15359282,9.262362491,6.980004881,8.789292791,7.608699631,6.774795454,9.746842817,10.66340429,11.12741259,9.521605425,8.183881603,11.00960824,7.037152131,8.786330088,GSM710806,Response
11.2251955931983,8.09950328405068,8.76383213959031,11.5405809105845,9.40850870537104,7.12685594658971,10.2734603880919,9.29270591848669,8.58357526908222,10.7591574720555,9.4506755662992,11.5377619419787,8.9789350267272,10.2469754349043,9.67737557308991,9.42424528652411,7.27350572910014,GSM158239,Response
12.00758,7.225743,9.398287,6.797037,9.253297,7.006034,10.5658,8.16694557972557,8.276145,10.5619,9.414779,10.71184,9.003582,9.359037,8.209666,8.71789,8.770445,GSM139566,Response
6.268738672,3.523008202,3.853277036,5.195289638,4.974376876,3.523008202,4.190125892,3.909698204,5.661402851,5.646231439,5.349069205,7.376357494,3.781947948,5.285677023,4.479674127,5.7287943,5.927202308,GSM505452,Non_response
6.959615559,3.882310005,4.180767555,6.025428053,4.976848787,3.353258804,4.463029664,3.560013169,4.203212286,4.94693851,5.994109587,7.722084428,3.659597544,5.841578508,4.771032857,3.907645022,5.790732539,GSM590870,Response
9.48176558063257,6.60286392389342,8.72126655222897,10.6901424671099,9.30947506790709,6.6968005335453,10.6826750678384,7.38332604917381,7.83168355491955,10.3043184621818,10.1258712219404,10.9938121861053,9.21779416046643,9.15938020040091,9.03877686219086,8.40843692284315,10.5789698706132,GSM1876015,Response
9.040807364,6.874952577,6.380437669,12.30414471,9.919306443,7.295364245,8.726255658,7.636701103,8.151021853,10.69915188,10.4180202,10.69340299,9.5824953,7.854803803,8.704381968,7.454072893,10.5285356,GSM496023.2,Non_response
6.873331901,3.920102907,4.050680185,5.744713501,4.73178519,3.702246423,4.601322345,4.117966951,4.089833779,5.61161278,6.335137511,7.821435006,4.109962771,6.685126947,6.312938657,5.004806624,6.769850113,GSM508159,Non_response
7.946263164,6.999547971,7.763060228,9.709727208,8.578734094,6.971500277,8.105237722,7.334153956,8.9079047,8.359282654,11.01002003,10.3572222,7.804661601,11.85271692,7.918990689,9.39606059,8.334125107,GSM2805010,Response
5.91050946309298,4.79043903709525,2.51074858920313,9.68815037792401,8.39907731581387,1.95474679528737,3.77132202365493,7.03819301789088,6.67204229551352,5.21708825551381,6.50394043769677,8.03061012639155,3.87656320085074,2.23971009359061,4.3658102620277,6.40842760595347,4.85566247233628,GSM1232993,Non_response
6.461844821,3.881174796,4.342630272,6.852683304,5.24279062,3.341084443,6.198554817,3.706652582,4.224745837,6.064314647,5.609996759,6.627224168,3.929231666,6.638224577,5.418912074,4.509874728,5.73337026,GSM508153,Non_response
7.389858263,3.725155756,5.013034054,7.706800804,5.052655356,3.750371536,5.6126615,3.846987407,4.140663251,5.843881683,5.639371583,7.427649133,4.072450137,5.991264125,5.415908619,6.338398575,5.13484878,GSM508105,Response
7.47188175,3.89886873,4.09334336,4.454475592,4.92514592,3.844637261,4.37224531,3.992823545,6.280163231,5.78017592,6.434889879,8.982220265,3.863579533,6.481119433,5.734996737,6.688827228,5.67154784,GSM750746,Response
11.10647,6.621055,8.6583,10.95278,9.035389,7.393362,10.06576,9.37118477791046,10.48163,10.86134,8.833073,11.78539,9.575769,9.931545,9.321232,8.941934,6.937535,GSM139541,Response
6.679546068,4.141186254,4.197917318,4.753184512,5.376306787,3.341822797,4.978918098,3.916421532,3.793866836,5.518814393,5.92009759,6.87254273,4.209462052,6.030053667,4.70897675,4.437549412,5.337483552,GSM508052,Non_response
9.83413749326265,10.2224219380981,7.85869608490546,12.3470513496774,9.65829070385604,6.39615465599929,9.21366114223148,9.2517546440816,10.257177486115,10.8513551014267,11.5892368258038,10.7081990657054,11.0930484970224,7.96738804879665,11.0959242913397,9.32418255369752,8.69405812112758,GSM2811155,Non_response
10.0535181270711,6.44676214357244,8.83336457198282,12.7931788552024,10.1750060145069,7.79574120744488,10.6771020614317,8.1022443358818,5.75076077876733,10.6104435063435,10.2065176972446,11.1225840129596,10.4277609310043,9.23247946031721,11.2260224936452,9.1795510988454,9.60240238513743,GSM1875977,Non_response
7.31000401992662,4.19104727322988,3.21035997399,3.06409412006043,6.50891082924107,2.11640985336744,3.28456168951096,6.91733405697048,7.12530994746131,5.8337819762627,6.55224439966636,8.12890323693932,3.59881417839832,2.19448104774662,4.58424161174105,6.54470057610281,6.87343138824788,GSM1233104,Response
4.97219957170238,7.2145526469628,6.53997162262654,10.4183599671349,8.61529242012091,4.47349482684651,5.25457722647288,6.83635937393432,8.50490028080533,7.88676139676739,9.32357220584803,6.54695197549013,6.78021849624698,3.65570165304856,8.76831789373596,7.75836893055158,4.53990847997266,GSM1525222--64,Response
7.798173463,7.667405136,7.54096055,7.132515266,7.322388369,7.364535779,6.94141896,7.257273939,8.821036207,7.132515266,9.170537932,9.051281231,7.887436865,13.73537396,7.727275982,8.568045171,7.659746531,GSM2804986,Non_response
7.060353954,3.730914394,4.05649514,4.418540856,5.21761453,3.317592256,3.847814933,3.536213037,5.130481335,5.457355476,5.393860984,8.107506592,3.818651494,5.346538481,5.420042583,4.332928398,5.820842026,GSM508017,Non_response
9.40726441,6.243805322,8.055034604,11.58762982,8.902767812,6.676835037,10.83644759,7.242622231,6.931347591,9.64027212,9.396569024,9.625663553,9.407021782,8.602439052,7.929031985,7.028191961,8.127715626,GSM710822,Response
9.64927846253015,6.33764693682819,7.66010275050461,12.0742512781555,9.60979404396578,7.93464805918344,10.2857901874244,7.57019359745239,6.75415541764347,9.87564522180058,10.0637648057641,11.4809825980943,10.3767990876442,9.27554770914199,9.06687201662417,8.26959430031074,9.27830353242843,GSM1875983,Non_response
6.563298091,3.870191608,4.538736481,6.344166952,4.910479426,3.440733434,6.652967838,3.863534048,3.675711478,5.275623443,7.133604579,7.525983984,3.662922298,6.220617317,4.546897387,5.752571968,7.940290138,GSM505401,Non_response
7.6955905906969,4.34957799776881,4.29610360599074,8.20362003625066,4.83084081148801,3.63156835404736,6.74559041787659,3.65495765588177,3.8393928101885,5.37851510469832,6.19748130063778,6.99831671181536,3.65419313797897,5.91076204277336,5.08498430981162,6.63770020227689,5.61889541425492,GSM1050654,Response
11.52762,7.920681,8.902997,5.980931,8.435108,8.212623,11.41901,9.14232147155507,9.131283,11.08727,9.83671,11.57304,9.103586,10.2666,11.34593,9.141549,10.24941,GSM139628,Non_response
6.389851805,3.960098792,4.012654489,4.748579746,5.609981024,3.474637192,3.994398693,3.642478543,4.656720156,5.98235145,6.57464718,6.709511788,4.392238526,5.080421387,5.32572836,4.292966103,5.765850743,GSM505489,Non_response
10.059801012714,8.81388353362478,6.28791781570077,11.0548545251145,9.53439951594513,8.56608674758006,9.41620956116084,8.16424454384597,8.30778549459686,10.2356268977463,9.27139602571467,9.52077048291423,9.21235630243789,8.7199955455594,9.77941582567232,8.8392679106609,8.32438310650513,GSM1619473,Non_response
8.678770408,4.129248104,4.368278754,6.087477687,5.195074718,3.595725351,3.978022727,3.848429761,4.126639501,5.644844409,6.338950122,6.83573886,4.433483544,6.224309483,6.644346106,4.672954647,4.943142931,GSM508131,Non_response
9.75861116220696,6.71709032657011,6.41266292906084,10.4461159600164,8.46821922772808,7.20952785017752,8.95097714686407,7.87607397256874,9.26464894134735,9.28937207820399,8.97333239931276,9.40620215169787,8.59652053740979,8.1993524553954,8.92666550100352,7.94332719556801,9.36696729808529,GSM1619402,Non_response
10.71821,6.960335,9.475443,11.03515,9.040695,7.480434,10.73679,9.067114548693,8.288034,10.57632,9.536618,10.83846,8.955696,10.62687,9.20002,9.44893,7.427662,GSM139626,Response
6.532441245,4.433079859,3.718228494,6.220131251,5.24883361,3.480034815,4.333635742,4.284208142,4.191978653,6.087077249,6.290407561,9.03802449,3.894642239,6.246498082,4.907200998,5.0729066,5.399560497,GSM505603,Non_response
6.28191643,4.571282265,4.174543118,4.653679724,4.974161233,3.431171495,4.046605033,3.855551058,4.095055867,4.943404173,6.089219358,8.525425192,4.581539981,5.821495865,5.229915875,4.373997577,5.009893134,GSM508188,Non_response
10.065058704148,6.97524383235458,8.34570378736853,12.568554276223,9.52081568752283,7.50204314755793,10.0576462328133,7.37133406342913,7.41643310992904,9.98789577584089,9.94105020933874,9.94045205593223,10.1638932034608,9.06178649456675,11.0190755240749,7.52359181876682,9.81796496340108,GSM1875905,Non_response
9.45768980273478,7.18766745572773,7.21995753445894,9.31049720193003,8.16520790429499,8.09247838318246,9.59205139824457,7.07958414298621,8.29255015344263,9.81007742930279,8.59662445977527,8.20918954555663,7.24178160680664,7.3356171023045,7.55576487925653,9.61431318658778,8.05358299067443,GSM4171514,Response
5.85874121390389,4.63254101526426,3.53484344536023,9.73640584982261,6.37405387321141,1.95276264222365,3.52283765966517,6.60547117646441,4.58707818980787,4.12215665219008,5.75265769205766,7.96819332368129,6.00639797182783,2.96637491793327,4.85680613420765,6.18488403651226,5.85384924601104,GSM1233096,Non_response
7.219187259,4.132668239,4.092391325,5.715292796,5.135771668,3.490912764,4.906637947,3.626699834,4.177346579,5.510625503,6.250153848,7.313067998,3.960500867,5.558074623,6.582617703,4.974350031,5.95952773,GSM505584,Response
10.2533907346835,6.53897839114845,7.78219854685043,11.5445953627674,8.14619883169048,7.50282321604737,9.02375830760646,6.73708193165669,9.84242786979906,9.31121851728629,9.15075077036564,8.01585609927903,7.05170342005482,7.55335737092023,8.13961830037619,8.95756504172007,9.53521417969525,GSM4171522,Response
9.070900982,6.967008208,6.488046298,10.4055717,9.206553491,7.368828883,9.043780651,7.245434158,8.540903837,9.843815633,10.0176057,10.98332992,9.224055997,9.28234728,8.741540988,6.88115693,8.791677433,GSM710930,Non_response
6.63100549424229,4.35554646836431,4.41219389457114,4.07665533077475,5.24331891843266,3.33451888631959,5.41499254959478,3.69525022026973,3.9419171861131,5.24432766778871,6.17251781315513,8.64669142777871,3.94677147906425,5.65310275359722,5.30049218385531,4.04330052910795,5.6180235748051,GSM1050612,Non_response
9.572339771,4.151935038,5.247921309,4.071889022,4.835218745,3.92154271,5.878580545,3.642822138,6.336433804,5.567328569,6.510241264,8.192172917,4.341542245,7.611742739,5.282044247,5.370415139,6.499921317,GSM549290,Response
9.73802949642972,9.49696407611632,7.67511957913062,12.2158843789161,10.6462806825585,6.20022312686959,8.76744977186315,8.58065109537009,10.2698074302385,10.9133535406923,11.9018673931101,10.4000624469031,10.8226321531219,7.5218207777705,12.4118925603496,9.36795079028015,9.28470045436388,GSM2811123,Non_response
10.34969,7.995504,9.404781,10.76974,9.045563,7.123631,11.22379,9.23351869353037,8.578975,11.10792,9.144612,9.247533,9.0442,10.21955,7.372776,8.722197,6.958718,GSM139625,Response
11.81476,8.401245,9.330726,11.35322,8.835075,8.089998,10.81106,9.20485198086023,9.196155,10.66034,9.697842,11.96883,9.7914,10.5907,9.414556,9.65252,8.653845,GSM139617,Response
7.067054754,4.24468552,4.178530203,3.909703491,4.964679406,3.670637831,4.275975861,3.924481102,5.984496716,5.591354066,6.667878966,9.164039487,3.88606186,6.3370848,5.827035571,5.05974543,5.452815518,GSM549231,Response
6.40007995933431,3.78902783319605,3.9751672869149,4.33056726175818,4.91978733852168,3.43223764920681,4.90832601816727,3.84463683549326,4.29718235594479,4.63947726640924,6.23256785150967,8.7783801897026,3.61567300819889,5.8779880606262,4.27917758034851,4.36366944693646,6.26351739431573,GSM1050624,Non_response
9.554890113,7.390181774,6.408919213,11.09162231,9.486538167,7.230364568,8.916549158,8.495971199,8.397978609,10.15649965,9.679053637,11.36229861,9.850598613,8.171974563,10.34701378,7.648876801,9.902233381,GSM710804,Response
6.103033625,4.840911836,4.03084706,4.879269057,5.129631676,3.293577129,4.231830884,3.855507297,4.009745968,4.870051059,6.439379024,8.582005367,4.565189463,5.711249281,5.177396825,4.243889459,5.049399726,GSM505533,Non_response
6.8123670813098,5.04410204775164,3.29192647295971,9.31728410201257,7.32010983119118,2.22161540203454,2.88057007628277,6.06215021527213,7.27588630631661,5.4831585333623,6.37283227622894,7.76539133965835,3.97612189876063,2.48863866279093,5.48123706239869,6.52340976234424,6.25408362210847,GSM1233045,Non_response
7.228661268,3.93835916,4.500749538,7.585628022,4.969679889,3.479427899,4.975753694,3.860671357,4.255485052,5.78519952,5.371584884,7.062967611,3.923286599,5.817235383,5.058032728,5.634337692,4.818972624,GSM508149,Response
9.448692986,5.845211895,6.787776821,11.44358454,9.081496064,7.189982531,8.502782327,7.680280796,8.379815142,9.416135497,10.17221153,10.97367545,10.00827244,7.793606178,11.79301254,7.504387771,9.291455951,GSM710841,Non_response
6.303438664,5.260654464,4.299952157,5.482228537,5.185147205,3.408265057,5.301995037,4.141971368,3.999213276,5.549039656,6.956994912,9.251385369,4.219236273,6.410101544,5.272730172,5.136452911,5.969794764,GSM505552,Non_response
10.1194764886446,6.77899253066037,7.72481960013422,11.4159433449374,9.41661757012468,8.47352036670332,8.82970239605631,7.97632135942975,9.30857618650658,9.67563344805333,10.2043144127229,11.3405644860478,9.70075897886913,8.87654569999485,8.04798189797778,8.01500399193064,9.04075962549542,GSM1875997,Non_response
8.78880123492767,6.39715885536896,6.49672605512622,11.3034746371345,9.62653583445471,6.53042608038381,8.77606528014942,7.12336009597535,7.02179906504214,9.34830002143352,10.5097554648768,11.2019322582497,8.43411814234926,7.72760550959688,11.0334475994151,7.36592233360101,8.63327315625258,GSM1875936,Response
10.48603599,7.132067487,6.278371878,10.35214494,9.761870826,8.064648843,6.930040004,8.30759052,10.8207286,10.30212596,10.21697239,10.69286026,9.75220807,9.39594913,9.466423542,7.701819969,7.728673605,GSM496018,Non_response
11.06591,9.223917,9.089146,10.91578,9.390213,7.72604,10.69763,9.23096505673015,9.11851,10.72205,10.04233,11.79207,9.557784,10.03472,8.659028,8.765969,7.78983,GSM139621,Non_response
7.49402551877935,4.55061945514588,3.40651690131638,7.12919244896846,5.85828232114883,2.84463066338741,4.2471388878295,6.51867867827198,5.75097324723578,5.54858105946013,7.28862967386901,8.78135908639038,3.03726210920719,2.48457141760936,5.33183637356048,6.51867867827198,4.14507352008345,GSM1233038,Non_response
6.951693802,3.928841786,4.128132024,6.820767201,5.321425068,3.349898944,4.810096991,3.789819512,4.157418497,5.24109107,5.511116262,6.255802983,3.773267438,6.036795757,4.45892599,4.577784724,5.445980436,GSM505357,Response
7.630431414,3.904616217,4.722308029,7.613134636,5.088839024,3.624738783,5.07302119,3.94808118,3.874163968,5.99952094,5.94258245,6.376467425,3.796343268,6.653162335,4.604814423,5.42492046,5.403693266,GSM508137,Response
6.496582521,3.523442007,3.848814142,6.431623214,4.647927848,3.464513655,4.929808532,3.961089955,4.464409904,6.474638265,5.85255195,6.859796577,3.956319085,6.802133531,5.033779766,4.87937794,5.20192469,GSM505327,Non_response
8.94757482089963,7.53699118260674,7.10589604642386,10.3551170422633,9.68475269184508,7.75197729394089,8.29969872581789,8.21875872751428,10.1926415748063,9.49327965451297,10.013540458711,10.0947577779259,8.17315235048705,6.77803172161185,8.45519379558559,8.274219947556,8.79473130553988,GSM809192,Response
6.751579028,3.724982305,3.840992038,5.884590009,5.006608393,3.476071403,3.423744924,3.803091572,5.122599225,5.822884411,5.862298894,8.350817633,3.765897489,5.414476804,4.899015976,5.005742173,5.433487547,GSM508125,Non_response
6.01289763975102,4.11588883953952,4.44762568769389,5.6307986161604,4.85621996219198,3.43181915505397,5.90921686096134,3.48415176164703,3.66893643822096,5.46607451676773,6.47723336518181,6.33714222144567,3.67823762323861,6.36497817178038,4.3738604923366,5.91238948494083,5.79387770894862,GSM1050663,Response
10.68283,7.43459,8.953805,9.949614,9.180364,7.330206,9.18248,8.84600565757415,9.035849,10.84807,9.13799,11.40763,9.597853,9.938264,9.087709,8.265154,7.409779,GSM139639,Non_response
8.53017653777136,9.15027384451465,8.51837871102301,13.4930431201631,11.7202934400072,7.021955457188,10.0800148713788,8.4975083238472,9.44435283351042,10.2695914828036,12.2447050316619,8.43967652410681,10.162878138977,8.08588126205078,11.4413067272554,9.35919050535717,9.22224580376484,GSM2811166,Non_response
4.40962516121184,7.61861480085013,7.71408554640396,10.2985170574421,9.96989939611258,5.62858668311386,5.47360717099073,6.08184550386351,7.76680226275859,8.28777554401034,9.72096369448043,7.21967607866375,7.38611686163684,3.90020869134876,6.87275268708747,7.90379654759483,4.72881108838894,GSM1525244--94,Non_response
7.230750388,3.603128276,4.113464687,6.798497236,4.912551171,3.46865018,4.793561897,4.074056416,4.382247548,6.221398871,5.466292054,7.037146764,3.800382839,6.297575631,4.717799073,5.388209233,5.450468113,GSM505361,Non_response
8.92248317360708,8.51918095025183,6.36149085738548,10.7767347236981,9.08620493075276,7.05439080955023,8.36248230485728,8.12966134361649,8.14386048399304,9.86038552562288,9.50147046441214,8.02936190957547,8.89570640498633,8.30892486274442,8.49359707284105,7.82921423327029,8.43574735354913,GSM1619422,Response
6.06491587374739,6.91309112304776,3.13453529721158,9.95809250254528,7.01989185475364,3.62123417886469,3.4842068338114,6.62461247750874,6.1677760162306,6.12216731694943,6.37601146345009,7.07467296548975,4.44726864258697,2.58039122901183,4.46692924088929,6.61294455750057,5.65055146979708,GSM1233001,Response
8.34666712517424,5.67642989540943,6.03289822325399,10.7920044812408,8.47824511289546,6.58784129008147,8.52361050151639,7.48527194661253,10.1155011976152,9.77329395053495,7.51865399312353,7.17107498154857,8.31634140602583,6.80612267430091,8.18847834044826,8.5649339186065,7.43109943109994,GSM4171495,Response
8.304863562,6.835407106,7.540118719,9.007664818,8.340826725,6.745580902,7.583243039,7.190102662,10.81066105,8.581751622,9.50069871,11.91364401,8.025454464,11.0141494,9.46920483,8.759860746,9.32688246,GSM2804854,Response
9.67257104239236,10.108688961365,8.37218286341478,11.7993501802997,10.8593371259344,7.0563528634732,9.75669376978825,9.80942007244652,9.40440304346844,11.0433585781868,12.1169110034187,8.98273266980319,10.2218705424159,7.79406843352419,9.39039287396818,9.6874057725599,10.0347777654117,GSM2811138,Non_response
8.356542399,6.979636542,7.883300103,10.37123533,8.197681226,6.681116397,7.864660335,7.372856288,9.619166193,8.588206767,8.78922156,12.57856837,7.726182017,12.57430282,7.919568697,8.695197246,8.995723701,GSM2804904,Response
6.42256173,3.675792928,3.645562317,7.091943411,5.066889424,3.464410237,3.839468959,3.91635969,4.388520804,6.319253714,5.728538299,7.034664607,4.003016016,5.872063337,4.618842075,5.497380216,5.275426178,GSM505354,Non_response
7.288388279,4.802722986,5.163623862,5.087885267,5.957113511,3.490201,3.942200907,3.937940498,5.348766194,6.091678449,7.112203811,6.792176815,4.723712929,6.248376225,5.011919055,4.312374526,4.880910934,GSM549273,Non_response
7.073475182,3.530481166,3.687747197,6.676972115,4.880894419,3.863700226,4.01709152,4.363561364,5.289689495,6.256328804,6.459952591,9.327507193,3.930519899,6.768406013,6.036809065,5.406140355,5.780448147,GSM505536,Non_response
9.34269405900743,8.74777435813932,8.92162205233048,12.0436663050188,10.8015662233971,6.25578505322189,9.82853366319552,8.91722033928544,9.42489454259284,10.3107228269737,12.4600384894246,10.3912866204836,10.0948952937698,7.89561143430457,9.82194652098005,9.2901242563423,8.85370031012178,GSM7040787--RNA30,Response
7.54558922,3.926880591,4.775451457,7.120199069,4.857353561,3.442929061,6.321484191,3.860944248,5.298381496,5.132223194,5.872686174,6.927726734,3.876069485,5.679723121,7.452677547,4.572732955,5.687994431,GSM590848,Response
4.47334162171886,6.67351357783305,6.86787201480715,10.4189960394026,9.1723728302796,4.98859307441313,5.19912500114073,6.0210784908661,6.0328599210543,8.19747929613081,10.0323296958119,7.35618512169968,5.56592948950984,3.67516308509953,8.40081875847403,8.08435112512988,4.47622286724348,GSM1525232--209,Non_response
6.572466468,3.490154869,3.972749439,5.807524717,4.816876985,3.509291798,3.241700358,3.925408503,5.31553269,5.79200235,5.45682105,7.686185698,3.808013783,5.186574874,4.798568605,5.356323054,6.209963387,GSM508133,Non_response
9.02425193949032,6.0634362907896,7.46938629639887,10.616530915356,10.2873033045379,6.33401687721207,5.82676846727751,8.83045313508969,10.1873328189298,9.11244886601984,9.36395954554895,9.95692053839923,7.94619483083906,7.21758602877427,9.21568356972406,8.320333120269,8.88027122241492,GSM809208,Non_response
5.956589164,4.100696082,3.791211191,5.145125224,5.43974958,3.453579199,4.063377601,4.057774314,4.184091656,6.002932998,5.824790195,6.935364026,3.892369906,5.571865703,5.365839913,5.505842433,4.875910409,GSM505569,Non_response
4.60657897701437,7.12678221761507,6.97110388770291,11.8755342120766,9.30180502105939,5.25746467292407,5.44587250566894,7.01968838792401,6.86809960683315,8.84517599250622,9.8603372485556,7.07758620454438,6.96381844187763,3.74915691900788,8.66575166198565,8.03003639219116,4.54474753773731,GSM1525230--185,Non_response
9.354538144,6.45648543,7.202320704,11.86165336,9.404277873,6.639741429,9.358733337,7.039312608,8.269516043,9.178854238,9.907425974,8.226529384,10.03392332,8.42333124,10.89763953,6.99796428,9.30053766,GSM710829,Non_response
9.69014732036864,10.1271886691253,8.38818978718169,11.8176447180911,10.8780206423458,7.06804845530064,9.77449741933618,9.82727999702371,9.42187416693462,11.0621843482968,12.1344975150299,8.99985670670358,10.2404325798873,7.80860042937841,9.40783565953754,9.70503392393062,10.0530854904155,GSM7040773--RNA18,Response
6.610336962,4.494985754,4.613182985,6.304137485,4.967501746,3.549893298,4.823023127,4.015995934,4.790381485,5.871729476,6.382530423,8.563408032,4.204530265,6.008343591,5.559972621,4.853712395,5.76217942,GSM508164,Response
8.66687205390814,7.23765235361484,7.01907389687241,7.43301900613693,9.99551748554878,7.01503333841359,8.22617523697021,8.35842949875613,10.3335545093847,9.32314152033071,9.68542845002815,10.093413600271,8.56172018155529,6.69805134039292,8.54751832427573,8.03892981366512,7.7482376191066,GSM809219,Non_response
8.101682516,8.308448269,8.526561178,6.706899128,7.057044283,7.065449939,7.482354524,7.76964669,9.075459954,7.350463318,7.326753834,8.452943733,8.734038738,14.93309427,6.748697748,9.788804279,6.796746621,GSM2804942,Response
9.85071879113846,6.54045771773832,7.49822527917989,11.9972198593514,9.40749305234308,7.64007302296215,9.53959493189106,7.57238063268453,8.99189324790608,8.98707873151993,10.1954492044352,11.9945364785782,9.16543529514194,8.58358026339235,8.91653168700531,8.61955431760441,9.45101011740583,GSM1875966,Response
10.9658,7.378494,8.724286,12.20953,9.354682,7.293173,10.37502,9.58194715013019,9.595833,11.07721,9.398764,11.32653,9.575774,10.1244,9.317099,8.503263,7.576964,GSM139601,Response
8.73515380351356,5.97652541822709,5.24362369323579,11.0193791478581,8.32197624608682,7.09170880530144,7.52169364972688,7.50284134134295,8.80287280137334,10.0082345253463,8.1090811440337,8.5634513239707,7.74751436120007,7.4350500950457,7.80252193511914,8.32657803732073,7.62031503712985,GSM4171550,Response
6.273409987,3.945618645,4.049018385,4.929738896,5.004796817,3.216549429,4.627914356,3.874738524,4.349232245,4.828798436,5.545240122,7.390971994,4.236926497,4.815763784,5.560422462,5.05643597,4.884069828,GSM505414,Non_response
9.58564605,6.544479654,7.541217393,11.75233592,9.43709182,7.951011438,10.33958642,8.150748613,7.957466232,9.832578065,10.06797481,11.34287548,9.050393496,8.833609084,9.187607311,7.731918537,9.045003154,GSM710837,Non_response
11.10653,8.082964,8.873491,9.16959,9.126067,7.246507,10.25179,8.57973465091291,7.716774,10.5176,9.238913,10.95992,9.126007,8.697063,8.576557,9.967547,6.912386,GSM139602,Response
6.38271339498942,4.0565262642888,2.88154512507505,8.09929733019452,6.66879323216045,2.32520671980276,3.36294292468681,6.03472096139019,7.48725507176835,4.33911672179407,7.14547638558671,8.56796259412546,3.64003620851272,2.55287520418507,4.36342407593737,6.50895953796398,5.26782045115482,GSM1233058,Response
10.8202942512365,6.50061631018421,9.29345423606573,12.104741907071,9.384632138341,7.01087620424997,10.9816674739399,9.17459219055048,9.0501194410086,11.2871784179089,9.62243017788049,10.1899393419332,9.3709034709759,10.515124716174,8.31588335959413,8.39209330159736,7.54201241876898,GSM158224,Non_response
6.499758068,4.14170534,4.098596494,4.514464915,5.222318196,3.490525978,3.967453833,3.636528342,3.927846314,5.874794147,6.170475755,8.387209823,3.9752178,5.050516097,5.752487901,4.991549579,5.389569807,GSM508029,Non_response
8.361485517,7.139717749,7.202472012,6.509971252,7.60057437,7.085127969,7.60057437,7.054580371,7.937565422,7.107246617,8.171978506,8.801174895,7.76367584,13.36717983,7.492384191,8.09074459,8.006393171,GSM2804891,Response
6.114727832,4.224800666,4.111846428,4.415046503,5.711667026,3.397609924,5.146979549,3.754898476,3.916835158,5.623634814,5.895731883,6.735322654,4.321409209,5.379347601,4.794695497,4.583867537,5.070276491,GSM505596,Non_response
10.94096,7.904659,8.449127,10.49848,9.317727,7.483399,9.113624,9.67859897341483,10.15321,11.56125,9.165582,11.77879,10.3479,10.47228,9.316705,8.953596,7.116229,GSM139573,Non_response
8.43336613059506,7.08868922085571,7.26029910216997,10.7211736278257,10.5633529151688,7.2449971207693,8.78571782653693,8.26496083949372,9.56130765147049,9.89207262583428,9.33263935010752,9.88156359909069,7.99677518478264,6.69648584386177,8.61155740150535,8.4508897827805,8.25184013916073,GSM809253,Response
7.914273459,8.311692616,7.998138857,6.948945277,6.971440711,7.630136226,6.784733938,7.803992006,9.150328244,7.505612913,8.502896521,7.826496564,8.417258255,14.26989486,7.430929893,9.354697461,6.959920119,GSM2804957,Response
9.36919192818089,6.07405574159574,6.62667758107359,11.5058125346578,8.36797046316945,6.74741724752368,9.34334991428259,7.23412852768208,6.12655793516148,9.38364199732311,9.59148938234276,9.14334215223809,9.39566791972766,8.25556572909302,11.8779645323692,7.44081282420631,7.28722862943238,GSM1875924,Response
6.282400685,3.924954483,4.087507235,4.782859734,5.596710426,3.097378879,4.125445028,3.729307694,4.210767158,5.562666777,6.159326498,6.46554757,4.041811529,5.633611456,5.541369369,4.225494142,5.121924796,GSM505558,Non_response
7.262381702,3.905466215,4.41905473,6.441423653,4.851285116,3.543186885,5.343871927,3.625718996,3.82790775,5.535578561,6.20307479,7.033196148,3.885189672,6.401836207,4.874946244,5.28318054,5.827829322,GSM508119,Non_response
9.31464925,6.960976747,9.175922368,11.41273657,9.349641548,8.438788894,10.29603627,7.431062583,8.989088713,10.65407218,10.98833375,13.54410593,9.950094087,9.367190488,9.579726663,8.600922584,9.021171763,GSM496036.2,Response
12.00063,6.441033,9.583094,10.5887,9.755255,7.773473,10.52199,8.75544429701685,9.801271,10.72171,9.233582,9.955421,9.12124,9.549323,9.218515,9.722803,7.682224,GSM139611,Non_response
5.59054411269691,4.83162874438379,2.98787248914684,6.70995810632896,7.09842519428385,4.05082297316471,2.70591915842275,6.86128601677532,7.4985729338342,5.24318615160205,6.42214165432439,8.69203118412219,4.0026064789533,2.60886288734446,4.34351541116142,6.58363914780862,5.5798510881667,GSM1233092,Response
8.177502584,3.8541553,3.977179247,4.356405384,5.139398358,3.352548255,6.59236088,3.730800867,4.194509908,4.965333881,6.38104171,6.889229057,3.941643471,7.279985407,4.971166682,5.015063205,6.136569387,GSM505592,Non_response
6.293742245,3.674108473,3.926788613,4.471357309,5.281128185,3.364756901,6.071794504,4.164237073,4.035442059,6.857223638,5.627550715,6.454317876,3.921445643,6.306926409,4.384350061,5.415115145,5.488655881,GSM505431,Non_response
6.31653993680146,4.48348518970663,3.2180275388388,9.75094853202547,4.69806051858384,2.10680952423297,4.5923258822499,8.69474091418205,7.64461909231322,3.91720062652337,6.41770295426238,7.84603616720675,3.86595956319012,2.70905533551905,4.86267921697007,6.39951731888424,5.54481120192282,GSM1233063,Non_response
7.643321039,3.75644042,4.277895671,4.753826403,5.042734936,3.479343365,3.909573439,4.001787173,5.096855865,5.51431491,6.717336024,8.418396816,4.023812634,5.775483573,6.062893957,4.837127493,5.616438603,GSM508165,Response
7.896406299,7.860385573,7.539297652,7.119935576,7.249053384,7.635711349,6.950373557,7.45839858,8.520397874,7.384042346,7.728965781,7.65731818,8.313873964,14.40944055,8.006783913,8.975785865,7.150048216,GSM2804915,Response
8.97196249397624,6.33958863404777,7.68307538557585,11.768359423153,9.86413746615407,6.63510162440735,9.88628798381908,7.38347685207209,5.16044857347314,9.26090255297498,10.7422110466892,11.6005351896913,8.6447517067784,8.46076993670989,7.65415262765392,7.93112773548196,8.97196249397624,GSM1875907,Non_response
6.121241003,3.842552735,3.689940752,7.723024459,4.805239347,3.415864187,3.598044171,4.005765453,3.611221083,5.949604693,6.685495335,7.338325401,3.902875019,5.982554696,5.236348905,4.981195957,5.65679278,GSM505382,Non_response
7.211283652,3.648504497,4.526780991,7.572375018,5.047937412,3.58264505,5.935430522,3.701370253,5.633945141,5.888505452,6.771543209,7.577362199,3.936092563,6.012988491,7.339367243,5.840314238,5.838717037,GSM549238,Response
6.91589622450989,3.86188162374583,4.2367631662576,5.55349280238843,4.90160030177471,3.41082958262532,4.86937573130522,3.66645328185447,3.69121918224472,5.56958174024091,6.06810006561111,7.00481617404119,3.66300664861896,6.04369557089982,4.8732903463798,4.62684856087288,5.61716343733842,GSM1050606,Non_response
6.818088942,3.570624777,3.978128659,5.741948935,4.570527237,3.58373512,3.771352154,4.135162495,4.305662908,6.271677964,5.798194005,6.42897758,3.597992357,5.255991294,4.925947829,6.302257897,6.545211516,GSM508024,Non_response
6.76889820595098,5.40777953800925,3.35500349334646,8.70217224480644,7.27258309103292,2.85052058997653,6.10110908144082,6.33281509624133,7.23788526846314,4.95689192361735,7.10214120748534,7.59590149791448,4.97269989620024,3.0690338729356,4.61718367701195,6.3331517551098,5.40992022713061,GSM1233013,Non_response
9.85220778654168,7.6764007005033,9.37428854894932,10.3002112974155,9.99593155309297,7.97860496974231,8.57016218192306,8.15786390153883,8.8992010466787,9.70999844149949,9.28203266853287,9.73386424787054,8.26863857821198,7.39498223918079,10.3250809808809,8.60089113417026,9.8124474268042,GSM809273,Non_response
7.62767834136983,4.33004524374914,2.85670758449146,8.97527279967,6.37999967476911,2.7068161177387,5.38665164135737,7.17825620504264,6.23228915686331,5.79424742031826,6.25864345342739,7.68674755632859,3.35654857661403,4.59954256280721,5.51616130423132,6.3204337282901,6.69751223446684,GSM1233009,Response
6.18061555349163,4.0926214908626,2.89976275807446,7.34398249454597,6.91221558455793,2.12333729923973,3.26047110130073,6.76584442488387,6.96133860522641,5.71614173374927,5.67241549233921,7.47727199525783,3.73738716622897,1.73482182376253,4.31597818823301,6.60840107077091,4.87091139886413,GSM1233077,Non_response
8.95702530096684,5.9349503624911,5.81851867142951,7.64159123916865,8.12301123586983,6.14393088114915,8.25892134774916,6.73646694941576,8.10299809360184,9.64605717941371,8.03742093922361,8.25510928866294,7.84928731077475,7.17032461483682,7.77423724896057,7.99781041927722,7.78597898201237,GSM4171557,Response
9.55373446509717,6.76110505417672,7.59427121064767,12.2791918237159,9.02423130909621,7.15513119629299,9.97075175292806,7.57942766414961,7.246860262765,9.90620405261159,10.5971386789851,11.2049361918539,9.62121959792183,8.57532019068754,10.8555393681264,8.14935969507527,8.99958083330377,GSM1875974,Non_response
6.18912714958813,3.91934891083792,4.2547003750765,4.81952671883963,4.94225771230752,3.32839984185222,6.08301829345218,3.77568942997866,3.83831590742676,5.3697601369303,5.57502455068042,6.9704876081188,3.70634029237417,6.54604994276179,4.72145140657461,4.39990109943933,5.11222818952161,GSM1050580,Response
11.62362,6.740587,9.421104,11.35927,8.821742,7.971466,11.27853,9.41530595958629,9.141533,10.39685,9.501688,10.10875,8.94041,10.37447,9.914421,9.476577,10.86813,GSM139613,Non_response
11.1241456568494,6.49602548919892,9.40118286832197,12.3175926211634,8.83226971361907,8.71106903839165,11.8300860335097,9.56953232991714,8.0331159537205,11.257204346566,9.37334698873846,9.66947720734813,9.3619961228376,10.8035490004742,10.7669884481368,9.37377390538154,8.35639810565991,GSM158242,Non_response
8.33160960959336,3.80139043444682,5.22893732655977,6.98525512307973,4.86928154828092,3.70814719673491,6.10176163544867,3.49498055949845,5.96532986379066,4.97325010044944,6.1167003355342,6.16348389402192,4.07574020894008,6.86746693482153,5.68788875710692,4.97589982872165,6.82985070139125,GSM1050616,Non_response
6.368642069,3.848191555,4.514754608,5.968177511,4.847723815,3.491075548,5.263684036,3.645121673,3.903685939,4.791716172,5.993957323,7.25296948,3.820938482,5.037889802,4.470082892,4.522877905,6.780194398,GSM590852,Non_response
7.116778949,3.825166891,3.81895677,6.299903934,5.044518247,3.680323665,3.667881554,4.216542487,5.048362687,5.939004597,6.052744802,8.59894886,4.295057103,5.908406344,6.741462065,5.037225216,5.619507201,GSM508075,Non_response
8.021845794,3.763350431,4.512473873,4.845288679,5.305999278,3.494530892,4.452378346,3.833746632,5.789817336,5.807038514,6.666384567,8.258181224,3.699119794,5.757360027,5.29303832,6.128807357,5.728112646,GSM750739,Non_response
8.240342649,5.82015564,6.454221338,7.458254548,9.634678946,6.757384547,8.0970961,7.214242572,6.958603331,9.450241841,10.65793577,11.70237544,9.790636418,10.35929959,12.84891808,7.553642237,9.453562421,GSM710843,Non_response
6.17940178129115,3.95899932175492,3.04621129969464,7.83929227689568,6.33687340908204,2.31964762051553,3.66813912379767,6.88070963483189,6.75709754131609,5.07141306259942,5.98913237030028,7.5007764161103,4.30957625854572,2.0403301131315,4.64862264431187,6.59375051654156,5.04164228699613,GSM1233060,Non_response
8.696312106,5.433041272,6.703126581,11.44404165,8.681467946,6.927161355,9.462720766,7.878348577,9.313826814,9.947253721,10.632602,11.76512193,9.97653099,8.829946553,7.771364269,7.516879181,9.696061822,GSM710853,Non_response
6.83716417238159,4.50179656121148,3.66805909373179,9.83729812138831,6.86612994375922,1.75857954878907,3.14205882431596,7.29491613012045,6.13992834026292,5.12293989433399,6.29833221599734,8.35802449854816,4.41989264929177,2.55684107912596,4.1413982379373,6.55911790369181,4.97310064160299,GSM1233039,Non_response
7.878120611,4.036399303,4.222244902,5.787037257,5.047437321,3.325708785,5.433873025,3.869428725,3.8540724,5.46169857,5.745724018,6.434851313,3.872482899,6.763150448,4.808950254,5.017350002,5.643698804,GSM508156,Non_response
6.60350963366324,4.64040204488885,2.723636277528,9.45127677607485,7.15905124586994,2.39013101172379,3.6722548953332,6.42400108634155,5.92134621195141,5.64764405861779,6.69142088217717,7.7100517739032,5.35794826601719,4.0525197775038,5.12989732083125,6.31201639662945,5.05356432794459,GSM1233030,Non_response
9.89997620441974,5.00892927678109,7.61114696291315,8.99269734134903,9.16775465827905,5.31947414004353,7.61944315532476,6.11810121098591,6.72664285608143,7.10251658415669,7.371962308762,7.97048377513812,7.77335310354474,8.94319896436244,5.75735744056829,8.15946950185683,7.73786290138312,GSM2193372--27,Response
5.156004972067,4.13370084444453,3.31716720608648,9.12037903024059,6.51621374592821,2.01610099154683,3.12694464127926,6.65454073080698,5.82353941319782,5.21117800146898,6.64029157341581,5.36913601908072,3.24483029393287,2.24708728975163,4.88744668764167,6.85730102804069,6.14942060982369,GSM1233050,Non_response
6.584866369,3.803518868,4.291026413,4.577041054,5.633614937,3.216436816,3.759835895,3.679709736,5.206918755,5.281759266,6.260525941,5.960589979,4.09113949,5.430418594,4.763496609,4.787272772,5.872600131,GSM549298,Non_response
8.22578433106544,3.68430865202058,4.82691704714839,5.83022312448395,5.1519475833669,3.36921364589396,6.11162698737712,3.18694324501656,4.30631790937935,5.1946631689102,6.26658253197688,7.0244751693644,3.49618501087577,6.95985158487906,5.75604352353641,4.83643212732699,7.11929741532006,GSM1050637,Response
6.67310164641827,4.71653700333518,2.84301196166433,7.23377347736871,7.25108487126571,2.86560805356845,4.1824691732208,6.12757535103359,7.78512517142862,6.05715918734178,6.6543885423389,8.26033664957858,4.03678445676661,2.11055160820654,5.0212350390034,6.40696998078669,5.71716706187112,GSM1233097,Response
9.98001553350204,7.4042201561465,6.62558396999862,8.74256103008451,9.98782964952922,6.80336336133793,8.98684864948616,8.7251558833586,10.0756370656889,9.3354732183874,9.93257756399227,10.1336079372515,7.97039857013577,7.65692329457406,9.33710317790762,8.16890199049116,9.28695890209358,GSM809200,Non_response
8.234560832,3.760276039,4.886539736,7.19848875,4.882931117,3.520458832,6.373176493,3.85682075,4.50811186,5.970200958,5.925858322,6.712796573,3.65294465,6.489931518,7.100643147,5.310919924,6.740677612,GSM508113,Non_response
6.185391676,4.02336194,4.195861783,5.845971669,4.970675836,3.800532737,4.979428459,4.134630939,3.807776153,6.302285654,5.537418736,7.638561358,3.978771808,5.79152004,5.316541695,4.965205222,4.993259519,GSM508037,Response
7.925684531,7.03948916,7.556848416,10.08840681,8.444176181,6.80264302,7.360274241,7.237849186,9.153769453,7.778769393,9.814831111,10.89604631,7.640176044,10.49810809,8.422497016,8.585063438,9.315042233,GSM2804944,Response
6.662682493,4.136774259,4.629186166,4.134336865,5.491063402,3.314614775,4.979385133,3.892768325,5.282279169,5.43589782,6.422345241,6.792007978,3.866289812,5.762551881,4.678546006,4.077394822,5.07344969,GSM549306,Response
8.9336018,7.344824308,6.912283292,11.75060157,9.304525028,7.310005594,9.479800429,7.29746412,6.466747838,9.919107431,10.06280084,9.328333439,9.168268504,7.995746715,8.133030509,7.357271318,8.271218939,GSM710830,Non_response
7.157133461,5.567797758,4.093068307,6.589151005,4.900945696,3.871487546,5.689589768,3.893738799,4.442372864,6.164730513,6.953943974,9.617676128,3.953533162,6.879290946,4.674197575,5.804444695,5.851982318,GSM505473,Non_response
5.75129571,4.281314843,4.176143294,4.705736765,5.172999182,3.504238479,4.831173785,3.846358424,3.717892869,5.47220167,5.737511185,6.693902318,3.962334355,5.739214399,4.324033105,4.388856951,5.472059633,GSM590866,Non_response
5.64453849082377,4.40525030220116,2.88867473363075,10.5638848783603,5.86013245851669,2.28413129171421,4.59303503212456,5.44893232018081,5.70074829300238,3.67516104392584,5.8149886084707,6.07184886828591,3.80183583140886,2.21583671032128,4.51685195317594,6.34060593272238,5.10695139294665,GSM1233040,Response
9.29191130982063,5.91772186791651,7.59320629078567,11.2581164042152,10.0059496853735,6.38955523426492,9.87872256320172,7.269656570654,6.21702387694233,9.33990644234181,10.3629743429869,10.4864892225964,8.17342473448913,7.91885020647674,11.6265252440702,8.60184942205913,9.20547612990086,GSM1875897,Response
7.274895416,3.859538429,3.845754728,3.503251087,4.930939711,3.852207464,3.957140444,4.334708687,4.950212498,6.303354827,5.762149569,9.981299956,4.224001008,6.869487303,6.211764531,5.378688177,5.089433093,GSM508019,Non_response
10.83693,6.555956,8.692268,8.350165,9.465816,8.189288,11.39111,9.97509108311016,9.962354,11.57394,9.083737,11.23656,9.452556,10.18509,9.092644,10.39524,7.530333,GSM139594,Non_response
6.31643791,3.767412282,3.816277997,3.93826723,5.302468322,3.068158742,4.865919006,3.741257505,3.846157903,5.069287944,5.678257509,7.172292599,3.895653698,5.496485141,4.378124354,4.655078054,5.009649459,GSM505337,Non_response
9.95064950430992,6.62906703043277,8.01227311356748,11.8790836729844,9.32651950658672,7.7689374337801,9.27182654334485,7.79626203451634,8.53978490050026,9.65556134077387,10.344672287909,10.8747328583411,9.30186533285394,8.75444452720458,11.2382248928484,8.64056162691197,7.86095408864709,GSM1705390,Non_response
11.32314,8.088874,8.458282,11.5983,9.550753,6.844465,10.60187,8.83538349543339,10.03905,10.69849,10.43792,11.40838,9.559179,10.24849,9.960823,9.331705,8.548176,GSM139597,Non_response
6.08659165847231,3.797386898818,3.99626851954448,4.6662612243915,5.22706963412777,3.3638773507799,5.94423257580146,3.72781878909872,4.51522949230272,4.90785957565079,5.88077506738975,6.82597711065243,3.68480090567765,5.79358181949927,3.88820014884573,4.04188997988505,6.67180610705201,GSM1050608,Non_response
6.933385503,4.118137211,4.790249034,4.399461017,4.766759414,3.659815205,4.647594533,3.761554049,4.426118966,5.446049096,6.601237556,7.475685139,3.984920174,6.764387909,6.654996694,5.259750045,6.482420281,GSM508093,Non_response
6.50124923316567,3.62093766391539,4.01983868981956,3.95575992167177,5.11917800104535,3.33387468153268,4.4501842396814,3.66342777021904,4.37356035488792,4.99103387051126,5.7529746527325,7.49726804565329,3.59939816351501,5.15251185025009,5.60773265616738,4.51332091416644,5.37694687466751,GSM1050577,Non_response
8.06593679431669,5.8622040469663,7.19817687248371,11.2729162060399,9.96778629667493,7.31058368024641,6.62393480818255,8.50533760362655,9.76635584343404,9.94003004786972,9.08194590292794,9.1922318682648,8.13689158774947,6.48439856111902,8.80246016534009,7.98022737119608,8.57784330701304,GSM809257,Non_response
6.865728346,3.769244308,4.636368909,3.783526304,4.847723815,3.355709188,5.290837092,3.666955616,3.890447317,5.020610198,5.292763437,6.454114685,3.674099757,5.221488824,4.546149738,4.570131703,7.630642298,GSM590862,Non_response
6.471717465,4.297191986,4.205457008,5.153178419,5.574608971,3.361137586,4.040176795,3.763794957,4.049402672,5.281081386,6.363437311,6.98101906,4.261297272,5.703961587,5.294081916,4.133957706,4.934534217,GSM508134,Non_response
10.8971341427843,7.91785594061817,8.91552127019055,10.5017942402927,8.90189506118736,6.74532252387886,8.24611724264521,8.91841303429637,11.3992645112006,10.859360635702,9.96440141661346,11.6403193481731,9.314707707891,9.78761516198183,9.65991344456935,8.75063581473023,6.48587823577707,GSM158231,Non_response
7.297059308,3.702619527,4.772190022,6.468393609,5.129813878,3.442006822,4.42811744,3.827545195,6.411623005,6.219579782,6.593877492,8.909588361,3.824893126,6.676930765,5.687596979,5.313361585,5.546701277,GSM549259,Response
5.66037994087141,3.56067244048231,2.72233488056444,7.91806224385412,7.14514284916593,3.1102392228967,4.40239204016126,5.87281347879971,7.07552929985,5.46229958524874,6.16828580227598,7.77370995882047,4.25869605325431,2.36136369597617,5.36335347176473,6.34989521130951,5.31685184069857,GSM1233086,Non_response
8.259728509,7.209393065,7.261300961,8.18667157,7.870572739,7.096204623,7.596635955,7.074540465,8.371638618,7.102099948,8.349495097,9.769681956,7.588120136,13.02614626,7.313570194,8.297113778,8.695765814,GSM2804892,Response
9.05320522920812,5.91837389636495,6.45402246950829,10.1178096166181,9.97435113386064,7.1736199641731,8.32050503235702,8.56864549268973,11.3073135790155,9.57067623081549,9.62572154091191,10.370731186219,8.24301944272341,6.93576149388399,9.23012937821693,8.09666918101635,8.29312752622287,GSM809222,Non_response
8.327009297,3.858175155,5.349036134,5.024103644,4.9116344,3.593370509,7.48784995,3.836303149,3.817734835,5.702760018,6.313987479,7.549491897,3.888335597,5.845321982,6.022568027,5.202390813,6.328853806,GSM505358,Response
8.41467127205233,6.04110257761273,5.44631790768238,10.6584560384471,8.92397456665578,7.02837446321981,7.10147505848348,7.22854909104365,7.78393889795208,10.1696904417066,7.88151762028614,7.47669889312259,7.68287560307769,7.26557323368773,8.0531508250785,8.44649761116148,8.17359651172945,GSM4171513,Response
6.402710448628,4.43601114516177,3.09505846356695,8.88828473522564,7.1234793808719,3.63097870965278,4.7464150357716,5.74990815287289,7.50793201718765,4.15293758226588,6.23360621761704,7.83051740008376,3.83091803147464,3.39636890844736,5.01563798718015,6.07131486519355,4.6554923111807,GSM1233146,Response
8.4555012,6.866702919,7.580067652,8.336622736,7.765807265,6.836372097,6.793161213,7.360724205,9.807413968,7.286918778,10.73896068,11.179255,8.037799128,12.74743302,8.525912954,9.290535753,7.855268019,GSM2804954,Non_response
11.700487839558,7.45259419257738,8.70589123880794,11.224554340733,8.9638287149019,7.40836972088896,10.7403386269856,9.34644827471358,9.60576254770987,11.2124211213946,9.71962354759392,11.3956390961201,9.407459857552,10.4319124994023,9.11454828018213,8.65897757492284,7.85988669763432,GSM158268,Non_response
8.74714851772393,8.26681249294267,7.04403930367862,7.70547729885699,10.5022374251047,7.86013432243968,8.16192717910793,8.20584505815586,8.61969136161325,9.32988210746281,10.0414648831953,10.5491214051564,7.77560410320328,6.36934926361553,8.3703931955531,8.59054692750195,8.25306556610254,GSM809187,Non_response
9.27533158069225,11.0593792241507,9.29854494218688,13.5754714619387,11.1371841984447,6.52329910886505,9.75216251718569,8.15225747657396,8.58831111465253,10.0258084741514,12.8120964377529,12.6050730901836,10.380412177994,7.84188773745368,9.83770900830535,9.56852889921945,9.85692991521938,GSM7040788--RNA31,Response
8.41336184306355,6.38116282830796,5.75484110931032,10.1351263009762,8.83136390309028,6.94991426152992,8.33430150802479,6.84816746636727,7.09721389754083,9.85205286537212,7.83836835102413,7.66463955789173,7.73971006252104,6.33534349498527,6.81205309751383,8.17992998581411,7.13182661148245,GSM4171566,Non_response
7.56935801497628,3.84439619015249,4.41714780250725,4.20270220241566,4.89209483783393,3.43585464503847,6.74985418291709,3.47574310379601,4.21354882009687,5.0170346253915,6.00259627332847,6.69872776487507,3.76781202255203,5.93632509916018,4.81262753238626,4.88694511626972,7.15295869037572,GSM1050623,Response
6.74130065023144,4.14576539505579,4.24969337947162,5.73059650984285,4.77504434786312,3.39021461392147,5.74564016457427,3.48906554296215,3.8267108332993,5.31115739378749,6.12639149343008,6.47154040325074,3.79576033349041,5.70109388012125,4.48060373632732,4.76284577953269,5.9442596654896,GSM1050655,Response
12.03814,6.762905,8.904118,11.7432,9.442477,7.582257,11.73588,9.05647126559132,9.982093,10.34434,9.202278,10.79014,8.962476,10.06329,9.898498,9.367676,8.300839,GSM139624,Response
7.247897706,3.86796479,4.089700634,5.17102178,4.692895222,3.526245596,4.568587079,4.019908522,4.360735402,6.149306579,6.146448001,8.686165302,4.101142695,6.274686887,6.391889833,4.760299232,5.499482346,GSM508110,Non_response
8.76640427790521,6.71703936664268,6.74783815309594,12.5749754874905,9.89729772675503,7.53774447130092,9.38762783040502,7.61431910038429,8.11020800861929,10.0090765785499,10.2403934433478,11.3460422154409,9.83586302245396,8.56816320117441,11.7027067104631,8.59706214200588,9.06411297208864,GSM1875975,Response
8.04628552114684,8.11648069737888,7.89675059583515,9.9211960503742,10.07883844778,7.47367744840699,7.86388676116647,7.9270960388647,9.17183287361554,9.06003647435104,9.70021890464345,9.37330228968846,7.49554104423987,7.05370179504133,7.60302643395559,8.23870658524991,7.7213386533876,GSM809211,Non_response
7.423901035,3.634159954,4.879541816,5.483233261,4.769267344,3.470889342,5.85194773,3.94505329,3.851353001,5.58173002,5.534140508,6.116107349,3.801421133,5.668210729,4.347709931,5.11954498,6.126305475,GSM508070,Non_response
9.00471678543157,6.17708449575411,5.03493058409374,11.4183533604384,8.84074159717908,7.17186233955936,5.77972018416427,7.21279863195074,7.62814247454932,10.6483964195253,8.44276208982321,7.68403246071783,7.94096720199267,7.43393707770684,7.59529367102078,8.44652169773089,7.96365572341049,GSM4171519,Non_response
7.198146684,4.183536635,4.966088102,4.486416758,4.980145305,3.625925282,4.645797285,3.736258064,5.548611307,5.700354036,7.116559616,7.149671858,4.00935013,6.864310724,6.625196711,5.415504342,6.514622867,GSM549278,Non_response
6.99787909835997,4.67697846713363,3.11329729249061,8.91651686427549,7.61869078183822,2.14462296238404,5.02644199486566,6.44724253180214,5.57769891552974,5.33650598702896,5.93133337469751,7.03373911836301,3.54277482954232,2.67173834570386,4.40505478816738,6.4232071744734,5.18800222975289,GSM1233139,Response
9.144816725,6.18048667,7.756445312,11.8765553,8.865207821,6.13324773,10.04874299,6.809916121,5.63460497,9.269442956,9.702860143,11.84701204,9.400159299,7.874692273,11.22773459,8.818794441,8.286047455,GSM710821,Response
8.18226538914804,6.5007911145086,5.15994304054671,9.23700241105546,8.41318265297475,6.39089165781539,7.3000411299344,7.27983782940823,7.81882397837673,9.62012815331568,8.23814443008662,8.03133080784653,7.36115293706887,7.62202090679004,8.15839486429317,7.81697122324674,7.45279020210819,GSM4171504,Response
6.680626506,3.218307295,5.194294998,6.733370163,5.212460513,3.80178929,6.05330621,3.882088041,4.014502922,6.615844164,5.756429436,6.852736011,3.93022602,5.173624735,4.124345217,5.598529067,6.212589381,GSM505461,Non_response
7.427850574,7.595989023,7.42418481,7.146322008,7.786199862,7.226677961,7.106460554,7.146322008,8.505067791,6.997831146,8.607869659,7.645990769,7.85419388,12.98993689,7.146322008,8.546691716,7.582562448,GSM2804920,Non_response
11.73562,7.345313,8.968706,11.73766,8.356666,7.386222,11.5557,9.68230895091017,10.12475,11.19289,9.892004,9.86619,9.136684,9.873656,9.890744,8.809925,8.161582,GSM139623,Response
11.0998,8.725379,8.665039,10.52288,9.215665,7.987393,10.77565,9.0752211748723,8.949725,10.59263,9.472619,11.50615,9.004994,10.07352,8.873032,9.263735,7.70033,GSM139570,Response
6.772218496,3.555359676,4.181804462,5.277972723,4.91086756,4.119805699,5.342811076,4.365099698,4.093227817,5.26678339,5.814916241,7.866238156,4.048244347,5.970516246,4.271269979,6.871824438,6.376581078,GSM505459,Response
6.167900759,3.783642746,3.805997066,7.035432942,4.960992784,3.817691399,4.188762878,4.221560125,4.077222121,6.374967607,5.944823881,6.174034154,4.161008312,6.280778588,4.588664575,6.068683516,5.236930516,GSM505578,Non_response
6.962784992,3.550291629,4.203415549,3.735469948,5.179389825,3.52971891,5.828247758,3.797292203,3.712395331,6.239317601,5.861305478,5.988105605,4.201719346,6.291481855,4.201596355,6.033363489,5.533620126,GSM508127,Non_response
5.63738573552605,3.86106149225887,3.19904264798105,7.31243116709575,6.59871333304253,1.85106268683043,4.08027757018015,6.35261486876871,6.75725203759706,5.71354994621694,6.3850690628045,7.73622511120312,3.55965256280368,2.16407494655155,4.30666982329148,6.53303124605052,5.16478307074222,GSM1233002,Response
9.956871461,6.907370323,8.034871077,11.34328902,9.006133796,8.068705056,9.867326739,6.964163227,7.985213129,9.724268486,10.21338154,9.409776854,10.56610131,9.623477793,11.99266292,7.061226258,8.888885301,GSM710911,Non_response
8.02113866834429,6.0034395646669,8.33162704728927,10.5026555518959,8.44026224093495,6.99869267015959,9.80255247707042,7.30679554774012,7.82483284398466,9.6050604147632,8.36282475825212,7.07350289982478,6.82564900389007,6.99546318203406,7.39683945675637,9.08443390665416,9.68179177554577,GSM4171497,Response
7.27216677,3.804106996,4.410521222,4.713209366,5.226446341,3.444989193,6.864992787,4.014110446,4.184561745,5.507595969,5.610362994,6.634573637,4.003055895,5.691097831,4.930843611,5.23196624,5.3162574,GSM508181,Non_response
10.86752,6.387579,8.83377,10.70117,9.645167,7.073558,10.49928,8.80512066988498,10.22556,11.48525,9.469617,10.7965,9.512999,10.53942,9.138434,9.596399,7.438475,GSM139584,Non_response
6.217931833,3.713082171,3.629282925,4.405178283,5.067468637,3.457634967,4.131372861,4.293308043,4.473969251,5.70101865,5.955847869,7.669563729,4.053945866,6.038614492,4.867251188,5.424839219,5.294727144,GSM505589,Non_response
8.85153189253079,7.3163425859927,5.18481805242432,9.27777397277924,8.82356899514425,6.60778585804601,7.85222591013302,7.82147488413657,7.38421326345792,10.092168302616,7.64605118499526,8.03404272857103,7.65457724052178,7.76037397517493,8.04735609411874,8.54049485807777,7.58644457349158,GSM4171579,Non_response
8.12162259444691,9.30193307371768,8.94184763520747,12.7178919387844,10.5941479183656,6.94971026578131,10.6444645224658,8.38790409543871,7.0471929257549,10.4246978319286,11.1338268541921,7.12317472222917,10.2340635091838,7.88735851584299,10.2951772592633,8.85806825586783,9.90548645450529,GSM2811164,Non_response
6.193714773,3.184957915,3.772787444,4.53711566,4.570900036,3.505229821,4.760963368,4.071078272,4.456035497,5.535914016,5.270720287,6.289802515,5.194437567,5.545573567,4.399054417,5.845593775,5.48968815,GSM505469,Non_response
9.125777711,6.373195635,7.187590006,10.83069442,9.060601562,7.899717919,8.629331123,7.556947495,5.236885757,10.21080809,10.50681434,11.99977529,9.937232483,9.630812947,8.417898168,7.66327483,9.047013719,GSM710845,Non_response
8.50322202926568,7.13042766351925,6.81285858728428,11.5861104997004,8.9902887889399,6.68505019079116,10.737063504466,8.07732253739409,6.73794456369135,10.5686454869292,9.92857113665545,10.5322550958554,8.63982576644474,8.85546616386535,10.832791611446,8.33347883983168,9.29395259607205,GSM1875961,Non_response
8.86381376217215,6.38367347708236,7.20988514010306,11.2942091750944,9.26927794065525,6.22341492348915,9.63942979262517,7.11031199379217,6.32917437226521,9.38053729161947,10.1752087702069,11.6629132187968,8.41614099116961,8.53630072736586,10.833662290289,8.12202303384571,8.3922336034407,GSM1519437,Response
11.3257297099738,7.19949058174361,10.116832018415,6.08543686998754,9.1370636177397,7.68048075265353,11.6921898705728,7.71490008283818,8.17076733261456,11.4635184791849,10.1177704816187,9.28675615304341,8.5045563995089,11.0283639593694,10.5284909190008,10.1322711889057,9.12234891158925,GSM158202,Non_response
9.00113749840162,7.1554615194602,7.25696051039292,11.3506363825722,9.52980881546878,7.35587774483698,9.75258304929258,7.34238554998168,7.60470403386523,9.95479444202631,9.53773617651982,11.2594131957135,8.84307901187606,9.49198160959491,9.426823802224,8.21151969915399,9.06358005725584,GSM1875946,Response
6.767019043,4.033475753,4.680034027,4.125231405,5.3737087,3.42811736,5.265132679,3.582056814,4.072400733,5.327152578,5.666956685,6.69999979,4.167696338,5.482669769,5.929321041,4.544496262,5.808212627,GSM508079,Non_response
7.09951982171558,4.25372246679441,3.00504574583383,5.98812526728459,5.6945279851951,2.07719845505664,3.47510226532864,4.5476756469439,8.35438634023638,3.83588157854036,5.69548473533529,8.460173175519,3.25482174065006,2.67794223207989,5.19579943871133,6.34706336527834,4.32852865625797,GSM1233055,Non_response
6.624582082,3.531827806,4.821655812,3.401293396,5.132531023,3.756178629,6.586301208,3.929823857,3.980792946,5.948000431,5.320480182,6.035806333,3.795440136,6.669789675,5.960055564,6.493338795,6.511787482,GSM508034,Non_response
8.85769699924452,5.8722925779911,6.85791194387794,11.204221682133,9.72743517915364,7.38720549255758,8.01230958042174,8.60242369097967,9.64739722698089,10.4445806889003,9.03308347044597,9.48588055523099,7.84720970400917,7.48749096859074,9.29048550341896,8.49067452183755,9.12733870848476,GSM809196,Non_response
7.97312341,7.97312341,7.486910966,6.984687568,6.88713889,7.640489276,6.912061163,7.460023096,8.614377174,7.3523024,7.460023096,7.460023096,8.437443706,14.33469714,6.707429455,9.46198058,7.115668161,GSM2805020,Non_response
8.168218368,7.027836036,7.012746572,9.283083826,8.081100685,7.109378492,7.272645213,7.016755992,8.521628329,7.229074722,8.959175559,8.674673209,7.54070371,13.06140301,7.122313053,8.074165148,8.086678822,GSM2804930,Non_response
6.772037812,3.809585367,4.006158137,4.69858513,4.905698006,3.375954614,4.120583624,3.931273535,4.712017452,5.633927551,5.889850109,9.116690077,4.350737169,6.466730769,5.358114703,4.894909616,5.160300391,GSM508073,Non_response
7.94333702110705,7.47385958522852,7.3052200352565,9.38033467961912,9.83652957075054,7.38720549255758,8.11190642048257,9.01439662698908,9.13678987751947,9.65868762264219,9.86696672654366,9.54399453612937,8.00543593847635,6.48680766028662,8.79773308258075,8.52821647558313,8.439203701829,GSM809215,Non_response
11.52251,8.017091,8.789612,10.78719,9.309038,7.081188,10.02359,9.37074751808352,8.98517,10.78188,9.302044,11.21118,9.557674,10.0465,10.25727,9.330734,8.844943,GSM139619,Response
8.99224738771602,6.48992236905873,6.42337618032721,10.404679758635,9.17354178395014,7.40532989727533,9.2380640251799,8.23123927738952,8.96627229137849,10.459629820082,9.0901258859823,9.14514605600452,9.6428036250922,8.70284277032308,9.08846859281464,8.30211234898074,8.92040553924134,GSM1619392,Non_response
11.18146,8.317544,9.508425,10.12965,9.555238,7.346033,10.39814,8.72314757507209,9.01992,10.18016,9.736033,10.95232,8.764791,9.599453,8.399337,9.648674,7.198765,GSM139572,Response
7.775454382,7.989655855,7.414875192,6.515425585,6.936473064,7.989655855,7.36625287,7.341525175,8.841759176,8.047052426,7.802749776,7.600074838,8.544156583,14.69804896,6.953998206,9.516320199,6.899971803,GSM2805011,Non_response
6.231267868,3.818373889,3.981131548,6.14807964,5.193249626,3.283276616,4.341035642,3.639890514,3.730619748,5.504163225,5.350839964,6.688581951,3.838495232,5.352001016,4.863518851,4.40157116,4.650499313,GSM508062,Non_response
9.99562347,7.074124796,8.703142843,11.35298438,10.05588917,8.609219021,11.0512319,7.983104388,8.905309969,10.58628115,10.53929289,9.810311537,9.311404847,9.098519465,8.080767299,8.487764808,8.17371576,GSM496041.2,Response
9.34640678830184,6.0696518286313,5.54193451962575,8.20537571868861,8.53040821151698,7.41932609641273,8.15575694793085,7.58757167642323,8.74407204483338,9.99612787396531,8.56282273343093,8.65557026527439,8.37804659161774,6.99594705863921,8.13761088423825,8.6751730432962,9.081821264805,GSM4171558,Response
8.914112262,3.883763802,4.822813726,5.667872198,5.086180603,3.510612376,4.661715147,3.760149702,5.665316522,5.912453653,6.944454847,8.437628107,3.663287011,6.652475715,6.178389385,5.645237884,6.836106155,GSM549250,Non_response
8.545568554,3.8730014,4.471914296,8.350661104,5.265263577,3.469671467,6.074092016,3.868727489,6.018342526,5.55723376,7.458720924,7.229686445,3.859678123,5.361238885,5.505107194,5.174612354,8.257166836,GSM549234,Non_response
9.54406190769591,5.76022732991664,7.43128794815574,11.0779221576169,9.76635737918933,6.01750320245045,8.9469323585566,7.34704055212743,7.64602811705157,9.36035199642658,10.1194674862368,11.4519144955473,8.68307540175871,8.35439695824527,11.4523003999788,8.15328819476854,8.7235832609459,GSM1875900,Response
11.48918,7.311417,8.565847,11.04705,8.788263,7.390545,10.62212,9.1074298577277,9.446328,11.07686,9.533899,11.26744,9.271908,10.31675,9.006572,8.559316,7.83108,GSM139618,Non_response
7.341705886,4.28244376,4.424611813,4.699746392,5.174919296,3.36419796,5.266775945,4.266679583,4.181112166,5.04982847,5.913804418,6.415189184,3.619719366,6.01368958,5.76794622,4.161190877,5.828446994,GSM505436,Response
6.475370733,3.798536775,3.85096788,6.787034045,5.040979551,3.540147445,5.691331147,4.043867362,4.266369871,6.596930678,6.222839181,6.669900747,3.829348897,5.187038309,5.45232617,5.564883673,5.124259686,GSM505389,Non_response
11.6619837711717,7.33144193230904,8.814948457084,11.7590237684013,9.41757049924725,7.70062668270227,10.1431102959933,9.748982906844,9.96640782416773,11.3866344032405,9.5553464574384,11.4739165218131,9.90809939790393,10.2582102699572,9.30364674653065,10.3445373810912,7.26014700792807,GSM158219,Non_response
10.2299765604797,6.21368140875326,7.94408284657911,12.3849039928215,9.27455706020259,7.51652988456467,9.840213301084,7.94413256795218,8.55923773092071,10.1191252920947,10.3196094470787,10.3971899749699,9.72463328120589,8.79483174266889,11.0020915480398,8.56408730347028,9.69006925614783,GSM1519420,Response
7.465096085,3.73730737,4.081615378,6.349355326,4.961041892,3.510847532,4.023068946,3.911810284,6.295820005,6.191601416,6.398544631,9.142061685,3.795899427,6.187503372,5.565496843,5.518323393,6.017669517,GSM549235,Non_response
9.5480492076366,6.76199678776442,6.80251870960014,11.7541629460712,9.81799698530852,7.2002453607406,9.9961704836861,7.60256860515341,7.57118466855585,10.5374459990362,9.97570396453066,10.8087986327404,8.55507585029259,9.50368310877799,8.23811257122125,9.04143597484136,10.6550190231857,GSM1875986,Response
10.9824632060205,7.0678270245846,9.57405256044813,11.1649184092574,9.3254056367606,7.53809929271466,10.923530024534,9.14746656210139,8.66385337358835,10.7253189212233,9.7167645023971,11.0106692163735,9.02611933702572,10.8270277598712,9.33421854301736,9.54327909254181,7.4840934143059,GSM158276,Response
6.893413057,3.992039396,4.480387437,5.296122776,5.221429195,3.696802032,5.008399697,3.870027678,6.529060473,6.112593223,6.119110409,7.471663716,4.150718192,6.020593942,6.205553757,5.207495964,5.693258091,GSM549266,Non_response
5.82867593716438,3.90131145762492,3.99937071374309,7.68049365522748,4.68821753840237,3.82057624653627,5.40264039704405,4.13059825346298,4.90357241315086,5.91906494845755,5.88316165175271,7.30405765908542,3.75339617334348,6.16779041171793,4.6134619665732,4.79666460441501,5.29938079767087,GSM1050594,Non_response
10.0155753738655,8.63581991487419,8.48434490969437,12.2321327597107,10.3860625896602,5.95813205462637,9.29848803554159,8.87885332878686,10.9405735911438,10.9385215416006,11.6410041578821,11.6866888354387,10.6797342511642,7.67189346091692,8.49379376785748,9.23862753505973,8.93953392712048,GSM2811127,Response
9.32522190068416,8.73080540075411,8.90452277883741,12.0258413781814,10.7828876872016,6.25010930955948,9.81065164715893,8.90013116755491,9.40741976813567,10.2920912949444,12.442380345896,10.3727063686722,10.0764755310896,7.8809531155217,9.80405352461998,9.27280933211095,8.83677358154657,GSM2811152,Non_response
6.235795147,5.20783791,3.90339086,4.187737511,5.46718665,3.576244835,3.909723555,3.672747589,3.925733365,5.494102743,6.983785476,9.510230447,3.98664267,5.221565679,5.329284882,4.48847268,4.840852536,GSM505525,Non_response
6.957797493,3.788013693,4.302553162,7.045343382,5.163324127,3.347117801,5.320831565,3.85595883,4.69473896,5.947743763,6.572166924,5.621000742,3.806205562,5.964516533,4.774611022,5.911062953,5.058636921,GSM750738,Response
6.716380671,4.5699607,4.451763488,4.201312212,5.490398336,3.402722635,3.459632497,3.726932465,4.26531927,4.988413608,6.087063635,6.996090225,4.477912697,5.597858301,5.512006454,4.08594115,4.798979687,GSM508056,Non_response
9.8943962229886,8.90006145039126,6.20468786881172,13.0906359729997,7.5206209223725,6.80413470488173,9.07092975881462,9.14235440402591,10.6943284535285,11.0639046315105,12.0398051491659,9.47974639845107,11.1259089200139,7.66989367297048,10.8615321716181,9.47184896254536,6.82098033355704,GSM7040781--RNA26,Non_response
11.69018,6.140773,9.07139,12.30435,9.965309,8.800311,9.933986,8.65658602793677,8.945938,11.31061,8.906997,11.1396,10.03279,11.46039,9.191687,10.18114,7.816135,GSM139577,Non_response
6.568854507,4.005957073,4.095372088,4.771455763,5.456920168,3.487935734,4.018505805,3.681809179,3.848129431,6.030062489,5.674027345,7.504653714,4.300968181,5.49158291,4.897389313,4.863602683,4.895331545,GSM505365,Non_response
11.5781407857175,6.7871749219388,8.71355492970157,9.8977846703857,8.85875472239795,7.21373050186667,10.1485785781657,9.42385375005423,10.111991735697,11.4079877652512,9.22774204149264,11.9318114645761,10.3451178626043,10.1212576227972,9.93680633030135,8.69680157528397,6.92504055446138,GSM158190,Non_response
9.161997612,6.542372525,7.185746387,10.572523,9.586963336,8.359199237,9.186916321,6.936367681,6.875407106,9.587399113,10.51001649,8.253364181,9.565390711,8.085872285,6.812273796,7.360203599,8.839286086,GSM710839,Non_response
9.52618625593051,6.84497765490638,7.14958939586461,12.1354941624802,9.74921959911994,7.65952099899102,9.73129463643141,7.61025117119204,7.08319849121373,9.65949506002858,10.1584199689302,11.3389493192409,9.37554795714874,8.5110724896761,11.4897427731896,8.01321281681178,9.64885729354737,GSM1875906,Non_response
8.1558559278903,6.52158565007662,6.92919993362037,10.0248363950624,8.55439997931427,6.46371570822382,8.7734045199948,7.43571820048192,6.00570488071097,10.0861826984524,8.56405942509209,7.86340000662445,7.39582186130263,7.17710311212295,8.4455807526707,8.83565823557369,8.31851292080827,GSM4171562,Response
6.68831147,3.935862064,4.334481989,5.602424967,4.957934907,3.501920666,4.796764913,3.965724661,4.685485899,4.873269714,5.95747938,8.037632809,3.811234729,6.918241987,6.428880002,5.142813278,6.529459905,GSM505411,Response
6.61532324064545,4.27649527100607,3.91807293969587,8.56259961255675,8.30553040312495,3.05005087260078,3.51257301605303,7.11269676755823,7.43950848797679,5.62816615344782,6.22730788790506,7.80893850998864,4.42950216995168,2.07607880431379,4.55881320218157,6.37743177661157,5.87848377415755,GSM1233117,Non_response
11.8861984551543,7.49274742056312,8.87525756868912,12.2506617287931,9.17599584591395,7.27965098835573,10.8692379459433,9.42986033827013,9.72175259458307,10.1328639591842,10.3185281972137,10.4211124975778,8.92815481588295,10.5909195070866,10.4806339266497,9.74219523291941,8.5285083078803,GSM158218,Non_response
5.372655772,3.715942327,4.032950406,4.162926112,4.847723815,3.565102709,5.349786801,3.970202735,3.763686833,5.716281267,5.725476928,7.003117546,3.876905292,5.522934135,4.187528366,4.770782942,5.601638041,GSM590843,Non_response
9.72662999818024,9.25550877580015,6.08049510261127,11.1068443247999,8.83928561483983,6.89958315556107,8.13795111631812,8.27974591187393,9.13916729352255,10.3278244858311,9.26320627288496,9.07303606548061,7.96241213114444,8.27448620219253,9.11067937425822,8.82888381693227,9.41984333639145,GSM1619426,Non_response
9.5271863057105,7.17036980536875,8.22335068839717,11.6773726920581,10.1872829916903,7.71564454331505,10.5972244098461,7.74994246961465,7.40387951759894,9.80283384840385,9.92542839637684,10.9253830314029,9.16826740900866,9.20784687034132,8.20193185087462,8.08242542361398,9.255295425843,GSM1875991,Response
10.6278146219097,6.52504286187702,9.33546913473012,9.21073118579207,8.91084130935788,6.94157309860664,10.8045312139586,9.52534960068759,8.63468232255434,11.7358460455244,8.73963487298295,9.49476901254394,10.2154790215047,10.8717485938104,9.930918367802,8.24469860565817,7.46231093954993,GSM158253,Non_response
5.972398892,3.755043967,3.759271567,7.127637061,5.138332033,3.553617557,3.635556005,4.05726067,4.086505348,6.291148918,6.07980508,6.930166381,4.05726067,6.354491011,5.955378842,5.499941979,5.259258536,GSM505509,Non_response
6.027798312,4.26441982,4.568750368,3.79036695,5.125026031,3.714773522,5.496710398,3.738767727,4.046142548,5.966003039,7.10159497,8.166713225,4.024915009,6.232344089,5.384064048,4.832067223,7.000970453,GSM508058,Non_response
6.13963727019648,3.84763400894506,3.99314586307282,7.98417508424544,5.01755232758591,3.37638834172727,4.67313166247331,3.27965980969874,3.8326199574898,5.63344598592057,6.18446301177114,8.39941452917955,3.60525106004309,5.22018534912323,4.61742517857355,4.66042570660235,5.37656685556706,GSM1050641,Non_response
9.67961963554962,6.882353065401,6.31075393396076,11.1310497152985,8.2982548127525,7.4444383033837,9.59768281835867,7.37373916021532,9.58145264459812,9.45371668096508,8.99621554889852,8.31484467079172,7.42223101638468,6.78566681470882,8.91319206281426,8.4156313661999,8.69338928235834,GSM4171536,Non_response
8.188366599,4.250647899,4.328677442,5.926656891,5.241810389,3.480191401,4.721457074,4.048732656,5.270845272,4.857228552,5.833483953,6.929481591,3.996391366,5.528080316,5.150837809,4.841814485,6.729370067,GSM505343,Non_response
6.201913271,3.412388365,3.761207261,6.21154396,4.997073225,3.36488776,3.090167653,3.987460478,5.080945777,5.786167189,5.625793879,7.838433156,3.749623598,5.081531208,4.486113735,5.301562258,5.971175724,GSM505472,Non_response
9.53494854433256,7.19343077068478,5.65014733962833,10.4858069283585,8.38806183233893,6.22355334337866,8.60386937167365,7.10884716827053,8.25051965892132,9.51610401733351,8.31026068136761,8.76841099899817,7.68917808020155,6.83094458115944,7.82818527845526,8.04659693601198,8.50037071569708,GSM4171498,Response
9.82418567342411,4.77533390874284,7.31253948935664,8.89356386696135,8.63179278702139,6.78542158898333,7.60388000479194,7.4527017166939,5.83947559585544,8.12462984846788,8.16651429977548,6.67598383326127,9.25599919889952,9.05315480908802,8.2238804033933,9.47305127199979,7.81545399502222,GSM2193358--1,Response
7.130710417,3.71994882,4.010602788,5.609059316,4.905928729,3.513399884,3.660205473,3.910886714,5.207143192,6.140402347,5.983643587,9.038676899,3.918118408,6.023230865,5.689331622,4.887467298,5.677839444,GSM508018,Non_response
6.115431272,4.256073736,3.868726326,4.943143475,5.734814464,3.185487509,3.522151292,3.735888497,4.138030088,5.474783917,5.73465742,7.437879404,4.253894833,5.353931797,5.080618117,4.038072776,5.491014618,GSM505551,Non_response
8.60355484543431,6.94613646832505,6.39957449538952,11.3164597891336,9.40457161040444,5.80861736482838,8.08535731853426,6.64874437527605,6.87404527801818,9.64982633391203,10.1584326256452,10.8648338387005,7.65671670367711,7.97528245851129,10.4927302715762,7.1166372710969,8.24914165099799,GSM1875931,Response
6.356326566,3.952264763,4.051216775,5.627757962,5.214595211,3.422113083,4.113087299,3.982253049,5.111974396,6.617073152,6.210049248,6.018754559,3.926983914,6.243147996,6.373292006,4.792696735,5.399939342,GSM549286,Response
6.29413077594596,4.1515409102853,2.61511497385964,9.7851364085975,7.54183500555883,2.2797286913329,4.13932368880732,6.40410476843662,7.72797862929812,5.86031861943022,6.09591934804419,7.61987010627222,4.94190181908363,2.49875121460388,4.72174473262539,6.45198365671664,5.13419609405712,GSM1232992,Non_response
6.571002811,4.422587487,4.593803023,7.271872845,5.155495462,3.346040418,5.534498465,3.764230583,4.103411114,5.633841767,6.408237458,9.566900192,3.88839495,6.000435604,5.727002905,5.392619717,7.088961074,GSM505543,Non_response
9.20882957427377,6.19932919976164,5.43894542367819,8.08457184234699,8.28573911230663,6.93777552199524,7.73003407771051,7.70024530052488,8.81672734560349,9.91530029707093,8.16415039154251,8.93939146401121,8.19793875192357,7.16102935547694,8.18310135267339,8.79492368057164,8.03668838763573,GSM4171523,Response
9.630761306,6.777468728,7.086868162,11.98152563,9.655232629,7.237791938,9.207959031,7.489172211,7.571606494,10.0723035,10.30117015,11.23260476,10.45374286,8.694319473,10.74208917,7.957636617,8.832179659,GSM710906,Non_response
9.222587439,6.004892885,8.718095036,10.79529026,9.242849136,8.325166018,9.901429453,7.043360891,6.072856805,10.33493772,10.05757252,11.43329676,9.356544284,9.259861386,8.620014163,7.86749229,9.120124632,GSM710888,Response
11.75989,6.486859,9.198215,11.89848,9.031771,7.366608,11.34906,9.19279553609781,8.59712,10.1652,10.15065,9.43984,8.471655,9.779373,10.05222,9.895726,8.06199,GSM139587,Non_response
8.14051214448849,5.98230261552376,6.86230349348763,9.50988168549036,10.1379945250608,7.39634123981576,7.61869101839965,9.05630949676718,9.15396178670752,9.09728543821068,9.63645199874944,9.03191255647315,8.24301944272341,6.83730738768363,9.13906008719207,8.41314622050252,10.2821981945546,GSM809247,Non_response
6.380649925,4.213761743,4.061926146,5.501753825,5.170270738,3.3847657,3.872411582,3.890102373,4.581871872,5.696798636,6.361941427,7.763224685,4.059162408,5.800429831,5.351711332,4.502266478,5.224805052,GSM505523,Non_response
8.08616981165498,9.19466538633667,9.44773644378758,13.3744512299047,10.4913475204506,7.57554599144993,9.98008650874328,8.15614255974681,5.71172892518587,10.1115337777225,11.3323259515517,8.35652766233266,10.5343513328505,8.23354580223259,10.6000399660232,10.1193581795434,9.19281763380604,GSM2811163,Non_response
9.2890017902745,6.34627702479672,6.73919726404347,10.1977833865009,9.44629429864878,6.82663327223009,8.59903851030107,8.93272836670106,9.05183463128373,10.2895204318322,8.7931252247815,9.26800176375122,8.01574961362505,6.80785131460492,10.3986282894292,8.62796681106739,9.47336354587003,GSM809291,Non_response
9.03355055864396,7.18519378465568,7.1144104032753,11.9011465953404,9.44371298824319,6.70835411998974,9.56844866713917,7.98877687783621,9.67332034740189,10.6027551782227,9.30440866942169,8.62502770969633,8.36873187306902,7.61279628570039,9.47987920616811,8.61135677083797,9.54806231595156,GSM1619421,Non_response
9.95646666457156,6.34394493546479,7.91510820037165,10.6781369672899,9.38600412766965,7.7328921492007,10.4744261616012,7.63247243734022,8.13761097141953,10.2451893225078,10.1355296910645,11.2472923643734,9.57437095344537,9.86619740281359,9.28855796629227,8.30093203719896,10.1965334338775,GSM1875988,Response
9.1573762463709,5.67683042035574,5.54899072301068,8.68814911531111,8.53157744378078,6.54748894435941,8.22396439765906,7.48157501149417,9.49369044671232,10.0047701950338,7.87245960618186,9.15464729837303,8.5200553831881,7.15352561057618,7.94369389704409,8.00910726101662,8.16862800971123,GSM4171510,Response
5.871758319,3.83079487,4.416011817,6.406722891,5.032499555,3.377383809,6.065853733,3.689144843,5.159610199,5.154149675,5.347417958,7.127989254,3.600981509,5.469388182,5.373759097,4.59451247,5.298824108,GSM505385,Non_response
6.263917273,3.907640669,4.278179562,7.338372352,4.660648835,3.570970103,5.592186419,3.56039702,3.884781704,4.846259472,6.546390849,6.546740355,3.793725436,7.303791219,5.322438689,5.228068607,6.079121515,GSM590851,Non_response
6.418486498,3.771176706,3.622437078,6.145223191,5.404087454,3.348432544,3.705201329,3.854142407,4.773427213,5.637124506,6.095019875,7.646420514,4.031088481,5.935971815,5.657178627,4.827313633,5.394328195,GSM505549,Non_response
9.3129292960362,4.83010914903021,4.84327261163294,8.80328880261831,7.32278148395419,4.87206521052078,6.38012914815521,5.30752815794053,5.80824325261626,7.18840058005126,6.55030797124206,7.59597938729574,6.0945465129402,7.30717519241633,7.13677334247682,7.5712336716684,6.5833297625123,GSM2193350--28,Response
6.679960035,3.849484953,4.032576634,5.062901078,5.270514611,3.495313501,3.931672145,3.66205321,4.435053208,5.310813362,6.353069759,7.487006867,4.054035642,5.271750931,5.278236734,4.074619701,5.209280801,GSM505490,Non_response
7.280756239,3.701467171,3.929457624,5.191894873,5.096425798,3.364948137,3.994638364,3.960420589,4.12867074,6.257065591,5.976986529,7.564983564,4.132725428,5.998083731,4.228695022,6.828678613,5.553655582,GSM505483,Non_response
9.87470961976332,6.43740738789841,7.42823488416662,11.8837913674661,9.09124552990044,8.31415724231696,9.43313816705889,7.78441869687897,5.9206165362314,10.1976704671716,10.2922092065457,9.56898752128681,10.8376507785284,9.63126617115363,8.0744035103694,8.56735258687506,9.99824267464352,GSM1875965,Non_response
7.070320753,3.951686437,4.244825452,5.672182003,4.812818666,3.472131548,4.003910397,4.01103441,5.356211021,5.575479539,5.510503135,8.148925361,4.036025829,6.033952292,5.750359187,4.965742896,5.270563701,GSM508020,Non_response
5.13511964811236,4.89265513276036,2.99923311857075,9.08014420477512,5.6472487677693,1.7137363838144,3.75265629924271,5.19276173967247,5.24228196918458,5.75427544062929,5.81335072916655,6.66882229828051,3.10555052177837,2.32550829133001,4.80727484465464,6.68631675172961,4.99228815392256,GSM1233079,Non_response
9.32876344208137,5.98592315825822,5.23682066332894,9.78306786669368,8.74319634825739,6.7984845318188,8.11433198187769,7.33846085553032,8.12923250231227,9.85955906739608,8.9261040744832,8.41195795096961,7.8483985243167,7.39549799666143,8.41897450543254,7.56434494833701,9.55064372787949,GSM4171560,Response
8.804250013,6.839904993,7.998678189,11.6406548,7.718597104,6.685340683,7.75341587,7.857585599,9.614938714,9.569965596,9.268615131,15.81384512,7.686893857,11.02867464,10.38424018,9.291242397,8.689780301,GSM2804931,Response
9.5919203152158,12.471618842947,8.52905202906099,11.4805848791013,11.4236901855127,6.13366314902035,9.77110513339129,8.80353739031039,10.2648834248866,9.53831720522721,13.0390914863836,11.3817932101828,8.97360634828738,7.53329435159927,9.1177018751227,9.02223457597841,9.92288462257497,GSM2811161,Non_response
10.0331172664372,7.40107774675996,7.90715575403904,11.8920562107407,10.168847394551,7.79218263715013,10.5489286398351,7.73747832116654,7.60986873913312,9.65926097474677,10.0713046548263,11.5454362475011,9.25350959989855,8.74140663072405,10.9811939091826,8.41072715893159,9.01865795896636,GSM1876008,Non_response
12.0355896987778,8.03722697058384,9.2152205450354,9.08595390986078,8.86775679832435,7.89279123108255,12.2439820073942,10.2508283143271,9.83569638754409,10.9983910081714,9.42146828516288,11.4734600794553,9.79486976616698,10.735769941931,9.89324403792412,8.98287164355557,9.15385414121527,GSM158287,Non_response
7.392382536,3.849922137,5.096515851,4.797704563,5.049283285,3.385245121,5.260988771,3.742758831,5.89265616,5.851322092,6.430391194,7.877693674,3.8733264,6.485751663,5.284156492,6.500818477,6.546312653,GSM549237,Response
7.52707052384865,5.25411387305053,6.96602009191951,10.320674898913,9.84761780071203,7.33311272248518,6.49280853345445,8.14865862279372,9.87613651281675,9.74318002666126,9.06694050998933,8.89679244104217,7.93398394804337,6.2167632182488,9.55952195337179,8.59175545749098,8.19558250951152,GSM809240,Non_response
6.365504563,3.947697014,4.230149745,6.579719232,5.401719651,3.493171857,4.743936034,3.490771856,3.963717291,5.942240532,6.729713764,9.741594702,4.167236698,5.464738756,7.263894105,5.142764297,5.636678875,GSM505417,Non_response
6.63741007,3.770570529,4.277687559,7.54521421,4.725986545,3.380670687,4.87994566,3.807546832,3.813422405,5.882813366,5.81622117,6.877500973,3.658001176,5.186364828,4.616641009,4.713923607,5.984241832,GSM590883,Non_response
9.64152520723118,6.60587865451378,7.39239052226163,12.0409228925272,9.51510469094961,7.25996692654796,8.85286728657847,8.27716636516859,8.84293348898262,9.71376648902199,10.1108978833504,10.7395275007776,8.48946169214077,9.18419094815695,8.66562725059621,8.26627226186096,9.65509032568848,GSM1705393,Non_response
6.26573337865124,4.42899882994458,2.84735898698298,9.24636028096838,6.82895041133275,2.13345549164574,3.10565864909526,6.37676578132711,5.81094875650159,5.40131537424552,6.29350148277933,7.18696939666175,5.025038243827,3.17296647982291,4.7936035782593,6.28772194026416,4.88910989000876,GSM1233023,Non_response
8.627981365,7.397794943,7.483247583,8.762065059,7.328097046,7.337061088,7.526056924,7.178464917,8.426777605,7.616186365,8.100913646,8.512252248,8.054490796,13.89416726,8.054490796,8.718958779,7.579296707,GSM2804868,Non_response
9.53656877163315,7.02062853491626,6.14514974895369,9.37391942748106,8.65826129823274,7.09934776270932,9.66542951277602,8.33404530956085,9.70532911309864,10.1128124882727,9.12730830612922,9.72887659418415,9.09647809734266,7.79924425023432,9.33052267482251,7.83747479050823,9.8473209342351,GSM1619401,Response
8.37618875648259,6.78395486677407,6.70853119118407,6.58266199918647,9.91074282426781,6.76227227518031,9.16192455367961,8.31071902804444,9.17870705090043,9.86791185304081,9.38563102176961,9.64325776320755,7.89906000362725,7.13951041297977,7.94019820938167,8.51595465656088,9.11899439800175,GSM809265,Non_response
11.1383094070388,6.76359135782247,8.8234937031403,10.8607832013858,9.63576239317309,7.16393768546264,10.618067982821,9.05139761732512,10.3506989904558,11.6037093832618,9.65100578705445,10.9477714611505,9.64028248828773,10.6821376297226,9.26756771192878,9.70997194231268,7.4867420510119,GSM158234,Non_response
8.68669364789899,6.66727914715058,5.54649704306317,9.43144329968103,8.71933426152026,6.60667152923742,7.5154188033703,7.66215832102615,8.17305542959835,9.57936405525836,8.18189305474943,8.7538590738959,7.83623284764069,6.77585164198717,7.79988890221437,8.3049102575388,8.09194519032676,GSM4171568,Response
7.418091454,3.913147887,4.694620876,4.577628169,5.103390904,3.520435814,6.154024786,3.809619982,5.377271703,5.859296276,6.506163312,7.13474544,4.011003885,7.087454665,5.006066463,5.407360758,7.282451313,GSM549265,Non_response
10.2511561754081,7.09799140758184,7.88779094645875,11.3090627392016,9.63766777199195,7.00437996577622,9.04503513354538,7.3269745085843,7.81864460603325,9.59454296311703,9.89355178045932,9.68871081878103,8.64274217010198,8.49917468252612,10.3423417359664,8.47389174221455,8.0433732520703,GSM1705396,Response
6.444156637,3.694946038,4.132381666,4.281356371,4.874839219,3.61673172,5.04795578,3.944979728,3.892489314,6.338076301,5.60368583,6.6048522,3.939948785,5.997519535,4.701670645,4.870626653,5.667593563,GSM508059,Non_response
10.54731,7.964968,8.581107,9.294856,8.992654,7.341063,10.53294,9.0527142454018,8.941264,11.23678,8.822398,11.13542,9.266889,9.095542,8.847117,9.462284,6.608651,GSM139571,Non_response
6.281400425,3.581439171,3.76772785,4.844454107,4.948541755,3.231215174,4.105826799,3.976817704,4.793304019,5.039404284,5.254229933,7.17866274,3.934573135,5.71465076,4.732697474,4.954618722,5.244683386,GSM505426,Non_response
10.1660754881658,9.24638128789055,7.97101753799547,12.971218607267,10.6389826159152,6.36253126433668,9.24638128789055,9.21021027577372,10.2202019436716,10.6125037723687,11.7076385110911,9.89819195250891,10.8291503517355,7.46778999859709,8.63682484252257,9.17914054863017,8.82736279715377,GSM2811144,Non_response
7.811545678,7.235473124,7.257035797,6.475739661,7.440520105,7.204084369,7.029061352,6.949068877,8.066278405,7.875172027,7.354927006,7.04809773,7.433560239,12.98029258,7.354927006,8.396192577,7.124622755,GSM2804853,Non_response
9.92214555271418,5.97350824930517,8.50655666263972,12.3855760396698,11.4003004590447,6.95314155038864,9.16744737321507,8.69459631585815,10.3999396749182,10.227855549234,11.0858649107536,12.2071062926249,11.1195271746383,8.10754552448851,9.53233434159194,9.29955993449177,9.98680401282611,GSM7040795--RNA36,Non_response
9.446287296709,10.3474959840914,8.09296288330301,11.8226296332731,11.6406702286386,6.17808716852189,9.00850724169143,8.42613173151986,10.538490318439,10.6413752297652,12.2417308840498,10.033760862321,10.1604549153416,7.81382175630146,9.95410275667961,8.87817029498521,9.08057372873064,GSM2811158,Response
7.179506974,3.776085441,3.945239075,4.71750547,4.931989122,3.776978986,5.335042968,4.032396832,4.953591428,6.421119126,5.324439425,6.641756662,4.798799355,5.495697339,5.633887601,6.094485089,4.92008677,GSM508046,Non_response
11.3488776293025,7.24109197701309,9.34153792042354,11.534449769711,10.1865421126444,7.72508587964612,10.7460973792253,8.51325497297349,8.91590205722137,11.501291465335,9.75238271854302,10.3893759426731,9.08086810921689,9.15077610990083,11.6654510945357,9.13055742244953,9.46021427669853,GSM158277,Non_response
8.624118321,6.322064727,6.109370968,10.11724458,8.829932273,6.705472062,9.163402612,7.251877034,5.898349005,9.578943001,9.792538223,11.53386684,8.914813778,8.373138484,10.08742448,6.887432054,8.567226194,GSM710834,Non_response
8.84511684806335,5.35799291845843,7.53771620809093,10.292719941403,10.3838570340697,7.55443692918981,9.17043166557879,9.5136359702507,8.9051889975598,9.60541453514953,9.15053118767623,8.84880708142992,9.29344987866248,6.9532112890618,8.32005557527837,9.06153983263557,7.65841524861975,GSM809287,Non_response
8.655847772,3.574149393,5.170919209,6.607035956,4.733456763,3.37687446,6.73610829,3.728397152,6.475282198,4.64507172,5.352217826,8.002782235,3.533492906,6.800103116,4.790472808,4.918956421,8.588735236,GSM590886,Non_response
9.44800213283109,8.57457853339695,6.59948658072465,12.4800603151183,9.07191475071576,7.79683272543755,8.54389097004126,8.23097725251352,9.29014479070143,10.5869037343033,9.41321831150751,9.0784051701405,8.59048441851976,8.30523754311018,9.87243428058393,8.75523637620949,9.33604443466577,GSM1619420,Response
6.691522172,4.087096648,4.592827187,4.787921017,5.292991093,3.551859236,3.907098501,3.829418932,4.054394064,5.376146149,6.252118246,7.918765527,4.309640773,6.005634472,5.253365195,4.243448624,5.249858774,GSM508114,Response
9.41854537086256,7.74441967618381,8.3001348534241,7.32226433434629,10.517091077227,7.82615152210662,8.83021830462713,8.79945636243706,10.4628751625101,9.59931887887648,9.90474974698045,9.9945159443069,7.92793064576817,6.98879583855528,9.22099017325221,8.10484876463601,9.09309228536678,GSM809227,Non_response
9.18627974840279,6.73917526841118,8.23662850823139,10.5058421205897,9.96545536349356,7.56067738588282,8.01067154153228,8.26265355479593,10.491362758313,9.04091898694825,9.67319589960708,9.75558309560477,7.95233696490969,7.33119501839603,9.38706467998327,7.96873580264661,8.3793884294573,GSM809204,Non_response
12.1013083316652,7.62574212817606,9.71346303882106,9.11917565805599,9.18049213504933,8.05424370649202,11.3472294594494,8.36773714117368,8.3796148927395,10.5044178493972,10.0484646845834,10.3866659162694,9.16451091338212,10.6117569324595,9.51370251584318,10.4978738774557,9.44239694438832,GSM158243,Response
11.0308679522104,7.02329544823834,8.2744390835835,11.0461327335481,8.96822038197007,7.29087444499714,8.50830840556331,9.03715567096114,10.2493835621539,10.7694190903101,9.48752147945383,11.6275790069294,9.65480238843675,9.79658832865776,9.8463417416619,9.6388103083821,7.04457907957496,GSM158238,Non_response
6.528814914,3.91351432,3.91135641,5.838210079,5.350519854,3.383385602,4.556427683,3.767334927,4.576030896,5.045832463,6.230309049,7.442433453,4.517418403,6.017009041,5.377376552,4.820786818,5.083405633,GSM505586,Non_response
5.87253241764104,4.14150065715331,4.10624756438818,7.02662515163426,5.12419941913252,3.63188837040559,4.61590375479865,3.59899878253762,3.90110429374325,5.51945414882546,6.21256110802369,7.00962867371955,3.70902766110974,5.76094055082805,5.39571262188107,4.50197906516488,5.72478937501661,GSM1050618,Response
6.524890379,3.950191217,3.904256099,4.698035147,5.091480573,3.351291307,5.294922477,3.963844091,3.990514288,5.244503943,5.200647304,7.071888054,4.241025732,5.662653139,4.254902776,4.792733736,5.744990728,GSM505505,Non_response
9.257694318,6.988444573,7.126471444,9.842286116,7.974908019,6.786733393,7.576791374,7.024846839,9.0500418,7.499764807,8.883633166,11.63827281,7.611832422,12.52162492,8.62105024,8.30757735,9.112219617,GSM2804864,Response
6.422628228,4.302216439,4.075271816,4.808056052,5.370309762,3.379461526,3.889750864,3.923842177,4.046682534,5.397644145,6.169590607,7.354516873,4.20466846,5.307084953,4.779026808,4.76662025,4.939682816,GSM505599,Non_response
10.39020653,6.335008517,8.648729337,11.59856635,10.05460222,7.944509228,10.39204892,8.198275761,8.395065703,10.32404836,10.52659972,11.23649634,9.5431619,8.785196445,9.542061105,8.339040631,9.763740024,GSM496025,Non_response
7.518872582,3.999693282,4.657082767,4.239356443,5.317411824,3.44619825,5.054432516,3.625421807,7.504300172,5.50670704,6.215321721,7.798807852,3.875555749,5.828671384,7.422030136,5.243741608,5.64164981,GSM549289,Non_response
7.52733591412619,3.9744571188808,4.80948860790052,7.1227416810999,5.02729664314152,3.41956435795839,6.53918633031061,3.83595770763558,5.25344531811295,5.21993681716368,5.92969848384267,6.97613144966494,3.83618191857607,5.86315856920953,7.45771351718344,4.58933247206859,5.76099008126719,GSM1050586,Response
8.151979186,3.615350167,4.392372743,6.907989335,5.04091852,3.619186964,5.889547325,3.582955149,6.171096702,5.587546984,6.703125112,7.073715885,3.930672026,7.958561885,7.832933988,5.890448127,6.685835055,GSM549242,Response
8.92827748941463,6.53157266707275,5.6754017843968,12.6831627800989,9.64746531864811,6.61072639357173,8.15775762608033,7.33841854195958,7.46142243135313,9.86647726087011,9.9087443176624,11.3090844540601,8.99189918379248,7.23249419494828,11.8984767765922,7.52705275836964,8.90910920827018,GSM1875950,Response
8.69792240700916,7.8765695939327,7.305396337001,10.0924040302961,10.2023717321591,7.81233624621463,7.8335098270698,8.97846411564083,9.15556773605471,9.23213841379697,9.87780514090314,10.0771462696668,7.74772173061276,6.5754230734116,8.2467834474323,8.60246951097008,8.62822915694825,GSM809202,Response
8.77606961249741,7.13701357575995,5.73849019270623,9.53920262566092,8.39270616269706,5.67089926202144,7.0455885963772,6.84720592395699,8.16030659376915,9.17136889125532,9.1408053305995,8.69395471023718,7.25661267423616,7.00704621910564,7.57746613245109,8.06141488782387,8.31579307814772,GSM4171554,Non_response
10.11401257,6.759063394,7.409037766,9.611086442,8.93466846,6.628527957,7.479241152,7.316677638,9.630190381,8.07813246,11.10196585,9.765813139,7.502255005,9.361335252,8.121931824,9.897608685,7.970354623,GSM2804999,Response
9.66938338,5.81917783,7.809529249,12.17566926,8.667451715,7.943864631,9.952071915,7.265929063,6.380502537,10.2608909,10.48408727,9.495165581,10.9095385,9.517334654,12.32692629,7.902906581,9.507229268,GSM710865,Non_response
10.26311246,7.466943357,7.311029883,10.59111242,8.547506406,6.73115311,7.067580284,6.948072691,9.417608561,7.823133006,8.636671357,13.77138248,7.418054271,10.1108042,7.429222799,8.57035865,8.848593462,GSM2804956,Response
9.261102755,6.485443109,8.438851611,11.6045149,9.203417718,6.742944194,10.35329141,7.389114523,6.270607205,9.705341417,9.81870692,11.00310724,10.36873855,9.14281465,12.04808724,7.931831005,9.39173663,GSM710862,Non_response
9.174831521,6.644418171,7.213899068,11.65489967,9.215930344,7.867716903,9.841658372,7.583653453,6.056314708,9.856723587,9.990865784,11.39696816,9.677495688,8.554934094,8.777485286,7.414124567,9.090573068,GSM710832,Non_response
6.777876752,4.178682191,4.102907842,4.643046282,5.043007686,3.393449206,4.266972999,3.970744351,6.234792864,5.262806171,5.480306872,7.93904609,4.023390905,6.189439289,5.242821724,4.564197505,5.28816223,GSM508026,Non_response
9.26097264389677,6.65644087971894,5.68321578477684,11.1643323045607,9.18726903330298,7.08449542697517,7.46638451683626,8.35054874986595,9.2869153054645,10.0152201982033,9.70784455685871,10.9338006190143,8.8374407543242,8.40843568419876,9.87193775001688,7.49382946736672,8.33649170283909,GSM1875912,Response
9.006486486,5.619625304,6.544753797,10.97571294,9.18572734,7.914988932,8.153816711,7.358863163,7.855291541,10.01850081,10.18282529,10.43654379,10.40171318,9.194747884,9.001303569,7.50354714,10.10231915,GSM710915,Non_response
7.056371808,3.778308775,4.290347878,5.790798004,5.374248253,3.465359452,4.629031293,3.661529725,4.340415813,5.617076675,6.069142128,7.019279917,3.859888654,5.238975603,5.481799371,5.334832062,6.158915612,GSM505528,Non_response
6.397518037,3.788762962,3.65761135,5.913300164,4.975925419,3.396727991,4.35327332,4.031579639,4.479400795,5.650166698,5.936184093,7.619561962,3.8359153,5.568273921,5.148257632,5.728527058,5.35358952,GSM505443,Non_response
8.99400480418345,6.32693620147229,6.52418544693585,9.81137888807673,9.06318327872877,7.95082395818882,9.61511309294364,8.26643797275612,8.78549022838012,10.4257259010677,9.08647182569321,8.86904513474252,8.83186359014096,8.179833835847,9.39689199898951,8.44614285028883,8.60247994583001,GSM1619461,Non_response
9.73319926530268,6.77797373943697,6.7803405410446,12.0158090780099,9.42977014738468,8.30707686160094,9.1099806251298,7.66388775943031,7.6554360102794,10.1834550799084,10.0222996586152,10.5419402440803,9.25603484109124,8.39141870329439,10.4650125865565,8.09286055296306,9.85974995902457,GSM1875972,Response
8.32261592,3.83635415,4.909141542,7.401786617,5.049958988,3.36729619,5.768920886,3.484034829,4.125035522,5.163484292,6.364039488,6.421093122,3.658222343,6.996250538,4.98759521,4.753331302,5.503304588,GSM590890,Response
8.299660084,6.797860487,7.402398365,8.575836529,8.298008921,7.006023259,7.519344834,7.17532471,8.839439519,7.323333556,9.689328444,8.936496779,7.451294305,12.69271448,8.042994218,8.207224672,8.852878491,GSM2804878,Response
8.68252694531885,4.83700471817536,6.81888220473631,8.16443550068816,7.85913720937862,5.56749232235852,7.29546675907793,5.76414501671919,5.28430907452208,7.11081599483945,7.39708812179706,5.70010400368657,6.61582401314774,7.31784189359543,5.73604117296765,9.24808337172746,7.74935653525631,GSM2193373--21,Response
6.015401408,4.050766691,3.730965209,3.402087229,4.926433468,3.668720929,5.539760052,4.163440225,3.763072071,6.07357324,5.99536923,7.58358518,3.91830539,4.48736259,4.453881042,5.125625877,4.97925991,GSM505573,Non_response
6.31370652208933,3.92120560059911,3.06763367624192,9.30466671683203,7.46192221972899,2.04049682771041,3.77283872855629,7.04654244623467,6.55718772244182,5.6060985012973,6.24083453932918,7.48417451293308,4.47793508075127,2.01934074341694,4.82870454428844,6.33097496782134,5.88716908742524,GSM1233000,Non_response
8.96921688690327,5.98511452686339,5.40652159832711,8.47583687321593,8.20304275757781,7.0659642567028,8.49676069900278,8.01467948239621,6.56909350819294,9.22584550849415,8.00921643041403,7.52249699366606,7.81870151905641,7.23569830013504,6.8656281998902,9.80022951850195,7.6721055135631,GSM4171559,Response
7.485179679,7.323112465,7.36860971,9.121294977,7.842240892,7.450231658,7.485179679,7.380662211,8.89157272,7.059954849,8.584821951,9.740472782,7.859516106,12.29123158,6.756140114,8.660585716,8.391458864,GSM2804847,Non_response
6.042445869,4.074923553,3.988440943,5.755613836,4.828991979,3.504238479,4.327192396,3.811933192,4.903622458,5.776020837,5.840849542,7.139010804,3.83851269,5.385027141,4.746268243,4.373346617,5.107731469,GSM590857,Non_response
7.633321517,3.755729161,3.970244057,7.900711919,5.267549292,3.461173229,5.531755118,3.873644827,7.46379506,6.337305232,6.335598085,6.490432484,4.05882127,7.120239594,6.76851408,5.251287868,7.108280289,GSM549254,Response
9.76210682424183,6.76260791974394,8.54093634543705,11.4988034232983,9.42780244473785,7.18286646884196,9.55713125258203,7.64116418854785,9.37090244741847,9.87865320043186,10.4685095192247,11.1521099593643,9.4634605241567,9.03152854649247,11.0487353428827,8.05627387059213,9.08561879421541,GSM1875990,Non_response
9.92990879013495,7.71329864664604,6.73072617670758,11.1479546183233,9.53450249628796,7.09288268587393,7.65409432246948,7.58867222886481,8.05451879546185,9.45343100377542,9.57382372284268,11.0937104189228,8.43937583618757,8.23165939988675,10.9594409439931,8.12947092941475,7.3889989995203,GSM1705392,Response
9.15634624789566,6.73865870140718,6.09575977301591,12.2779894316394,9.30482977990305,5.93414347968269,9.04926510793527,7.11399012255504,6.88441875397215,9.85875328604862,10.0979544082204,10.6093394067021,9.30636511111575,7.4349010847996,11.9591327371542,7.61521698876185,10.0491682211376,GSM1875928,Non_response
10.84207,8.430099,8.921135,11.39249,9.60473,7.758624,11.15135,8.98409068742315,8.320129,11.05491,9.490074,11.12198,9.133484,9.782423,8.449576,9.557732,6.961017,GSM139553,Non_response
9.69592569535482,6.36306620394079,6.52849199783621,11.1535348013997,9.20596242921536,7.41344134202135,9.56835999437668,8.00480466341596,9.03169159525739,10.5677689746751,8.89815237510925,9.12396879771492,9.44841691594299,8.27112247929324,9.20758729197983,8.18574624060688,8.269459821169,GSM1619436,Non_response
9.64023672292137,9.55152191158181,9.08644151370036,10.6533862428832,10.0077065159632,6.35335437027801,10.5782812256281,8.57714481124215,9.57337102815397,11.2405196805095,11.9954352908637,8.04905431850358,9.79843802597603,8.15614255974681,10.3031427043743,9.51584083696657,10.2164240496817,GSM2811131,Non_response
11.25893,7.414859,9.063103,10.17708,8.895656,6.984147,10.45311,9.01316197267402,8.868762,11.06648,9.438646,11.07685,9.604498,9.701841,9.635415,9.500892,7.902647,GSM139614,Non_response
10.1694087044727,6.45463149045445,7.41689449374523,11.8736054408166,9.00325616172152,7.65829970036879,8.86892442331659,7.77496619048865,9.15745411023782,9.82369851191655,9.32902913957103,9.7199089121817,9.01160319154684,8.84811173939961,9.5653499037532,8.34407568674445,8.91652572749539,GSM1619388,Response
6.729843564,3.826246368,4.164890068,3.550209189,4.787233901,3.426653108,4.592187441,3.970456154,3.635187595,5.580599153,5.585048108,6.708110556,3.919258916,6.228304044,5.27161051,5.307548702,5.184844076,GSM508050,Non_response
8.551297089,6.938318649,7.906129921,8.910664105,7.679523098,6.736117702,7.237449239,7.867981031,10.949682,7.986752933,10.42121154,12.59532618,7.47142299,10.97334899,7.90716743,9.085995373,8.490121792,GSM2804923,Non_response
9.741392084,7.063737288,7.730571336,12.03024566,9.853899924,8.420469853,10.36812933,7.906634611,8.256211864,10.60273463,10.17611758,11.2720622,10.41745637,9.459734276,7.884076808,8.246778163,9.461673638,GSM496024,Non_response
5.69606375703236,4.38807538292483,3.52368063318135,8.46413427641897,5.08232666984872,6.04671263314779,3.25868179991477,5.08612620256443,6.02407690618992,6.05218826883498,6.54639194850059,7.77178480350116,3.00285595250849,2.22839959259315,4.69920650528281,6.30538897742146,5.83766887458868,GSM1233061,Non_response
11.8540642939165,6.89531605569191,9.50337690648307,11.5187810701556,9.03143740295534,7.97304052906434,11.3945659435202,9.46068854499824,9.28119456405654,10.6077877431264,9.71568050500902,10.2375481365609,9.01087514097777,10.4795370608133,10.0334370079126,9.50592019773543,10.8970488875484,GSM158263,Non_response
10.5593679714171,6.85357231499592,9.06285157828876,11.3399677358874,9.67204656429283,7.24782662848207,10.3572861704331,9.36227776142874,9.71810432407666,11.6514971183496,9.45846918994617,11.0459777238103,9.68557821263219,9.94853560158299,9.2749748154026,9.09847060679845,7.06506190357375,GSM158210,Non_response
9.30724316768451,6.22753171203061,8.39106438011549,11.969164784578,9.71248481158546,7.50222366936387,10.7604146006385,7.86494421044903,6.59001345184921,10.0568168410212,10.0648507064808,10.5137585300762,8.82333908005106,8.89882852663403,6.69821640201421,8.5349461654358,8.30909404744294,GSM1519438,Non_response
6.482533852,3.835977079,4.126798425,6.896294758,4.896152652,3.382090764,4.739814706,3.659789212,3.787541413,5.19804596,5.76516153,6.653926282,3.741845715,5.402060708,4.879485468,5.025272429,5.287885063,GSM590888,Non_response
5.02461149726783,7.29188009822907,6.53811982083914,11.2842492518255,8.83336946606749,5.06340492129573,4.76302561365361,6.68724118557756,8.73581954960704,7.90619427868219,9.8257958498817,6.94238368179103,8.14887556174124,3.77624218706102,9.75657503405364,7.69854219785088,4.72854367298401,GSM1525246--103,Response
7.25878877000564,4.20271136741788,2.59378759328293,9.05379396109198,7.09914567392608,1.84981570454031,3.64097952932294,6.25674039830392,6.81778158328309,6.46598524406999,5.62464922911208,7.20865135376939,4.78138191598416,2.99979445948425,4.5864855267145,6.35516336553497,6.14414497154581,GSM1233008,Response
8.9863346334793,6.39814016614203,6.86585564994115,10.8906823489793,10.1653549380889,7.80828214268038,7.96431220298516,8.57665138017651,10.0771711635021,9.14340023134899,9.4101236008519,9.5326685279004,7.93145327339782,6.7846404072645,8.04330501310356,8.20507486227653,8.76319351295004,GSM809220,Non_response
5.7418997799944,4.32131799030963,2.97862921382457,7.8875528380459,6.50183749511108,2.08880610400687,3.10889517593223,5.89747380788537,7.00210548495136,6.87653692042229,6.01689865568098,8.27468167650853,3.70420299925738,2.37305620931807,4.7255811613118,6.37587066080363,5.60679193343235,GSM1233066,Response
4.64939207264835,7.25678329562966,7.06237456675147,11.0200790106817,8.78164080615543,6.06725804585211,5.42956742639141,7.39727907118053,7.0648100205628,8.83525166154791,10.4320861031358,8.65858946294076,8.95836531096199,3.53920626452233,9.49946871280572,8.8824714543493,4.58211587341354,GSM1525248--141,Response
5.77456527887225,4.80810497982786,4.39886070667819,9.17395821903184,6.05999187971411,2.32795015035713,3.08998895789481,6.20325425376046,5.44242520760361,5.33378094767822,6.00627256474983,9.26131614860419,3.95811349022992,2.58678321054636,4.69850353303194,6.35914719475129,4.76780634403147,GSM1233033,Non_response
7.220040538,3.848122022,4.225353469,4.327497037,4.762276102,3.658723147,4.907661446,3.860011839,4.328432275,5.881920954,5.969143702,7.926812522,4.055766404,6.363576577,5.564660355,5.104533513,6.603247052,GSM508099,Response
12.0450413692833,6.94151608130563,9.33252387835488,12.054652298565,9.07623458863244,7.43071907767405,11.4429807299008,9.23808093272395,8.73692834174396,10.3348967534781,10.2689382763048,9.62598830035797,8.55091224950396,9.91742634352218,10.1884318626019,9.89612875507401,8.07707868571501,GSM158237,Non_response
6.063669078,3.981553732,3.948828344,6.209595315,4.941195167,3.42628345,5.249871576,3.69936038,3.941709168,5.271751453,5.776045929,6.921966849,3.625136618,5.559729227,4.485490143,4.780515476,5.708756569,GSM590876,Non_response
9.07874870480795,8.84948715826824,5.90089658334518,10.3072443399692,9.3950309380975,7.32548480500538,8.7803171989736,9.55974425796762,8.76795095138927,9.8980368419616,10.2011633279372,10.8113577174076,8.79052735506655,7.29125972447246,8.9475185809814,8.58430426346476,9.10295137047351,GSM809213,Response
6.092620483,3.988701606,4.04469839,5.517893757,5.094667331,3.608427069,4.097624186,3.848074492,4.201912604,6.266722219,6.186232414,6.549046216,4.225935382,5.834017015,5.590643077,5.447866499,5.244402688,GSM505422,Non_response
11.6153644142502,8.26871606639153,8.52379585098372,11.7651816577894,9.5582150130719,6.87908428828863,10.7581457758514,9.07612500459286,10.2860068271856,10.8267337944044,10.5296140446386,11.5804694381193,9.73289888399516,10.4131437923094,10.1389024642996,9.42550760796504,8.61495760562308,GSM158247,Non_response
6.978486953,3.802845342,4.464664081,4.367841763,4.95121416,3.282888231,4.823822538,3.698824872,4.644709317,5.438107809,6.334680507,7.607904726,4.23236574,5.376180281,4.739936337,5.23512503,5.510107565,GSM505356,Response
6.971049036,4.061201052,4.305236256,4.371217942,5.208324698,3.688552958,4.544344497,3.891292096,5.609527413,5.892702393,7.036177393,6.789765663,4.145429235,5.63327919,5.41178497,5.094503892,6.258794225,GSM549311,Non_response
8.679565414,7.568445854,7.885545828,7.110173913,7.986363127,6.831548143,8.175158627,7.965168054,9.015384117,9.379841764,7.050769734,9.590574108,7.41532216,14.88736779,6.482437625,10.48186893,6.660508513,GSM2805031,Response
6.487944211,4.163988048,4.295095006,6.441702791,5.181627661,3.749347855,5.357609159,3.637059829,3.735498649,5.667772354,6.037673013,8.230913813,3.924615489,5.815100013,5.884004434,5.597050704,4.877259751,GSM505442,Non_response
9.160566575,6.54300056,7.966782976,11.31151581,9.287792287,6.931624361,9.63971081,7.608085135,8.120249219,10.52151384,9.545284383,7.878097179,9.851596986,8.726167672,7.347930998,7.63376405,9.245883677,GSM710877,Response
9.593562493,6.949071442,7.46535012,11.98550075,10.45154517,7.527964699,10.44514957,7.379841267,7.425978732,10.29687584,10.09134205,8.202711452,9.2266446,9.523034531,8.175524119,8.303668693,9.089064844,GSM496034,Non_response
9.42164368342064,8.96011472218875,7.67181656058206,12.8605568889412,9.52352109080804,6.03571523273579,8.95180993401329,8.75061895769797,10.6731946245581,10.8917059709105,11.6959638562966,9.38625103402815,10.8564642838459,8.01086751185943,11.4329252740543,9.18262596822797,8.76687389715872,GSM2811154,Non_response
9.4732396733246,6.62376615894789,6.86152707971452,10.7126650636603,8.4680311642499,7.05671461076542,8.86191225347915,6.56061133764318,8.81792455464655,9.02123902230655,9.37309280543436,7.77022726528874,6.88737849366171,7.50880866944433,7.60910252812121,8.61495977822716,10.3324284436034,GSM4171531,Non_response
5.700877301,3.859069747,3.888534912,7.531974995,4.576365975,3.801067123,5.302789084,4.093577505,4.957819084,5.90264165,5.828399361,7.255201709,3.777940552,6.072491478,4.556407668,4.713056117,5.278408557,GSM590856,Non_response
6.71556241089409,3.94071192555054,5.07710445960411,7.46181952206802,4.90329496087508,3.58159099670791,6.193513156168,3.43646707881966,3.86164357042938,5.30584148992968,6.5023538144911,7.05194988079262,3.6486961183654,6.21194372367441,4.97864230418076,5.16652620167913,5.77796298005838,GSM1050630,Response
5.83459315185593,4.90523460631129,3.46226862890155,8.75901847917241,5.94967590565349,2.10173829667023,3.74319923638151,5.94373595448483,6.87472113533894,5.16486465546024,6.53710866240187,8.07450176210701,5.4083276480431,2.28823333094803,4.91996912006733,6.10086049976511,5.49226721115877,GSM1233084,Non_response
6.682538566,3.811225042,5.384161983,7.909502964,4.854845946,4.21537408,8.386223766,3.952487076,4.152254529,5.790345371,7.017947408,7.027913879,4.113844172,6.637751577,4.741629687,6.290057265,8.271080524,GSM505336,Response
8.603330099,3.708305307,4.786589447,3.499624086,4.95849651,3.507010213,4.406184261,4.102042695,8.228314095,5.665486931,6.575246274,9.173803577,3.919403436,6.89291857,6.619424498,5.152576367,6.622414426,GSM549260,Non_response
10.41008624,6.993126953,7.394219142,9.839907484,8.496261745,6.751163705,7.580356887,7.431467251,9.920436012,7.268805782,8.167534106,10.81226897,7.720684712,12.22284195,7.268805782,8.273639411,8.949003025,GSM2804859,Response
11.19821,7.053382,9.389554,11.42137,9.538244,7.292618,10.91807,8.8813333068184,8.343871,10.29696,8.627671,10.37388,9.131849,10.19398,8.422955,9.09016,7.509162,GSM139559,Response
10.86659,6.048912,9.275947,12.16892,8.822445,8.722104,11.75167,9.42502766019626,7.915271,11.09793,9.211338,9.494485,9.265788,10.65374,10.65069,9.310512,8.341408,GSM139592,Non_response
6.316938747,4.151848448,3.871907498,4.329783812,5.303245862,3.289673871,4.242460694,3.820132516,4.034587683,5.693979842,6.038886507,7.892022588,4.271057133,5.712328122,4.943791286,4.441295407,4.77685979,GSM508126,Non_response
9.33732865542934,6.48713486034483,7.28741048230203,11.5372722821864,9.27345478248996,7.74111820985536,9.08665860341297,7.74234529973166,9.30809454522518,9.46591432490869,10.326663985753,11.3065723275798,9.67728199788604,8.82976298047443,10.1603498025203,8.05459311196673,9.15251864446277,GSM1875992,Non_response
6.379817882,3.792400337,3.838875824,6.936364732,4.858551865,3.914844852,4.156156778,4.050620851,4.161907558,6.241263551,5.691953191,6.340860383,4.055135753,6.287547536,4.812994415,6.240810562,5.180611827,GSM508186,Non_response
6.641831709,3.744091514,4.35213266,5.08779893,5.554708552,3.74448637,4.382268244,3.777150349,4.986913826,6.143242545,6.207138554,6.563356884,4.071084022,5.523007199,5.200557742,4.96877835,5.104167873,GSM549295,Non_response
8.62230778684652,3.6534855421184,5.2601318182944,6.70161743818323,4.80441226695875,3.36288443961001,6.9457354296536,3.66117344259203,6.41942420006031,4.67283707229994,5.53326831125337,8.08728688346369,3.52380054391642,6.97315878419082,4.86283562830779,5.0366241224527,8.63573097428855,GSM1050631,Non_response
7.85629933588255,4.57444022666888,3.77508945510126,9.08792723371274,6.19746846825807,2.36394169016195,4.3476149618996,6.08085992177208,5.10880423448099,5.28313427388867,6.54151747058972,7.36706715658389,3.40910072320471,2.34028144739868,4.54009948004988,6.37935776661753,5.0371335810759,GSM1233131,Non_response
8.16380425806023,7.18780878960897,5.93827379470876,10.4171982406614,8.67234830286245,6.46568846843977,8.26411017293112,7.23792814414214,7.28878083098526,9.89129161445963,8.94307068763931,7.92166958949754,7.95194592705105,7.44884620139404,6.53900711553244,8.93529295712296,8.27883476300633,GSM4171508,Response
9.09472811343186,5.992269578637,7.61007672679883,12.4296853733111,9.80548612676941,7.6496808743701,10.0126971947176,7.77465747561555,7.32063919279886,10.8371801039845,10.7683551853922,10.767287189016,10.3984896301286,8.79209207226218,11.1366924087828,8.29037775762542,9.95479124247027,GSM1875987,Non_response
9.70331245454485,6.71126206050363,6.8672754269894,11.3164910288899,9.14216068486843,8.10562610527224,9.15759481255559,8.08242103832719,9.26223870495421,10.5762556452483,8.96268673071089,9.54598085141006,9.13925992538603,9.10024818903921,9.35986222800099,9.00603866688863,8.91745540695423,GSM1619452,Non_response
8.7329185893976,6.11309096426308,6.86748294809752,10.4717906772964,9.5225561962808,6.69595728593577,8.21947441758064,8.85533082571475,10.1549155083689,10.1140112405777,9.08000661397592,9.53957258357405,7.83054789557464,6.0823820961671,10.1616926055602,8.62123034065672,9.43950458032568,GSM809286,Non_response
6.572818879,4.032074642,4.2758343,4.810603459,5.287526404,3.312311719,4.229562754,3.896989237,4.250215916,5.531512964,6.28591785,6.677613701,4.146513154,5.508889302,5.76573526,4.385394493,5.300473875,GSM508066,Non_response
6.693013744,3.634843302,3.609408329,6.395266746,5.14045297,3.576606533,4.327027287,4.992252244,4.814541698,5.275111427,4.38086233,6.866706131,4.096747441,5.565473476,5.552713776,5.647298391,6.238966761,GSM508122,Non_response
4.47825941080679,7.59651947163844,6.89844983357032,10.9496705552586,9.19194935692831,5.5328102892586,5.08810870845209,6.71075846844832,6.9856436296436,8.82569323983308,10.1777249571503,6.72411589788398,7.82820432065179,3.64229593548233,9.65822684830774,7.91882196118502,5.3802628960918,GSM1525245--93,Non_response
11.72949,6.148809,8.886139,11.97762,8.450552,7.301478,10.71794,9.87059829696493,9.387433,10.65847,8.953125,10.07999,9.528281,9.866952,10.77302,9.781501,7.036583,GSM139604,Non_response
8.48061719116841,6.10412232628664,6.78684923900395,11.2857646185382,8.456205435222,6.5782304771989,7.82182450022793,7.73132331434381,8.31944414458764,9.64418219367474,8.14247858006472,8.25716521322859,8.0497734917371,7.21805779187133,7.66879843316087,8.23811332739738,7.46554442682967,GSM4171533,Response
9.54896281652859,6.33505824579579,9.19829541369008,11.7049054894094,9.55422225583561,7.93490493228116,11.0281292642825,8.18279490920136,6.97422172477165,10.3232571413682,10.7359910274991,10.8853405769257,9.48317148342095,8.9516879012093,11.9180188529392,8.39688747538915,9.46377728684232,GSM1876017,Non_response
5.8939051053437,4.32618657071067,4.21811649104756,4.83311632137169,5.27838617484177,3.47111685382202,4.9701916157799,3.79254308557306,3.59230613865901,5.52961387351704,5.87474129616527,6.71600349887605,3.97404459385444,5.84500636193859,4.36601609677718,4.3979344102076,5.48824582535305,GSM1050607,Non_response
6.523932189,3.878332381,3.841518799,4.114036513,5.039600127,3.290021431,4.81007162,5.45766668,4.266424906,5.849572992,5.999390743,7.149217756,4.040546228,6.512235004,5.304589509,5.075742219,5.250165586,GSM505593,Non_response
9.302000407,6.227635231,8.295802382,7.892665425,9.554940663,6.851315175,10.76148908,6.881852601,8.118502084,9.98868493,9.685075078,7.422086992,8.549213956,8.948472383,7.794859474,7.649063998,10.57299466,GSM710819,Response
8.31244695253988,6.22928170495852,7.68733844040523,10.2552322107914,9.80188564564138,7.50847247421159,8.6253517764251,8.94696047922999,9.23439515647466,8.38256717887046,9.41318937502148,8.41245707072066,8.5629006454477,7.46478278622145,9.68869956472662,8.60506014556659,8.99836184070508,GSM809203,Response
5.722119819,3.875311815,3.808566923,7.152533766,5.07809205,4.199948709,4.355676063,4.222606007,4.603129684,6.340090897,5.780697437,6.243157867,3.841746768,5.485664422,5.512612503,5.808964433,5.422887087,GSM505328,Non_response
5.24855503198116,4.48247866824461,4.30547791995783,8.8983805138831,5.58233922935451,2.75482505585706,3.41935343793178,6.23471146376484,7.62700044841143,5.64150462845653,7.06458771634535,8.45031722789718,4.81191943276913,2.16986361975708,4.59092604267049,6.43324681450898,4.79799442769101,GSM1233100,Response
9.64197738684154,6.5955191514597,7.50009949309016,10.7045356000888,9.65073326395273,6.59581489764794,8.23622492153004,7.46114487100474,6.8862185094501,9.76792647451749,10.0516243252206,11.9246785651158,7.74973655159107,8.93355669571938,10.0826965661878,7.64063046859552,8.5322852965679,GSM1705395,Non_response
9.413127513,5.913930369,8.383653235,11.35383113,8.991859078,7.635523032,10.34385589,7.416783133,7.875855688,10.26085979,9.472886979,8.467925628,9.905057221,8.813831058,11.61874328,8.158169429,9.073814701,GSM710920,Non_response
6.979022954,3.370758728,5.151811813,3.74626878,5.26542917,3.385177096,5.100193213,4.603948666,3.519898064,6.056651775,5.328733449,5.815159715,3.602793997,5.041095819,4.034971592,5.619829666,6.253434843,GSM505474,Non_response
8.92150859489078,6.58120282205552,7.16276288107745,10.7134534782207,9.96439838080814,7.18079020801393,6.39468488061493,8.60819053635795,10.4759175077504,9.49205508674518,9.681555705579,10.262746533735,8.31382549040522,6.69266400523024,8.98634009493967,8.23140616807921,8.0749948022793,GSM809230,Non_response
6.601090088,4.283773581,4.511112172,4.813359547,5.834404865,3.608829774,3.868299203,3.839683444,5.414545674,5.670953975,6.428716393,7.367400884,4.411562279,5.693101361,5.779706275,4.391853048,5.035194731,GSM549301,Non_response
7.74788584339654,3.6543781559468,4.29893559390533,4.59101388910858,4.80655655923626,3.96451631813965,6.81154958838816,3.6395410082923,4.55969345209711,5.90544361609687,6.97816457051587,7.66195389758642,3.72029185771509,6.41234049828994,4.38032461131012,5.78659132772382,6.10029671591104,GSM1050667,Non_response
6.369994496,3.864401624,5.425664814,4.756254511,5.213490068,3.161436363,7.663933057,3.757535037,4.04922846,5.713202662,6.137954151,6.554156045,3.854967607,6.758421765,4.412419551,4.937285131,6.800623115,GSM505534,Non_response
5.91298637587036,4.54798402324135,3.63918585512253,6.4883515396859,6.60131773529068,1.78501153420516,2.93545605504866,5.70447810753562,7.24020401491458,6.91016246627476,6.23699578126135,7.57641917362688,3.90619492654275,2.51969121255791,5.27227071792051,6.50918279181855,5.22633593540976,GSM1233081,Non_response
6.169326945,4.077287786,4.157818004,4.722229027,5.28966691,3.42766437,4.51594826,3.956888546,4.147809267,5.634946473,6.198622663,6.788751101,3.969669924,7.023322158,5.513980911,4.759610321,5.766829994,GSM505570,Non_response
9.98130943229916,6.69698342689872,6.43405472061728,10.5189808555185,8.96296092606407,7.47523264805197,8.44149684111341,8.68537460506855,10.5164589846486,10.2033947323151,8.91508158036571,9.88546280545347,9.46727145942916,8.23319215364251,9.56995750779971,8.03454541435218,8.98751139790502,GSM1619449,Non_response
8.50590277433959,5.92010221513509,7.30245154632305,9.46168010035304,10.053421723717,7.54468333233905,4.70050229512805,9.12024389850861,10.1720539369733,9.72819073054031,9.10710164183354,10.5986686726409,8.57697189475498,6.74308741901479,8.90382728816711,8.6545418350766,8.52550346533994,GSM809244,Non_response
8.45559990637413,6.21994157105017,6.13893891181334,11.0614842363691,10.0787059585576,6.67148852610095,9.42433344389436,6.45507890740329,6.99852009640058,8.96778549033574,10.9743788686132,9.6848318896974,8.39929955061877,7.26180440063702,7.33949939609109,7.92216053338451,8.85906645456865,GSM1875927,Non_response
7.040442326,3.576695503,4.672051343,3.704375068,4.418445497,3.453974579,5.841347314,3.876975037,4.121610758,5.184316941,5.160223583,6.61127993,3.993619644,5.906333916,4.47948931,5.450733021,5.862506132,GSM508172,Non_response
8.77408660407446,6.59432708789662,5.66909405265456,11.3279784526296,8.95155879734564,6.55961721591484,6.23480240905561,7.18637469164621,8.68809641563619,9.28907199857836,9.89851723038608,10.8356958437306,7.62375044967494,7.69054379927702,7.56753175562798,7.3534108868928,9.91510022399313,GSM1875920,Response
8.112870084,7.070203525,7.236241415,8.052353327,7.766963883,7.094999293,7.537613065,6.982675416,7.986300215,6.941984202,7.598900987,9.431751989,7.461791342,13.58218283,7.991077872,7.959860805,8.456349516,GSM2804908,Response
9.51974800120822,7.01841001671693,6.65756181947633,12.107761254871,10.164289844655,7.20960161476773,9.26902663165267,7.9862851430596,8.89705338284922,10.1502785727506,10.5631997692703,11.3920090743505,8.86825867106891,9.02994231174135,8.14098500851411,7.95006116803514,8.85657683811361,GSM1876000,Non_response
9.956380261,7.906870226,7.944750882,11.93298927,9.944208839,8.058703422,9.828358995,7.760859226,8.935184161,10.34055654,10.54480347,10.31015099,9.783720226,8.857447147,11.64761874,8.485020706,8.623117503,GSM496031,Non_response
9.18419116903766,6.18645894326354,7.43155394879517,10.1207944725912,9.61144502025179,7.6014166447347,7.19032001656597,8.93797548173915,10.5692104399931,9.97926688439724,8.83801071561525,10.070766064633,8.41988704424309,7.08850230925277,9.13332253042569,8.16796192932821,9.15433157420367,GSM809288,Non_response
8.222679957,6.884550422,6.998115909,9.113587899,8.198716172,6.610300861,7.446266965,7.64392153,9.972079525,7.178096569,8.081978143,10.59218578,7.931735598,11.29731613,9.032179871,7.983756452,8.526561178,GSM2804879,Response
6.121241003,3.847257701,3.631087141,4.454635023,5.102353884,3.32202766,3.715320959,3.808329112,4.359367199,5.250904677,5.770607695,7.492660537,3.781503606,5.416413291,5.212132761,4.97308742,5.969709711,GSM505403,Non_response
10.60567,6.24146,9.254135,11.9467,9.243518,6.818583,10.70329,8.95910204114545,8.90137,11.15905,9.400745,10.03842,9.270592,10.3868,8.192854,8.323497,7.459613,GSM139574,Non_response
6.403114884,3.826939006,3.826471631,8.099882541,4.828011051,3.704988168,4.274237161,4.022519862,4.074752496,6.037397733,6.205470368,6.577478686,4.143322853,5.471424442,4.911674791,5.15797453,6.189470992,GSM505350,Non_response
9.2887086693782,6.59196076953465,5.09032006224732,10.1616157154232,8.64393591696197,6.87177115314278,5.4100572926412,8.19064961926857,8.92190926055272,9.87857224878827,8.85815740392936,8.98364266445721,8.44135311943013,7.14197204327819,8.29375527581951,7.98414054414202,7.9777317307758,GSM4171546,Response
9.83435059978909,7.88193495324073,6.05936386516739,11.0120881426298,8.93604272503657,7.94958483803697,8.99875502636888,8.12465668436289,9.83569864330524,10.0201511788237,9.50463739536413,10.1813412982109,8.73440495689163,8.4194938676603,9.87397916533857,8.18682423430542,8.40958344679873,GSM1619393,Response
9.03604542,6.166069209,7.64380381,10.36273082,9.454495016,6.079502587,9.580129096,6.944262419,5.770099356,9.853515414,10.32539333,6.884048992,8.858412258,7.680831732,8.685367729,6.97952247,9.511869292,GSM710814,Response
6.96430371489076,5.78087586131769,3.11358632166432,10.2973158858963,6.97361910429032,2.08232418807248,3.20381808401407,6.52746821372306,6.58667682688316,4.88961913927434,5.84266205799147,9.05454107384253,4.61279280926602,2.11842028894074,5.37138328723267,6.4637801545408,4.75135674776109,GSM1233026,Response
11.86599,7.81361,9.022136,12.06301,9.046828,7.006027,10.60902,8.0563477230933,9.979338,10.51586,10.04798,10.8971,8.652,9.911103,8.753381,8.884274,8.236211,GSM139564,Non_response
7.790499925,7.317588412,6.980614848,6.786194934,7.57848781,6.869212338,7.161706216,7.045594258,8.15545744,7.045594258,8.095759579,9.097684307,7.604703289,12.642266,6.828460079,8.369891374,7.045594258,GSM2804981,Non_response
7.04516624123027,3.99984107649709,4.73234060450846,6.43277788896807,4.95936803601221,3.62796525188052,6.74008775215569,3.54510068654154,4.00133491788599,5.07237747582524,6.22826840504908,7.69017895469201,3.8735801947386,6.97541070868546,5.5955826212854,6.41902635365155,6.71115024256232,GSM1050578,Response
6.50215140363519,4.06544931367591,4.47937865029409,9.90040006874634,4.92576077802718,3.6838619635898,6.15506893853311,3.94106413477778,3.15775156596833,5.3765868703072,6.38064374026546,6.66401149395319,3.80610065464903,6.04041814104775,7.50574641144974,5.27809836092517,6.27723343353177,GSM1050605,Non_response
5.7047874095829,4.90989323734549,3.08449725789661,8.68842678446992,6.19560827338963,2.0553256674124,3.04582783079162,6.55650884034475,7.17380543676586,5.50398940362313,6.83018643375539,8.40589279648078,2.61282666055254,3.1438175820336,4.923764845077,6.63196621484411,5.52279378840787,GSM1233102,Non_response
6.99092293565108,3.77226824069994,4.78759489445344,5.44289559881361,5.26686054009197,3.32897863577518,6.44140473470436,3.45573503315201,3.78322479133171,5.49897916749674,6.05373803043151,6.31184865225231,3.51534568037538,5.75687571475292,4.40217121946067,4.80735358915942,5.42285719129739,GSM1050662,Response
11.3867918156247,8.85177035352812,8.75183816210256,10.724643723804,9.22101396136189,8.02363853634035,10.8996513847237,9.21870011955544,9.05528669906695,10.7836833679687,9.63181888582936,11.6456889587681,9.11538846863157,10.2180425050734,9.09093814993282,9.35796347767738,7.73344731515797,GSM158220,Response
6.219804428,3.884445736,4.083511931,6.482462757,5.059235005,3.360230425,4.955464766,3.885784562,4.393937419,6.537594851,5.96955618,6.727207195,4.07319331,5.456206481,4.646013757,5.400663061,5.084407703,GSM505329,Non_response
6.660080134,3.623762604,4.248220286,4.024166732,4.885519454,3.356516873,6.56115642,3.928298064,4.070484247,6.641292593,5.768021614,7.032538661,3.897881502,5.85884034,5.456275094,5.276876265,5.353947028,GSM505378,Non_response
9.60033424996155,7.15846864444651,5.96025712397407,10.4242889591505,9.2725625508574,6.94662090085484,8.35401118446415,8.36663117301621,9.97591342848582,10.4165991437842,9.2757677630397,9.93523380114269,8.86259506818868,8.06106178473963,9.26478287526031,8.5140560191266,8.67566630599845,GSM1619439,Non_response
5.76156803352837,4.10342634704539,4.94066641986371,5.55797972683251,7.39552228299805,2.28318475942643,3.90053220644298,6.30337761756857,6.39550531232209,6.42555906655617,6.16295987253742,7.25471997092834,3.65651741477357,2.46411285008997,4.53285182779636,6.06853636580404,4.84681026897161,GSM1233067,Non_response
6.03315439540528,3.91524621475855,2.7919631897004,7.9628853904034,7.37117760629699,2.89123333538107,4.41661846540437,6.16458505105028,6.70092088955438,6.19979415384641,6.79162528709625,7.94781605953426,4.69715217716796,2.62167189330483,4.89138515248973,6.22135467407957,4.66502883354844,GSM1233094,Response
9.41164375940035,6.73852947470924,7.27931041191289,11.932302872507,9.091024638139,7.80524882850158,9.71132234306324,7.57033361015147,8.89117864987607,10.1660067199902,9.79471104883016,11.2693017900327,9.66223932804258,8.86251312683786,11.5337418301706,7.98848057509979,10.2898163009639,GSM1876013,Response
10.1816494115116,5.90514177158159,6.6821976109375,11.5879979673854,9.66343102981687,8.53308675182355,9.14953676038039,8.11134112494774,10.0953789719078,10.1850759529376,10.1820157153543,12.1491992648689,9.53655693790915,9.10305573134739,9.37022347023524,8.30567111510739,9.55422633217473,GSM1875980,Response
10.5921724345168,5.48011876369202,7.40621700877374,10.55081454754,8.52640756723953,5.45033434314816,8.80107054301844,7.02335376314007,9.11230915993067,9.93899603333723,8.81743209916852,7.06539165116618,7.89207677073573,7.09659863841581,8.09991789524555,8.62050195994354,9.18680243593497,GSM4171541,Response
5.990783599,4.148978166,4.282246022,7.276191316,4.998290271,3.679922797,5.709251342,3.887734588,3.638316826,5.179118803,5.565256092,6.68184212,4.053543068,5.960323283,9.073573618,5.810703155,5.361889495,GSM590855,Response
11.3589741954825,6.53658389853339,8.6833665549947,10.8929257662986,9.52551939852037,7.5411197425613,10.3346442573921,9.81286038897728,10.0435133323734,11.7631293191062,9.38639611022396,11.5018177212445,9.77189755128318,10.9537395814699,9.24299099129418,9.33674803532362,6.51547597990066,GSM158215,Non_response
7.542141362,3.790944106,4.313084857,7.3977777,5.071729888,3.586005148,4.830970079,4.169074336,6.223557936,5.914218579,6.557303024,7.968696881,4.096927247,6.323120088,5.197861231,5.3072202,5.433002862,GSM750743,Non_response
9.1794290564978,6.3479993569756,5.76688071095724,10.145723006706,8.42688830281525,6.7977645835228,8.10860958517624,7.69688426345005,7.9787258778771,9.60107185807503,8.50010830947492,8.6367177134988,7.85094686322939,7.08925266281374,8.28482728410611,8.20379788518766,8.11536858213949,GSM4171570,Response
9.95635377593529,10.0658709505571,7.34974584398014,12.8911884729534,10.2647177269154,5.55444939396896,8.21588019456478,9.48761248262804,10.8531025624883,10.9095432406398,11.3991274421608,10.9438890229823,10.7041346595529,7.60375389071123,9.41087949324938,9.18408248459777,8.73561422506047,GSM2811135,Non_response
9.57245395628816,6.61153245569671,6.46585142167452,10.3016955955197,9.91823785487156,5.24915983254991,7.78291953260833,6.54745711933282,7.0052568460837,8.83907637204477,8.96588184356776,10.7276758434295,7.04461947647145,7.56996797014033,11.0768572426887,7.64250396831451,6.84416909077482,GSM1705389,Non_response
6.315968465,4.185670851,4.178541025,5.446619422,5.090091331,3.445266748,3.740733694,3.760279625,4.531300475,5.671423132,5.694130523,7.84907967,4.145344805,5.20697223,5.790549273,4.336958467,5.326665143,GSM508083,Non_response
5.75036644370249,3.87540879859919,4.13321553728168,5.96871062432898,4.7406300024127,3.84105853522713,5.47795685808641,3.83325074419759,4.25109499810312,6.97679816668603,5.81409609989817,6.46924114606164,3.4533528373843,5.96872378576205,4.37570807485487,5.72714444581286,5.34106007992385,GSM1050640,Non_response
5.98557167798867,4.11659819212989,2.7006234392666,9.33068156702179,7.23471973535904,1.74770730174044,3.55076962144165,6.07025149492072,7.55524176392738,6.95633798504598,6.3889880553696,7.95873927928124,4.15529132103017,2.13081179945098,5.05545921398169,6.20963443166229,4.53018221992524,GSM1233147,Non_response
7.89156147,7.249499816,7.244541599,8.867209417,8.238793432,7.11693788,7.000105089,7.308126818,9.572211691,7.89156147,11.31111357,9.509845344,7.955099527,12.40801069,8.068413532,9.213931418,8.572569051,GSM2805006,Response
11.12086,6.461443,8.403299,9.004325,9.037521,6.983148,9.929033,9.8453252819154,10.06594,11.20078,9.544439,11.73517,10.14283,10.17335,9.713512,9.115023,7.604168,GSM139556,Non_response
10.0532061978979,6.26395406845805,7.64802100855925,10.800400508359,9.64110157157061,6.78183798804112,8.88105774880639,7.68965910780759,8.56571501156429,9.71870388762531,10.0624688142879,10.3060133703396,8.51832853894087,8.80662258049347,10.7100804926397,8.2315367027987,7.98070496132795,GSM1705394,Non_response
7.649748267,7.378741147,7.341325166,7.322165708,7.860756521,7.417449913,7.283079062,7.193723791,8.284738776,7.464327586,7.864103804,8.525941012,8.133550736,14.15789305,7.27320847,8.910286249,7.974612742,GSM2804898,Response
9.06632942914876,6.16727988993409,7.82485089996684,9.95695003270966,10.3879953308674,8.03796185371713,8.9015134078846,8.61611013755206,10.5003451313699,9.45647069784363,10.182529670083,9.47689102261394,8.22734670540912,6.93885995561143,8.98587584934131,8.70255718505895,9.20425142808764,GSM809276,Non_response
6.525140231,3.786218862,4.60655163,6.372288452,4.881499934,3.419852387,5.437293297,3.783437497,4.334606888,5.822731846,5.65007305,7.182579225,4.020012927,6.065650567,4.991961528,5.716843339,5.516881209,GSM508098,Non_response
8.82146690051406,10.510668935459,8.31350276802149,9.88327723432837,11.156747638748,6.11102303687476,9.85209542814065,9.1429055156965,10.6799101359631,11.4230474007429,11.5047373249147,14.7095327272694,10.2892136418814,8.33104543545618,10.1279580613601,8.99095889160207,10.3186265773222,GSM7040778--RNA24,Response
8.988252435,6.638424743,7.326037509,11.99266039,9.29773911,6.27548195,8.520538783,6.908035102,7.979362434,9.680733283,10.18020924,10.5497943,9.459020937,7.538736458,7.235474187,6.624594819,9.346646392,GSM710813,Response
7.715353456,4.07635287,4.013781162,5.396182405,5.084534951,3.573298217,4.370962043,3.756452742,4.919645062,5.198947316,5.911288738,7.300001181,4.13977667,6.108919356,6.084044706,4.494226106,5.835309687,GSM508087,Response
9.34161513353469,7.19460377020701,6.83032920586043,11.8851954553591,8.97900786431217,6.98911418882278,9.6170463298613,7.43800385482014,6.30878730458994,9.53791425056427,9.47370973822924,9.79515314110271,9.33273157556567,8.12175605110078,11.8090430065087,7.64479829070727,9.29765546069912,GSM1875916,Response
6.814747615,3.889941034,4.662343402,4.228772618,5.190663435,3.391802751,4.973954894,3.590681764,4.374838158,5.450195916,6.197357625,7.442209255,3.941988622,5.566983434,5.093294911,4.415052831,6.081902484,GSM508118,Non_response
8.903023988,6.840891185,7.368966909,9.993016887,8.019836427,6.812736634,7.711043592,7.299445057,9.847388711,8.778524143,9.399294363,13.01242156,7.662888986,11.54465897,8.899648749,9.024844379,8.705567603,GSM2804918,Response
11.5348889475024,8.54440512553406,9.23261407337949,8.72697887252555,8.82656625362091,9.1501698203265,11.3643404971598,9.28232617301917,9.29326847228357,11.2403210283241,10.399329571925,11.8256545167966,10.2150457111318,11.1474772379422,9.82784245267806,9.83096800576949,9.47906643567921,GSM158285,Response
10.4290585123789,5.8514331166906,5.729651661122,10.3807334000175,8.91716863655484,7.96752472138716,7.56137502800769,8.64964371193086,10.7966445348053,10.2894168952264,8.73568693964098,10.1669158983757,9.34046786421132,8.39144786637899,9.85765588511337,8.71367101058385,8.63706417567991,GSM1619398,Non_response
6.79320753577154,3.96182473603038,3.21515342304179,8.2336909843147,7.28178312305778,2.24017679461965,2.9670230078296,6.16657162746746,7.06191986719013,5.32933307817104,6.17432677037615,7.70174327990064,5.18019727620686,2.49213080231139,5.0372035467339,6.59388211617832,5.80215950497269,GSM1233021,Non_response
5.986562848,3.99955547,3.835299748,5.51434835,5.445564912,3.207404008,4.023476384,3.829121622,4.1852002,5.226108623,6.074417945,7.613655407,4.583693033,5.467784198,4.945186405,4.196113459,5.259860448,GSM505538,Non_response
6.398658133,4.296682703,4.011661804,4.337733985,5.155378429,3.688392534,3.740821231,3.830098758,4.07720544,5.361914268,5.507476244,8.007943786,4.143067739,5.148636313,4.746959377,4.441714427,5.082268901,GSM508015,Non_response
9.22204151128852,4.60830010753829,7.73350313931407,8.63396657196184,8.15064346916792,6.46532212751064,8.81366867563927,6.62284003035106,5.50544166261635,7.49300878712695,7.91553843378939,6.49296053872684,8.70490802138445,8.8073582513671,8.81071285445734,10.5151637394219,7.13873203198439,GSM2193343--17,Response
8.967671668,7.962747535,7.934032125,11.00822233,8.777032599,7.377568936,8.998222954,7.332651807,7.277288146,9.564094055,10.59153777,11.37819285,9.044221549,7.968425908,11.03626697,7.735220808,8.025289503,GSM710892,Response
9.60267026581056,7.72080797764564,7.38615134594588,12.5799143280528,9.34731040252665,6.43418981269186,7.81022807133838,9.35913081026487,10.4160583711057,10.9012857018669,11.1786011363096,9.70144927476632,11.0974781320899,8.16769531530115,12.3205233748181,9.44666938374091,9.59846890023025,GSM2811140,Non_response
11.48747,6.300049,8.676964,10.97184,9.341157,7.572736,9.124454,9.62106004754223,11.03128,11.08297,9.60314,11.61615,9.90426,10.37136,9.998196,9.627627,7.107554,GSM139598,Non_response
6.720486376,4.193412312,4.320896667,4.159381265,5.332397511,3.386501428,4.361745359,3.656994894,5.335838724,5.730736291,5.848800303,7.056045234,4.063938708,5.524290918,5.215275619,5.056795,5.714387394,GSM549309,Non_response
8.51532066619291,7.38413221149926,6.47607485470525,11.0173560826725,8.52318852906631,5.54863941557788,9.0629560497064,7.21092960984034,7.27880336190595,10.5252725625283,9.94154035662291,10.4914481866898,8.76898927326985,9.05924446798525,8.81782034960772,7.72508060379926,9.62955260119864,GSM1875957,Response
6.9405879,3.91000472,4.500573775,6.090733073,5.06920725,3.320687563,5.421426792,3.971649818,3.865592543,5.331191937,5.756097159,6.367815213,4.18489252,6.312433,4.799231809,4.669965864,5.957337579,GSM508157,Non_response
10.3674520384955,6.02934399120912,5.5898310349762,8.77162642133225,8.46071238916889,6.86979934410238,7.77399438420769,7.10366233174318,8.16434364133319,9.11653469241665,8.44173130741426,7.61463647905666,7.01547638232415,7.34943035979886,8.12063828212748,8.82703508616026,8.99641899630094,GSM4171549,Response
6.966086473,3.543824348,3.865997486,4.048767336,4.980712184,3.682719754,3.355947316,3.879446403,4.441500861,7.045967432,4.951227639,6.974952002,3.968308006,5.579058502,4.840026219,6.330429307,5.446482228,GSM508128,Non_response
8.06669371034586,4.52475874608938,8.19200500350433,8.55441243488277,8.16008863504664,6.46948374123723,7.71950346321425,5.76806221453775,5.22754203954043,7.50679676391618,8.53363478907084,8.07194715878077,8.28520299009702,7.83666997251924,9.69687997626994,9.80550725936018,7.28779190939853,GSM2193368--24,Response
6.714753118,3.698438297,3.991571204,6.105180018,4.828658576,3.65567048,4.541968029,3.9922368,4.639788367,6.040832604,5.948057506,8.095346895,3.905357051,6.377406222,5.530265995,5.26124334,5.704121472,GSM508166,Non_response
9.28090968763049,6.03277257172929,7.06763247733539,9.26685287839302,10.3173559898713,7.37833615107059,6.07878035321099,8.73767929772662,11.2529726901613,9.56597758296238,8.98391896821263,10.2748558882749,8.7929019921948,6.64852385313962,9.11899810323002,7.98560379008898,8.61121485694401,GSM809260,Non_response
8.41604411335104,7.13608909971934,6.63970427832073,9.52923528485226,10.3616524591157,7.37521075331135,8.69644631376449,8.39101621574055,9.26504771989501,9.54726121787657,9.15001803223131,9.35223626300388,7.90502450916556,6.19944299332356,8.23928555292817,8.16333619259841,7.79417629129371,GSM809201,Non_response
11.3713782994972,7.96370295424456,9.13298794903572,6.06159085947153,9.30002844395433,8.86319840368023,11.5979586298721,8.99084417605787,8.23245591165909,10.6912089079606,10.254905411234,11.2840897648099,9.21012764249963,10.481625410767,8.26532497015328,9.84693583647798,6.99525082930746,GSM158256,Non_response
9.97453721741438,10.0842274537053,7.36269354007612,12.9074583595639,10.2832926104035,5.55128008512932,8.23141348593122,9.5051692860682,10.8718048487038,10.9282914546854,11.4179095887355,10.9625388776039,10.7228223257958,7.61759478263768,9.42837266725793,9.20130318458362,8.75247663711802,GSM7040770--RNA15,Response
9.52429131149806,6.33939768387093,6.31399319920686,11.7768842840861,8.92995002245052,7.82045917650127,7.99767206204992,8.3456362175714,8.9390719133287,10.7886993111455,9.13465763230719,9.53955481010509,9.27196363937587,8.30251928590463,9.61099983375341,8.72369163671413,9.07549987862727,GSM1619471,Non_response
9.22989469434878,5.69896557927584,6.13476026454516,9.45416154960406,8.4984206581706,7.56395675483156,6.34433579051886,8.1982609120899,8.25570041869711,9.64611446534433,7.90995707112002,9.1924811353094,8.82794230642865,6.93609690601336,7.77244654610802,8.04313717761934,8.54190845264177,GSM4171580,Response
6.610503844,3.981911437,4.323928615,4.512951978,5.29978775,3.519532588,5.136933709,3.968282768,5.152983658,5.375906688,6.356289219,6.588592455,3.918444958,6.133683589,4.846666925,5.02843742,4.782907249,GSM549270,Non_response
7.017949669,3.562526113,4.182764386,4.237587098,4.937448916,3.32312911,4.586769999,3.917898164,4.943849044,4.873152377,6.222899258,7.001506635,3.906277829,6.568453407,4.723193586,4.117545765,5.973671043,GSM505421,Non_response
9.42377374653265,5.0141762651337,6.81507920516108,10.7861777750888,9.03597392865545,7.65981830407644,7.67057649141589,8.61785720571686,9.71915172173252,10.5953056906016,8.75688967447304,9.42295892198938,8.74919083406125,8.2453790324158,9.05543289005428,8.69346376997979,9.05888389708801,GSM1619400,Non_response
9.204408631,6.39511568,7.579527111,11.40966486,9.027191368,6.797147604,10.10396921,7.404929274,7.454749404,9.270481517,9.413472164,11.49367113,9.914492737,8.96001481,10.13870927,7.925333757,9.654533292,GSM710810,Response
6.181824169,3.866923615,4.217776346,4.761596394,4.779568201,3.349185194,5.998776174,3.85788669,3.976418556,5.333105899,5.452027871,6.899141102,3.7419562,6.49616177,4.711167533,4.418377041,5.042794761,GSM590844,Response
7.837016995,3.878864348,4.352843927,4.724131252,4.690613136,3.585927319,4.604150406,3.871413315,5.19506352,5.760280471,5.906455309,8.615799648,4.059693005,6.42306236,6.334527178,5.003214764,5.672305776,GSM508111,Non_response
11.01842,7.224761,9.310244,11.66686,9.401177,8.111199,10.63215,8.44173974210874,8.285774,10.52565,9.070723,10.68896,8.679119,9.984927,7.596154,8.785996,6.413447,GSM139607,Response
6.380145503,4.037038366,4.137368151,4.905804782,5.031524973,3.742104843,5.187816265,3.864790207,3.994671714,5.796828642,5.93260205,6.956629312,4.233361872,6.261866821,5.020981685,5.180091398,5.142037681,GSM508094,Non_response
8.85629742135192,7.15552887861454,8.04040249903274,9.17680000777144,10.32032876348,7.21779610673666,8.84185192412961,7.90800530416005,10.3084078350746,9.425741653229,8.99541747218907,9.88549738178923,8.39042302813195,6.56583820855445,8.77584533452806,8.38870119462814,9.01383177296446,GSM809284,Non_response
10.721164308103,6.77031481294138,8.73823358053974,8.96297666209804,9.14025971964593,7.73821816708483,11.4573353183066,10.2180551880682,9.04927336770898,12.0169340773867,8.04590905922593,10.1729164541003,9.54688478280349,10.0905550539156,8.93665112301666,10.1296996338944,7.44061555291889,GSM158282,Non_response
7.840280998,3.962395093,4.160785857,7.017631267,4.827047245,3.583080461,5.349640557,3.828426397,3.522997839,5.743261596,5.733052027,7.34806899,3.824418564,6.426258701,6.185607854,4.896584596,5.685110785,GSM508092,Non_response
5.94248443,4.607268214,4.192699461,4.560563804,5.269504675,3.302867031,3.919939117,3.815580758,3.879947238,5.743560831,6.352164702,9.263594204,4.177180494,6.019120035,5.28124431,4.738366563,5.107923085,GSM505601,Non_response
4.02424014973681,4.94047949035558,3.49349456381064,8.86286503155574,5.71577849935079,1.8206220061554,4.11717474932716,4.84524581112498,5.97302420057857,5.59880416085232,6.17823286795791,7.17589069930939,2.71240057354219,2.67123541664438,5.4543620285256,6.49402599001263,6.02587187664469,GSM1233090,Response
6.298503569,4.066182035,3.980904203,5.125180518,5.117050193,3.482863128,3.539164981,3.802584953,3.851424854,5.109283403,5.74588026,7.068967234,3.873809749,5.754572255,5.503729796,4.697719037,4.962886306,GSM508187,Non_response
8.22774382,3.868463552,4.357087985,4.042339898,5.605900569,3.245618241,4.135807676,3.685536707,4.022342845,5.109018893,5.84191091,6.723187095,4.042129896,4.414075592,5.918169276,4.717433659,7.569802363,GSM505423,Response
9.52314160404354,6.1557888563275,7.70823334658948,11.4687655688473,9.94911745624793,6.94908650855186,9.73696654991006,7.78561519457639,7.6622891215526,9.7850471501697,10.3031599623689,10.8899168041332,9.79240886878915,8.81010573869167,9.9967807066923,8.46667535350793,9.97144346682157,GSM1876009,Non_response
8.305796829,3.507295063,4.19883565,4.256226087,5.121022769,3.537697563,4.899051349,3.682676896,5.845193149,5.834352181,7.193849191,8.376832158,3.861853899,7.038361474,7.035860473,5.754644474,6.092807196,GSM549248,Non_response
11.2392093261868,6.63358454343539,8.99042212583184,11.8150688780287,9.60199404335811,8.24713324461118,10.3474665669434,8.97970144294273,10.0776744829598,10.3599120291719,10.2986452399025,11.1655295108137,9.3045115615793,10.1793752473222,11.8767192417645,10.1044364293575,7.37086711783834,GSM158280,Non_response
7.672922573,7.698923594,7.558139992,7.293917243,7.288960542,7.501221534,7.129974972,7.364326839,8.543217756,7.349043531,7.518062115,7.837463833,8.108794422,14.74880327,7.016755992,8.85400701,7.254006663,GSM2804924,Response
11.2736408636604,8.26499602062234,9.76208369827294,12.0040974511152,9.26274218454423,6.86232792434571,10.359617612827,8.7377729406978,9.29851254207876,10.4498494295099,9.82588275139978,11.2346106740193,9.14704764465249,11.0933625934939,9.64181428514133,9.17773002054278,8.27252045365137,GSM158245,Response
5.936686219,3.568265385,3.949680373,5.235313691,5.101784945,3.337829597,4.391018529,3.952562995,3.988100484,6.067106578,5.85236193,6.582669016,3.762462964,5.377832512,4.53270418,5.16073549,5.358153964,GSM505565,Non_response
7.797107531,7.63513946,7.658901524,6.848996419,7.051893468,7.308126818,7.003613752,7.225519704,8.25005494,7.474247733,7.548345438,7.518852714,7.871948635,14.23998567,6.985887908,8.661478992,6.91665963,GSM2804889,Non_response
11.7400618994489,8.09615137454243,8.92786180469678,10.9944249213649,9.52967006849734,7.32919210184033,10.1460885648273,9.54999472883543,9.06585808590608,10.9397140616891,9.46227593422061,11.3423333309241,9.69110585917146,10.149858049365,10.3604328807827,9.38503390470375,8.81854382822965,GSM158269,Response
11.2779511273485,7.60270553516033,8.6621875047106,10.9594825268332,8.97134791697373,7.5579136425722,9.62197766865153,9.62308628263714,10.4671689590685,11.141294683408,10.3139672137316,11.5792042099404,9.77929400906819,10.0035282162059,10.0213033832786,8.80408967879611,7.39829192995734,GSM158229,Response
9.49954716489888,5.76504308485969,6.59164259850593,12.248831383078,8.67777205662115,8.39606027503201,7.31997262350167,8.93455193379538,9.62339020999439,10.6855203953827,9.35320678819392,9.52042600887346,9.80219837791435,8.07217000490989,9.80263218984842,8.60526233197247,10.1023308003173,GSM1619470,Response
8.52091304517602,4.83943090974685,7.83143062216485,7.85562080433806,8.29619796152999,5.82236127642194,7.74542513162828,5.86918564677718,5.5138136918308,6.98127122034869,7.64458318881244,8.1273277209745,8.49951575064272,8.36603229864687,6.61281657232702,9.19911857906637,7.64180966615318,GSM2193345--15,Response
6.500486297,4.263966753,4.105713668,3.500821138,5.347792277,3.474419379,5.062946108,3.84909374,3.808491098,4.999853931,6.642070439,10.1472992,3.769437102,5.314252626,5.365901622,5.772963497,5.280096418,GSM505439,Response
6.13409379642832,4.25360848889746,3.27799546185208,9.14126808599539,5.66992906662514,1.78007972656749,3.37267785628947,4.96540455321899,5.08469134634796,5.00009129916287,5.05807400310491,8.66902379439122,3.75365110755429,2.00554451830968,4.85182581013913,6.70453513317132,4.51863812266548,GSM1233140,Non_response
8.69682786162461,6.41263431180116,6.59080654918209,9.7338023147324,9.93750281103434,7.42044556570189,7.58539256184245,8.86861194714653,9.28789756045642,9.68145855540544,8.83088297853567,9.72797672798748,8.77331930415533,6.04394431176986,8.83337309055296,8.55273384127436,8.76767559223227,GSM809242,Non_response
6.97468663931292,4.37418183935205,3.21782903235186,8.85097600575364,6.62413455247523,2.74254378512504,5.17840239125913,7.39080297860157,7.65765814770462,5.90595181293662,6.48193967838344,7.46222809896315,3.969502831697,1.91236121415437,4.42483206484515,5.64981505912167,5.1501881437632,GSM1233062,Non_response
11.02128,6.492638,8.852513,11.68797,9.412222,8.219103,10.25006,8.93743032331113,9.947832,10.18947,10.19617,10.97771,9.169985,10.06062,11.83667,10.02647,7.347628,GSM139630,Non_response
9.35366422215423,7.68074798493397,9.85683285166572,10.6831718195666,10.3670179952317,6.83324514771437,10.5077847535375,8.84349719836995,10.5204700997188,11.2303832576906,11.6565734217091,11.0454375547971,11.0313984182064,7.93215581553657,10.6207734727567,9.85542004261604,10.0097462080943,GSM2811136,Non_response
9.3770262399569,8.86882343531767,8.0104025478497,12.1939016553171,10.2767592141565,6.274330521789,8.90752317669053,8.32277446211887,10.1169866667446,10.3912866204836,11.3626569540533,9.21273195446347,10.3920676461626,7.26044113308487,9.57466931757005,9.81639325651992,9.03809358918261,GSM7040792--RNA34,Response
6.534616426,3.681340125,3.728296554,6.045017604,5.225537941,3.419751525,3.293629224,4.088206685,5.000018035,5.907487732,5.999364021,8.368457678,3.725227644,5.278392844,4.669154061,5.057475568,5.35149268,GSM505520,Non_response
7.592644685,3.691755332,4.873998136,5.000854306,4.918101221,3.560399349,5.459551422,3.563218611,4.546940193,4.954997678,5.895830748,6.903744156,3.626281425,5.820925443,4.501176086,5.435611536,7.11630243,GSM590850,Response
6.46707226133594,4.83734518284939,4.33192686219503,4.87958780201334,5.1425398248237,3.46255124154868,5.3361683058935,3.29026434590709,3.89734007513035,5.29793842110249,6.30804194799857,7.26120597829288,3.60789228607733,5.83575652333443,4.34115739788433,4.42643061272984,5.24453363957185,GSM1050661,Non_response
12.1248790036229,6.6871099256313,9.70565609021218,10.8032535524445,9.93244331008334,7.833004820457,10.6574483863849,8.80530270756691,9.89268020646489,10.8284231093456,9.42144898674369,10.0991455440327,9.08936603860089,9.66765206312297,9.38397070574873,9.80486811420519,7.76085661787889,GSM158261,Non_response
11.55212,6.436686,8.015644,11.37682,9.305984,7.394997,9.889376,9.89187789397774,9.85617,10.8717,9.26853,11.0878,10.23939,10.33546,9.337337,9.074572,7.647322,GSM139549,Non_response
8.56158199774544,5.7885327138244,6.85715741364353,9.7314328992178,9.63851660948154,7.7058136934078,6.23843271769547,8.83549414648761,8.84909356073126,10.025666159359,8.87843023498837,10.3576476846202,8.56299099827819,6.90050411561744,8.80673998149856,8.62524044867663,8.98968978844362,GSM809188,Non_response
8.622390556,3.798688688,4.882159162,5.043289302,5.117866755,3.468063692,5.930819202,3.750869007,4.54980352,5.801329202,6.467244096,7.13877555,3.757171831,6.047370801,4.704243669,5.850852349,7.034016694,GSM505583,Response
9.8250074863749,7.6140241420691,7.32014007573012,11.1708068847768,9.9867458880629,7.70280745019528,9.8194155136748,7.75357163765691,10.0052249222837,9.66006583533664,10.136983002376,11.0652406784976,9.50956418224876,9.14477896092229,10.0318459166589,7.71861452693163,9.69660390137899,GSM1876010,Response
6.829213553,5.602369572,4.194390382,4.209528277,5.267123877,4.122274916,5.532935693,4.066142953,4.094463514,5.906315443,7.173320085,9.947924896,3.811184379,6.744731668,4.828075822,6.517043491,6.02004661,GSM505463,Response
7.51306521402033,3.75208128803305,4.68823098319591,6.87829240795136,4.84798141476062,3.55412132742558,7.03145817280653,3.66354105185966,3.83650866832403,5.50823318096444,5.83506488900489,7.83473088276229,3.74011151164859,6.80796972686919,4.83529941596391,5.68951521119672,5.86467326621895,GSM1050625,Response
7.172810015,4.068455928,4.699131419,5.925989693,4.929749774,3.754908026,5.429794144,4.196439108,4.072874724,5.483390164,6.898930683,9.589489619,3.955445133,6.100725263,6.079111029,5.350313491,5.745913075,GSM505428,Response
7.558996487,3.754361578,4.019735578,8.326410107,4.835661111,3.690310811,5.559952814,3.813173641,5.601962597,5.802090458,6.529523945,6.646178907,3.893264682,6.499648166,7.134523247,5.66671979,6.319009322,GSM505360,Response
7.656139656,3.52000546,5.467537065,7.030445359,5.304620498,3.424937475,6.732909958,3.63794161,5.098118001,6.154489748,6.275031648,6.94639051,3.748302024,7.340242407,8.643340483,6.167607862,8.255645543,GSM505454,Response
11.79603,8.348038,10.08186,10.91619,9.704519,6.783772,11.04577,8.84021099833903,9.092847,10.64712,10.38572,11.21869,9.30765,9.609607,8.856408,9.735418,8.451919,GSM139591,Response
6.05922249208773,3.95737084909016,4.46259613757646,4.53601070685182,5.08602099558671,3.42009725203052,5.96816822198521,3.59304160440268,3.79768659677852,5.6587282553478,6.17570057495056,6.922243753053,3.87064063078385,6.10873287351038,4.81830913592295,4.72124560186301,5.06017842894801,GSM1050613,Non_response
6.545942259,3.947842638,4.061362496,5.352927805,5.238184367,3.528751191,5.15577112,3.753893141,4.427035762,5.76262812,5.790524921,7.43791122,4.131482076,6.048863764,5.142436901,4.428844661,5.028168143,GSM508141,Non_response
5.666779501,3.61508806,3.682841092,7.395087367,4.930846099,3.840781782,4.018889591,4.356425638,3.443700306,7.054036735,5.799887103,5.691940778,4.022036641,5.445101991,5.642859089,6.260607363,5.020834984,GSM505366,Non_response
6.133725034,3.973016422,4.084730138,4.892391249,4.710021397,3.564107074,4.776709135,3.732319753,4.448962202,5.721282494,5.831073879,7.271027062,4.09694151,5.84300924,5.230662297,4.647779159,5.310981671,GSM508045,Non_response
11.3386527877973,8.80280894256139,9.05786089930064,10.8684086472836,9.27964085820366,7.50090836399741,10.9175804218547,9.06562425200636,8.6298749205673,10.8428533172459,10.1595768115171,11.6049651862444,9.42825035828967,10.0731792725352,8.69920096981226,9.14919219392092,6.6306968616436,GSM158255,Non_response
7.280564037,3.907197474,4.25336859,7.198108386,4.877191378,3.497689909,4.854775406,3.696794267,4.264858184,5.485889925,5.673767664,7.392538603,4.043123539,6.190469752,5.297707354,5.012223675,5.023131835,GSM508154,Non_response
11.1125,7.749949,9.048446,10.02123,9.26008,7.421541,10.68919,9.06902222011566,8.927977,10.62441,9.597182,11.08431,9.122003,9.840221,8.880189,9.162734,8.223904,GSM139634,Response
7.65243511,4.885076606,4.141407268,3.986239927,4.877654271,3.648647128,4.290139829,3.734699805,4.043553227,6.305764305,6.428850374,9.8080476,3.799552615,5.127510424,4.933881642,6.34308857,5.547159287,GSM508130,Non_response
8.86133599922457,5.04211546030263,6.49379150896468,8.50527953137829,7.30195543081668,4.58155047789987,7.9050049577574,5.06506962335529,5.75236922510934,5.82739870357974,7.04867566176346,6.13029813509998,6.92442217848317,7.92296050208883,5.5751043199614,7.22380814377493,7.49374514071351,GSM2193370--22,Response
11.69748,7.453454,8.790012,12.10826,9.152067,7.265731,10.76684,9.37492612864659,9.613782,10.00292,10.26298,10.24824,8.757778,10.46637,10.308,9.760265,8.419642,GSM139568,Non_response
9.78147964637835,6.25341848580472,7.92713536426594,11.8511493612188,9.50206298583293,7.28019499508928,9.93229334796278,7.21687512573912,6.28877121512567,9.94765609790338,10.3501529835579,11.1806344500202,9.99833320425939,8.99616967051131,11.0235484067521,7.87461594036242,9.46292177826907,GSM1875918,Response
11.3744268810225,8.18760258873037,8.97239220481249,9.41064506973625,9.16441343095058,7.37591199753218,10.3767259263514,8.70910214310599,8.03771588470751,10.6791029130918,9.38407168571974,11.1465139377442,9.26210597049314,8.9084816035203,8.62576144019565,10.0217205218268,7.05147102180994,GSM158252,Response
9.30677520597504,7.37067565849042,7.70105988859297,10.9370134100516,10.566537520931,7.77514584951105,8.00999471503397,8.10567020332886,10.5049398020063,9.39006176852338,9.91877373169496,10.3132487094516,7.13178855337912,7.30479809785795,8.77338320295155,8.33685948818003,8.12794588278221,GSM809209,Non_response
9.72343503049252,5.12700748673991,8.69196397876168,10.2585294790942,10.0388029190753,7.25903383230257,9.1621881321698,8.68629849519407,9.62013883334171,9.11530056636249,9.81722847586117,9.37657402136716,8.38214488230819,7.33681088626488,10.0939187352495,8.34576535888999,9.60130740935142,GSM809277,Non_response
7.085686239,3.727606915,4.498131604,6.876613246,5.183265066,3.613588351,4.493878339,4.144037121,5.805820024,5.870571855,5.956655093,8.276130454,3.836209461,6.132652387,4.788206342,6.115667582,5.402411093,GSM549264,Response
7.05684958956021,4.21716098786524,3.83168044593371,8.94136742967186,8.13494028721015,3.11907415532154,3.97620022422476,5.59058923632166,6.15021485244348,5.23332515033328,5.98102766135151,8.47987109262257,4.02363047917255,2.7233357879792,4.779598002691,5.92460117430178,5.16363726100069,GSM1233035,Non_response
6.999811654,4.497291553,4.33224591,4.468346787,4.990681018,3.380258007,4.603311077,3.531058844,4.231018188,4.821183422,6.227434452,7.009713754,4.169294784,5.289623653,4.908635733,4.403840621,5.732051261,GSM590860,Response
6.521082529,3.941037124,4.051514752,4.981964305,5.739917536,3.47341097,5.028061284,3.433149747,3.849932853,5.356027583,5.813893091,7.372568874,3.992404308,5.980121075,4.270466053,5.024372221,5.161395325,GSM505437,Response
11.81211,6.794328,9.19333,9.526055,8.835879,8.072462,10.70819,8.87826203103432,8.830794,10.74928,9.832602,10.26019,9.059993,9.855292,10.04088,9.079724,8.253775,GSM139551,Response
12.23984,7.206014,9.610711,11.35858,9.839946,7.802259,10.95312,9.37051925332143,9.816391,10.77397,9.123677,11.18981,9.918224,10.36718,10.28688,10.21774,8.088872,GSM139542,Non_response
5.85394030943775,4.00884953565747,4.3334695039096,6.50362581073456,5.12367736139548,3.47290258695556,5.55749982114754,3.54900937690202,3.59456656720007,5.3539450586456,6.23125773594671,6.83863291665934,3.67550056782667,4.59466412407675,4.56596831845408,5.17765955249984,5.59916047217244,GSM1050581,Non_response
8.26594383,7.687777032,8.276367898,6.780196769,8.127723033,7.016980179,7.381483432,8.169218737,9.606043256,9.057944624,6.842244826,8.7293954,7.581476851,14.68038004,6.536251292,10.59696257,6.411902224,GSM2804939,Response
8.283892111,4.397488327,5.064574408,3.245644436,4.866868851,3.88671162,5.590146122,3.620196569,5.688542114,5.823154533,6.644792638,8.380455093,3.849877255,6.10672246,5.50761983,5.473097664,6.30472803,GSM549253,Response
8.95372576160268,5.58657611033034,5.53552252425884,9.65172097279705,8.57729392009647,6.39861831091884,8.58389428558657,7.67303444254173,6.95777261120381,10.4310274248051,7.61290300790658,7.11890273715665,6.80356288070535,6.69050889086558,7.67074328549616,7.64014166927047,8.92700035192155,GSM4171569,Response
9.05011222889889,9.89069652859283,8.53949040906549,11.0230063000205,9.86586549267845,6.6540704758788,10.4324888150958,7.74192848839541,10.151744870298,10.2546330826618,12.3568349683357,8.23503646411979,10.2982256561389,7.89605886111229,9.68078954873358,9.51237067733813,11.7184089413624,GSM7040760--RNA04,Response
6.282560502,3.810345795,4.064159693,5.253420367,5.504604821,3.37219794,4.587185372,3.745042611,4.413165141,5.392890423,5.699733079,7.11594052,3.875557367,5.721479508,5.193821131,5.008033087,5.591544471,GSM505446,Non_response
7.99486100379157,6.77655488423281,7.25252014046876,10.9119774601317,10.4073626083502,6.80638414071719,6.00572552500404,8.51026795429425,9.32544266886845,8.89981459623112,9.06630835608292,10.1583476754501,7.8333156835784,5.71727242478428,8.09977521221055,8.96722113904201,7.40191407013689,GSM809193,Non_response
6.24263644,3.791555958,3.96672166,6.837643722,4.824793492,3.508883417,4.985237945,3.744385778,3.797919474,5.835251997,5.781503985,7.273171821,3.745560858,5.540862168,4.995498584,4.471096649,5.292708108,GSM590893,Non_response
4.48690736474376,7.07223489333087,7.1247053789328,11.6734937617873,9.53775081090513,5.94430285742193,5.4231751752853,6.55626404193625,7.49932376708498,8.47185337925927,10.2864712453302,6.802950706986,7.65616992454833,3.70623090835576,10.2485701660498,8.14131709909611,4.88588932538836,GSM1525223--77,Non_response
6.930783424,3.762105563,4.113285766,4.2540614,4.757597341,3.516086488,5.857422921,3.715483882,4.273666006,5.040110759,5.693691066,6.932395918,3.740655412,5.853377081,4.466021606,4.840702914,4.806547673,GSM590900,Non_response
6.720398973,3.918106236,4.136083261,7.274895093,5.212132522,3.388196335,4.370061307,3.873663241,3.935932863,6.057874771,6.110332478,6.389249237,3.708644762,6.255833924,4.417367668,5.513705114,5.767145825,GSM505420,Non_response
7.442844441,3.896251269,4.054479048,5.127372548,4.843107246,3.397350516,4.210883294,3.82104662,4.249344154,5.35115452,5.794625875,7.109388411,3.918790464,6.212096055,5.335736287,4.444766105,5.290088725,GSM508067,Non_response
11.9097677419071,6.38995126198787,9.21687683875023,12.5157228777959,10.0232542555519,8.83220717163826,9.99938677989458,8.90378046515856,9.07871565070068,11.4552213838082,9.06215974896568,11.3424011568535,10.1617152500586,11.603722218101,9.3600584838936,10.23819745691,7.78041492498196,GSM158227,Non_response
6.4519962171963,4.48755028774194,3.26121899331823,7.81779455572516,7.42109490119319,1.662442921442,3.06382575195637,6.46125753161071,6.12430652978285,4.60285044002242,6.32948273655446,6.61631143183435,2.75984667699483,3.92383180332685,4.87388135849846,6.43952820694333,6.54106267725839,GSM1233028,Response
9.90928839922644,8.59158716182652,7.06419466793659,12.8629290374357,10.2544720384205,5.82120145963664,8.48569326007904,9.6319113050799,10.2494841970645,10.9714008736246,11.3279578195845,11.0026394385949,10.5610549250401,7.39271015920546,8.71315313354275,9.05026685519477,10.1201277695375,GSM7040769--RNA14,Response
11.0699786995148,6.85967644351569,8.78354417666829,8.54356241520134,9.48832587018087,8.293873415993,11.4779114316824,10.191291402468,10.128299112296,11.7367497323257,9.25239667837487,11.4074425159141,9.53347120088487,10.3232824825222,9.23779863616569,10.4878545533143,7.62131009990135,GSM158244,Non_response
9.849513556,7.275860148,8.868198177,11.69652375,10.16260413,8.205427839,11.02260646,7.902320307,7.460803915,10.54452076,10.65243115,12.63827975,8.947391375,9.009804579,7.481482736,8.408312274,8.892083467,GSM496040.2,Response
10.5447835553566,5.52917893221177,7.440102837016,10.0447911516708,8.89247957975975,7.0271992371361,8.8126661416616,7.60389114195303,8.59855280163033,8.79558555779322,8.08677554759558,8.08259834322123,7.40154835959143,7.69029276163293,7.38247407696696,8.6654395624352,9.40056083054171,GSM4171535,Response
11.35931,7.713166,9.29151,11.35147,9.139854,7.604283,11.30263,8.61581612209077,8.636138,10.69056,9.482263,11.07816,9.653207,10.48949,10.58928,9.28647,8.358058,GSM139615,Non_response
8.5955243373861,9.94240425342693,8.0329789466773,12.1197502395132,10.5093725006494,5.33347897637946,9.78248338832529,8.75434588319562,9.03215302318113,9.71001244933119,12.2115232577154,8.89700959359566,9.62976408353005,6.17179294463768,9.50498263636492,8.99218660075411,9.60368846568205,GSM2811142,Non_response
8.27892084116089,6.22911390158118,6.32397472989466,10.9507429517737,10.0069340161644,6.60647260690413,9.55749517312775,6.34308737890727,7.02210387000456,8.64599963774963,10.9255980354208,10.1576767672535,8.44984596166791,6.66540139512026,7.48223924689073,7.7012016359628,9.13599885705414,GSM1875926,Non_response
7.43960281587637,5.74107933693969,6.09370078560466,6.00872620935293,8.79228162982685,6.0236137322367,8.09498440222406,7.72163969819839,6.77551163669515,10.1135411098527,7.2095318036832,6.67114362288622,8.48076789878046,6.2414778268215,7.24601507283927,8.27390430404286,7.58213406781758,GSM4171502,Response
10.1726476522576,5.40359570779148,6.85535191199075,13.1927546286909,9.08912196656173,7.83073868398834,8.72509873900606,8.14321176521332,7.37271738030692,9.12163091593359,10.1514669868979,6.22523774781456,7.76558859314548,8.99296891377202,10.6490832773981,9.18456888094959,9.38965847449416,GSM1619417,Non_response
11.3951109000222,8.58837560981417,9.07926806242959,10.9720433625704,9.16956024729594,7.29813250940655,11.5284163639585,8.98065239791471,8.67051527362815,10.6271700804964,11.0426218938358,10.455658480332,8.94242547906288,10.1825466043318,9.94407740851089,9.60234338888426,8.02328470997695,GSM158258,Response
6.00108228521169,4.54715635909264,3.18034504434947,9.03037914929085,6.40835729163259,1.60526884672026,3.43760928459809,5.81119072521473,7.22591308055788,5.13888550090587,6.02095463718242,8.35982269479254,3.59387539439264,2.12568455685392,4.68161000732931,6.5703398296057,4.94971949202668,GSM1233076,Response
9.310978684,5.783593818,7.038139816,11.87788911,8.935482019,7.569287802,8.929822947,7.464912139,7.648201566,9.89691926,10.84261641,11.50159499,9.142149172,8.853829128,7.20425247,6.701499291,9.214468918,GSM710883,Response
7.806024532,7.531864004,7.58963593,6.584349218,7.408043583,7.348224589,7.215747505,6.956949361,8.776021751,7.318834293,7.377005515,8.37638629,8.055424054,13.13322549,6.89015382,8.841082079,7.737122383,GSM2804992,Response
6.462300034,3.960377674,4.419566106,9.847340088,4.853365422,3.678497102,5.913491422,3.91974402,3.276485697,5.320080995,6.333042112,6.636131496,3.844404387,5.951087021,7.504989241,5.227703509,6.220906658,GSM590864,Non_response
7.656380989,3.809644574,5.510872911,8.463554226,4.955481189,3.458760578,5.026427101,3.601394511,5.784996973,5.968762959,7.516035669,7.519009099,3.91402608,6.769049487,6.12625675,5.984069601,6.256541648,GSM549256,Response
7.479466247,3.911438238,4.318178667,5.148017811,5.050016928,3.752688279,4.72858603,3.870292151,6.117926514,5.890469989,6.773798747,9.445910704,3.995572636,7.007425299,6.155010272,5.512166882,6.031215945,GSM750742,Non_response
10.1196826811809,6.10325979574262,7.76832109239002,11.9866353057797,10.011205515227,7.5956167553005,10.2653197761694,8.19720744442512,8.92846176341061,10.2760453855244,10.9526824792285,11.7304464145346,9.87305316020534,9.52721010430788,9.83303125130053,8.78267858805714,9.68496226008351,GSM1876007,Non_response
7.490940778,3.786028069,4.850922095,5.480986195,5.181333679,3.306153899,5.718327288,3.653922727,5.251549797,5.745595801,6.383921161,6.949623931,3.685059824,6.153311782,7.05273677,5.166119796,6.387031707,GSM549296,Non_response
9.83795029049735,6.59048902286635,7.3984061888483,10.7066047857157,9.43008135193969,5.09493945099375,9.83398265991499,7.72130167461538,7.68875791239701,10.7018285277112,10.2454495373415,11.0472808891113,9.31498597648178,9.71337538025766,11.3891246694513,8.41598603313957,9.42447934050787,GSM1875994,Response
9.20891339694612,6.16097052430398,6.6275367527061,9.0388312851927,10.0609441709893,7.52713034003024,6.96350097297373,8.46036799537471,10.2632643826623,9.51374009703316,9.29695568546942,10.312422026256,8.74948389870078,6.73928870762116,8.62797050774774,8.19236742625307,8.30932874412307,GSM809221,Non_response
9.23767808148435,5.69401955518836,7.36625779645625,8.91488672308015,8.2719348048948,6.79376577645525,8.33542889309942,7.26126312688606,8.63225897618933,9.46465926329711,9.00655673773811,8.37245964997341,7.7162364060481,8.07410751669148,8.39059179278301,8.40005599714737,9.50800531065611,GSM4171530,Response
9.065604823,6.482328309,7.915021651,11.92729955,9.08474017,7.329986047,10.45338578,7.441039114,7.82848875,10.09099857,10.08128215,11.07069722,9.825624937,8.64707015,10.53938049,7.610244678,9.212400195,GSM710879,Response
6.38278220177986,4.29224877906445,3.16284725340032,7.1084581909407,6.53420238498572,2.25340499817705,4.05363308523922,6.01402164789988,6.01158609856231,6.55401273422562,6.40571717981204,6.80665667284339,4.93971030947097,3.12174565169574,5.06889205180496,6.16419823507274,5.85604137060575,GSM1233134,Non_response
9.26493408816983,6.92851977993746,7.95613076856333,11.4124469407913,9.46684624492794,6.79584500476335,8.00115201769274,8.4474671844927,10.0161307945229,9.9637385231622,9.41096554945219,9.92756024978699,8.18430475219651,7.42719044217191,9.85393511425194,8.6453182804728,9.27806087109064,GSM809289,Response
9.4356032542752,6.65795528256893,5.82101101988531,11.5875932520524,9.08557525204031,7.33262932929896,9.3357993067194,7.87706163960704,9.32949491093767,9.75257740760011,8.97019772361562,9.12502844997525,9.01755853273802,8.34431458906074,8.49545060705319,8.80588250802632,8.61440902157574,GSM1619405,Non_response
7.82492335162547,6.32401463352549,5.57052330144086,9.07664931030242,9.24527332517561,5.82085108825111,6.37553825875004,7.27471775730158,8.27390488666168,8.59555875066547,8.12205598504868,7.90538700588797,7.63839762566808,6.6110283611461,8.016517927933,7.21653940938312,9.25568982763189,GSM1619448,Response
7.280766924,3.793373286,4.589299023,5.395962166,4.905133407,3.353691286,5.66391702,3.757655979,4.212176899,5.593529705,5.901476131,7.252660668,3.644656779,6.087323465,7.062246406,5.027505025,6.331620094,GSM508089,Non_response
9.82030858041493,6.74597796734372,7.91655288525568,12.597065743769,9.78423785673925,7.33458026090179,9.72371178886746,7.43364908377703,7.41423130000583,9.81236587584211,10.0027062929985,9.76251454131997,9.8608441250296,8.85966010473367,10.8428578604284,7.93215466996871,9.53809119587932,GSM1875933,Response
6.143321971,4.119277978,4.274412835,4.284821907,5.51956591,3.599837837,4.081359454,3.74776171,4.131759198,6.046814463,6.41044067,7.622494815,4.359611936,6.129270979,5.249013131,4.928783239,4.847333261,GSM508155,Non_response
6.284295674,4.308159565,4.184568686,4.642860524,5.606866428,3.377962609,4.41197566,3.969649059,5.064504228,5.880760319,5.654859232,7.224080418,4.186685938,5.911255277,5.295642663,4.855478187,5.03276073,GSM549277,Non_response
10.63286,7.596036,8.817552,10.28557,8.76001,6.688636,8.13115,8.84310686078378,11.25109,10.73486,9.861533,11.44613,9.16043,9.622866,9.528291,8.694365,6.470762,GSM139581,Non_response
9.456980473,6.167699956,7.964993204,11.56122768,8.558789405,8.082583748,9.581164882,8.302156886,7.850854533,9.787554331,9.972479876,9.747512109,9.745658026,9.160117115,7.918779675,8.305214124,9.750720916,GSM710924,Non_response
10.0015432496537,7.35035464594287,6.89396649286803,10.7568903746169,8.98959976105679,7.42009607264113,9.20358128453688,8.53565870567283,9.12482919758789,10.1502277442812,9.16067969597454,9.90748618141671,8.78715227506013,7.88893191346086,9.06098269760577,8.3182505467151,8.99020229601771,GSM1619387,Non_response
6.11671049536737,3.71264005892216,3.78669315691894,4.4578497670849,4.96806131410818,3.32004650164434,5.14282460524407,3.74772562930072,3.76175514740858,4.95288652661405,5.59072668365255,7.01480778969094,3.53829920615624,5.16622205723544,4.41069125851337,4.55320159770152,4.7573688500024,GSM1050653,Non_response
6.66219152400504,3.56545541846532,2.96659733159886,8.79210387395671,7.49126777896694,2.1169578121537,3.54366844645205,6.34194810735485,6.90314822862935,5.62277563675545,5.90172929049306,7.30545453597685,4.64495868623252,2.33315944544036,4.43529157343732,6.6046453874494,5.34631019591036,GSM1233065,Non_response
8.45182988982597,6.24649295430294,6.77082286033694,11.7696447927342,10.0783045866868,6.72487172849701,7.14312959040087,8.41530185990163,9.3798125437655,10.0965533845664,9.15582895869556,9.46118515476734,8.30585425691078,5.96628570824894,9.82977321634602,8.45508253371392,8.56795250129285,GSM809283,Non_response
11.75658,7.897452,9.069718,8.853252,8.833936,7.765035,12.10423,10.0229293165528,9.639811,10.81703,9.213586,11.32846,9.791467,10.5949,9.760837,8.957685,9.135798,GSM139637,Non_response
8.78063898827455,6.29342198993763,5.80511940517999,10.9594524200036,10.0161445603066,6.3647453664759,9.29534416381641,6.15791739828932,7.04632537854292,8.78282018305688,10.802743573025,9.66497869023527,8.22368435432411,6.63745860401448,7.17576762751481,7.52586339079437,8.82260040931235,GSM1875925,Non_response
9.04413322301741,6.15741097149695,5.5017960127013,10.2110054947232,8.36025535630577,6.58983670206475,7.6627915571855,7.6409136921458,9.57633167552811,9.94850340169313,8.00317967855004,9.19157505754982,8.24156788676282,7.31373590776439,8.16020255405441,8.23234361695429,7.79668671598098,GSM4171575,Non_response
5.34873682168507,4.35108900968173,2.85857777355298,8.42835032203542,6.84823028931396,1.86904981633807,3.12062058079083,6.70038440502812,6.94865096402761,4.8237565124002,6.04298334244109,6.66790792716987,3.85961125098523,2.54243204579512,4.11456862860641,6.42574749982966,5.19231536285933,GSM1233075,Non_response
7.359787117,3.782392539,3.752230208,3.402760756,5.078102532,3.503694502,3.493321781,4.060099074,5.153107103,5.825408584,5.729031151,9.09124927,4.135351705,6.111046961,5.517208475,4.865144959,5.418767503,GSM508101,Non_response
8.80614709768137,7.3928599814958,6.93202834994914,10.1138794058449,10.6526490244028,7.80375747242178,8.60767583566459,8.40051981491725,9.39081134933824,9.65189700485622,10.1117608444862,10.0185749825705,8.88760596795793,6.5698824696174,8.48624952010719,8.32559943386409,7.96363398807721,GSM809280,Response
10.75487,6.687668,9.294355,10.5878,9.514704,7.565673,10.61636,8.92497881311749,7.863859,10.06044,8.31881,10.86519,8.620014,9.179073,7.939792,9.088851,8.248316,GSM139557,Response
4.55059030590719,7.16656838936529,7.1640620256028,11.137981319729,9.28015161375068,4.71966731553104,5.28354509356277,6.53499808017199,7.21371907598236,8.07940478422651,9.74541853193028,6.86010470685283,7.31511295728258,4.08664555231226,10.2485701660498,7.7619576372214,4.48295135738553,GSM1525231--202,Non_response
9.46668789335841,9.66826996322708,8.92815085725134,10.9149057120453,10.0750006624563,6.46894840004079,11.0710949237677,7.99013986222036,9.96923919471184,10.4842272699589,12.0526772486111,11.2683041337095,8.5541125753525,8.19526959770769,9.62918993628655,9.58656614266502,9.35559245213832,GSM2811132,Response
10.49506,7.091105,8.551298,11.13076,8.91233,7.179056,9.902582,8.78338657107243,8.886692,11.06521,8.821509,10.60069,8.961298,10.13197,9.370051,9.556502,6.909466,GSM139580,Response
9.275042088,5.85541031,7.099003878,12.21929774,9.29953051,6.518682728,10.12404991,7.754610441,8.702475564,8.931736786,10.49302793,12.41493293,9.695348672,8.758177056,7.611949299,6.611197867,9.225241488,GSM710902,Response
6.730487637,3.858963689,4.683389716,8.969942473,5.139174526,3.462654543,6.358774819,3.837538369,4.327046737,5.450155221,6.619852237,6.159810236,3.944900019,5.931138267,4.302166788,6.244310352,6.56911226,GSM505562,Response
11.7393953094278,6.56448330423823,8.74573328306282,11.1585657644012,9.37044883768032,7.65362934531225,9.14847747712394,9.68196902894912,11.1841953042816,11.2278191305886,9.72680312554915,11.7972287167642,9.99401487782784,10.5114053593214,10.0112435244982,9.60659570896879,7.17886582885721,GSM158248,Non_response
8.237792429,3.679774317,4.794030121,5.782114215,5.059079693,3.36637674,5.956357826,3.249603209,4.425210191,5.106905596,6.25921956,6.992158118,3.509100434,6.837259301,5.639230265,4.773852966,7.082019324,GSM590894,Response
6.07686032569047,4.12204914361306,4.01388404599871,5.81437705409724,4.92359823083412,3.48246965857798,4.48034180227195,3.75599254164643,4.84693198191992,5.86801933421119,6.00241996900738,7.1207182884766,3.79914503590141,5.45665275913653,4.81568709968802,4.42544429912193,5.17777587533303,GSM1050595,Non_response
6.11648868508643,4.8160587940699,3.16483681763893,5.97523607251621,6.15799503269679,2.25199780045497,3.38893274908574,5.72020025735807,6.33868629513199,4.0009478097121,5.34274531417419,8.62225571286987,2.76442747389985,2.14974867110091,4.74306175150489,6.69459374050413,4.30828531401977,GSM1233125,Non_response
6.43953517,3.908880373,4.143493197,4.504519106,5.152131799,3.331095633,5.119535694,4.122937607,3.81474502,5.468599833,5.653095832,7.376111575,4.392433985,5.38407571,4.657016573,4.325971535,5.416766471,GSM508022,Non_response
9.373700326,7.206193808,6.295549091,10.93707333,9.129626657,7.147750241,7.991303996,8.241021463,9.303405805,9.575858396,10.34311979,13.52527202,9.557465426,8.899299523,8.283989607,7.18342686,9.092627324,GSM710817,Response
9.95847189092358,7.11488912819048,6.61785482950858,11.1640922014486,9.19468985393628,7.17171529463401,10.0747163527231,8.23270660693631,8.70516257355742,9.59678741682789,9.47891639303964,9.36414694032741,8.55780348116111,8.24710806696381,8.58942831068906,8.91912475104298,8.68124408386332,GSM1619389,Response
5.66817376012711,5.03662060508986,3.03675059115682,9.35132341168621,7.73404074452117,2.85179011769373,4.21596535325459,6.61796215169759,6.37608316641493,5.20428457171237,6.2652422240902,8.15292634955905,4.73183780471493,2.29841066610695,4.41459212257535,6.53621171137989,4.83308522000929,GSM1233006,Response
6.974360335,4.155030885,4.056480698,6.092923917,5.342249785,3.20010739,5.026197547,3.992044226,4.416112448,5.182039015,5.721274764,6.786539413,3.880281886,5.651014101,5.077493216,4.912578804,6.046446608,GSM505434,Response
9.69590867620872,6.93065492959906,7.44254319497819,11.9698394691735,9.92518135455731,7.77471386779824,9.62604239181952,7.85273348710809,8.31939960243835,9.68730402963502,10.3081971166245,9.19363118086918,9.24731338322403,8.60240846122654,8.63730813479815,8.56952265515784,8.70165049315603,GSM1875996,Non_response
6.989789221,3.874537723,4.519947943,5.423583943,4.937937944,3.483267754,4.980130297,3.79212479,4.829914007,5.440745898,6.128254216,7.706532741,4.005871275,5.914017861,5.470614007,5.01809384,6.136671465,GSM508152,Response
8.561935482,3.616934211,4.916489147,7.121250159,5.115651568,3.550888615,5.847975325,3.807500966,5.986718479,6.21847807,6.787715729,6.892914076,4.030273583,5.598873419,6.803879851,5.613632255,5.677801575,GSM549255,Response
8.23480879832126,4.81932229440508,5.7181269029836,6.57450730260834,7.44237179966162,5.00143304213141,5.77025583711141,4.45015247455541,6.13316238242705,4.35574695854546,6.68652992765101,6.79069999836501,4.75053782415831,5.66898428323789,5.21602344744079,8.50903668779808,7.09995534698607,GSM2193362--2,Non_response
10.0901728095616,5.39219283127642,7.28855881385223,12.5105722534936,8.85305087856085,7.08442747147973,10.5915804503656,8.19133011515048,5.83018726543093,9.5622344011562,9.6265855593948,7.20822247730467,7.74237527881576,8.9750229509233,11.0708133898579,8.31265047557758,7.70500492647746,GSM1619463,Non_response
6.361196073,3.62224557,4.152869285,7.247193706,4.742478006,3.254205078,5.649168131,3.876659414,4.221270594,5.830158427,5.85726538,7.47311356,3.90770388,6.037373638,4.777013158,5.981341114,5.376261849,GSM505380,Non_response
9.526239076,5.77961554,9.252359382,10.78375488,8.643911304,9.113418463,10.24376506,8.406314711,7.649654201,9.661598106,9.148297361,8.841420309,9.674876445,9.437125775,9.083388439,9.200633905,9.285189636,GSM710873,Non_response
6.28586285536499,3.74946769874866,4.95098894823232,6.16603672198826,4.91295600145636,3.46461421288503,6.31446305974497,3.99375432768917,4.06350312338419,6.27998868974669,5.90019523051356,7.80370202581745,3.65843952118093,5.74220013055494,4.34412713549033,5.58070731694997,4.79453967025583,GSM1050647,Non_response
4.13493198064693,4.93420635955462,3.24381593665396,8.80643065611786,5.29795644943033,2.9422110332271,3.35570941960825,6.47355090853722,5.98085586395325,3.37607642311401,5.62072203688579,8.65364685360416,4.29616067300909,2.81660747213173,4.73585683675286,6.56056479791318,5.40686236165613,GSM1233108,Non_response
8.52998426469269,7.63299915035966,6.39892622547741,7.46683243097327,10.2797615816718,7.60380189753224,8.30898975930015,8.44084867424953,10.0919949408719,9.4352486995555,9.5499416326066,10.0913060608646,8.55028360371424,6.66368125374848,8.63405745907986,8.38791493921773,8.56226737019762,GSM809233,Non_response
7.810214219,3.354116516,4.478839252,4.804381472,4.669977712,3.438831847,6.293994798,4.440214713,4.463983335,5.332501219,5.404221864,6.582699402,3.844593248,6.82858378,5.175222543,6.430753916,6.087736152,GSM508163,Non_response
9.99831552,7.13466512,7.670470451,11.82224774,10.18387159,7.175232822,10.60540123,7.585544421,7.736458514,10.01369059,9.414864628,8.123241893,9.470482123,8.74464162,10.91560517,8.037751403,9.801077609,GSM496042.2,Non_response
8.24025631502878,4.23704790404997,3.07923978968216,9.67825128373611,8.11705421146323,2.78834028360393,3.16661507377902,6.76935059907014,7.29203742035872,5.53037359904849,6.73313297636985,7.78664647833475,4.95712669605357,3.32242269976457,6.07106773564279,6.29923791181708,5.96209036801778,GSM1233018,Non_response
6.447943745,3.791286784,4.098944797,4.065880131,4.452381599,4.784125855,5.003683494,4.12804375,4.88112091,6.247781043,6.312312462,6.986618196,4.745835158,6.71082154,5.507200119,6.766651307,5.216306502,GSM508168,Non_response
6.551426824,3.660333999,4.443962031,4.087820707,5.131950262,3.569143632,6.311436612,4.275269465,4.500286305,5.568144069,4.994071367,6.797287136,3.915095321,5.879161275,7.126357037,6.962906969,5.741306194,GSM505455,Response
9.910424696,6.762376238,8.509294416,11.22191448,9.684348895,8.430096962,10.90441926,7.643919746,6.068732058,10.69231275,11.04315854,9.82945918,9.631610397,8.897273889,8.038252887,8.333034376,9.518652034,GSM496022,Non_response
8.33418415488451,5.70384824343784,7.09492110260816,11.4846231519569,9.8686668912344,6.63005451035034,8.33671502204679,8.26404642724837,9.42845103888498,8.95111722250168,9.60080454448826,9.20116722185569,7.48425493852726,6.75568656795383,9.74928309598802,8.369350740262,9.0460991444284,GSM809185,Response
6.684063175,3.982491943,4.010472133,5.134794902,5.095651411,3.114615418,3.670366787,3.5978106,3.746904948,5.839805133,6.320036838,6.481692023,4.245409882,4.957708354,5.087556106,4.617555653,4.927021152,GSM505404,Non_response
7.572964779,3.830932847,4.363503204,4.17465266,4.796866048,3.438986336,6.508732986,3.524402193,4.301595413,5.025382681,5.870504518,6.645782178,3.810329306,5.811982713,4.820560755,4.897895523,7.116506881,GSM590879,Non_response
7.734498219,7.248979672,7.005921483,7.942675301,7.62642706,6.905297718,7.59341172,6.821167545,7.88121576,7.05553341,8.048516269,8.396576981,7.831842203,13.71430756,6.761150237,8.172118214,7.235956312,GSM2804927,Non_response
7.30364415691413,3.90071216078055,4.4418794942183,6.96462129975754,4.94235002261581,3.25683087262426,6.31149581127202,3.70823667595354,3.91988019551247,4.90268394054467,5.61759776386896,6.2909280683685,3.51980838962627,6.78506723441845,4.41452202750142,4.92990830300235,6.28592165811052,GSM1050645,Response
8.86250403321934,5.36799483180774,5.69560094278589,9.53928172425373,8.67819884184089,5.60872243669489,8.37575479183121,7.41499941360235,8.35739696092739,9.73166585308868,7.63431353477938,7.94075436979802,8.14111853972669,7.0726346464182,6.72879489927429,7.43200946662397,8.18232510791355,GSM4171529,Response
6.97382799890099,3.80952675842293,4.66592173752258,3.85454430177609,5.01752826233738,3.3406284042645,5.40215846747733,3.56472674487415,3.77521026419508,5.02088570234129,5.40265911514395,6.46098039936431,3.6295161653949,5.37147788540887,4.54681590561294,4.5506234677079,7.68458733439337,GSM1050602,Non_response
8.93561549366728,7.6070683872857,7.78569054987899,10.3315006531367,10.0509631087659,7.0142748313009,9.05643555248752,8.42559635020431,10.70993317396,8.94659672874602,10.2169457420929,9.80372531376767,7.8357798195951,6.89314656705193,9.01015677601318,7.90489353959413,9.01622086878299,GSM809223,Non_response
7.213922784,3.972476629,5.013720078,3.951380409,4.996931791,3.514667978,5.350750441,3.809634419,3.840131884,5.500348659,6.203549344,7.455889937,4.088487398,6.399274592,5.932451447,5.155472203,5.91362228,GSM508091,Non_response
6.19385867661186,4.40072796333588,3.88748105515617,5.54243606336506,5.07716298545114,2.92233089334673,4.07890573057471,6.16176095381276,5.04459211468007,3.59019931123165,6.27950953804106,7.87514810953727,3.40512526147903,2.00126353263645,5.0564412241279,6.48129892696518,5.55339191992871,GSM1233056,Response
7.746976043,3.667213719,3.992936651,6.992561528,4.669411153,3.307063717,4.678057804,4.29252266,3.834557606,5.237383329,5.774666528,5.744345109,3.608941176,6.05758618,5.245807401,6.146664002,7.073721915,GSM505449,Response
4.65246473233517,7.33413868335615,6.73384799674163,10.3426472854523,8.60400494139049,5.38834835309347,4.98596882796764,6.5622955768459,8.15384382506727,8.48027817063027,9.36861052789353,6.67570791206156,6.697060945279,3.6496267941497,10.2849401371123,8.06423844474059,5.15866641882634,GSM1525238--1,Response
11.388960060969,6.52339517495087,8.86369729520202,10.6418766915923,9.38776306342409,7.48724849584744,10.3059533267959,9.32553460837991,9.78663251806631,11.3107794073441,8.9997088389715,11.4835640654875,9.90089447260909,10.362852612387,9.27947879440812,9.59423026379885,6.78882238714415,GSM158225,Non_response
8.789762062,9.435692072,6.768248036,11.07123004,8.630074934,7.461000141,9.655046236,7.098095958,7.001521637,9.608173456,10.11051245,11.53184232,9.692543292,9.090505954,8.237890515,8.150110231,8.411406298,GSM710802,Response
7.17459408,3.464659101,3.993970706,5.362690486,4.703669874,3.499859378,5.625169285,4.039368341,4.226166213,5.625749473,5.643472889,7.608462641,4.957289018,5.051303822,4.423016763,5.879087341,5.584197283,GSM508057,Non_response
8.53470565959904,6.29145736189584,5.07771809507039,9.30870204414295,7.95434379708513,6.88489162665896,8.66566936333754,7.98587388472453,7.08423625751309,10.3753776432835,7.62947423478829,7.65211722301995,7.7634093442375,6.97504841118844,7.26891028928592,8.27965872729817,7.94402575663582,GSM4171551,Response
8.063359839,3.712689024,5.456362768,8.578256338,5.084885098,3.758010035,6.918358334,4.315102739,4.655775121,6.511236824,5.97550082,7.049003119,3.772672797,7.340219212,7.94684707,6.440626286,6.636240005,GSM505466,Response
6.276296165,3.949135656,4.04949862,4.893153655,5.243734844,3.945009789,4.173427837,3.77861437,4.182931119,4.508464442,6.0847968,8.501499672,4.144573709,4.887498497,4.966530914,4.837586296,5.211990502,GSM505424,Non_response
8.49725690303041,6.177696415743,6.01302846556177,9.49195892369942,9.54741650830475,8.13698303900001,6.13557133242068,8.17822496625787,9.81758512956595,9.65132109232858,8.73826166054782,9.51933028090526,7.49122670288053,6.19468901446347,8.20772297159866,8.69584771557916,7.7568346970863,GSM809206,Non_response
5.83155817819249,4.06989073223433,2.71481672415869,5.89330422395148,6.48950437083502,4.82901536843618,3.35485219865135,7.71213111595129,7.84986624207358,5.69564254734702,5.93337762423999,7.4020429745301,4.76536724776994,1.79414573640772,5.0782126998933,6.6639688404735,5.67967680484637,GSM1233110,Non_response
6.12936096000696,4.75552389331484,3.14132029866685,8.81576366802157,7.36856290951435,3.23654037087634,2.82370761784947,6.09207335290554,6.44851376855703,5.6887444765007,6.8841747935535,7.87528647408901,3.88526563096592,2.15685801259712,5.51984450018934,6.59470614907431,5.68091860277655,GSM1233098,Response
6.894344092,4.072777759,4.158161909,5.040911352,5.187101333,3.445836535,3.974128809,3.81321941,4.375349123,5.324791079,5.827102117,7.739398278,4.21656104,5.492216002,5.158848797,4.291294119,5.357305463,GSM508150,Response
9.03036825188151,6.21461951420373,6.36074126337353,11.2754060611619,8.36428592999501,7.52446201845265,6.65039225274394,7.91221455111491,8.61455863342558,10.0646466189592,8.47534710887955,9.15495661789243,8.63032366159976,7.40609533923606,8.85172008202104,8.33926023062265,8.58716752361468,GSM4171582,Response
4.33333164386881,7.24904103564239,7.02384895110699,10.8580210434261,8.71148325632132,5.16707479814859,5.57851537970884,6.46756843205414,6.87924300618372,8.11639966630794,9.98054732696745,7.21719153301888,6.37993598624806,3.57242674989867,10.5493727606434,8.02911877490261,4.7400939123527,GSM1525235--261,Response
7.02655330426053,4.37943342746643,4.0404701310147,8.97669760724677,6.46552068617508,2.72017118626528,3.98938146719053,7.85391554906805,6.93327475750121,4.93225125608721,7.31419122436218,8.12203788662595,3.56992142179207,3.34338452575088,4.79257170471291,6.2965197052399,5.49112319197933,GSM1233119,Response
6.06268231612735,3.69015385466886,4.65310487877967,7.72254913801076,4.74603330249864,3.43569561192506,5.98457833837424,3.75805812313175,4.37128271471189,4.99986642391654,5.54703758125769,6.51447259124364,3.6536725547643,6.05097151583423,4.69881378913525,5.3055342320355,4.78084873972852,GSM1050650,Non_response
8.27955714241877,9.30197346210049,6.15478510061115,10.1938021605497,9.37240092854297,6.34778253914615,9.04829180283498,9.18402731077084,9.19697798821019,9.62484798507938,9.4991121821168,9.55031634037391,7.36228416035187,7.25730525330736,8.29667842052621,8.66665371076939,10.0975808033836,GSM809294,Response
4.39049900950806,7.13810076298692,6.63372233459844,8.43343952965253,8.50220247782283,4.93422865449254,5.20891592099886,6.71075846844832,6.40470977502217,7.68528959426142,8.39083597480057,7.40622261259027,5.73016579074634,3.62987618898015,11.3159272289451,7.88682817657504,4.71424973221556,GSM1525239--42,Response
7.95957124421045,4.88057031592396,6.04656830904163,7.41658603080291,8.20214091304553,5.45345420139456,6.35772220716807,5.45939687226478,5.74078791653894,6.59126973116684,6.9021942138312,7.27702416969003,7.37488082976879,7.11297411105798,5.65097463567954,9.69412804002268,6.88515296753209,GSM2193365--19,Response
8.95713402503171,6.07953869852651,7.47450581551051,8.15991939602078,10.3044693196097,6.98046542569701,9.47836145778085,8.60970395837406,10.8267077521045,9.02253912396049,9.37722345523956,9.91532320014331,8.46819400574353,6.98709825850296,8.66719235988261,7.95649293240719,8.52237205515461,GSM809269,Non_response
8.42274651507607,7.64097410043014,7.8262716332588,11.2774080746894,10.4826960309595,7.44775302544069,8.98388512509455,8.62085485520397,8.7039423862066,9.70219140904858,9.8116995203722,8.56689788056838,8.18232499766677,6.9269155442021,9.83426485573644,8.87405016711805,8.85804339618222,GSM809267,Non_response
9.62027242595695,7.73501939307515,7.39913468310617,12.5975593323025,9.36468248029192,6.44134560471275,7.82474363681252,9.37652069981192,10.4346699839473,10.9200696510889,11.1974926398849,9.71916564548749,11.1162887595914,8.18318563832423,12.3381017569419,9.46420982284395,9.61607939258325,GSM7040775--RNA20,Non_response
8.80050560199521,6.300124076347,6.36891863259135,11.835251175938,8.87135226920695,7.32950428206809,9.23688564110628,7.67232571747013,8.27843938711138,9.61044258148922,8.18882203292451,8.65344804410254,8.53791579986925,9.32928275467452,8.74736926297982,8.5320377797319,9.70941169929256,GSM1619424,Response
8.28501222509304,6.38056223565106,6.88988267322461,8.12922394452267,9.97947200873359,7.78394131720092,8.02280432622696,8.33461195881485,9.42647098596712,9.58870800970527,8.81052614478453,9.54211110588064,8.52962020734419,6.47695057346402,8.07000266487565,8.30652802886935,8.21278077581474,GSM809210,Non_response
6.89153278083948,3.63714468216227,4.04154165424892,5.84622170442913,5.2185611358213,3.37586335031571,4.35515310535062,3.50680739295198,3.87079897663491,5.20406202101988,6.14455932608275,7.35688112214675,3.49905670551134,5.41564329179115,4.75495036974544,4.99098395470703,6.50471092107686,GSM1050642,Non_response
6.828479917,3.763446838,4.33505761,5.345226599,4.670066996,3.459231911,5.35625993,3.986362857,3.965316936,5.668215065,6.115397018,7.316238697,4.160993948,5.764979025,5.111133462,4.624863274,6.008041685,GSM508176,Non_response
9.75577003868726,9.5145577255337,7.68920583648859,12.2335125283469,10.6649424124423,6.20513235451514,8.78439412015074,8.59727065688868,10.2884142125395,10.9321142779027,11.9200653143396,10.4186495388853,10.841233968742,7.5354101576378,12.4295569008269,9.385311534294,9.30201638152395,GSM7040759--RNA03,Non_response
6.259543967,3.769153558,4.048344313,5.618129757,5.525702554,3.354656422,3.372362482,3.681581352,4.44119328,5.09293705,5.416516155,6.385558383,3.873936114,4.590539725,5.342160288,4.24744924,4.850600134,GSM508108,Non_response
7.999983297,7.534332543,7.417586601,7.455600648,7.606760506,6.829982312,7.785772,7.122715354,8.444786819,8.866022448,7.254413863,7.076804923,8.190697001,15.06931473,6.647627867,9.054706708,7.553198257,GSM2804964,Response
7.635321129,7.774185284,7.754003236,7.857141524,7.052595683,7.360869129,7.20771316,7.130928601,9.032853515,7.635321129,7.774185284,7.824642107,8.169218737,13.3538006,7.693725963,9.240990482,6.87787211,GSM2804985,Non_response
6.357576892,3.947662713,4.066436492,4.540560735,4.955128173,3.979981983,5.019279716,3.938622381,4.626323199,5.603965018,5.554697957,7.398535908,4.108614898,6.750004954,5.182467053,4.895569547,4.716740004,GSM508030,Non_response
9.47607657735916,10.1264390983926,7.86348482025248,12.7577174214665,10.9313042497394,6.42892123563119,9.33579282294318,9.01565993649309,9.83014628005129,10.5055589678785,12.0612522450409,10.6810147476959,10.5302481570423,7.7693766335928,9.48029809969996,9.39728125328049,9.46046885192544,GSM2811130,Response
6.20398626077899,3.86759221619286,4.1515216956692,4.41677545281966,5.10429641740025,3.26904842096165,5.25289033487331,3.5740928350916,4.48097099652331,5.20463888795421,5.88002268248955,8.13715756963268,3.65773997659023,5.09585094879467,4.45692336872197,4.28987407334888,5.32584498148782,GSM1050659,Response
9.90039853689436,6.5369934111648,8.07216860021822,12.9888389059504,9.51022943955457,7.81934343991879,10.5648704764864,8.40799870529847,8.00950719010539,9.33483662900987,10.0924730516078,10.7611350470919,10.5070828777751,8.24803706136523,12.9006872727453,9.0613370865191,9.02521214012694,GSM1519422,Non_response
6.898861101,3.922108086,4.096239042,5.807376346,5.005545482,3.510811217,5.194915698,3.686095041,4.662482518,7.29768898,5.977479007,7.248505474,4.073433858,5.592655483,6.224142015,5.369618012,5.063850603,GSM505367,Non_response
6.62957559,3.8608912,3.739711245,5.499390037,5.108862556,3.163957102,5.226133717,3.857315496,4.476358368,4.829937638,5.578459417,6.723787058,3.934861851,5.229023624,4.66407631,5.514484382,6.078293586,GSM505445,Response
6.036169064,3.885917663,3.959893638,4.696414694,5.208915845,3.622377087,4.651388674,3.968816408,3.57996146,6.040294782,5.41827444,6.234812072,3.955600363,5.448548741,5.454975998,5.420768884,5.242073213,GSM505348,Non_response
10.0375061306329,8.24248515158221,6.82525746302343,6.66369328811166,8.7479411585097,7.10607254445332,6.96543888614738,7.62692517640919,8.016663301553,9.45136971549241,8.45628065671557,11.7100149176009,7.40970042598796,7.87567888273435,7.84209797159221,8.10398558504714,7.6158365077177,GSM1705399,Response
8.43919199919329,7.27631643655926,6.3295609701665,12.5157245530193,9.1001787693419,7.21991870664382,6.53279909358908,8.10697504748318,8.78479789949754,10.1816061254519,9.02232733427783,9.27084769428614,8.7993299121181,7.79998417894168,11.0155372314254,8.77589112985416,8.49865828842949,GSM1619415,Non_response
11.31974,8.733871,8.721852,10.67986,8.6379,7.864169,9.81987,9.07756555235048,8.478755,10.71807,9.68884,11.34564,9.413382,10.20871,9.327056,9.360616,6.833842,GSM139616,Response
9.76711583436395,6.34481753981704,8.46892869714616,12.8670150052501,10.1656651888368,8.74548822233161,10.40767099325,7.80762232589736,8.31084852336378,10.4322016797337,10.6462118365929,9.94018417917823,9.57771049967898,9.69162052403722,8.96680374402715,8.82152013964957,10.0928496232034,GSM1876005,Response
6.68688535024052,4.16495450522505,2.43322867490546,7.24763042365556,7.84832204108464,2.41033258522743,4.61944913694912,6.29108782624816,8.01980117103503,5.89544339848481,6.5397801145714,7.56544564944149,4.60419491697604,2.48381818473598,4.33560600601266,6.11887494301634,4.75361341146045,GSM1232995,Response
9.97125230987548,5.60266263101679,6.14289737245985,10.6102131139978,8.94130806507863,8.11367692920732,9.11462513989147,8.2202304149227,8.83122937227255,10.2681623631418,9.3162511785187,9.70861095187873,9.32926779222125,8.3335579676794,9.87552486219209,9.23894231824222,9.70475430111583,GSM1619469,Non_response
6.56262465,3.809265117,4.141266356,7.034320497,5.397471417,3.325650588,4.298249558,3.754410894,3.990915866,5.828422625,6.027554826,6.843210422,3.932122752,6.083326661,5.177558638,4.601664295,5.319370415,GSM505600,Non_response
9.85209542814065,10.2410016661776,7.87327107868179,12.3645249458211,9.67587736644695,6.40292002091221,9.23094905693798,9.26908748941306,10.2758007820756,10.8700364914555,11.6077218580998,10.7268908553989,11.111865705408,7.98263876116077,11.1147296644754,9.34162053634735,8.7108465427257,GSM7040790--RNA33,Response
9.043647093,7.584177374,7.444847356,6.711428066,6.988057512,6.840527963,6.804634523,7.051199363,8.666414014,7.15512141,6.918541736,11.10354525,7.641044513,13.50984723,7.236092672,8.383734806,6.988057512,GSM2804948,Response
9.46393173245542,7.08442034519843,7.0102585621686,12.266012598017,9.78956206442889,7.68175655226558,9.42379200618073,7.63557885812244,7.16181124523378,9.66054925765371,10.2724461031158,11.4985791390903,9.22674484950852,8.46882966263269,11.4926213832645,8.00525420997811,9.63422606322078,GSM1875921,Non_response
9.38012751776057,5.85523066239684,7.91936812301764,10.7523521078533,9.29138753865069,6.46100913842461,10.3102058787115,8.15536879499316,8.28994044202332,10.4189631918408,8.20640922041867,8.47381126303429,9.50153436865292,8.09583271136226,8.95301798843948,8.51461090130155,8.77935782507997,GSM1619454,Response
6.67040686349509,4.32722879959717,3.52574229290101,7.49602859893279,7.01904993902687,4.11075843069182,3.07434715351812,6.39841516834083,6.83514307928287,5.27718397355141,6.56943194757082,9.11917305786851,4.13974209882324,2.04587902224403,5.22768419322812,6.29057562224484,5.60601575910359,GSM1233014,Response
9.86615921160449,6.50092101193392,7.16963886693273,11.655337249237,9.79159453256514,6.44811380837105,9.3926463132673,7.59000316629273,7.99651436248066,9.91349580563089,9.6833106082657,10.8300151653749,9.10884625415405,9.21010619116633,8.36903996664142,7.88208556694787,9.25581078712449,GSM1875968,Non_response
11.25937,7.4453,9.135808,11.52615,8.972241,6.818914,11.31744,8.21423577366472,9.077907,9.780461,10.37543,10.1754,7.878493,8.986159,8.415119,8.512614,8.16996,GSM139554,Non_response
7.607027479,7.347807325,7.400596371,8.02593033,8.030880167,6.971741873,7.032966658,7.149151231,8.985808619,7.050981557,9.512495513,9.839175794,7.972585439,11.82034774,9.041843227,8.922063195,8.290679001,GSM2804971,Response
6.13689914238631,4.12853929806384,4.04521480196641,4.56814788302589,5.36891556042846,3.49139477262356,4.29396804946307,3.59553625556592,3.88006368726848,4.9631869428384,6.09961731814447,7.263293799922,4.01146533591417,5.46658057234723,5.54725605623352,4.34691511023717,4.92408103413713,GSM1050601,Non_response
8.8120345477546,7.20682918562316,6.87404727875333,11.0331043518282,9.52239178556788,7.34499547129588,6.78385685336691,8.75864051457377,9.81111491049658,9.36866771192574,9.30614625485396,9.50635358704229,8.40004953913534,6.68475129073825,8.79183224061596,8.47626799662896,8.02342773091758,GSM809189,Non_response
7.92283826074243,6.69598101195809,7.46837343879045,6.11821941351195,10.2417309790121,8.27990548584583,7.86479265964866,8.13817848163465,9.32673440873598,9.8695246085997,9.19827086822905,9.22341058298067,8.49330047262628,6.79933604060562,7.70993112146146,9.03088479329099,8.59540204432116,GSM809261,Non_response
6.98003938674038,4.54423369418194,3.39454027343211,8.04215281547637,6.88065470261243,2.97306795932149,2.97576203612872,5.75824022061251,5.62482671337213,5.86404779451497,7.02325699031887,7.78691122348456,4.28142599203944,2.31684330762141,4.91248800998277,6.25051110034426,6.28220347314604,GSM1233025,Non_response
6.859349045,4.134952878,4.069735368,4.626834349,4.925287788,3.502094757,3.932232202,3.934141558,5.471352347,6.146027296,6.014842371,8.646986801,4.358726201,6.077273301,5.793756887,4.894764845,5.275115336,GSM508167,Non_response
9.05444317121581,5.13736678683165,7.6252305349633,10.9004903042251,10.0177375796569,7.37366822861853,6.63562433527637,8.43884734896009,9.92156470015497,9.71167127837142,8.8568584143836,9.35314205695776,8.59492447033334,6.29097186932353,10.0249737902283,8.28929571489469,8.54317881629867,GSM809296,Non_response
7.247624121,4.242713435,4.268719431,5.177921344,4.973355816,3.721163452,5.160688597,3.85655709,4.954597107,5.666980876,6.111750468,8.056118063,4.247508233,6.619964612,5.860670164,5.06753808,6.666541414,GSM508183,Non_response
7.67731688,3.746568462,5.16873806,6.302839604,4.668266273,4.044147547,7.055449587,3.787016416,4.266937826,5.357277502,5.785174729,6.352895685,3.751352883,6.685963373,4.62223447,5.730051205,7.990391239,GSM590877,Non_response
6.282838371,3.813350097,4.223307571,3.706598785,5.503460373,3.536228517,4.123695935,3.847692521,5.13339745,5.030644388,6.824551126,8.758098033,3.895317748,6.149364827,4.77705546,4.979000281,6.522089029,GSM549271,Non_response
6.497946685,4.17151432,4.154335775,5.118255996,4.918392378,3.261475449,5.626220131,3.956594919,3.397952786,5.239363754,5.549032112,9.589188748,3.905743752,5.680393068,7.549881678,4.46112968,5.388385765,GSM505504,Non_response
5.789277302,3.836061682,4.026097826,5.914025079,4.568280345,3.819172856,5.320268711,3.828452582,4.306027648,7.030141399,5.746052981,6.389052174,3.474093418,5.884392567,4.276514548,5.745091669,5.351075225,GSM590897,Non_response
6.911588254,4.037184813,4.489417242,4.95900466,5.570514479,3.106471397,4.288758472,3.856830896,5.418172329,5.764995195,6.90451372,6.453939106,4.174869884,5.45696121,5.830515283,4.415975548,5.61465865,GSM549303,Non_response
7.705077685,7.423692009,7.464089703,6.881604411,7.298825575,6.974971632,7.18410766,7.13532164,8.623179679,7.021988882,9.833061952,10.07622365,7.760922072,11.12142911,10.94735662,8.528619406,8.107869577,GSM2804950,Response
10.6702096145203,8.09755022900379,8.38283930083093,12.1570777095682,10.202670601969,6.11974907196763,9.24840669979772,9.31289730627007,10.5899724947436,11.142568976333,11.2030791853546,12.0780332356068,10.8560328636964,7.67073952527312,8.36082714732549,9.28948222155213,9.48490128944661,GSM2811125,Non_response
10.0338222452695,8.65254048047419,8.50066197767539,12.2497717843758,10.4046157488269,5.96040353153329,9.31587065514858,8.89592034194605,10.9592118375053,10.9571476042703,11.6595019794398,11.7049623500291,10.6983250937212,7.68594533212109,8.51015839063606,9.25592783029093,8.95655849116019,GSM7040763--RNA07,Response
7.57082488,7.366994602,7.514861647,8.000822853,7.728331258,7.414565619,7.248624529,7.618859268,8.243434385,7.158352508,7.70638935,9.421267304,8.095049291,12.91724711,7.618859268,8.667130034,8.105237722,GSM2804867,Non_response
8.206134931,4.087899971,4.450770278,6.150851423,5.169756509,3.515055632,6.240494226,3.672547822,5.114072181,5.817332646,6.605085718,7.569139681,3.904625112,6.265057385,8.38699371,5.532463718,7.033663531,GSM549249,Non_response
7.79529696498416,4.87033287268056,5.75857146084151,9.29346081229636,8.23445049316632,4.8369917081576,9.71934387009883,4.99105565784115,6.51546239412612,5.4608241914572,5.98208898761458,6.65876734198467,4.77234463557473,6.05455992191568,4.73602720419231,6.8188163474185,6.74293961129793,GSM2193348--10,Response
6.141465168,4.256900323,4.176289922,5.483360218,5.127627772,3.605028872,5.143073927,4.206757297,3.621197718,5.72911594,6.203653226,8.553114184,3.956037219,5.379069981,5.3785471,5.643956696,5.042389661,GSM505560,Non_response
6.355655644,4.133494969,4.424058773,4.077729725,5.195437824,3.351123347,4.929217648,3.902428322,3.86695177,5.45278138,6.10855702,6.984709469,3.855409648,5.726488294,4.998953489,3.999816091,5.002449002,GSM508036,Response
11.11587,8.158672,9.679198,11.82373,9.101857,6.765566,10.25503,8.65620881925764,9.17295,10.27951,9.588019,11.08339,9.06242,10.95382,9.526163,9.080398,8.160586,GSM139595,Response
8.310508475,4.11029732,4.844205908,6.872664736,5.373580051,3.43277464,5.096008976,3.625246563,7.349094185,5.348529662,6.598045121,5.630708591,3.738090293,6.349806033,5.131767758,6.07555425,7.094938484,GSM549310,Non_response
6.171972337,4.070947082,3.88628385,5.404446322,5.680959277,3.312279803,3.841597984,3.969221923,4.470078189,5.019487341,5.856016574,8.167866486,4.027955408,5.392550174,5.677458227,4.197763417,5.146148803,GSM505517,Non_response
4.1431156854849,7.05263776244094,7.14512245662658,10.3553250450431,8.77862085057575,5.12773746072567,5.72503236348543,6.45693290037661,6.86627098623593,7.81351803172964,9.30781770706687,7.03274293006807,5.87853849690854,3.69670084431936,10.6144348842257,7.98773602748918,5.16179386050342,GSM1525217--21,Response
8.96151072897233,6.15910220057205,5.18695133780878,10.0805688968537,8.36390406831824,6.62091676973495,6.94010744977982,7.94951987682688,8.68805212924971,9.83862299032996,8.13984382692452,8.74776692564321,8.14205334835671,7.16971185508854,8.06443491844062,8.32699116018072,7.53052818875944,GSM4171555,Response
9.200613352,4.033464756,5.014922997,4.338571744,4.915117978,3.774754968,6.068973915,3.788809892,5.837275406,5.532188666,6.1753386,8.902312344,4.202945521,7.452107344,4.994036702,5.200137421,6.546871058,GSM505545,Response
6.560044084,3.860656885,3.837749414,7.289227213,5.132135334,3.383066858,4.035551943,3.840672053,3.705220553,5.503869259,6.267716308,6.641899649,3.844498888,5.297764567,6.479387423,4.952074657,6.890030715,GSM505580,Response
6.8679521285375,4.45957446207411,3.12048544663883,7.50146754572713,7.08913710100742,4.0762872506806,3.64635285774778,5.74995791196951,6.95572469848498,6.28047373633734,7.07846380315369,7.42684523715409,5.40936240898831,2.5024991706752,4.6992146100211,6.10245919226516,5.78912906712778,GSM1233124,Non_response
4.42877519153728,7.33638894397243,7.23540334378871,11.3498581623841,9.10986452462995,5.53357190111408,5.1017586402496,6.95768826575676,8.05726998976061,8.59737788826482,10.158283738947,6.93780128506898,7.86472828873576,3.70740449212819,9.93608405159476,7.96463260341572,4.52180843580491,GSM1525224--93,Non_response
10.6478463900249,8.10297997134694,9.48953886477277,10.9836634324327,9.29504889381755,7.30637894883369,11.3584289015701,9.44711521004955,8.82514330787628,11.2367621295652,9.25141317427779,9.43012607593934,9.20041321904508,10.4162148518435,7.5356464885865,8.8256334547928,6.99767745078796,GSM158275,Response
6.450621734,3.727559813,4.116752193,7.343374175,4.97632502,3.453926528,5.517757677,4.037816848,4.711347387,6.681771518,4.837843752,6.905294091,4.383628515,6.184797839,5.935152577,7.175196337,5.827342778,GSM505484,Non_response
11.5821070751087,8.81990651104081,8.86075073007069,10.876975570615,8.95862447748226,7.88585772663075,9.89452567460712,9.24944030458635,8.62424025089315,10.8427132648168,9.82558662857941,11.4966383214383,9.52850488954076,10.2675946542345,9.53529800235603,9.43791870058398,6.85173010316256,GSM158266,Response
7.480553788,4.272143576,3.886385956,4.461616678,5.237449682,3.313158085,3.555392385,3.927100363,4.51368934,5.299366929,5.473605128,6.090251773,3.740907713,4.928498136,4.363799232,5.081170554,5.573735915,GSM505470,Non_response
7.41453584331778,3.90090366027271,4.81400905503339,7.11497358464325,5.00112100588582,3.44372483196875,5.97277896945695,3.81671957237154,5.86287804886201,5.13436787727477,6.07407814129324,6.56702649761561,3.73279601829691,6.73943572242771,5.27871242106293,4.61255546005561,7.05702748537248,GSM1050596,Non_response
4.5351428369115,6.86173673879985,6.93703193275594,11.2048980177414,9.10792527707368,5.95813427872534,5.18885402725929,7.4872240392361,7.43142123930412,7.81210783970597,10.0946753729229,6.74508692432527,7.33894320878149,3.66285386321408,11.7310073234996,8.28929840016539,4.93067097971714,GSM1525241--51,Non_response
4.92971758832614,5.55660047908634,3.24489408549928,9.14473008008295,7.35445018027241,4.95323973711034,5.2699142366284,4.59311644870162,4.95304375801307,3.24575671843716,7.08383535238008,6.99250438272389,2.99946271704062,2.92555860773756,4.93147539631261,6.39418114633828,4.59983316852211,GSM1233112,Non_response
6.694628115,3.931643761,4.296302993,4.876939707,5.411616473,3.50262579,4.472921975,3.792351408,4.088034213,5.573650258,6.461632377,7.041983602,4.121118706,6.273565906,5.723441175,4.48661431,5.59042682,GSM508144,Non_response
8.34189910026724,12.1148090449801,8.93745825894166,11.3978661809809,9.94868288796953,6.09432367993214,10.1059088821227,8.04243821990653,8.62575138905901,10.1334345219579,12.5065795489187,8.61134028357078,10.3403372591218,8.22846481027073,10.9386818010981,9.498634492789,9.18781669301514,GSM7040785--RNA29,Response
5.878018058,3.80967204,3.786076043,5.906252558,5.26288811,3.690047176,4.804717372,3.940865668,4.49968934,6.085062277,5.69038313,7.014762336,4.041712474,5.309139516,5.027831837,5.332923223,5.97369726,GSM505364,Non_response
6.470057064,3.790422651,3.979876336,6.305480133,5.135418677,3.153368468,4.102557152,3.867209621,4.040290366,5.850185651,5.980297635,6.06925568,3.908770864,5.204986363,5.121040132,5.372751881,5.060981436,GSM505405,Non_response
5.914151807,4.11864478,3.61439572,5.723312115,4.897523384,3.520771365,3.744557186,3.764889341,4.48645266,5.348850254,5.557551196,8.355470971,3.890311694,5.082060952,4.964096865,4.528164724,5.3798093,GSM505416,Non_response
7.88154356472095,6.69686794769761,6.44746558597169,10.9788660804674,10.0031037217377,7.51658399822897,6.09461815534577,8.44581251430342,10.0901632957104,9.73605844658158,9.04501560963597,9.5723790235849,8.16334487148519,6.59563364276007,9.08588613549736,8.35045389197125,8.10489575523594,GSM809218,Non_response
7.583088695,3.780971311,4.467080734,5.473012407,5.074590684,3.70469674,4.47005847,3.847679037,6.748593542,6.413103401,6.843977123,9.409355613,4.093922896,6.52055111,5.980066598,5.314862018,5.726514627,GSM549262,Non_response
9.35963217228827,8.85187062000698,7.9952191656355,12.176402125235,10.2581317780358,6.26873665693965,8.89048178660757,8.30693255520617,10.0985410977586,10.3727063686722,11.3437202955472,9.19549476619454,10.3734926794831,7.24798756003813,9.55714279502336,9.79855248738392,9.02093713622238,GSM2811157,Non_response
9.40968528,7.323158837,7.441645138,11.39791852,9.464094056,6.696251706,9.61697467,7.521091943,8.4609201,9.875279586,10.39034255,9.920027401,9.043192639,8.867416167,10.58815744,7.382136707,8.792980316,GSM710835,Non_response
8.39570111996579,6.44475456428783,6.63178078845211,9.60747655768587,9.92335581937807,7.01156210972881,8.09686672249489,8.23733539031636,9.56069297466573,9.39600635555402,9.29405248346922,9.8310209967874,8.18164851503415,6.77739770442284,8.47661774600514,8.62146667473569,8.8647450725412,GSM809184,Non_response
7.7247895464111,3.78594123192522,5.25814072450492,6.44461772832414,4.77138591388796,4.06147294042956,7.22318032942276,3.72944718838625,4.17579153615245,5.44105121048733,5.96634496381375,6.36257467733213,3.72516586343471,6.81054991688187,4.68054169793847,5.80090980917439,7.92196464813047,GSM1050621,Non_response
7.369260671,4.121249841,4.1985627,5.030913447,4.987526812,3.796850975,5.155306755,3.916073699,4.579517259,5.625975144,6.081517713,9.400270852,3.969684665,5.886561629,5.277092392,5.547973651,5.267157613,GSM508035,Response
11.3957530206597,7.3826567213552,9.14498267009913,10.4403167358666,9.18791574312127,7.57191599133447,10.2331578472136,9.39747428983845,10.429001794693,11.0568977834204,9.70465862125316,11.6527330664013,9.65408875413839,10.0353157250965,9.46888016304273,9.17284131709111,7.37405181455937,GSM158194,Non_response
8.455367044,6.361962486,7.492471899,11.85647858,9.338229455,7.330436863,9.732892595,7.558495327,7.414893296,9.535747817,10.58136318,7.955457264,9.50289735,8.441715275,6.64610687,7.549086757,9.277241362,GSM710858,Non_response
8.7953078,3.918870511,5.647714132,7.020661341,5.137357149,3.389178305,4.904637693,3.861207152,4.040945108,5.675709889,6.874201718,6.912497594,4.103633419,6.952253307,4.971951685,5.004493849,6.285299896,GSM508174,Response
6.404014126,3.876068763,4.642749387,6.888414974,5.250042048,3.398077805,5.078356439,3.531034819,3.938783589,5.146961291,6.14713946,6.827067967,3.658618695,5.611887564,4.502347012,4.417351305,5.768170319,GSM590882,Response
11.30067,6.444762,8.621604,9.669515,8.813473,7.043877,10.13935,9.51552094790554,9.973924,11.23378,8.992669,11.75656,10.26881,9.933827,9.875756,8.69856,6.829335,GSM139540,Non_response
4.53665443345863,7.5043781291342,6.90439799858421,11.082205805755,8.70714316184333,5.31953198538972,5.16260442377895,6.32858711305201,7.84890180685606,7.7679353608635,9.46252450285599,6.96807182637928,7.1129230424545,3.77367909714561,10.3923802635031,8.0902894873194,4.7910727854658,GSM1525216--1,Response
9.11305645741137,7.09406785816032,8.0555205460859,8.81796014765872,9.81524677545065,8.11709844427768,10.6259487789178,8.26335262741501,6.23741309979053,10.2855130085648,10.4533412741634,11.9009180039332,9.23560622677029,8.54632596651794,8.22431301409713,8.60294424266617,9.80137132383101,GSM1875973,Non_response
9.29070902,6.378276881,7.576685429,12.26283643,9.133571451,6.382537281,9.929282814,6.971987046,5.507603437,9.309625182,9.59705559,10.2134893,10.01326507,9.226843238,10.33547167,7.680638891,8.760855467,GSM710808,Response
6.99052215,4.239123004,4.171770636,5.38189708,5.079230863,3.594825659,5.26029874,3.929419987,4.886246652,5.76826298,6.269703273,8.090650871,4.247452449,6.521641316,5.762680689,5.016309663,6.81880141,GSM505561,Non_response
8.95668837947742,5.0841972687582,8.3729970225841,8.7954484487705,7.73815356777759,6.73307385482001,9.16370607783991,6.08041621843665,5.03889679129953,6.42491989862128,7.88560158479066,6.48890508600654,7.81547548593442,8.08644010978659,7.42634973610019,10.55383897841,7.36546940005812,GSM2193363--13,Response
6.788668684,4.176866668,3.849594493,5.198372755,4.944157231,3.242413782,4.462764629,4.073055306,4.065101969,5.358780205,6.311591668,6.764443413,4.032281621,5.185403793,4.336471708,4.499655837,5.916083459,GSM505386,Response
8.89511917068824,9.24356244026351,6.62234986954242,11.0917229879798,10.0252585725798,7.3629064410522,7.80415802655031,8.6434401512223,9.21751441172075,9.97695890771054,9.66125205356854,9.16790212992575,8.39609346906052,6.22155041652439,9.36483834015301,8.49919654891817,9.36069732967974,GSM809270,Non_response
12.1278933311862,7.61761332713456,10.8745828875693,11.3618900558251,9.20863263245337,8.38141396090053,11.2396272232855,9.60061194934706,9.04132563129289,11.1418252403992,10.0372045864334,10.6133865803643,9.20037799836225,9.80635153599041,10.9178147561145,10.7590244357779,8.77867528887039,GSM158197,Non_response
6.67308048181337,3.72362217193132,4.18546019118013,4.96296953007374,4.77234597113743,4.01093342389481,6.17821246537893,3.74037265273035,4.04050887041927,6.14840285581294,5.98350320802844,7.00288041135988,3.51154231453451,5.26358109423959,4.89096208145902,5.82971300862915,5.32730052595809,GSM1050638,Non_response
9.91119608432623,7.54671200924559,6.54319362025245,11.3222348632601,8.84708615621272,8.10757824037345,8.84299858354109,8.55170054082847,9.21612708740711,9.65099114747576,9.42042956407039,9.89262233161609,9.1281345835903,8.1199294656859,8.78971416059259,8.134487190523,8.75526510262905,GSM1619453,Response
6.229970817,3.951411079,4.098816375,4.706377086,5.071973227,3.474555416,3.95692779,3.783407077,3.941247501,5.012794111,5.748902462,7.5533003,4.132018671,4.813069358,4.904788837,4.66107941,4.950743427,GSM508185,Non_response
11.5320247920954,9.02507103685393,8.61931063117401,8.87912494739476,9.49571643177557,7.34853960029633,10.7560460555388,9.11012348064523,9.34018922842707,10.8775639853459,9.88009050681964,12.1350504717155,8.98872465306228,9.32428891887692,9.38609754224868,9.34512453365223,8.50716727004118,GSM158213,Non_response
6.84079852776588,3.88434451558115,4.26945985125428,5.17285292538908,4.81145933094916,3.40994852839542,6.90241350523805,3.83804203538007,3.89360641899028,6.03462156787537,5.63730894229865,7.1049718843831,3.8080467985483,6.0300060596953,4.49082367100407,4.80496577154804,5.73744696926839,GSM1050609,Non_response
11.84829,7.550542,9.543745,8.939395,9.095866,7.981319,11.18567,8.28231565276078,8.248387,10.31932,9.86038,10.2706,9.030063,10.47168,9.405253,10.37137,9.457179,GSM139593,Response
6.921711587,3.996712682,4.343144203,7.289841438,4.983711523,3.607274446,4.625902252,3.696846753,4.278443643,6.517848094,5.555246076,6.922834706,3.754495091,5.690931543,7.312967595,5.126675646,5.584235458,GSM508033,Non_response
7.990887385,7.723192251,7.926114566,6.489061481,7.231996599,7.467216622,7.19075138,7.450124794,8.835990606,7.500526408,7.381853637,7.231996599,8.2387313,13.89158495,6.846638813,9.123326837,6.489061481,GSM2804979,Response
8.81429811130236,5.63113504574484,6.2970380353614,11.717233159147,10.3505886599949,7.38130181497142,6.97913038782927,8.208832238126,10.706981689808,9.69578772910493,9.42965570385049,10.0451089952104,8.72938631072764,6.42171860439526,9.30525176799159,8.32635444108468,8.97464343991117,GSM809297,Non_response
4.48322985468981,7.57239758973787,6.74149365766533,11.4975310417895,8.7466398571445,5.12058296792124,5.27554349245321,6.31612946449535,6.65383761322618,7.97103896634302,9.44715571455708,6.67499387859352,8.16983377068865,3.85824129459411,8.99277436678446,8.22282859176717,4.67726737011295,GSM1525229--178,Non_response
9.04994245884678,6.22849391396928,6.13874948088126,11.6962220177345,9.57420940729805,7.61717153966535,7.44575320326028,8.21480158006123,9.04088920493191,10.0662895601781,9.79961432273748,10.8897565985379,8.76196948146752,9.07428219662205,7.91685671850748,8.16810143508216,10.7500704581741,GSM1875910,Non_response
9.345270167,6.926163636,10.273403,10.39581336,9.989221251,7.653344154,10.34447465,7.052659406,6.087064601,9.828812149,9.917818068,7.582212883,8.477611074,8.794645608,8.294494653,8.429818663,8.660935011,GSM710823,Response
6.518963246,3.489389301,3.473743914,6.80057918,5.288258561,3.437672193,4.379276837,5.225309303,4.719887847,5.294955617,4.78571832,6.923346492,4.039781529,5.545033601,5.426276176,5.709460106,6.050569499,GSM505488,Non_response
9.94358863720691,5.97697846833256,5.76026324781364,11.8756303056315,8.85168928765263,7.8837569781394,9.34685684131999,8.3999136203777,9.26021569950751,10.7243499223556,8.66479201331335,8.63961637734713,8.71915841306044,7.54736578310173,9.54684039337741,8.4339555668446,8.58350070542601,GSM1619474,Non_response
9.12804051452402,7.19574685857229,6.36756095889313,10.1827353043568,10.4948579065865,7.27084990740704,7.30871712884704,8.54234126965763,10.9068567447228,9.69564436087473,9.36494170326446,10.2058503827218,8.6406637246173,6.442808060059,8.99241017623501,7.8445319683621,8.95338239512357,GSM809275,Non_response
11.27982,7.978296,8.799919,10.56968,9.05269,7.383421,10.95657,9.20330520263292,10.46628,10.69032,9.799098,11.64291,9.357771,10.39497,9.486213,8.736224,7.952507,GSM139567,Non_response
9.23188328400471,4.54799644923277,7.81061838723463,9.58310048863418,8.91106562268851,5.97850294376792,9.49981099756591,7.56539529597671,6.55297183674987,7.30740344640393,7.73547395473587,7.78511017251363,9.02348394084434,8.51119044542583,9.18819206171125,10.3675253187245,7.96464822999753,GSM2193354--3,Response
8.04937136664672,3.59648307699375,4.8226828434674,6.24277627432767,4.85339373049031,3.37123029932861,6.6319066195681,3.67657323159477,4.62858540566371,4.8226828434674,5.90246664934354,6.69592762368828,3.47822556806518,5.82845968059452,4.92316497415654,5.20893600877022,6.72724867552589,GSM1050639,Response
6.600663673,3.833439823,4.986303383,7.355833706,4.845742296,3.598623859,6.025955431,3.475263605,3.971035981,5.271751453,6.499394063,7.019615998,3.6505184,6.083668431,4.899368343,5.163275703,5.705106104,GSM590885,Response
8.764708141,6.563193635,6.717669243,10.18873204,8.962321898,7.14538458,9.010734313,6.873443124,7.096310235,9.347473453,10.46686942,11.04721024,9.209795804,8.003667991,6.735556509,7.212885784,8.16439042,GSM710815,Response
6.087492944,3.890256943,3.979579161,6.33632014,5.544436769,3.569138608,4.482505268,3.806197565,5.320953278,6.597836485,6.398520154,5.821032978,4.219893571,5.694994729,4.725942307,5.116711165,4.92220093,GSM549272,Non_response
8.359060692,6.944097911,7.070616851,9.119460672,7.423397492,6.830153314,6.843627293,8.01978188,10.37149407,7.596821197,10.25388057,11.17573817,8.82897491,11.93098003,8.412523426,8.960133366,8.535315169,GSM2804895,Non_response
9.828677265,5.997595705,7.325473185,11.4701207,8.595991719,7.482005117,9.863633909,7.956374727,8.019151345,9.915330894,9.679525402,11.00421342,9.803368173,9.23368227,11.64774481,7.765275089,10.8829736,GSM710836,Non_response
8.368376944,7.156129794,7.136981562,7.809424766,8.222313593,7.067413095,6.977913515,7.506647161,10.60605612,7.156129794,10.23350922,11.37511683,8.051957047,12.11375197,7.535230203,9.049109219,8.826638343,GSM2805014,Response
4.79926894498997,7.23257183227136,7.74860541859929,10.7711235539031,9.30271265298493,6.58701078236189,5.34196760650917,7.22275167504485,8.65931850802876,8.84967345658707,9.90147573759062,7.07276575348857,7.57891344778677,3.94047875094577,8.33668423076344,7.98602771384633,4.78226127933188,GSM1525225--108,Response
9.51771356751583,7.32101142339783,7.85213352253081,11.6362218699337,9.73960620678293,7.26469613029562,10.4148628371964,8.28725800538945,7.66157503927748,9.97782062877233,9.97215757228881,9.486766480532,9.01253626674374,8.49478544660882,7.76826799996548,8.06778692593145,10.7331331783553,GSM1875959,Non_response
6.31292885023317,4.17613589686641,4.1960882883283,7.30854101834773,4.79341998035873,3.55634182950965,6.42034225807765,3.75921156287542,3.80648350888173,5.86400441484649,6.00980793054808,6.60430012111607,3.77569069242858,6.2759159411479,4.26390676759733,5.1261836836745,5.33177456057326,GSM1050600,Response
7.831574803,3.71560322,4.728118219,8.06500956,5.193319919,3.512940274,6.978678147,3.58301789,5.865022658,5.850688143,7.295970104,7.630618165,3.951545215,7.105713567,5.145221615,5.119369255,6.547145636,GSM549244,Non_response
6.26659193403887,4.38396071038748,3.02734473798833,10.0919773244291,7.66830425545549,3.34105776789652,3.9002820926044,6.68690478428496,7.32828353783955,6.13587629980789,6.29400054035418,6.7968448230624,4.91766084713628,2.40910741726716,4.91666699908708,6.32723121623769,6.28783912095291,GSM1233113,Non_response
5.0262323606286,4.60368568342561,3.46932722691444,9.16839092187303,7.3094924593045,1.9651364451852,4.19508812805157,5.5998572350877,5.89565688696942,6.27692763944898,6.49024501019377,7.06355760801212,3.03772151947861,1.68956691972605,4.59216615548589,6.52606921680438,5.14630663502806,GSM1233078,Non_response
9.612650875,5.810161307,7.279622973,10.95853992,8.929517228,7.706467273,10.26383479,7.799993026,6.464406665,9.943355888,10.4065309,11.41661723,9.332737136,9.260276415,8.439528624,7.098149291,10.16912084,GSM710896,Response
9.44998695119405,6.64028576579039,7.63379001918012,12.4063582269737,9.50464856792551,7.22223296894755,10.1387145382032,8.28593574964712,6.40779793784065,10.3069653960555,9.85921981384238,10.8741851934339,9.32385735076173,8.43131607991163,8.92191170171202,8.59076253525873,8.70730730497861,GSM1519433,Non_response
6.076256871,3.986003636,5.346055046,7.966123242,5.241645675,3.816564544,6.905097095,4.013818893,3.446611239,5.708516055,6.490995554,7.703551068,4.086511067,7.142480511,5.546891068,5.466916733,7.617065751,GSM505518,Non_response
5.882662018,3.692187021,4.007407566,6.718971597,4.751509904,4.282356228,5.186181973,4.757249781,3.693973164,7.180615635,5.485286819,5.731803894,3.950765711,5.803210927,6.737384025,5.873999748,5.407403512,GSM508053,Non_response
8.68840507670854,4.14775317141065,3.22927980513117,6.48563480094001,7.06619954032993,3.02491621956619,4.95815490202804,7.61933187045828,8.31362444163437,5.57287967738185,6.56281969781798,7.02014508636601,3.38768926054577,4.13856150151962,8.26489392897421,5.90811835095971,5.79215566670281,GSM1233142,Non_response
11.3004,9.123327,8.487525,11.29479,9.164672,7.448386,10.59,8.95168160437613,9.27662,10.7363,9.544679,11.46639,9.023128,10.39088,8.909379,8.993497,8.359287,GSM139582,Response
7.94874917,3.838346132,4.622530913,3.931206345,5.105535595,3.309449572,5.943592483,3.594945052,4.585766108,5.2700867,6.094233026,7.231467769,3.902789298,5.858486315,4.83108143,4.896914388,6.561345291,GSM505351,Response
5.58274844831041,4.49028391468696,4.16715335355446,3.71272465833597,6.7548124612501,3.09388919389482,3.07360079782239,7.37394297295977,4.1667387495538,6.22516238304063,5.38839455220936,6.23208404111658,4.95053889015954,1.7403237240551,4.55023233305322,6.79426994823712,4.70026990961132,GSM1233137,Non_response
9.743781826,7.768636473,8.140498867,12.14978905,9.623858411,7.879050758,10.34281938,7.780834669,8.506812778,10.30800853,10.33874578,10.3972227,9.9629313,8.934572114,12.34890444,7.973172562,9.208613263,GSM496035,Non_response
11.6226169828979,7.85096169006303,9.40037397730922,11.5231510348698,9.32964626674116,7.60693295295886,11.4004702970193,8.82972713328703,8.77107859776309,10.8285384173289,9.69131051068516,11.2672779301509,9.78641047935038,10.6479754070468,10.7175144200844,9.34535222387384,8.41187065435297,GSM158265,Non_response
4.88168856823143,7.54392332912177,7.19358688545434,11.9445998624509,9.38074745979552,6.81422238210728,4.83172923583532,7.06648038897413,8.497200265713,8.48069941084911,9.84220000418702,6.68478782184803,8.44187171040839,3.77479923553527,9.43199095403742,8.25636641859706,4.90555560651909,GSM1525219--43,Non_response
10.0622458779225,12.7815891336976,6.97929853215468,11.3829066010338,10.768020044823,5.14767908801939,8.05284744307862,9.2371427280356,10.1806512356479,9.84361820035572,12.4429641802347,11.2772776580592,9.77609697841778,7.47711661926647,9.69687913494294,8.28905084752943,10.4902643135751,GSM7040783--RNA28,Response
4.21127904551072,7.18141186916835,6.85681439429616,10.0374362562567,8.5554522397414,5.84929465429634,5.29426990418015,6.40018024198069,7.04904498196214,7.86297069964769,10.4078592434824,7.05752556271558,7.59613734754267,3.86078408069583,6.89115020507963,8.49367974904815,4.81368353328958,GSM1525249--174,Response
7.194859366,3.877944718,4.807470978,6.420284409,5.350685438,3.25469066,4.90678595,3.811524687,4.172680348,5.658557506,6.086782826,7.380276987,4.034041313,6.132792644,4.912867868,4.810671075,6.23669317,GSM505527,Non_response
6.706559775,3.864724153,4.072903612,3.914137616,5.17335039,3.480692338,3.701385006,3.810939052,4.436390906,5.105431772,5.792775684,7.751376687,4.14367712,6.080287381,5.185315316,4.799267178,5.087107775,GSM508140,Non_response
6.60683451,3.806029054,4.374730374,4.312813779,4.982660489,3.442455059,6.815485006,4.360173846,3.578553267,6.044454387,5.490129599,7.631264568,3.70992601,4.972858997,4.504975458,5.445453068,5.272708319,GSM505353,Non_response
9.35238030720777,6.77282241275948,6.20648304537713,12.1710339096491,9.11977974869697,7.95738690456256,8.69988674237623,8.18797300739063,8.94549999450822,10.4214697394552,9.57646172905821,9.01700883075753,8.28592928828394,6.91363723071394,9.26182271924009,8.76964711355762,7.66940383505622,GSM1619468,Non_response
9.80589201405789,5.45929482424146,6.60127697206175,11.4939930354158,8.94120801296845,7.78095174152983,9.24252261821964,8.33415321697903,9.39024001209237,10.322484411766,9.12557551484818,9.44544420161327,8.98721550723097,8.37391335223137,9.49564742872731,8.46493637039863,9.20209068027439,GSM1619462,Non_response
11.77149,6.941927,9.078898,9.145555,8.981071,7.899786,11.00279,8.91971706881876,8.398368,10.42473,9.594516,10.35088,9.489453,10.1667,8.792975,10.0303,7.302764,GSM139609,Response
11.09473,6.294201,8.692801,10.72481,9.481395,7.475431,10.23794,9.61724161973181,9.866531,11.60164,9.159042,11.33139,9.692348,10.78569,9.117808,9.258336,6.570577,GSM139565,Non_response
8.55982652176219,6.28336921987821,6.88010495134719,10.9007424834212,10.3168834804045,7.04760542618975,6.63419765456385,8.64821886462695,10.3032116066938,9.70152897430354,9.25195404575779,10.2663668785393,8.51661612871032,6.33409846703074,9.01023564786666,8.37767476448479,8.62520079522792,GSM809259,Non_response
5.88716072970526,4.37549608130175,3.57853241498258,6.68584859513132,5.81617132928195,2.17672161149619,2.99494796576914,5.75246147568449,7.48834868707411,4.2583925291818,6.31217578042725,5.34081175082247,2.84287323488453,2.68376020306482,4.89393310235616,6.56459105615232,7.54354486850059,GSM1233093,Response
5.32523384116082,4.64728988479869,4.46205095632274,7.71283505335785,6.36273074015781,2.09096383073071,3.48248822367501,6.11503555490368,6.79286810931568,5.71024536426787,5.82691368974676,7.4933058993105,3.1542048172412,2.2364246430191,5.3359772620729,6.34275883713015,4.82702077442429,GSM1233133,Non_response
